# Resource object code (Python 3)
# Created by: object code
# Created by: The Resource Compiler for Qt version 6.7.2
# WARNING! All changes made in this file will be lost!

from PySide6 import QtCore

qt_resource_data = b"\
\x00\x01}\xb5\
\xff\
\xd8\xff\xe1\x00\xbcExif\x00\x00II*\x00\x08\
\x00\x00\x00\x06\x00\x12\x01\x03\x00\x01\x00\x00\x00\x01\x00\x00\
\x00\x1a\x01\x05\x00\x01\x00\x00\x00V\x00\x00\x00\x1b\x01\x05\
\x00\x01\x00\x00\x00^\x00\x00\x00(\x01\x03\x00\x01\x00\x00\
\x00\x02\x00\x00\x00\x13\x02\x03\x00\x01\x00\x00\x00\x01\x00\x00\
\x00i\x87\x04\x00\x01\x00\x00\x00f\x00\x00\x00\x00\x00\x00\
\x00`\x00\x00\x00\x01\x00\x00\x00`\x00\x00\x00\x01\x00\x00\
\x00\x06\x00\x00\x90\x07\x00\x04\x00\x00\x000210\x01\
\x91\x07\x00\x04\x00\x00\x00\x01\x02\x03\x00\x00\xa0\x07\x00\x04\
\x00\x00\x000100\x01\xa0\x03\x00\x01\x00\x00\x00\xff\
\xff\x00\x00\x02\xa0\x04\x00\x01\x00\x00\x007\x04\x00\x00\x03\
\xa0\x04\x00\x01\x00\x00\x00@\x05\x00\x00\x00\x00\x00\x00\xff\
\xe1\x0dQhttp://ns.ado\
be.com/xap/1.0/\x00\
<?xpacket begin=\
'\xef\xbb\xbf' id='W5M0Mp\
CehiHzreSzNTczkc\
9d'?>\x0a<x:xmpmeta\
 xmlns:x='adobe:\
ns:meta/'>\x0a<rdf:\
RDF xmlns:rdf='h\
ttp://www.w3.org\
/1999/02/22-rdf-\
syntax-ns#'>\x0a\x0a <\
rdf:Description \
rdf:about=''\x0a  x\
mlns:Attrib='htt\
p://ns.attributi\
on.com/ads/1.0/'\
>\x0a  <Attrib:Ads>\
\x0a   <rdf:Seq>\x0a  \
  <rdf:li rdf:pa\
rseType='Resourc\
e'>\x0a     <Attrib\
:Created>2024-09\
-08</Attrib:Crea\
ted>\x0a     <Attri\
b:ExtId>4030d0c2\
-b3e5-4b37-887b-\
5b1f8029139c</At\
trib:ExtId>\x0a    \
 <Attrib:TouchTy\
pe>2</Attrib:Tou\
chType>\x0a    </rd\
f:li>\x0a   </rdf:S\
eq>\x0a  </Attrib:A\
ds>\x0a </rdf:Descr\
iption>\x0a\x0a <rdf:D\
escription rdf:a\
bout=''\x0a  xmlns:\
dc='http://purl.\
org/dc/elements/\
1.1/'>\x0a  <dc:tit\
le>\x0a   <rdf:Alt>\
\x0a    <rdf:li xml\
:lang='x-default\
'>\xe7\x81\xb0\xe6\xa3\x95\xe8\x89\xb2\xe4\xb8\xad\xe5\x9b\
\xbd\xe9\xa3\x8e\xe5\x8f\xa4\xe9\xa3\x8e\xe8\xa1\xa8\xe7\x9b\x98\
\xe5\xa3\x81\xe7\xba\xb8 - 2</rdf:\
li>\x0a   </rdf:Alt\
>\x0a  </dc:title>\x0a\
 </rdf:Descripti\
on>\x0a\x0a <rdf:Descr\
iption rdf:about\
=''\x0a  xmlns:xmp=\
'http://ns.adobe\
.com/xap/1.0/'>\x0a\
  <xmp:CreatorTo\
ol>Canva</xmp:Cr\
eatorTool>\x0a </rd\
f:Description>\x0a<\
/rdf:RDF>\x0a</x:xm\
pmeta>\x0a         \
                \
                \
                \
                \
                \
           \x0a    \
                \
                \
                \
                \
                \
                \
\x0a               \
                \
                \
                \
                \
                \
     \x0a          \
                \
                \
                \
                \
                \
          \x0a     \
                \
                \
                \
                \
                \
               \x0a\
                \
                \
                \
                \
                \
                \
    \x0a           \
                \
                \
                \
                \
                \
         \x0a      \
                \
                \
                \
                \
                \
              \x0a \
                \
                \
                \
                \
                \
                \
   \x0a            \
                \
                \
                \
                \
                \
        \x0a       \
                \
                \
                \
                \
                \
             \x0a  \
                \
                \
                \
                \
                \
                \
  \x0a             \
                \
                \
                \
                \
                \
       \x0a        \
                \
                \
                \
                \
                \
            \x0a   \
                \
                \
                \
                \
                \
                \
 \x0a              \
                \
                \
                \
                \
                \
      \x0a         \
                \
                \
                \
                \
                \
           \x0a    \
                \
                \
                \
                \
                \
                \
\x0a               \
                \
                \
                \
                \
                \
     \x0a          \
                \
                \
                \
                \
                \
          \x0a     \
                \
                \
                \
                \
                \
               \x0a\
                \
                \
                \
                \
                \
                \
    \x0a           \
                \
                \
                \
                \
                \
         \x0a      \
                \
                \
                \
                \
                \
              \x0a<\
?xpacket end='w'\
?>\xff\xdb\x00C\x00\x06\x04\x05\x06\x05\x04\x06\x06\x05\
\x06\x07\x07\x06\x08\x0a\x10\x0a\x0a\x09\x09\x0a\x14\x0e\x0f\x0c\
\x10\x17\x14\x18\x18\x17\x14\x16\x16\x1a\x1d%\x1f\x1a\x1b#\
\x1c\x16\x16 , #&')*)\x19\x1f-0\
-(0%()(\xff\xdb\x00C\x01\x07\x07\x07\x0a\
\x08\x0a\x13\x0a\x0a\x13(\x1a\x16\x1a((((((\
((((((((((((((((\
((((((((((((((((\
((((((((((((\xff\xc0\x00\x11\
\x08\x05@\x047\x03\x01\x22\x00\x02\x11\x01\x03\x11\x01\xff\
\xc4\x00\x1f\x00\x00\x01\x05\x01\x01\x01\x01\x01\x01\x00\x00\x00\
\x00\x00\x00\x00\x00\x01\x02\x03\x04\x05\x06\x07\x08\x09\x0a\x0b\
\xff\xc4\x00\xb5\x10\x00\x02\x01\x03\x03\x02\x04\x03\x05\x05\x04\
\x04\x00\x00\x01}\x01\x02\x03\x00\x04\x11\x05\x12!1A\
\x06\x13Qa\x07\x22q\x142\x81\x91\xa1\x08#B\xb1\
\xc1\x15R\xd1\xf0$3br\x82\x09\x0a\x16\x17\x18\x19\
\x1a%&'()*456789:CD\
EFGHIJSTUVWXYZcd\
efghijstuvwxyz\x83\x84\
\x85\x86\x87\x88\x89\x8a\x92\x93\x94\x95\x96\x97\x98\x99\x9a\xa2\
\xa3\xa4\xa5\xa6\xa7\xa8\xa9\xaa\xb2\xb3\xb4\xb5\xb6\xb7\xb8\xb9\
\xba\xc2\xc3\xc4\xc5\xc6\xc7\xc8\xc9\xca\xd2\xd3\xd4\xd5\xd6\xd7\
\xd8\xd9\xda\xe1\xe2\xe3\xe4\xe5\xe6\xe7\xe8\xe9\xea\xf1\xf2\xf3\
\xf4\xf5\xf6\xf7\xf8\xf9\xfa\xff\xc4\x00\x1f\x01\x00\x03\x01\x01\
\x01\x01\x01\x01\x01\x01\x01\x00\x00\x00\x00\x00\x00\x01\x02\x03\
\x04\x05\x06\x07\x08\x09\x0a\x0b\xff\xc4\x00\xb5\x11\x00\x02\x01\
\x02\x04\x04\x03\x04\x07\x05\x04\x04\x00\x01\x02w\x00\x01\x02\
\x03\x11\x04\x05!1\x06\x12AQ\x07aq\x13\x222\
\x81\x08\x14B\x91\xa1\xb1\xc1\x09#3R\xf0\x15br\
\xd1\x0a\x16$4\xe1%\xf1\x17\x18\x19\x1a&'()\
*56789:CDEFGHIJS\
TUVWXYZcdefghijs\
tuvwxyz\x82\x83\x84\x85\x86\x87\x88\x89\x8a\
\x92\x93\x94\x95\x96\x97\x98\x99\x9a\xa2\xa3\xa4\xa5\xa6\xa7\xa8\
\xa9\xaa\xb2\xb3\xb4\xb5\xb6\xb7\xb8\xb9\xba\xc2\xc3\xc4\xc5\xc6\
\xc7\xc8\xc9\xca\xd2\xd3\xd4\xd5\xd6\xd7\xd8\xd9\xda\xe2\xe3\xe4\
\xe5\xe6\xe7\xe8\xe9\xea\xf2\xf3\xf4\xf5\xf6\xf7\xf8\xf9\xfa\xff\
\xda\x00\x0c\x03\x01\x00\x02\x11\x03\x11\x00?\x00\xfa\x8e\x8a\
(\xacK*\xdena\xe5\xa8<\xd5\x06\xd1RbL\
\xcd\xc1\xea\x05l\x11\xdcu\xa5\xa0\x0avzm\xad\x9f\
0B\xaa\xc7\xa9\xc75r\x8a(\x00\xa2\x8a\x8a\xea\xe2\
;hL\x92\xb6\x14~\xb4\x01#\x10\xa0\x96 \x01\xdc\
\xd6\x5c\xfa\xed\x94S\xacBM\xec{\xaf\x22\xb9\xadk\
X\xb8\xbbr\x8b\xf2E\xd9\x01\xfeu\x86\x19\x9ah:\
\x92\x5c\x0e\xb4\xc0\xf5T`\xca\x18t\x22\xb9\xcf\x88\x17\
?f\xf0\xcd\xc1\x1d\x5c\x84\x15\xbdh\xa5-\xa3S\xd4\
(\xae\x0b\xe2\xed\xe7\x97ggl\x0e7\xb1cB\x03\
\xce\x04\xc1_.\xc1S\x8c\xd7Aq\xf1\x0bSw\x83\
E\xf0\xad\x8f\xda.\x02\x04\xde\x06B\x9fZ\xe4\xe3\x8a\
K\xcb\xb8m \xe5\xe5p\xb8\xc7\xad{\x7f\x82<'\
k\xe1\x9b6\xda\x16K\xd9y\x96\x5cr}\x87\xb56\
$r\x1aO\xc3\xddgR\x22\xef\xc5:\xc4\xad;\x1d\
\xdeJ\x1c\x85\xf6\xf4\xad\x8b\x8f\x04\xb5\x9cd\xd9I\xe6\
\x809S\xc1\xae\xfa\x8aW\x1d\x8f\x22\x92\xceky\x0a\
\xc8\x8c\x8c\x0f9\xa4\xfd\xe6FX\x9f\xc6\xbdN\xf6\xc2\
\xde\xf1\x08\x9a0O\xf7\xbb\x8a\xe65/\x0c\xcb\x18-\
l|\xc5\xf4\xef@X\xe6\xed\xef'\xb7}\xd1\xc8\xcb\
\xfc\xab\xa0\xd3\xfcM2`N7\x8fZ\xc5\x9a\xc5\xa2\
b$R\xa7\xb84\xd0\x9bH\xa0\x0f@\xd3\xf5{{\
\xcc\x05p\x1b\xd35\xa29\xe9^on\x0a\xb8*N\
k\xa1\xd3uia!d\xcc\x89\xd3\xdcP\x07QE\
G\x04\xc9<a\xe39SRR\x00\xa2\x8a(\x00\xa2\
\x8a(\x00\xa2\x8a(\x00\xa2\x8a(\x00\xa2\x8a(\x00\xac\
\x7f\x10\xea?d\xb7\xf2\xe3?\xbdq\xf9\x0a\xd3\xba\x9d\
-\xe0y\x5c\xe0(\xcdy\xfe\xa1v\xf7WM+\xf7\
<{\x0a`:\xd9\x1ak\x88\xd1~\xf3\xb6+\xd0Q\
B\x22\xa8\xec1\x5c\x97\x85-|\xdb\xc6\x9d\xbe\xecC\
\x8f\xa9\xae\xbe\x80AE\x14\xd6eE,\xc4\x05\x1dI\
\xa4\x03\xaa\x0b\xab\xa8\xad\xd720\xc9\xe8\xbd\xcdc\xea\
\x9a\xfcq\xa9\x8e\xcc\xf9\x8f\xd3\x7fa\xf4\xf5\xa6\xe8V\
sO'\xdboI'9@{\xfb\xd3\x03z&f\
@\xcc\xbbI\xedO\xa2\x8a@\x14QE\x00\x14RV\
.\xab\xaeElLV\xe4I/L\xe7\x81@\x1b%\
\xd40R\xc3q\xe8)\xd5\xcfh1Oy?\xdbn\
\x99\xb6\x8f\xb8=Mt4\x00QE\x14\x00QE\x14\
\x00QE\x14\x00QE\x14\x00QE\x14\x00QE\x14\
\x00QE\x14\x00QE\x14\x00QE\x14\x00QE\x14\
\x00QE\x14\x00QE\x14\x00QE\x14\x00QE\x14\
\x00QE\x14\x00QE\x14\x00QE\x14\x00QE\x14\
\x00QE\x14\x00QE\x14\x00QE\x14\x00QE\x14\
\x00QE\x14\x00QE\x14\x00QE\x14\x00QE\x14\
\x00QE\x14\x00QE\x14\x00QE\x14\x00QE\x14\
\x00QE\x14\x00QE\x14\x00QE\x14\x00QE\x14\
\x00QE\x14\x00QE\x14\x00QE\x14\x00QE\x14\
\x00QE\x14\x00QE\x14\x00QE\x14\x00QE\x14\
\x00QE\x14\x01\x97\xa1k\x10\xea\xb0ep\x93\xa8\xf9\
\xe3\xceq\xf4\xf6\xadJ\xf2;i\xa5\xb3\x99.-\x9c\
\xa4\x8b\xc8\xc1\xafE\xf0\xf6\xb3\x1e\xabl\x09\x01'Q\
\xf3/\xf5\x14\xc0\xd7\xa2\x8a)\x00QE\x14\x00\x84\xe0\
d\xf4\xaeS\xc4\xb7\xdec\x84S\x908\x1e\xd5\xbf\xaa\
\x5c\x08-\xceO$W\x0b|\xe5\xe4fn\xa4\xd3\x02\
\x84\x99',y\xf6\xefRiv\xe6\xe7Y\xb0\x85y\
\x1ehs\xf4\x1c\xd3\x0f#=+\xaa\xf0V\x9f\xb5\x1e\
\xfeT\xc38\xd9\x1e{/\xad\x00u@`b\xbcc\
\xe2\xd5\xe9\x97\xc4\xc2\x00F\xd8\x22Q\xf8\x9ek\xd9\xc9\
\xc0$\xf6\xaf\x9d\xfcYvo\xbcS\xa9\xcf\xd5|\xdd\
\x83\xe8\x05\x08\x19\xb5\xf0\xbe\xc1n\xfcO\x14\xb2.\xe1\
\x0a\x999\xe9\x91\xd2\xbd\xbe\xbc\xc7\xe0\xdd\xa1\xc5\xed\xd9\
\x1c\x0cF?\x99\xafN\xa1\x82\x0a(\xa2\x90\x05\x14Q\
@\x10\xcfm\x0d\xc2\xe2h\xd5\xbe\xa2\xb2/<;\x0b\
\x82m\xd8\xa1\xf4<\x8a\xdd\xa2\x808\xd94K\x98\x09\
;7\x8fU\xa4KwQ\x82\x08>\xfcWgLx\
\x91\xfe\xf2\x83\xf8S\x03\x9d\xb0iap\xd1\x92\x07q\
\xeb[\xf6\xd3\x89\xd0\x1e\x8d\xdcTme\x17\xf0\xe5~\
\x94\xc1j\xd1\x90cn\x94\x80\xbbE5\x09*7\x0c\
\x1au\x00\x14QE\x00\x14QE\x00\x14QE\x00\x14\
QH\xc4*\x96=\x00\xcd\x00r\xfe1\xbee\x09m\
\x19\xeb\xcbW*\x87.\x07rj}j\xf4\xdc\xdf\xcd\
&r7`}*\xc7\x85\xedM\xe6\xa5\x1f\xcaJ'\
\xce\xe4\xfbS\x03\xb4\xd0\xec\xfe\xc5\xa7\xa2\x1f\xbe\xdf3\
}kB\xa1\xbb\xb9\x86\xd2\x06\x96\xe1\xc2 \xeek\x8e\
\xd5\xfcA5\xda\x95\xb7\xdd\x05\xb1\xe3 \xe1\xdf\xfc(\
\x03\xa0\xd4\xf5\xdbk6h\xa3\xfd\xf4\xe3\xaa\xa9\xe1~\
\xa6\xb9]GR\x9e\xfaBf\x90\x95\x1d\x10p\x07\xe1\
Y2N\x0a\x90\xa3\x03\xb5o\xf8oE{\xc6[\x8b\
\x90V\xdc\x1e\x07w\xff\x00\xebP\x05\x8f\x0fh\xe6\xe5\
\x85\xc5\xd2\xfe\xe0\x1c\xa2\xff\x00{\xff\x00\xad]x\x00\
\x00\x00\xc0\xa1T*\x85P\x02\x8e\x00\x1d\xa9i\x00Q\
E\x14\x00S]\x95\x10\xb3\x90\xaa\x06I=\xa9&\x95\
!\x89\xa4\x91\x82\xa2\x8c\x92k\x86\xd7u\xc9/\x0e\xc8\
\xc1H\x07E\x07\xef{\x9a`]\xd7u\xe39h-\
\x09X\xbb\xbfv\xff\x00\xebU]\x0bLmBm\xce\
\x0a\xc0\xa7\xe6oS\xe8*\x9e\x8b\xa7\xc9\xaa\xddm\x19\
X\x97\x97|t\xff\x00\xeb\xd7\xa0[A\x1d\xb4\x09\x0c\
*\x15\x14`\x01@\x0f\x8d\x168\xd5\x10\x05U\x18\x00\
v\xa7QE \x0a(\xa2\x80\x0a(\xa2\x80\x0a(\xa2\
\x80\x0a(\xa2\x80\x0a(\xa2\x80\x0a(\xa2\x80\x0a(\xa2\
\x80\x0a(\xa2\x80\x0a(\xa2\x80\x0a(\xa2\x80\x0a(\xa2\
\x80\x0a(\xa2\x80\x0a(\xa2\x80\x0a(\xa2\x80\x0a(\xa2\
\x80\x0a(\xa2\x80\x0a(\xa2\x80\x0a(\xa2\x80\x0a(\xa2\
\x80\x0a(\xa2\x80\x0a(\xa2\x80\x0a(\xa2\x80\x0a(\xa2\
\x80\x0a(\xa2\x80\x0a(\xa2\x80\x0a(\xa2\x80\x0a(\xa2\
\x80\x0a(\xa2\x80\x0a(\xa2\x80\x0a(\xa2\x80\x0a(\xa2\
\x80\x0a(\xa2\x80\x0a(\xa2\x80\x0a(\xa2\x80\x0a(\xa2\
\x80\x0a(\xa2\x80\x0a(\xa2\x80\x0a(\xa2\x80\x0a(\xa2\
\x80\x0a(\xa2\x80\x0a(\xa2\x80\x0a(\xa2\x80\x0a(\xa2\
\x80<j\xce\xe3\xed6\x90\xca\xa4\x02\xe8\x1b\xafz\xb7\
\xa6\xde\xbd\x85\xecw\x10\x9c0\xfb\xc0\x1e\x08\xaec\xc2\
\x17>n\x98#\xcf\xcd\x0b\x14\xfc+q\xc0\xfe\x11\x9c\
\x0a\xa1\x1e\xb7\xa6\xdeG\x7fh\x93\xc2A\x0c9\xf65\
j\xbc\xeb\xc1\x9a\xa1\xb3\xbc\xfb<\xad\x88d\xec{\x1a\
\xf4@r\x01\x15#\x16\x8a*9\xdbdLh\x03\x9f\
\xd7\xa7\xdcJ\xfe5\xcb\xceF\xe6'9\x075\xaf\xa9\
K\xe6J\xec;\xf4\xaav\xd6r\x5c\xcc\x89\x1a\xee\x91\
\xf8\x1e\xc3\xd4\xd3\x01\x9aF\x98\xfa\x8d\xea\xc5\xd2\x15\xf9\
\xa5ooJ\xf4(\xd1b\x8dR0\x15T`\x01U\
t\xbb\x18\xf4\xfbE\x86!\xc8\xe5\x9b\xbb\x1fZ\xb9@\
\x15uI\xc5\xb6\x9bs3\x1c\x04\x8d\x8f\xe9_4$\
\xe2w\x96~\xa6Y\x99\xb3\xf8\xd7\xba|Q\xbe\xfb\x0f\
\x83oX\x1c4\x83`\xfck\xc1\xed\x22\xdb\x04)\x8f\
\x98\x81\xf9\x9ahL\xf7\x7f\x85\xf6\xdeG\x85!\x90\x8c\
4\xee\xd2~\x19\xc0\xfeU\xd7U\x0d\x06\xd0X\xe8\xb6\
V\xc0c\xca\x85T\xfdq\xcf\xebW\xe9\x0c(\xa2\x8a\
@\x14QE\x00\x14QE\x00\x14QE\x00\x14QE\
\x00\x14QE\x00\x14QE\x00\x14QE\x00\x14QE\
\x00\x15\x99\xe2;\xaf\xb2i3\xbfB\xc3h\xfa\x9a\xbb\
sq\x15\xac-,\xee\x11\x07s\xde\xb8\x9f\x1b]\xcf\
wmn\xac\xad\x0d\xbb\xb6\xe5O\xe2lw>\x82\x98\
\x1c\xe3\xc8\x1aM\xbd}+\xb4\xd3n-t\x0d O\
p3q0\xdc#_\xbcGa\x5c\x14\x17\x11\xc1\x22\
\x92\xa1\xa4\xe8\xa9\xeaj\xc4\xf3\xcb,\x8f-\xd3\x99%\
s\x96?\xe7\xb5\x00i\xea:\x9c\xda\x8c\xc6k\xa26\
\x8f\xb9\x18?*\xff\x00\x89\xac\xf9\xe6%N\xe3\xcfl\
\xd5F\x93\xd7>\x9cWE\xe1=\x05\xb5\x19\x05\xd5\xd0\
\x22\xddO\x03\xfb\xde\xd4\x08\x9f\xc2\xfa\x09\xbde\xb8\xba\
\x04[\xa9\xc8_\xef\x1f\xf0\xae\xf9\x15QB\xa8\x01@\
\xc0\x03\xb5$h\xb1\xa2\xa4j\x15\x14`\x01\xda\x9d@\
\xc2\x8a(\xa4\x01HH\x03$\xe0\x0aZ\xe5\xbcc\xab\
\x88\x22\xfb\x1c\x0d\xf3\xb0\xfd\xe1\x1d\x87\xa5\x00R\xf16\
\xb6.\x9c\xdb\xdb\xb7\xee\x17\xef6~\xf1\xff\x00\x0a\xc7\
\xd3,e\xd4n\x840\x82I\xe5\x98\xf4Q\xeaj\x0d\
2\xc2\xe3R\xba\x11@\xa4\xfa\xb1\xe8\xa3\xd4\xd7\xa3\xe9\
:l:e\xa8\x8a\x11\x96\xfe7=X\xd3\x02]>\
\xca+\x0be\x82\x05\xc0\x1dOr}MY\xa2\x8a@\
\x14QE\x00\x14QE\x00\x14QE\x00\x14QE\x00\
\x14QE\x00\x14QE\x00\x14QE\x00\x14QE\x00\
\x14QE\x00\x14QE\x00\x14QE\x00\x14QE\x00\
\x14QE\x00\x14QE\x00\x14QE\x00\x14QE\x00\
\x14QE\x00\x14QE\x00\x14QE\x00\x14QE\x00\
\x14QE\x00\x14QE\x00\x14QE\x00\x14QE\x00\
\x14QE\x00\x14QE\x00\x14QE\x00\x14QE\x00\
\x14QE\x00\x14QE\x00\x14QE\x00\x14QE\x00\
\x14QE\x00\x14QE\x00\x14QE\x00\x14QE\x00\
\x14QE\x00\x14QE\x00\x14QE\x00\x14QE\x00\
\x14QE\x00\x14QE\x00\x14QE\x00\x14QE\x00\
|\xd1\xe0\xe9<\x8dB\xea\x0cr\xeb\xb8~\x06\xba\xf8\
\xe4,T\x0e21\x5c\xdd\xad\xa9_\x10\xd9I\x08\xff\
\x00[\xf2\x95\xfa\x8a\xe9\x1d\x1a\x07\xc0\x5c\x15=\xea\xd8\
\x87\x99\x0cl\x0a\x1eG5\xe9\x9e\x17\xd4\x7f\xb44\xd4\
,r\xe86\x9a\xf30\xc1\xfd\xab{\xc1\xf7\xff\x00c\
\xd4\x04l\xdf\xbb~1R\xc6z=fk3\x15\x8c\
\xa08\xc8\xe6\xb4K\x00\xb9\xac[\x94{\xb9\xf6\xaez\
\xf5\x14\x80\xca\x8e\xdd\xeeg\xda\xab\x9ek\xa5\xd3\xacc\
\xb3C\x80\x0c\xad\xf7\x9b\xd6\x9fgh\x96\xc9\x85\xe5\x8f\
SVh\x00\xa2\x8a(\x03\xca~;\xdf\x11e\xa7\xe9\
\xc8\xdf4\xcf\xb9\x86{\x0f\xf2k\x82\xf0\xdd\xab\xde\xf8\
\x87N\xb6P0\xf3\xa0?@r\x7fJ\xdd\xf8\xbbs\
\xf6\xcf\x1b\xc5\x12\x9c\xc7k\x00\xcf=\xcf\xff\x00\xae\xa5\
\xf8Ql\xb3x\xbe\x17<\xf9\x11<\x98\xf7\xc6?\xad\
_Au=\xc0qKE\x15\x03\x0a(\xa2\x80\x0a(\
\xa2\x80\x0a(\xa2\x80\x0a(\xa2\x80\x0a(\xa2\x80\x0a(\
\xa2\x80\x0a(\xa2\x80\x0a(\xa2\x80\x0a\xa9\xa8\xdfEc\
\x0e\xf9NX\xf0\x88:\xb1\xf4\x14\xfb\xdb\x95\xb5\x80\xc8\
\xc0\xb3tU\x1dX\xfaVu\x95\x99Y\x8d\xfe\xa8\xe9\
\xe7\xb7\xdcV8X\xc7\xa7\xd6\x80\x16\xce\xc6k\xb9\xc5\
\xe6\xa7\x82z\xc7\x0fd\xfa\xfb\xd7\x1f\xf17T\x8e\xd2\
\xe60\xe4|\x8b\x80;\x92z\x01]\xd1\xd5l\x03m\
\x17p\x93\xd7\x01\xc1\xaf%\xf1\x1d\xf4Z\xe6\xba\xf7b\
1\xe4Dv\xc4\x0f\xf1c\xbd4\x0c\xcf\xb0G\x8c}\
\xa2\xe4\x8f\xb4\xcb\xc9\x1f\xdd\x1e\x95`\xbb\xb9\xc2\x0c\xe4\
\xd4\x91E-\xcc\xa8\x91&\xe7c\x80\xa2\xbb\xff\x00\x0d\
\xf8R;M\xb3\xdf\x80\xf2\x9eD}B\xfd}i\x88\
\xc7\xf0\xef\x85\xe5\xbd)qx\x0cpg;OV\xfa\
W\xa0\xc1\x14pD\xb1B\x81#Q\x80\xa3\xa0\xa7\x8e\
8\x1d)i\x0c(\xa2\x8a@\x14QE\x005\xf3\xb4\
\xed\x19lq\x5c\x94~\x1b\x9a\xf2\xfd\xe6\xbe}\xb1\x96\
\xdc@<\xb5u\xf4P\x05{+8,\xa1\xf2\xed\xa3\
X\xd3\xa9\xc7\x7f\xadX\xa2\x8a\x00(\xa2\x8a\x00(\xa2\
\x8a\x00(\xa2\x8a\x00(\xa2\x8a\x00(\xa2\x8a\x00(\xa2\
\x8a\x00(\xa2\x8a\x00(\xa2\x8a\x00(\xa2\x8a\x00(\xa2\
\x8a\x00(\xa2\x8a\x00(\xa2\x8a\x00(\xa2\x8a\x00(\xa2\
\x8a\x00(\xa2\x8a\x00(\xa2\x8a\x00(\xa2\x8a\x00(\xa2\
\x8a\x00(\xa2\x8a\x00(\xa2\x8a\x00(\xa2\x8a\x00(\xa2\
\x8a\x00(\xa2\x8a\x00(\xa2\x8a\x00(\xa2\x8a\x00(\xa2\
\x8a\x00(\xa2\x8a\x00(\xa2\x8a\x00(\xa2\x8a\x00(\xa2\
\x8a\x00(\xa2\x8a\x00(\xa2\x8a\x00(\xa2\x8a\x00(\xa2\
\x8a\x00(\xa2\x8a\x00(\xa2\x8a\x00(\xa2\x8a\x00(\xa2\
\x8a\x00(\xa2\x8a\x00(\xa2\x8a\x00(\xa2\x8a\x00(\xa2\
\x8a\x00(\xa2\x8a\x00(\xa2\x8a\x00(\xa2\x8a\x00\xf9\xf1\
\xb7[\xcbgp\x84\x8f\x22En}\x8dz\xb6\xbf\xa0\
\xad\xf5\xba\xdd\xd9(\xde\xca\x18\xa8\xfe*\xf2\xdb\xa8\xd9\
\xad]q\x9a\xf6o\x08\x5c\x1b\x9f\x0eXH~\xf7\x94\
\xa0\xfeULH\xf3\x1b\x98\x9e\x19\x0a\xb0*A\xc6\x0d\
:\x1b\x83\x1c\x81\x80\xc3\xa9\xcdz7\x88|?\x16\xa1\
\x1bI\x00\x0bp9\xf6j\xf3\xab\xfb)\xadfh\xe5\
\x8c\xab\x8fZC=KF\xba[\xfd67\x07\x9c\x00\
j\xf4Q,@\xed\x1f\x8dq\x1e\x00\xbf\xda\xd2[;\
w\xce+\xbb\xa0\x02\x8a(\xa4\x01Mf\x0a\xa5\x8f@\
3N\xaaZ\xd4\xbeN\x95t\xfe\x88h\x03\xe7\x9dz\
\xe4\xdd\xf8\x83U\xbac\xfe\xb2r\xa3\xe8+\xbd\xf8/\
n\x1a\xf7R\xb9\xdb\xf7\x11#\x07\xeaI\xfe\x95\xe6\xd3\
.\x19\xc9$\x97b\xc7\xeaM{\x1f\xc1\xebo'\xc3\
sLF<\xe9\xcf_@\x00\xff\x00\x1a\xa7\xb0\x91\xde\
QP\xb5\xd5\xba\x92\x1ax\x81\x1dr\xe2\x93\xedv\xdf\
\xf3\xf1\x0f\xfd\xf6*FOE5]_\xee\xb0o\xa1\
\xcd:\x80\x0a)\xae\xca\x8aY\xc8\x00w5\xcbj\x9e\
/Ki\xd9-\xe0\xf3\x15N\x0b1\xc5\x00utW\
1g\xe2\xfbY@\x171I\x11\xf5\x1f0\xad\xab=\
R\xca\xf0\xe2\xde\xe26o\xee\x93\x83\xf9\x1a\x00\xbbE\
\x14P\x01E\x14P\x01Ef\xeaZ\xde\x9b\xa6\xf1y\
y\x14o\xfd\xcd\xd9o\xc8sX\x13\xf8\xcd\xee\x5c\xc5\
\xa1\xe9wW\x8f\xd3{\x8d\x8b\xfe4\xc0\xecj\x0b\xbb\
\xbb{8\xfc\xcb\xa9\xe3\x85=]\x82\x8a\xe4\x9a\xd3\xc5\
z\xb1?h\xbb\x8bM\x80\xff\x00\x0cC\xe6\xfc\xf9?\
\xca\x9b\x1f\x81\xc0\x90Kup/%\x1d\xe7,s\xfa\
\xd0\x06\x8d\xdf\x8c\xf4\x98\x8e\xdby$\xbb\x93\xb2\xc2\x84\
\x83\xf8\x9e*\x05\xd6\xf5\xdb\xec}\x83G\x10\xc6\x7f\x8e\
\xe1\xbf\xa7\x15r\xda\xca\xebO_\xf4m>\xc0\x81\xda\
<\xa9\xfc\xcd[]ab\xe2\xfe\xdakS\xfd\xe27\
/\xe6(\x031tmf\xf0\x87\xd45C\x11\xec\x90\
.6\xfe5b\x1f\x0a\xd8\x07\x0fr\xd3]8\xe72\
\xb95\xbb\x14\x894k$N\xae\x8d\xc8e9\x06\x9f\
H\x0eG\xc5\xf6pZi^F\x9df\xa2i\x8e\xcc\
\xa2\xf2\x17\xbf5\xcb\xe9\xde\x15\xd4nJ)\x83\xca\x8f\
\xfb\xcf\xc6\x05z\xa3($\x12\x01>\xf4\xeaw\x03\x07\
K\xf0\xbe\x9dc\x00S\x10\x92S\xf7\xa4$\x82~\x9e\
\x95a\xb4\x1bN\xb1\x99\xe3?\xecHEkQH\x0c\
F\xd1gNm\xf5K\xb4?\xed6\xe1\xfa\xd2-\xb6\
\xb9o\x83\x1d\xec\x17 \x7f\x0c\xb1\xe3?\x88\xad\xca(\
\x03\x08\xeaZ\xac\x1f\xf1\xf3\xa5\xf9\x8b\xdc\xc0\xf9\xfd)\
\xf1x\x8e\xc5\xb8\xb82\xda\xbfu\x99\x08\xc7\xe2+j\
\xa3\x9a\x08\xa6R%\x8d\x1c\x1f\xef\x0c\xd0\x02[\xdcC\
p\x9b\xe0\x95$_Ul\xd4\xb5\x8d?\x87l\xd9\x8c\
\x96\xbee\xac\xbf\xde\x85\xb1T\xeed\xd6t\x84.\xd3\
A{n?\xe7\xa1\xd8\xe0}{\xd0\x07KHH\x03\
$\xe0W\x0fw\xe26\xbf\xd8!\xb9{\x06#\x1be\
\xc2\xa9>\xcd\x8a\xabu\xa7\xea\xb2(w\x12\xdc)\xe4\
2\xbe\xf0E0;\xc7\xbb\xb7L\xef\x9e%\xc7\xab\x81\
P>\xad`\x9do \xfc\x1c\x1a\xf3\x89m.\x22?\
\xbd\x85\xd0\xfa\x14\x22\xa1`\xd8 \x03\xf4\xa2\xc0zA\
\xd74\xd0q\xf6\xb4\xcf\xb6M\x03]\xd3OK\xb4\xfc\
\x8dy\xba\xe4\x9e\x99\x1e\xb4\xe0:v&\x80\xb9\xe9q\
\xea\xda|\x9fv\xee\x1f\xc5\xb1Vc\xb8\x86O\xf5r\
\xc6\xdf\xee\xb05\xe5d\x1e\xa0\x1f\xa5\x09\xb8g\x19\x1f\
J,\x17=f\x8a\xf3K\x0b\xab\xf8\xd8}\x96Y\xf2\
x\xc09\xfd+\xb5\xd0n/\xa5\x85\xbf\xb4c)\x8c\
mf\x18&\x805\xa8\xaa\xf2\x5c\xaa\xfd\xdeMWy\
\xdd\xfb\xe0{R\x1d\x8b\xcc\xea\xbdH\xa8Z\xe5\x07@\
MSnz\xd2c\x8a\x07b\xc9\xbb9\xe0\x01\xf5\xa6\
}\xa6Bq\xc5C\xf5\x14\x03\xcf\x14\x0e\xc4\x86ys\
\xf7\xa9\x0c\xf2\xff\x00x\xd4`\xe4\xd2\xf7\xc1\xa0\x09\x05\
\xc4\x9f\xde\xa7\x0b\x89\x07qP\x93A\xa0\x0b+vs\
\xca\xd4\xabr\xa7\xa8\x22\xa8\xe7\x8a3\xc7\x14\x05\x8d%\
un\x84S\xeb$\x92\x0dK\x14\xee\xbd\xf2=\xe8\x15\
\x8d\x1a*\xbcw*p\x1b\x83S\x82\x08\xc8\xa0B\xd1\
E\x14\x08(\xa2\x8a\x00(\xa2\x8a\x00(\xa2\x8a\x00(\
\xa2\x8a\x00(\xa2\x8a\x00(\xa2\x8a\x00(\xa2\x8a\x00(\
\xa2\x8a\x00(\xa2\x8a\x00(\xa2\x8a\x00(\xa2\x8a\x00(\
\xa2\x8a\x00(\xa2\x8a\x00(\xa2\x8a\x00(\xa2\x8a\x00(\
\xa2\x8a\x00(\xa2\x8a\x00(\xa2\x8a\x00(\xa2\x8a\x00(\
\xa2\x8a\x00(\xa2\x8a\x00(\xa2\x8a\x00(\xa2\x8a\x00(\
\xa2\x8a\x00(\xa2\x8a\x00(\xa2\x8a\x00(\xa2\x8a\x00(\
\xa2\x8a\x00(\xa2\x8a\x00(\xa2\x8a\x00(\xa2\x8a\x00(\
\xa2\x8a\x00(\xa2\x8a\x00\xf0\x8b\xd8\x8a3\x8c\xf1\x8e\xa3\
\x9a\xf4\xbf\x86\x92\x97\xf0\xdc(O\xdc\xca\xfe\xa6\xb8\x7f\
\xb24p\x8d\xe3*;\xe6\xbb?\x87\x00%\x84\xf1\x8e\
\x81\xcf\xebT\xf6\x12;\x1a\xa3\xa8\xe9\x96\xd7\xe8D\xd1\
\x82\x7f\xbd\xde\xafQR3\x84\x8f@\xba\xd35Q-\
\xbe^,\xf6\xec+\xb6\xb5s$\x08\xc7\x83\x8a\x96\x8a\
\x00(\xa2\xb0\xb5[\x9de\xa4d\xd3\xed\x95\x13\xa6\xf6\
 \x93@\x1a\xf770Z\xc6d\xb8\x95#A\xdd\x8e\
+\x8d\xf1\x87\x8a\xec?\xb2g\x82\xd8\xb4\xaf \xdb\xbb\
\x1bT\x7fZ\xad>\x83\xad^\xc8^\xe3,\xc7\xbb\xc9\
X~)\xf0\xd5\xd5\xbc\x10\xa3\xc9\x00g9\xe1\x89\xe0\
~\x1e\xf4\xc0\xe1^D\x9eu\x0a\x0a\xa3\x1c\x12\x061\
]m\x94\x976\x9az[\x09\xa4\xf2\x93<o8\xc9\
9\xe9Y\xfao\x86\xe5\xb8\xba\xb7\x8b\xcc@]\xc2\xf4\
>\xb5\xdd_\xf8z\xcbK\x88=\xf5\xe9\xc9\xe8\x88\xb9\
f\xfdi\xb1\x1c\xba19'\x92y\xa7\x17'\xa7\xd6\
\x9d0V\x93\xf7*Bd\xe0\x13\xcf\xe3H\xc4F1\
\x82I\xed\xe9@\x174\xcb\x9b\x88\xee#\xfb,\x8e\xb2\
\x96\x01v\x9cf\xbd:\xee\xf6;+e\x92\xe4\xfc\xe4\
\x01\xb4uf\xf4\x15\xc5\xf8z\xca+Ke\xd5\xb5\x01\
\xf2\xe70G\xdd\x8f\xae+\xa3\xd2\xed&\xbc\xb8\x1a\x86\
\xa2>c\xfe\xaa#\xd1\x07\xaf\xd6\x90\xcb\x16\x90Ox\
\xe2\xe2\xfcmQ\xccp\x83\xc0\xf7>\xf5\xe7\x1e!\x8c\
\xc3\xaa\x5c'L\xb9\xaf[\xaf9\xf1\xd5\xaf\x95\xac\x07\
P1*\xe7?\xce\x84\x07-\x1c\xa6\x19\x147\xfa\xb6\
\xe0\x1fC\xe9V\xcb\xba\xf28\xc7z\xaf(O\xb3\x91\
!\x01;\x93\xc6+/\xfb~\x15V\x82\xdd^\xeet\
8\xfd\xd8\xe0\x8f\x5c\xd3\x11\xd9i:\xed\xf5\x8b\x02\xb2\
\xf9\x91\x91\xf7\x1f\x91]<~5\xd2R0o\xa7[\
iq\xf7\x18\xe7?Ls^F\xd0kZ\x81\xf9\xdc\
Y\xc0O\xdd_\xbd\x8f\xe7Z:n\x81gj\xc1\xe5\
V\x9aN\xb9s\x9a,\x07\xa0K\xe2\xfb\xab\xe7\xf2\xb4\
\x0d.i\xc9\xff\x00\x96\xb3\x0d\xab\xf9\x0f\xfe\xb57\xfb\
\x1b\xc4:\xb1\xce\xad\xa9}\x96\x13\xd6\x1b~?\x97\xf8\
\xd4Z\x1e\xab%\x9a\xaa&\x0c?\xdc\xed\xf8zWe\
ks\x1d\xccA\xe3?Q\xe9Hf\x1e\x9d\xe0\xed&\
\xcd\x83\xb4&\xe2^\xbb\xa59\xad\xf8\xa2\x8e\x15\xdb\x14\
j\x8b\xe8\xa3\x15%\x14\x80(\xa2\x8a\x00)\x19U\x81\
\x0c\x01\x1e\x84R\xd1@\x14\xe3\xb1KyL\x96\xa4\xc7\
\x9f\xbc\x9f\xc2\x7f\x0a\xb7KE\x00\x14QE\x00\x14Q\
E\x00e\xeaZ\xcc\x1a|\xcb\x1c\xe9'#9\x03\x8a\
K]\x7fN\xb8`\xab8F=\x04\x83o\xeb\xd2\xad\
j61_\xc0b\x98}\x18u\x15\xc4\xeaZ4\xf6\
\x12\x12\xc3|g\xa3\x0e\x94\xc0\xf4\x00C\x00A\x04\x1e\
\xe2\x96\xbc\xee\xcfP\xba\xb2l\xdb\xcc\xe1G\xf0\x1eT\
\xfe\x15\xd6iZ\xe4\x17\x9bc\x97\xf73z\x13\xc1\xfa\
\x1a\x00\xd8\xac\xfdv\xd4\xdeiW\x11/\xdf\xd8J\xfd\
kB\x92\x90\x1e$\x93\xcf\x13\xee\x89\xf66p\xca\xcb\
\xb9O\xb1S\xc1\xae\x8f\xc3\xba\xbc+(\x8aGm6\
\xe4\x9e\x1a2Z\x09>\xaa~\xedC\xe3\x1d3\xec\x1a\
\x9c\xcf\x1a\xe2\x19O\x980:g\xad`\xc4C\xe4\x11\
\x91T\x07\xab\xad\xfd\xcc\x0a?\xb4-\x84\x90\x9e\x93A\
\xf3)\xfa\x8a\xb1\x0ai\xd7\xe9\xbe$\x82Q\xdf\xe5\x19\
\x1fZ\xe1<5\xe2F\xd2\xe4[{\xb6g\xb1<\x12\
y1\xff\x00\xf5\xab\xb9\x9fM\xb5\xbb\x0b<\x07\xcb\x91\
\x86VX\x8e3\xf9u\xa4\x02\xb6\x8d\xa7\xb1\xe6\xd9\x07\
\xd3\x22\xa2o\x0f\xe9\xc4\xe7\xc9#\xe8\xc6\xa0\x96\xff\x00\
P\xd2\xd8\xfd\xba\x1f\xb5Z\x8f\xf9m\x10\xf9\x80\xf7\x15\
\xa5\xa7\xea\x16\xba\x84[\xedfW\x1d\xc7B>\xa3\xb5\
\x00Q>\x1c\xd3\x8fX\xdf\xfe\xfb54:&\x9f\x09\
\x05m\xd4\x91\xfd\xe2Mh\xbb\x05\x195Ni\x99\xf8\
^\x05!\xa4?0\xc06\xc3\x1a/\xfb\xa3\x15\x0c\x92\
3\x9ej0x\xe4R\xe7\x1c\xd0U\x844\xa4sG\
^M/\x14\x00\x98\xa4\xefN\xc7\xad\x1d\xe8\x010\x07\
&\x91y?Zq\x1e\x94\x94\x00\x98=\x05!\x19\xa5\
\x1dqK\x8a\x00h\x18=h\xefK\xce(\xc6)\x00\
q\x8an}hQ\xcf&\x97\xb5\x03\x13\x9e\xf4\xbc\xd1\
\xdb8\xa0\x1a\x00^\x01\xce)\xf1\xca\xc9\xc85\x1fo\
z8\xc5\x02/\xc5p\xad\xc3pjqYC9\xf6\
\xa9\xe2\x9c\xc6\x00<\xad14^\xa2\x9a\x8e\x1cd\x1a\
u\x02\x0a(\xa2\x81\x05\x14Q@\x05\x14Q@\x05\x14\
Q@\x05\x14Q@\x05\x14Q@\x05\x14Q@\x05\x14\
Q@\x05\x14Q@\x05\x14Q@\x05\x14Q@\x05\x14\
Q@\x05\x14Q@\x05\x14Q@\x05\x14Q@\x05\x14\
Q@\x05\x14Q@\x05\x14Q@\x05\x14Q@\x05\x14\
Q@\x05\x14Q@\x05\x14Q@\x05\x14Q@\x05\x14\
Q@\x05\x14Q@\x05\x14Q@\x05\x14Q@\x05\x14\
Q@\x05\x14Q@\x05\x14Q@\x05\x14Q@\x05\x14\
Q@\x1c\xdahk.\x86c+\x89\x98n\x19\xaa\xfe\
\x0a\xb6\x92\xd2{\xb8\xa4\x18\xe8j\x1b\xff\x00\x18\xe0m\
\xb0\x80\x01\xd3|\x9f\xe1\x5c\xfbk\xfa\x8aN\xf2\xc7q\
\xb4\xb7P\xa81L\x0fR\xa2\xbc\xb1\xf5\xddR@s\
{7\xd0\x1c\x7f*\x22\xd758\x9c\x11y1=\xb7\
6A\xfc\xe8\x03\xd4\xe8\xac\xaf\x0e\xdc\xde]X\x89o\
\x82\xee'\xe5\xc0\xc1\x22\xb5i\x00QE\x14\x00W\x9e\
x\xe2\xf0>\xb5\xe5\x03\xc4(\x14\xf3\xdc\xf3\xfe\x15\xe8\
.\xc1\x11\x99\xba\x01\x93^Or\x16\xe6\xee\xe6\xf2\x7f\
\x99\xa5\x90\xb8OA\xdb?\x80\xa6\x80\x97H\xb96\xd2\
\x8b\xb0\x80\x98\xf2S>\xb8\xa8.\xee$\xba\x9d\xa6\xb8\
\x90\xbb\xb1\xceM6i\x81^\x0fn\x94\xb6V\x13\xea\
\x13*D\x85\x89=@\xa0D92q\x18''\x8c\
WQ\xa2\xe81[\xc0o\xf5|\x08\x90nX\xcf\x7f\
\xadl\xe8\xbe\x1d\xb6\xd3c\xf3\xaev\xbc\xa0d\xe7\xa2\
\xd5v\xdf\xe2MCh\xca\xe9\xb07?\xf4\xd0\xd02\
].\xdeM^\xec_\xdd\xa6\xdbX\xce \x8b\x1c}\
q]%W\xb8\xb8\xb5\xd3\xad\xb7O,V\xf0\xa0\xc0\
,p\x00\xaeJ\xef\xc5\xd7:\x8c\xa6\xdb\xc36o;\
\x13\x8f\xb4:\x9d\x83\xdc\x0f\xf1\xa0\x0e\xbe\xee\xee\xde\xce\
#-\xdc\xf1\xc3\x18\xfe'`\x05y\x97\x8e|D\x9a\
\xaaE\xfd\x89i-\xc3\xc6\xdbL\xcc\xb8N}\xba\x9a\
\xe8,\xbc\x1c\xf7\x93\xfd\xab\xc4wr^M\xd4&~\
U\xff\x00>\xd5\xd1\x5civ\xcb\xa5\xcdko\x0aF\
\x85O\x0a1\xcd\x00xrh\xf77\xb2y\x9a\xbd\xc1\
8<D\x9c\x01ZVq\xdbh\xd76\xf7PD\xa2\
8\xdc\x098\xe4\xa1\xe0\xff\x00\x8f\xe1[\x13\xdb\x14v\
\x5c`\x8a\xa9q\x02\xb4l\x8d\xd1\x86)\xdcGe\xac\
h>l\x22k!\xbbp\xdc6\xf4a\x5c\xbc\x81\xa1\
m\xae\x08`q\x82+\xb6\xf0\x0d\xe1\xbb\xf0\xecQH\
\xd9\x96\xd4\x98\x1b=x\xe8\x7f,U\x9do@\x83Q\
\x05\xc7\xc90\x1c0\xa43\x8a\xb4p\x1b\xaf\x02\xba-\
&\xf1\xa1\x93r\x93\x8e\xe3\xb1\xae~\xea\xc2\xe3O\x9f\
d\xc8@\xec\xc3\xa1\xab\x96\x92\xf0\x099\xa0\x0e\xfa\x19\
Vh\xc3\xa1\xe0\xd4\x95\xcf\xe97b\x22\x019C\xd6\
\xb7\xc1\x04\x02:\x1a@-\x14Q@\x05\x14Q@\x05\
\x14Q@\x05\x14Q@\x05\x14Q@\x056DY\x14\
\xab\xa8e=A\xa7Q@\x1c\xfe\xa5\xe1\xe8\xe5\xcb\xda\
\x90\x8d\xfd\xd3\xd0\xd75wg5\xac\x85f\x8d\x97\xdf\
\x1cW\xa2\xd3$\x8d%]\xb2(a\xe8E09\x9d\
\x07] \xa5\xbd\xe3e\x0f\x09!\xea=\x8du\x02\xb1\
\xaf<;i6LY\x89\x8f<t\xab\xbal\x13\xdb\
D!\x99\xc4\x88\xbfu\xbb\xd0\x05\x0f\x16\xd8\x0b\xcd4\
\xbe2\xd1s\xc7\xa7z\xf3\x19c\x08\xec\x07j\xf6\x96\
P\xcaU\x86A\x18\x22\xbc\xcf\xc4\xba_\xd8\xef\xa4]\
\xbf\xbb?2\x1fU\xff\x00\xebP\x80\xc2\xc79\xed\x8a\
\xef|\x09\xa9\x89-\x8d\x8c\xad\xf3\xc63\x18=\xd7\xd3\
\xf0\xae\x17f1\x9f\xa5K\xa6\xdc\xc9e}\x0d\xc4l\
A\x8c\x83\x8fZ\x00\xf6\x12\x01\x18#5\x89\xaah\xb6\
\xd29\xb8\xb6f\xb5\xbb\x03\xe5\x92#\x8c\xfd}kJ\
\xd6\xf2;\x9b8\xae\x22 \xab\xaeG\xb1\xf4\xa8\x9c\x97\
94\x86\x91\xc3\xdc\xf8\x9bW\xd3.DZ\xac\x11\xca\
\x87\x84\x91\x063\xf5\xa1<f\xe5\x89\x16\xe8@8#\
w5s\xc76\xc5\xeda\x90\x00v\xb6\x0dp\x97I\
\xe5~\xfa0I\x1fx\x0e\xe2\x98\xd9\xe8V~)\xb3\
\x94\x81:\xb4D\xfe\x22\xb7a\x9e)\xd7t2$\x8a\
{\xa9\xcdy\x14L\x1d7/C\xd0\xd5\xcb;\xc9\xed\
$\x0f\x04\xad\x1bw*\x7f\x98\xa2\xc1s\xd5M&y\
\xaecG\xf1:JV\x1d@\x04rp%\x1ft\xfd\
}+\xa7R1\x9e\x08\xed\x8aV\x18\xa7\x92(=s\
HM\x1c\xf4\x14\x00\xee\xd4\x9d\xe8\xc5 \xa4\x01\xc8\xe9\
Gj\x08\xf7\xa5<P\x02c\x9e(\xef\xed@\xebF\
9\xa6\x01\xf4\xa4#\x8aZ\x08\xe6\x80\x13\xa7JC\x8a\
_|Q\x8fjC\x01\x8d\xb4\x98\xe4\x0a\x5cR7\xeb\
LB\x83Fx\xe2\x83\xc9\xa48\xc6\x05\x00I\x1c\x85\
0A\xab\xd1J$\x1cu\xac\xd2p*H\xdc\xa9\x04\
P\x0d\x1aTTp\xc8$_z\x92\x82B\x8a(\xa0\
AE\x14P\x01E\x14P\x01E\x14P\x01E\x14P\
\x01E\x14P\x01E\x14P\x01E\x14P\x01Ex\x96\
\xa3\xf1\xb2\xe6\xd7\xc6W\x1a0\xd1\xe0\xf2!\xbek3\
3L\xd9\xc0}\x85\xb0\x07\xb6q^\xcdep\xb7v\
p\x5c&6M\x1a\xc80s\xc1\x19\xebM\xa6\x81;\
\x93\xd1^}\xf1\xbb\xc4\xba\x9f\x85\xbc!\x0d\xee\x8b:\
\xc1u%\xe2B]\xa3W\xc2\x95rp\x08#\xf8E\
d|\x12\xf1\xae\xa9\xe2Kk\x8f\xed\xfb\xf8\xa7\x98\xc8\
\xe9\x1a\x88U\x08\xda\x10\x83\x95\x00\x1c\xef?\x95\x16\xd2\
\xe2\xbe\xb6=b\x8aB@\x19&\x96\x90\xc2\x8a*\x8d\
\xce\xaf\xa6\xdb\x5c-\xbd\xce\xa1g\x0c\xecp\xb1\xc9:\
\xab\x1f\xc0\x9c\xd0\x05\xea*\x8e\xb5\xaaZ\xe8\xdaE\xd6\
\xa5} K[h\xcc\x8e\xde\xc3\xb0\xf7<\x01\xf5\xaf\
!\xf0?\xc6{\xcf\x10\xf8\x9a\xdbM\xbb\xd2\xed\xad\xe0\
\x9d\xb6\x87Gf+\x92\x00\xcf\xe7\xd7\xf9SI\xb0n\
\xc7\xb6Q\x5c7\xc6\x1dwZ\xf0\xf7\x83\xda\xf7\xc3\x91\
n\xb8\xf3\x95$\x94G\xe6y1\x90I}\xa4\x11\xd4\
\x01\x93\xc75O\xe0\xd7\x8a\xf5/\x12hl\xda\xec\xa8\
\xf7\xaa\xc7\x04F\x10\x91\xd4\x12\x00\x03\x91\xd0c\xb6{\
\x8a-\xa5\xc2\xfd\x0fE\xa2\xbea\xf8\xdd\xe3mf\xe7\
\xc6w\x9aE\x95\xe5\xd5\xa5\x8d\x99XDPHS\xcd\
ld\xb3c\xaf'\x00{\x0a\xdb\xf8@\xde'\xd35\
\xe4}^\xf2\xf2}6d\x08\x8a\xd7FD\xc9#\xe6\
\x0aO\xa0+\xff\x00\x02\xc8\xce*\xb9t\xb8\xb9\xb5\xb1\
\xf4\x1d\x15\xe0~\x17\xf8\x8f\xe2\xdb\x8f\x88\x8fa\xad\x05\
\xb7\xb12:\xb5\xb3@\x14G\xd4\xaa\x86\xc6\xe2N0\
\x09=\xf3\xd0W\xbd\xa9\x0c\xa1\x94\x82\x08\xc8#\xbdK\
V\x1aw\x16\x8a\x86\x1b\x98'wXf\x8aFN\x18\
#\x82W\xeb\x8a\x9a\x90\x05\x15V[\xfb8\xae\x04\x12\
\xdd\xdb\xa4\xe7\xa4m\x22\x86?\x86sVX\x85R\xcc\
@P2I\xed@\x0bExl\xbf\x1ce\x97\xc5\xc3\
N\xd3\xf4\xfbit\xd7\xbb[x\xee\x0b9fR\xc1\
w\x80?0+\xd5<G\xaa^\xc3\xe0\xbb\xddOE\
\xb7\x17\x17\xa2\xd4\xcd\x04C\xe6\xc9\xc6z\x0e\xb8\xeb\x8e\
\xf8\xc5;1]\x1b\xd4W\x8c\xfc\x17\xf1\xde\xbd\xafj\
\x17\x96\xde$\xb8Y\x00#\xca-\x0a\xc6\xc3\xefg\xee\
\x81\xc0*\x07>\xb5\xec\xa4\x80\x09$\x00:\x93CV\
\x1aw\x16\x8ad2\xc74a\xe1\x91$C\xd1\x90\x82\
)\xf4\x80(\xaa\xb7\xda\x85\x9d\x84{\xef\xee\xed\xed\x93\
\xfb\xd3H\xa8?2j[k\x88n\xa1Y\xad\xa6\x8e\
h\x9b\xa3\xc6\xc1\x94\xfe\x22\x98\x12\xd1E\x14\x80(\xa2\
\x8a\x00(\xa2\x8a\x00(\xa2\x8a\x00(\xa2\x8a\x00(\xa2\
\x8a\x00(\xa2\x8a\x00(\xa2\x8a\x00(\xa2\x8a\x00\xf1\xd2\
B\xe4u9\xe2\xa3\xcb6\x02\x8f\xbc+\xbb\x83\xc1\xd1\
\x02\xa6k\x96`;*\xe2\xb5m<=\xa6\xda\x81\xb6\
\xdc9\x1d\xdf\x9a`p:~\x95wv\xc0C\x132\
\x9e\xe0q\xf9\xd7C\xfd\x8fe\xa2\xdb\x0b\xbdQ\x84\x8e\
\xbfv%\xeek\xb0;!\x88\xe0\x05E\x1d\x00\xaf5\
\xf1u\xfb^_\xb6_\xf7q\xf0\x17\xf9\xd0\x06\xde\x9f\
\xe2\xd6\x9e\xfa(\x8c\x11\xc7n\xd8\x1c\x1eEvU\xe4\
\x1a`\xdd\xa8[\x05\x03\x0d2\xaf\xe6Ez\xfd\x00\x14\
\x94\xb5\xcbx\x93[\xc16\x96\x8d\x96<;/_\xa0\
\xa4\x03|K\xaf\xa2+\xdaZ\x10\xcc~Wa\xfc\xab\
\x89\x9aI\x08\x1b\x07\x04u\xad)ld\x86\x1f:\xed\
\x84Jy\x5c\xfd\xe6\xfc+6W\x12K\x140\xa1\xfd\
\xe4\x80\x0fS\x9a`nx{\xc3r\xdf*\xcf;\x04\
\x84\xfef\xbb\xbb\x0b\x18,b\x11\xdb\xa0Q\x8eOs\
O\xb2\xb7K[h\xe2\x8cp\xaa\x07\xe9X>3\xf1\
\x14z5\x83$?\xbc\xbd\x97\xe5\x8e5\xeb\xcd\x00E\
\xe2\x1b\xf6\xbe\xb9\xfe\xce\xb5\x91R%\xf9\xae&'\x01\
W\xd35\x9f7\x89\x96\x08\xd7K\xf0\xa5\xa3^L\xbf\
/\x9aA\xd8\x0f\xaf\xbdg\xe8^\x10\xd45 n5\
\xc9\x9a\x18\x5c\xef0)\xe4\xfd\x7f\xfa\xf5\xdfi\xbam\
\xa6\x9b\x08\x8a\xce\x14\x8dq\x82@\xe4\xfdM\x00r\x96\
\x1e\x10\xb8\xd4fK\xcf\x14\x5c\xbd\xcc\xe3\x95\x88\x1c*\
\xfbc\xa0\xfc+\xb0\xb4\xb5\x82\xce\x11\x15\xb4I\x12\x0e\
\xca1S\xd1H\x02\x90\xf21KE\x00p:\xed\xbf\
\x93}(\xe3\x92qXS\xa9\x04t\xc6k\xbb\xf1=\
\xae\xfd\x93\x05\xcf\x18&\xb9+\x88q\x90\x0d0'\xf0\
\x0d\xc9\xb7\xf1\x04\xf6\xe4\xe2;\xa8\xb7\xa8\xff\x00iO\
\xf8\x13\xf9W\xa3W\x91\xb4\xa6\xc7Q\xb2\xbd^\x04\x13\
)'\xfd\x93\xc1\xfd\x0dz\xe7Q\xc5\x0c\x08\xae-\xe2\
\xb9\x8c\xa4\xc8\xae\xa7\xd4W/\xa9x~H\x18\xcbd\
K.s\xb3\xb8\xae\xb6\x8a@p\x96\xd34nR@\
U\x87c].\x93z\x18\x08\x9c\x81\xe8j\xd5\xee\x9f\
\x05\xd0\xf9\xd4\x06\xec\xc3\xadc\xcda=\x9bnL\xba\
u\xc8\x1c\x8a`t\x94U]:\xe3\xed\x16\xe1\x9b\xef\
\x0e\x08\xabT\x80(\xa2\x8a\x00(\xa2\x8a\x00(\xa2\x8a\
\x00(\xa2\x8a\x00(\xa2\x8a\x00(\xa2\x8a\x00(\xa2\x8a\
\x00+'\xc4\x9a\x7f\xdb\xacI\x8dA\x9e/\x99=\xfd\
EkQ@\x1eGu\x0e9U \x1e\xc7\xb1\xf4\xaa\
\x8e\x81T\xb79\xae\xdb\xc5:X\x82F\xb8\x89q\x0c\
\x9c\xb7\xfb-\xeb\xf45\xc6]\x02K+\x0eA\xe4\x0a\
\xa0:_\x04_6\xd6\xb4\x90\xe4\x1c\xb2\xfd{\xd7]\
^a\xa5\xdc5\xa5\xdcr+\x1c\xa9\xc8\xafK\x82U\
\x9e$\x91\x08*\xc3\x22\xa5\x94\x8a:\xf4\x22m6U\
#8\xe6\xbc\xee@\x06x\xafR\xb8]\xf0\xc8\xbe\xa2\
\xbc\xe6\xf6\xdf\xcb\xb9\x90\x11\xdf\x1c\xd3@\xccH\x90\xdb\
\xdc4lF\xc7\xf9\x93\xd8\xf7\x15$\x81\xb0\xdd\xebf\
\x0d1\xef\xe3c\x12\x83$Xm\xbd\xc8\xe9U&\xb7\
1\xb1V\x1bNz\x1ab(+\x13\x91\x8fj\xde\xd0\
u\xe9\xb4\xf2\x22\x9b2\xda\xff\x00w\xba\xfd+\x19\xe3\
\xe3\x81\xd0\x1af\xec\xae\x19F}\xa8\x03\xd6\xad\xa6\x8a\
\xe6\xddf\x81\xc3\xa3\x0c\x82*^@\xe2\xbc\xdb@\xd6\
$\xd2\xa6\x1c\xb3\xdb\xbf\xdfOOq^\x8bo4w\
0$\xb0\xb0ta\x90EKE&<Q\x8e)H\
\xc8\xa3\x18\xa0\x06\x9e\xbcR\x91\xc7&\x94\x81I\x8f\xca\
\x80\x13\xa0\xa5\xf6\xa3\xdb\x14\x01\xcf4\x00}h\xcd-\
&8\xa0\x04\x1d)I\xa498\xc0\xa3\x9e\xf4\x80\x0f\
'\x18\xa4#\x93\x8a^\xa6\x90\xe2\x80\x01\xcd\x03\x19\xe7\
\xb5\x19\xe3\x81F(\x01\x0fN\xb4\xe1\xcf4\xd2\x07J\
S\xc7\x14\x00\xf8\xdbc\x02\x0dhF\xe1\xd7\x22\xb3y\
\xef\xd2\xa6\x82B\x8c=)\x89\xa2\xf5\x14\x80\xe4f\x96\
\x82B\x8a(\xa0\x02\x8a(\xa0\x02\x8a(\xa0\x02\x8a(\
\xa0\x02\x8a(\xa0\x02\x8a(\xa0\x02\x8a(\xa0\x0f\x8b\xfc\
N\xdb>&\xea\xcd\xbbf\xdd^c\xbb\xd3\xf7\xc7\x9a\
\xf6\x7f\x10\xfcH\x93\xc2~\x06\xd3\xa3\xb2Hd\xd5n\
\x11V-\xe0\x95E\x08\xbb\x9c\x8f\xd0}{\xe2\xbc_\
\xc5'o\xc4\xbd\x5c\xe5W\x1a\xbc\xc7-\xd0~\xf8\xf5\
\xad\x7f\x8a\xb6\xd7\x03\xfb\x0a\xe9\x86m\x9e\xc9bR:\
\x06^H\xfc\x99kk^\xc6w\xb1\x89\xe2-k\xc4\
\x9a\xfd\xb1\xbf\xd6\xafo.\xad\x1eA\x8d\xef\x88\x83\xe0\
\xe3\x088\x1cn\xe8=k\xaa\xf8Y\xadK\xe1\xed\x1b\
T\xd4\xe1H\x8b@\x920\x04r\xc4yx\x07\xdb8\
\xfdk#Z\xd6,\xef\xbc\x01ii\x1c\xc8.\xe1\x9e\
0\xd0\xed\xdaH\x11\x91\xbb\xe9\xd0q\xf5\xefSx*\
\xc2MG\xc2z\xd5\xbd\xbc`\xca\xf1\xc8T\xf7b\xbe\
[m\xfd?Z}\x04\xb73\x04\xda\xc7\x8du\x1b\x89\
\xf5=aY\xc9\x05\x8d\xcc\xdbT\x13\x9c\x05^\x80q\
\xd8q\xfaV\xd7\xc3\xdf\x15j\xbe\x0f\xf1\x84VR]\
\xcbqf\xd2y\x12C\x1c\x9eb1<)^\xddH\
\xfc\x0f\xadr:\x16\x9do\xa9L\xd1\x5c_Eh\x7f\
\x84\xc9\xc05\xa2t\xfd;K\xd6\xac\x96=Un\xa4\
\x12+n\x81C\x22\x90x\xcbg\x1d}(h\x11\xdb\
\xfe\xd1\xf7\xd2I\xe3M=\xad\xee$\xfb;\xe9\xb1\xba\
\x85b\x01\xcc\x92s\x8f\xca\xbc\xfbY\xf0\xe5\xe6\x95\xa6\
Z_\xce\xf1<7'j\x94$\xe0\xe3?\xe3\xf9\x1f\
\xadt\x1f\x17\xe63kZG\xef\x0c\x814\xb8\x949\
\xee79\xfe\xb5\x7f\xc6h\x07\xc3M)\xbc\xa5C\xf6\
\xccq\xfe\xeb\xff\x00\x9f\xc6\x92\xd0\x1e\xa6\xf6\x9bq\xaa\
x\xaf\xe0\x95\xc6\x93aj\xd2\xdcY\xbcG\x0a\xe0y\
\x88\xa4\xf4\x19\xec\x14\x1cw \x9e\xf5\xe4\x1az]=\
\xd2-\x87\x9b\xf6\x83\xf7|\xa2C~\x95\xec_\x02I\
6\xf2\x22\x09\x19\x9c\x14\x0b\xd0d\xee\x15\xe6>\x0c\x7f\
'\xc4\xb6\xdec\x04\xc3\x10w\x0fNH\xfa\xf0\x7f\x1a\
\x16\x83}\x0fT\xf1g\x88\xf5}?\xe0\xf6\x9d\x1c\x17\
Z\x85\xad\xe0\xbb\x8a\x09\xa5yIw\x1eK\x97\x1b\xb3\
\x9c\x17\x19\xfaq\xd2\xb0<+q\xafk\x1e\x07\xd5-\
\xf4\xbb\xab\xa9\xf5\x16(\x10$\x98}\xbe`,\x03g\
\xd8}z}w\xfe4X\x8b_\x02Y\xbc[\xcc-\
~\x98$\xe4\x13\xe5\xc9\xd3\xf2\xa8\xbe\x00<\x8a_f\
\x14\x17P[=F\xef\xfe\xbf\xebK\xa5\xc7\xd4\xf1\xeb\
\xe4\xbd]JE\xbd\xf3\xbe\xdc\x1f\x0f\xe6\x12_w\xb9\
\xeb\x9a\xf5\xaf\x83v\x9a\x8f\xdbeMIn\x98:\x83\
\x0e\xf7;{\x10A\xce:f\xb8\xaf\x88\xb1%\xb7\xc4\
\xedR8\xb0\x88\x97k\x8c\xf2\x07\xdd\xaft\xf0^\x9a\
f\xd3\xad.a\xdef\x11\xae|\xb6\xe3\xa6\x0d6\xf4\
\x14V\xa7\x8a\xe8^\x22\xd5\xee\xfch>\xdd\xaa\x5c\xca\
7\xc8\x0f\x98\xe5\x86\x00$\x0c~\x03\x8a\xee~6\xf8\
\xfa\xfe\x08m|?\xa6\x5c\xc9\x03\xb4~m\xe4\x91\x9d\
\xac\xc1\xb3\xb52:\x0cd\x9cu\xc8\x1e\xb5\xe5\xfe\x1b\
\xc8\xf1\x97\x0a\x18\xf9\x92\xf5\xfa7?\x87Z\xd5\xf8\xbf\
\x05\xc4\x1e;\x9e\xe2\xe9K%\xc4q\xc9\x1ez2\x85\
\x08@\xfcT\x8a-\xa8_B\xbe\x97\xe0\xbf\x10\x98\x22\
\xbf\xb1e\x82^\xab\x89\x8cr)\xfa\xf1\xcf\xe3^\xbd\
\xab7\x8b'\xf8L-\xb4\xab\xab\xe7\xd5\x22e\xfb[\
I i^=\x808G\xce~\xf1\xcf\x5c\xe0\xfe\x15\
\x95\xa2\xf8\xc3\xc2\xd0i\x11\xc9\x7f|\x85\xdb#\xcb(\
\xce\xe3\x93\xd8\x02G\xe3V\xfe\x22x\x9d|;\xe0\xe8\
&\xf0\xfc\xa3\xfe'\x01\x92\x19Q\x8e\x150\x0b6\x0f\
C\x82\xa0}A\xf4\xa4\xee\xc6\xb4G\x8dj\xde\x1a\xbb\
\xd3m>\xd3{wh\x93\x10\x1f\xc8iq1\xcf\xa2\
\x91\x9f\xcf\xf5\xaff\xf8S\xe2\x1dC\xc4\xdf\x0eu\xed\
\x08\x97\x9bP\x8a\xcahm\x9d\xa5\xcb;20PI\
\xe9\xd5@\xe7\xb1<W\x8eY\xe8\xf6\xb7\x1aL\xfa\x8e\
\xa3\xaaD\x92\x95fH\xcb\x82\xee\xd88\x18\xeaI?\
\xe4\xd7[\xf0\x1a\xeb\xec\xbe#\x91\x94\xb6\xfc\xaa\xe0\x13\
\x8c\x10\xd9\xcf\xe5\xfc\xe9\xbd\x84\xb7<\xee\xe2\xca\xf2\xc7\
T{9b\x92+\xe8e\xf2\xccc\xef+\x83\x8cq\
\xdf5\xec\xfe\x0a\xd5\xf5}'\xe1\x7f\x88\x96Yu\x08\
\xafR\xdf\xcc\x86W\x90\xb0\x8f\x922\xb9?/\x04t\
\xf6\xae\x03\xc7\xd9\xb6\xf8\xaf\xaa\xbc\x9f\xba\xc6\xa3\xe6\xe5\
\x86p\x0b\x06\xcf\xe4s^\xa3\xacX\x8f\xf8V\x1a\x9d\
\xcc%\xc9\xfb\x18\xdeCq\xd1r\x0f\xe2h`\x8eC\
\xe1\x0e\xb7\xa8\xddk\xd35\xed\xfc\xf3\xb1e\xe2V.\
I*\xf9<\x9fa\xfa}\x0dO\x89~$\xd6<U\
\xe3\x9b\xfd&\xde\xfeo\xec\xe8\xe6h#\xb7W\x22,\
 \xc31\x03\xefr\xacs\xcf\xb5V\xf88\xce\xba\xdc\
\xa603\x95\xf9\xb3\xd3\xe4\x93\x8a\xcb\x91?\xe1\x1f\xf8\
\x8b{\x15\xdc\xa5D\x172\xa9\x90\x9f\xbc\x0epO\xb3\
\x02?\x03E\xb5\x0e\x81w\x0e\xbd\xe0\x0dN\x07\xb4\xd4\
e\xb7i\x86\xf0\xd6\xd2\x95\x0e\x01\xe8\xc3\xa1\xfar9\
\xaf^\xf8\xc5\xae\x1dS\xe1\x06\x9fyms#4\x97\
q+\xc8\xbf!\x93\x0a\xfc\x90:g\x00\xe3\xa7\xe5^\
u\xf1\x8bU\xd3\xaf\xe5\xd2`\xd3n!\xb9\xf2RF\
\x91\xe3`\xd8\xdcW\x00\x91\xec:{\xd5\xaf\x11\xac\xb6\
\xbf\x09`\xb3pB-\xecg\x19\xc8\xdc\x11\x94\xe3\xf1\
\xc9\xfch\xb6\xc1s\x8b\xb0\xf0\xfd\xf6\xa9\xa3\xdd\xea\x91\
\xca\x8d\x1d\xb8fp\xccKa@'\xf4?\xa1\xafC\
\xfd\x9d5\xd9,|A>\x9ac\xdd\x0d\xc8\xdc_ \
l\xc09\xfa\xe7\x0b\xf9{\xd6W\xc3\xc8\xc3\xf8K_\
\xccJ\x7f\xd1g;\x8f\xfb\xa3\xf9g\xf5\xac\x9f\x84\xe4\
\x0f\x15C\x93 \xe4}\xd0y\xe7\xa1\xa1\xec\x0bs\xec\
:*\xb6\x9d!\x92\xc6\x06`A(\x0f\xe9Vk\x13\
@\xa2\x8a(\x00\xa2\x8a(\x00\xa2\x8a(\x00\xa2\x8a(\
\x00\xa2\x8a(\x00\xa2\x8a(\x00\xa2\x8a(\x00\xa2\x8a(\
\x00\xa2\x8a(\x03#\xc4w\x9fe\xb2l\x1f\x98\x8a\xf3\
+\xa9\xb7;\x93\xc9\xae\x9f\xc6wfK\x83\x10<\x03\
\x9a\xe4$c\xbb\x00d\x9fZ`lx^\xdc\xddk\
\xd6\xd1\xa8\xf9Q\x84\x8d\xf8s^\xa9\x5c?\xc3\x8b3\
\xfe\x93x\xf8\xc7\xfa\xb4\xfeg\xfaWqC\x029\xa3\
\xf3bt\xdcWp\xc6Gj\xcb\xd3\xf4\x0bK9Z\
V\xcc\xb2\x13\x90_\xb5lV~\xbbv\xb6zl\xae\
N\x19\xbeU\xf7&\x90\x1e{\xe2k\xb7\xbb\xd5\xe4e\
'b\x9c\x0fLT~\x15\x80]\xf8\xa2\xd4?\xfa\xbb\
t37\xa6GO\xd4\xd5\x0b\xc9\xc2\xb9b7\x13\xc8\
\x15\xd2|0\xb23%\xee\xa5q\xc6\xe7\xf2\x90\x1e\xca\
94\xc0\xec5k\xe1ic$\xcc\xdb\x11G'\xfa\
W?\xe1],\xdf^\xbe\xb5~\x99rq\x02\xb0\xce\
\xd1\xebL\xbe/\xe2]pY\xc5\x91\xa7\xdb\x1c\xca\xc0\
}\xe3\xe9]\x94h\xb1\xc6\xa8\x8a\x15\x14`\x01\xd8P\
\x03\xa8\xa2\x8a@\x14QE\x00\x14QE\x00W\xbe\x84\
Ol\xe9\xdf\x1cW\x15w\x16\xc6a\x8eG\x15\xde\xd7\
1\xae\xdb\xf9S\x96U\xe1\xe9\x81\xc7j\x90o\xb7\x91\
\x00\x1c\xaf\xeb^\x85\xe1[\xb6\xbd\xf0\xed\x84\xees!\
\x88+\xff\x00\xbc8?\xa8\xae:\xe6\x1c\x82\x08\xce{\
V\xcf\xc3\x89\xcf\xf6m\xdd\x9bu\xb6\x9c\x81\xfe\xebr\
?\x5c\xd0\x07]E\x14R\x00\xa4$\x0e\xb4\xb4\x84\x02\
0zP\x03R4RYT\x02z\xe2\x9fH\x00\x1d\
)h\x00\xa2\x8a(\x00\xa2\x8a(\x00\xa2\x8a(\x00\xa2\
\x8a(\x00\xa2\x8a(\x00\xa2\x8a(\x00\xa2\x8a(\x00\xa2\
\x8aF8\x04\xd02\xbd\xf4i</\x0c\x8a\x19\x1c`\
\x83^o\xaei\xefgp\xc8\xfc\xe3\x94o\xef\xaf\xf8\
\x8a\xf4f$\x92k;W\xb0MB\xd5\xa2c\xb5\xc7\
(\xfd\xd4\xd0;\x1efT)\xf7\xae\xe7\xc2\x17bk\
\x13\x09?<g8\xf65\xc9\xde\xdaIo#$\xa9\
\x87S\xb5\x87\xf5\xfaU\xaf\x0e]}\x8bR\x8c\xb7\x0a\
\xff\x00+~4\xd8\x91\xe8<W\x19\xe2(\x04w\x84\
\xe3\x82k\xb3\x15\x83\xe2\x98s\x12\xca\x07\xd6\x92\x19\x91\
\xa0Ja\xd4b\xc7F;O\xe3]&\xa3\xa4\xdb^\
\x8c\xbam\x93\xfb\xc2\xb9m3\x8b\xc8O}\xe0\xfe\xb5\
\xdd\x0eh`\x8e\x03U\xd1\xe7\xb2$\x94\xdd\x19?x\
t\xacf\x80\x10s\xc1\xafWtWR\xac\x01S\xd8\
\xd6\x06\xa9\xe1\xd8\xe5\x0c\xf6\x98F\xeb\xb7\xb1\xa7p\xb1\
\xc0\xb4[O\x1d=+_\xc3Z\xd4\x9ad\xfb$\xcb\
Z\xb1\xf9\x97?t\xfa\x8ae\xd5\x94\xb6\xeeRd \
\x8e9\xac\xf9\x22(x\x1f\x8d1\x1e\xaf\x14\xa94K\
$L\x19\x18d\x11\xde\x9cx\x15\xc2\xf8S[6\x8e\
-\xaeX\xfd\x9d\x8e\x01?\xc0\x7f\xc2\xbb\xbe\x08\xc8\xe6\
\xa6\xc3B\x0e\x94\x1e\x94\xa4QHbc\xa7\xa5\x06\x96\
\x82)\x80\xd3\xd34d\xd3\xa9\x08=\xa8\x01\xb9\xa6\x93\
\x93\xd2\x9eG\xbd\x18\xf4\xa4\x03H\xa0\x01N\xc7\xad'\
\xe1@\x09\x8f~h psI\x8ezPh\x18q\
\xd74\xbc\x1a8\x19\xa4\xf7\x14\x08S\x90(\x07=i\
x\xe2\x93\x9c\xd0\x05\xbbY?\x84\xd5\x9a\xcd\x8d\xb0\xc0\
\xd6\x826\xe5\x06\x98\x9a\x1dE\x14PHQE\x14\x00\
QE\x14\x00QE\x14\x00QE\x14\x00QE\x14\x00\
QE\x14\x01\xf3W\x8e\xbe\x1bj6^6\xbb\xd4\xa3\
\xbc\xb4\x92\x0b\x8b\xa6\xbdUm\xca\xc3t\x85\xb6\x91\x82\
8\xe9\x9c\xd7\xa4ZxV\xcf\xc4\xde\x09m*\xfe4\
r\x88\xaf\x0b)\xdaR@\x80\x02\x0f\xe6+\xbe\xd5\xf4\
\xe8\xf5\x0bp\x8c\x913)\xc8.\xb9\xa6h\xfa{X\
+)\x11\x85=\x02v\xaa\xe6\xd0V>[\xd5~\x19\
^\xdb]\x98\xe0\xb9\x8dS=.\x01R?\x10\x085\
\xd9|+\xf0\xf4\xfa\x1e\xa2#\xb9hff\x939\x89\
\x8e\x08%=@\xf4?\x9d{\x86\xa3\xa3[\xde\x16l\
\x00\xc7\x92\x08\xc8'\xe9Y\xf0xw\xc9\x99\x1dR\xd8\
m \xfc\xab\x83\xfc\xa9\xf3\x5c\x5c\xa7\x8ax\xf7\xe14\
\x16\x9a\x84\x92\xe9\x0f5\xbd\xbc\xa3\xccEq\xbd\x06z\
\xaeG#\x07\xebY\x9e\x1a\xf8}\xf6K\xc8\xaen\xaf\
\xa3\x92d!\x91b\xcf\xca\xc3\xeb\xfc\xfb~\xa3\xe9\x8b\
\x9b(\xeeaH\xe5\xcf\xca8 \xf2+$\xf8uV\
\x5c\xc4\xd1\x80Ns\xb3\x06\x8e`\xe5<c\xe2\x1f\xc3\
\xeb\xbdlZjv\x97\xb6\xe9\xe4\xc0\xb6\xcd\x0c\xa8T\
\x80\x0b\x1c\x8cg\xd7\x1d\xaaK\x8f\x05\x5c\xf8\x87\xc1\x11\
\xe9\xd6\xd3\xc3\x04\xd6r\x1b\x8c\xb6J0\x00\x82\xb9\xea\
>\xf7\xa5{\xb4:|Q\xda<\x0c\x03\x87\x04\x1d\xc3\
#\x9a\xa5\xa5\xe8\xff\x00a\x9c\xb0\x10\x84#\x1f \xc7\
q\xedG0\xf9O%\xf8M\xa2O\xa1^%\xb5\xd4\
\xc1\xdfx\xcf\x95\x92\x07$\xf1\x91\x9e\xff\x00\xa5r\xdf\
\x14\xfe\x18\xde\xe9\xbe \x92\xf7E\x02[+\xc63*\
3mh\xdc\x9c\xb2\x82x \x1eG|\x1f\xc6\xbe\x82\
: MD\xdc\xc0!@_\x7f\xca\xb8?\xca\xafj\
\x9a|Z\x85\x8f\xd9\xe7U`0W#\xa1\x14sj\
\x1c\xba\x1eM\xa9xj\xef\xc6_\x0bm\xf4\xb4\xb9\x10\
\xdd\xd8L.7\x5ce\x83\x85\x12\x0d\xa4\x8fg\xeb\xcf\
O\xc6\xb3>\x12h3\xe8W\xe6\xde\xe7\xc8\x96B\xeb\
\x96\x8c\x9c\x1f\x9b\xdc\x0fZ\xf5\xad\x0fG}6v\x0a\
\x9b##\xf8[ \xd3\xce\x86\xab\xa8\x9b\x98\x92\xdc\x02\
\xfb\xbe\xee\x0f\xd3\xa5\x17\xe8\x16<K\xe2o\xc3\x8d@\
\xf8\xc6]j\x1b\xdbSmw \x98#\x86\x0e\xa4m\
\xc8\xc60\x7f:\xf5o\x86\x88b\xd2R3\xb3(\x8a\
\xa7o\xb0\xc5t\xda\x95\x8a_Y\x18\x1dcb1\x82\
\xeb\x901P\xe8\xfasXn\x07\xca\x01\xbb \xc5+\
\xdd\x02Vg\xce\xd7\x9f\x0d\xef\xbc=\xe2\xe7\x96[\xab\
K\x9bq#2\xe3r\xb6\x18\x1c\x1cc\x19\x19\xf5\xed\
^\x99\xe3?\x04\xda\xf8\xbb\xc2\x904\x91\xba^\xd9\xee\
h^#\xf3`\xb1\xdc\xbe\xfd\x07\xe5\xef]\xf6\xb3\xa5\
\xc7\xa8\xa2e\x22.\x87\x82\xeb\x9e>\xb56\x99jm\
-\x84m\xb3\x8f\xee\xf4\xef\xfe4s\x07*>W\xb5\
\xf8o\x22\xdf\x14\xbc\xbeE\x85Xp\x10\x86#\xbe}\
+\xd3\xae|\x13e\xe2\x1f\x05\xae\x8e\x0c\x91\xcdf|\
\xdb9@\xce\xde\x00+\x8e\xe0\x81\xd39\xe0\x1c\xe7\x93\
\xe9\x97\xba\x0c2\xbf\x99\x0e\xd0\xde\x8e3\x8f\xa1\xedS\
\xd8iIl\xc1\xd9\xb70\xe9\x8e\x057!(\x9f.\
[|7\x9b\xed\x86;\x9b\xe8\xfc\xa0\xc4e\x14\x86\xfc\
\x8f\xf2\xae\xa7\xc0\xfe\x13\x97\xc3z\xdb\x16\xbd\x13+d\
\x90\xb1\xe3\xa2\xb0\x19\x1f\xf0/Z\xf7+\xed\x06)\xa7\
ib\xf2\xc31\xc9\x0e\xb9\xc7\xe3M:\x00!O\x98\
\xbb\xc7}\xb4s\x07)\xe4\x9f\x1b\xbe\x1d\xcd\xa9]\xaf\
\x88\xb4r\x1aY\x80K\xa8\x9c\xe3$\x00\xaa\xc0\xfa\xe0\
\x00s\xe8*\xd7\xc3\x9d\x16\xf3P\xf8\x7f\xaaxf\xee\
V\xb7\x9e\xe6\x12\x8a\xee|\xc0\x8cI#\xa1\xe9\x808\
\xfa\xd7\xb3=\xb2Mf\xd6\xf3\xe1\xd1\x94\xabdu\xac\
\x1b\x1f\x0f\x9b\x0b\xe1%\xbc`.s\xb9\x1b\x1e\xb8\xe0\
\xd1\xcd\xa0\xed\xa9\xe2^\x0c\xf0u\xe7\x86|A*^\
\xc9k;\x06\xc0h\x99\xb8\xc0`z\x81\xeb\x9f\xc2\xba\
\xcf\x8a\xff\x00\x0d-u\x97\x1a\xdd\x97\x9d\x05\xf4\xb8[\
\x82\x9f:\x1c\x00\x14\x95\xfa\x008\xafM\xd54T\xbc\
\xbb\x13\xa2@\x1f\x00\x12\xc9\xce}s\x8a\xd3\x16\xca\xd6\
\x9eD\x80m#\x04\x0a9\x83\x94\xf9\x83\xc3\xdf\x0e\xa1\
\x8ee\x97P\xbb\xf3\x1e6\x0c#\x8cz\x1fz\xee\xf5\
\x7f\x04O\xe2?\x07\xb6\x9fk,v\xb3B\xc2d2\
)\xc1\xda\x1b\x83\x8e\x9c\x1e\xa0\x1e\x95\xe9\xd2\xf8}<\
\xed\xf1:\xf3\xd4\xb2\xf3\xf9\xd6\x95\x8d\x8cv\x80\xed$\
\xb1\xeaM\x0e@\xa2x\x0f\x80\xbc%qim\xa8i\
7\x12\xc3\xe6\xdd\xc6\xd0\xf9\xb1\x92\xc1w\xe1s\x83\x8e\
\x99\xaa^\x17\xf0=\xf7\x85\xbcR\xa6\xee\xee\x09\x15\x5c\
/\xee2I\x19\xf4+\xf4\xafz}\x0dF\xa5\xf6\xa8\
\x92\x007\x86?.\x0f\xbfARj\xba2\xdeI\x14\
\x8a\xb0\xf9\x8a\xbbIu\xe4\xfe4s\x0b\x94\xb7\xa4\x7f\
\xc8:\xdf\x93\xf7\x17\xaf\xfb\xa2\xae\xd46\x91\x18`H\
\xd8\xe4\xa8\x03?\x85MPPQE\x14\x00QE\x14\
\x00QE\x14\x00QE\x14\x00QE\x14\x00QE\x14\
\x00QE\x14\x00QE\x14\x00S%;cc\xedO\
\xaa\xba\x8b\xf9vr\xb7\xa2\x93\xfaP\x07\x98\xebs\x19\
\xf5\x19\x9f\xa8$\x8a\xc9u%\xb0\x14\xe7\xb7\xd6\xaf\x5c\
6\xe7'=I\xad\x7f\x07i\xab{\xaa\xab\xca\x9b\xa1\
\x87\xe79\xe8Ojb;\x7f\x0fX\x8d?G\xb6\x83\
\x1f8]\xcf\xfe\xf1\xe4\xd6\x95\x14R\x18W\x07\xe3\x9d\
LI~\xb6q\x1c\xf9+\x96\xe7\xf8\x8f\xff\x00Z\xbb\
K\xeb\x85\xb5\xb5\x96g8X\xd4\xb1>\x80W\x90\xf9\
\xcdw,\xd7rgu\xc3\x97?\xd3\xf4\xa6\x80\xa9u\
\xbd\x2220&S\xc0\xe7\xbdw\x17s\xb6\x85\xe1{\
\x1d.\xd7\x9b\xd9\xd3\x1cu\x04\xf5?\xadr\xfadK\
q\xab\xdb\xf9\xdc[\xc3\x99\xa4\xc9\xeb\x8e\xd5\xd7\xf8Z\
\xd9\xb5}Jmj\xedN\xd0J@\xa7\xa0\x1e\xb4\x01\
\xab\xe1\xe8\xac\xb4\x9b\x14\xb6k\x98~\xd0\xd8iIq\
\x92\xd5\xb8\xac\x18\x02\xa4\x10{\x83\x5c/\x88t\x97\xb2\
\x95\xa5O\x9a\x069\xcf\xa5gXj\x17\x16.\x1a\xda\
fQ\x9eT\x9c\xa9\xfc(\x03\xd3(\xacm\x17]\x8a\
\xff\x00\xf7S\x01\x15\xc7\xa6xo\xa5l\xd2\x00\xa2\x8a\
(\x00\xa2\x8a(\x00\xaa:\xbc\x1eu\xa9 |\xcb\xcd\
^\xa4 \x10A\xe8h\x03\x86\xb9\x84\x96'\xf4\xa5\xf0\
I0\xf8\x8bQ\x8b\xb4\xb0\xac\x9f\x888\xfe\xb5\xa7\xa8\
[\x18\xae\x18`\xe39\x1fJ\xcf\xd2\x97\xec\xde(\xb5\
a\xc0\x967\x8c\xfeY\xfe\x94\xc0\xed\xa8\xa2\x8a@\x14\
QE\x00\x14QE\x00\x14QE\x00\x14QE\x00\x14\
QE\x00\x14QE\x00\x14QE\x00\x14QE\x00\x14\
QE\x00\x15\x0c\xe7\xb5Jx\x15VC\x93\x9a\x06\x84\
\xcd%\x02\x8a\x0a2\xb5\xbd1o\xa2\xde\x80\x09\xd4p\
}G\xa5qojb\x9bk\xe5H9\x19\xafI\x1d\
y\xac\x8doK\x17Hd\x88\x01 \xed\xebB\x13-\
\xe9s}\xa2\xc2\x19;\x95\xc1\xfa\x8af\xafnn,\
%U\xe5\x80\xc8\xac\xef\x0c\xb4\xd0\xcb5\xac\xaa\xc1~\
\xf8\xcf\xeb]\x01\xe6\x808\x1b$a{\x12\x91\xf3\x07\
\x1f\xce\xbb\xc0+\x9e\xbd\xb40\xeb\x10\xb2\x8c+0\xae\
\x8a\x86\x08A@\xa5\xc74\xa3\xa1\xa0ek\xcb8n\
\xe3)*\x83\xef\x5c\x96\xab\xa0\xcbn\x19\xa2\x1ed]\
}\xc5v\xd8\xe2\x90\x81\x8eFA\xa2\xe2<\x8e\xe6)\
\x11\xcf\x04\x0e\xd5\xd5xO^\xe1l\xaf[\x04q\x1b\
\x9f\xe4kgV\xd0\xa1\xbcR\xd1\x00\x92\xf6\xf45\xc2\
_X\xcbi;#\xa9\x0c\xa6\x9e\xe2\xd8\xf5:\x0f\x1d\
+\x03\xc2\xfa\xbf\xda\xa1\x16\xd7$\x0b\x84\x1c\x1f\xef\x0f\
\xf1\xad\xf3\xd2\x91Bc\xbd\x1e\xd4\xa6\x93\x14\x00Ph\
=\xa8\xa0\x04\xc5\x1d\xe9\xd8\x14\x1c\x0a\x00i\xa4\xef\x92\
i\xc6\x93\x00\x8a\x00O\xe2\xe6\x91\x87=)qA<\
\xfbP\x03H\x00\xd2w\xc0\xe2\x9cNi\x14\x0e\x94\x80\
:ph\x14c'4\xa0\x11\xf4\xa6\x03{\xf1V\xac\
\xdc\xfd\xd3U\x88\xe6\x9f\x1b\x15 \xfaP\x0c\xd1\xa2\x91\
NT\x1aZ\x08\x0a(\xa2\x80\x0a(\xa2\x80\x0a(\xa2\
\x80\x0a(\xa2\x80\x0a(\xa2\x80\x0a(\xa2\x80\x0a(\xa2\
\x80\x0a(\xa2\x80\x0a(\xa2\x80\x0a(\xa2\x80\x0a(\xa2\
\x80\x0a(\xaa\xc9\x7fg%\xc9\xb7\x8e\xee\xdd\xa7\x1dc\
Y\x01a\xf8g4\x01f\x8a*+\x9b\x88mb2\
\xdc\xcd\x1c1\x8e\xaf#\x05\x03\xf14\x01-\x15V\xc7\
P\xb3\xd4#2X]\xdb\xddF8-\x0c\xaa\xe0~\
 \xd5\xaa\x00(\xaf'\xf8\xf5\xe3\x1dk\xc2Ph\xbf\
\xd8W)n\xd7M7\x9a\xc6%rB\x84\xc0\xf9\x81\
\xc7\xde5\xaf\xf0s\xc5\x17\xde$\xf0\xeaM\xac^E\
sz\xc0\xb7\xcb\x10\x8c\xa8\xde\xeb\x83\x8e\x0f\x0a\x0f\xe3\
N\xda\x5cW\xd6\xc7\xa0\xd1E\x14\x86\x14QE\x00\x14\
QE\x00\x14QE\x00\x14QE\x00\x14QE\x00\x14\
QE\x00\x14QE\x00\x14QE\x00\x14QE\x00\x14\
QE\x00\x14QE\x00\x14QE\x00\x14QE\x00G\
\x04\xab4J\xe8r\x18f\xb3\xfcI'\x95\xa4\xce\xde\
\xab\x81X\xde\x16\xd4v8\xb7\x95\xb8<\x02j\xdf\x8d\
\xe4\xd9\xa5(\x1f\xc4\xf4\xc0\xe0G\xcc\xfe\xf9\xc5zW\
\x86t\xd1\xa7i\xaa\xac\x07\x9b'\xcc\xfe\xde\xd5\xcc\xf8\
?K[\xab\xcf\xb4\xc8\xbf\xba\x84\xe4g\xbbWyC\
\x00\xa2\x8aCH\x0e7\xe2^\xa0m\xf4\xc8\xac\xa38\
\x92\xe9\xc0l\x7ftW\x16\xa1Qq\x9c*s\x8fj\
\x8f\xc6:\xb7\xf6\x87\x8and\x0c\x0c6\xc3\xcb\x8f\x9e\
3\xebTe\xd4bk\x7f\x9d\xbew\xf98\xfeuB\
6tKi/\xee\x16\xd6\xdca\xae[.\xdf\xddA\
^\xb5io\x1d\xad\xb4pB1\x1cj\x14\x0a\xe6>\
\x1fi\x1fc\xd3\xbe\xd9(\x1et\xe3\xe5=\xc2\xd7[\
I\x8c\x8a\xe6\x04\xb8\x85\xe2\x94eXb\xb8\x0doJ\
\x93O\x9c\xe0\x13\x11<5z%Cuo\x1d\xcc-\
\x1c\xaa\x0a\x9a\x00\xf3(\xd8\x83\x91\xf2\xe0\xe4\x11\xda\xbb\
\xcf\x0f\xea\x82\xfe\xdfd\xa4}\xa1\x07\xcd\xfe\xd0\xf5\xae\
gZ\xd1d\xb1c\x22e\xa2=\x0f\xa5gY\x5cK\
mr\x93F\xd8u<\x7f\x85\x00zu\x15^\xc2\xe9\
/-c\x9a>\x8c9\x1e\x86\xacR\x00\xa2\x8a(\x00\
\xa2\x8a(\x02\x9e\xa5o\xe7C\xb8\x0f\x99k\x05!\xc6\
\xa7i't\x97\xf9\xf1]OQX\xd3[\xf9z\x8a\
\x13\xf7I\xc8\xa0\x0d\xaa(\xa2\x80\x0a(\xa2\x80\x0a(\
\xa2\x80\x0a(\xa2\x80\x0a(\xa2\x80\x0a(\xa2\x80\x0a(\
\xa2\x80\x0a(\xa2\x80\x0a(\xa2\x80\x0a(\xa2\x80\x19!\
\xf9j\x06\xc5K)\xe4\x0a\x85\xa8)\x09\xda\x8a\x5cf\
\x8a\x066\x94Q\x8a^\xd4\x00\x9b@9\x00f\x8cz\
R\xe2\x97\x14\x08\x89\xe2Gef\x5c\x95\xe4S\xbb\xd3\
\xb1G\xbd\x00 \xeah\xc7\xa5(\x14\x0fz\x06&8\
\xa3\x14\xee\xd4\x98\xa0Bv\xaaz\x86\x9f\x05\xf4Ef\
^{0\xea*\xee8\xa0\xe3\x14\x01\xc0\xea\x1ae\xc6\
\x97p%\x8f%T\xe5XW[\xa3\xdf-\xf5\xa2\xbe\
~q\xc3\x0a\xbb4I4E$P\xcax \xd6\x0a\
Y\xcd\xa5_\x09m\xc1{w8e\xf4\xa3p:\x0c\
R\x1a^\xaa)H\xe2\x80\x19\x8a\x0d8\xf6\xa44\x0c\
o\x22\x8aq\xa4\xc5 \x134b\x94\xe3\x14\x86\x80\x00\
)\x18s\xd2\x97\x9e\xd4w\xf7\xa0\x04#\x9an0i\
\xe7\xf5\xa4\x02\x80\x1a\x07Z^{\xd2\x9ao\xd0\xd0\x02\
`\xe7'\xa59@\xc5\x07\x1biW\xd6\x80.[\xb6\
S\x1e\x95-V\xb58b*\xcd2XQE\x14\x08\
(\xa2\x8a\x00(\xa2\x8a\x00(\xa2\x8a\x00(\xa2\x8a\x00\
(\xa2\x8a\x00(\xa2\x8a\x00(\xa2\x8a\x00(\xa2\x8a\x00\
(\xa2\x8a\x00(\xa2\x8a\x00\xf2o\x8f\xf6^&\xbd\xd2\
\xecc\xd0\x9eO\xec\xb6b\xb7\x91\xc2p\xc4\xe4m-\
\x8eJ\xf5\xe0w\xf5\xe2\xbe}\xd5\xf4[\x8d\x01\xe2\x95\
\xaf\xed\x0d\xca\xbf\xdc\x82l\xcb\x19\xecH\xea?\x9d{\
o\xed\x19\xe3+\x9d:+o\x0ei\xee\xd1=\xccb\
\xe2\xe6U8;7\x10\xa8\x0fl\x95$\xfd\x07\xa9\xaf\
\x17\xbd\xd1,\xad43u&\xa5\x0c\x97\x8d\x8d\x90#\
\x86\xdd\xf3\x00O\x1d\xb1\x93\x93Z\xc7c9n{\xb6\
\x9b\xe2\xb9\xfcC\xf0KZ\xb8\x99\xd9/\xa0\xb2\x91\x19\
\xc4\x84\xb3q\x8d\xd9\xea9\xcf\x1e\x98\xeb^\x07\xe1\xfd\
\x12\xfb\xc4\x97\x0f\x14\x13\xa6\xe8\xf1\xcc\xcc{\x83\xfe\x15\
\xd8x\x12\xe8\xc7\xe0\x0f\x13\xc6\x85\xbe{I\x15\xb3\x9c\
t?\xe3Y\xff\x00\x09\x17v\xba\xd9\x8d_\x91\xc9\xed\
\xf2\xbf\x14\xd2\xb0nA\xf0\xabX\x9b\xc3\xde8\xb7q\
\x16\xfd\xdb\xa2\x912\x01\x00rp{}\xdc}\x09\xaf\
g\xf8\xcf\xf16\xe3\xc2\xff\x00f\xd34\x13\x10\xd4\xe7\
O6Y\x1dwy\x08z`t\xdcNz\xe7\x00t\
\xe6\xbc\x22\xd8\x04\xf1\xdd\xca\xe5\x80[\x99\xc0\xd82\x7f\
\x8a\xb4~,\xdb\xcf\x0f\x8c^y\xd5\xfc\xa9\xe1\x8d\xe2\
-\xddB\x85?\xaa\x9a\x1a\xbb\x04\xec\x8c?\x10\xdfk\
\xba\x98\x82\xf3^\xba\xbc\xb9YK4O<\x85\x86x\
\xce\xd1\x9c/\xf0\xf01\xda\xbd\x9f\xf6\x7f\x9eh\xb4\xe5\
H\xfc\xb5W\xc18\x1c\x9c4\xbd\x7f\xcf\xa5y\xa7\x8f\
5{=[G\xd1Z\xd2tyP\xcd\xe6\xc6\x17i\
Bv\xe3#\xdf\x93\xe9\xf9W\xa2\xfc\x04_\xf4(\xcf\
\x94\xa3?\xc4\x7f\x8b\x99y\xfe\x9f\x85\x12\xd8#\xb9\xef\
\xb4QEbh\x14QE\x00\x14QE\x00\x14QE\
\x00\x14QE\x00\x14QE\x00\x14QE\x00\x14QE\
\x00\x14QE\x00\x14QE\x00\x14QE\x00\x14QE\
\x00\x14QE\x00\x14QE\x00y\xbaf\x07\x0c\xb9\xdc\
\x0f\x15\xd0_\xa4\xba\xd6\x95n\x90\xed.\x1b\x0f\x9e\xd5\
\x97\xe4\xe7\x82+W\xc3\xecm\xee\x119\xda\xfc\x1f\xaf\
j`n\xe9\xb6\x91\xd8\xd9\xc7\x04@aG'\xd4\xf7\
5j\x8a)\x00V/\x8c51\xa5x~\xee\xe38\
}\xbb\x13\xeax\xad\xaa\xf3?\x897\xbfo\xd5\xad4\
\xb8\xc9\xf2\xe1\xfd\xec\xbe\x99\xec)\xa08\x19\x93\xc8\x81\
7\xe7\xcdq\xb9\x89\xeeMU\xd3`\x92\xff\x00U\x8a\
\x11\x9f)\x0e\xe6\xdb\xda\xb4|J\xcb\x1a\x07c\x82\x01\
\xc5_\xf0M\x83G\xa6,\xee?{;g\xdf\x15B\
;=+\x5c\x9e\xc3da\x8bB\xbf(\x8c\x9e1\xed\
\xe9]\xae\x9d\xa8A\x7f\x08\x92\x06\xe7\xba\x9e\xa2\xbc\xcd\
\xd4\x8e\x08\xc1\x1e\xd5=\x9c\xf2\xd9H\x1e\x16l\xe7?\
Z\x91\x9e\xa3Edhz\xc4z\x82\x08\xdc\xed\x9c\x0e\
G\xadk\xd2\x01\x92\xc6\x92\xa1I\x142\x9e\xa0\xd7\x1f\
\xae\xe8\x0d\x01i\xad2b<\x95\xee\xb5\xd9\xd2\x10\x08\
 \x8c\x8a`r\xde\x12\xb91\xbb[98<\x8c\xfa\
\xd7UY\xcd\xa5B.\xd6x\xc6\xc6\x1dqZ\x02\x90\
\x0bE\x14P\x01E\x14P\x01Q\xc9\x12\xbb)#\x95\
<\x1a\x92\x8a\x00(\xa2\x8a\x00(\xa2\xa3\x92X\xe3\x19\
\x91\xd5G\xb9\xa0\x09(\xaa\xa2\xfe\xd0\x9c\x0b\x88\xff\x00\
\xef\xaa\x91nao\xbb*\x1f\xc6\x80&\xa2\x9a\x1dO\
F\x06\x9d@\x05\x14Q@\x05\x14Q@\x05\x14Q@\
\x05\x14Q@\x05\x14Q@\x05\x14Q@\x10I\xc94\
\xc2)\xed\xd6\x9a\xc2\x82\x84\x14\xbcf\x81\xd6\x97\xbd\x00\
7\x1c\xd2\xe3\xd2\x96\x81@\x0dQ\xebJ\x05;\x14P\
\x03E\x04qKE\x00 \xa0\xd2\xd0\x0eE \x1b\x8e\
){{\xd2\x8e\x94v\xa6\x02v\xa4\x02\x9d\xc6)\x0d\
\x007\x1cR\x11\xc5?\xb5\x04q@\x0c\xc6)H\xc5\
)\x1f\x9d\x04P\x03x\xa0\xd2\x9aJ\x00i\xa0\x8aZ\
ZC\x1b\x8aF\x1c\xd3\xe9\x08\xa6\x03E\x07\xde\x96\x91\
\xba\x8cP\x00:\xd27Z\x5c\x1c\xe6\x8a\x00nsE\
/z=\xa9\x00\x84R\x0e)z\x0cR\xe3#\x9a\x00\
|'\x0e\x0d]\xaa+\xc1\xcd]\x1c\x8abb\xd1E\
\x14\x12\x14QE\x00\x14QE\x00\x14QE\x00\x14Q\
E\x00\x14QE\x00\x14QE\x00\x14QE\x00\x14Q\
E\x00\x14QE\x00\x14QE\x00y\x9f\xc6O\x87\xd0\
x\xb2\xd6-F\x09\x1e\x0dJ\xd56o\x0b\xb8<\x5c\
\x9c\x11\xecI9\x1e\xa7\xadx\xb6\x9f\xf0\xdaY\x99\x92\
\xe2\xfd\x15\x88;LjN\x0fl\x83\x8c\xd7\xd6\x84\x02\
\x08<\x83\xc1\xac)\xfc=\x19\x98\xbc&1\x93\xfcK\
\xc8\xfcj\xd4\xac'\x1b\x9e%\xe1_\x07Ko\xa7j\
:+_\xa97\x914bE\x8c\x90\xac\xc4\x0e\x9d{\
\x0a\xa9\xe0\xff\x00\x06\xdexk\xc4\x0e/%\xb6\x98\x86\
\xc013g\x8d\xc3\xb8\x1e\xb9\xfc+\xde\xd7B\x09,\
r,\x83z\x90I\xdb\xcf\xe0iu=\x11n\xe7I\
\x95`\xf3\x02\x85%\x93\x93\x8e\xf9\xa3\x98\x5c\xa7\x80k\
\x1f\x0e\xaf\xf4\x8f\x16=\xfb^\xdb\xbd\xbc\xce\xf3.\xdc\
\x87\x01\xcbpF\x08\xf5\xef\xf9v\xf4\x9f\x12x6\xcf\
\xc5\xde\x0f\x88M\x1c\x8dwk\xb9\xe1pv\xb0\xc9\xf9\
\x80\xed\xce\x07\x1e\xd5\xdej\x1aR^YE\x13\xacE\
\xe39\x05\x97#\xbdO\xa5\xda5\x9d\xbf\x96\xc5O\xb2\
\xf4\x14s\x0e\xc7\xca\x17_\x0d\xaf\xe3\xb9h\xe3\xbc\xb7\
\x08?\xe7\xb0da\xf8\x00k\xd4>\x10h\xf2\xe8\xf8\
\xb7\x9f\xcb\x91\xd4\xe0\x98\xd8\x90\x7f\xd6\x1e\xf8\xf5\xfd+\
\xd4\xf5\x0d\x06\xde\xe4\x96U@z\xedu\xdc?\xfa\xd5\
\x05\x96\x82m\xae\x16E[u\x03\xae\xc1\x83\xfc\xa8r\
\xba\x12\x8d\x8e\x82\x8a(\xa8((\xa2\x8a\x00(\xa2\x8a\
\x00(\xa2\x8a\x00(\xa2\x8a\x00(\xa2\x8a\x00(\xa2\x8a\
\x00(\xa2\x8a\x00(\xa2\x8a\x00(\xa2\x8a\x00(\xa2\x8a\
\x00(\xa2\x8a\x00(\xa2\x8a\x00(\xa2\x8a\x00\xe7u[\
1\x0d\xc6\xf4\x5c+T\x10+#\x06\x1c\x11\x83],\
\xf1,\xd1\x95a\x9fJ\xc4d(\xdb[\x8cq@\x1b\
\xa8\xdb\x91Xw\x19\xa7U{\x16&\xd9\x01\xed\xc5X\
\xa0\x0a\xda\x85\xca\xd9\xd9M;\x9c*)5\xe3\x90H\
\xd7\x97\x17\x17\xd3\x12d\xb8r\xc3\xd9{\x0a\xec\xfe%\
_\x93\x0c:dLC\xccr\xf8\xec\xbd\xeb\x93E\x1b\
T'\x0a\xa3\x8cS@bk\xb6\xcd{weh\x83\
\x96\x93-\x8e\xc3\xbdu\xf6\x00@\xd0\x85\x18T#\x03\
\xe9L\xf0\x8e\x99\xf6\xd5\xd5u\x09\x13\x22!\xe5\xc4}\
\xfa\x9f\xd2\xa6\x8dH,\x00<u\xa6\x07K\xaf\xe8>\
ak\x9b1\xc9\xe5\x93\xfc+\x94edb\x18\x10G\
\x06\xbd:\x07\x1fg\x88\xb1\x1c\xa0\xeb\xf4\xac\xcdgD\
\x8a\xf9L\x91a&\xf5\xeci\x01\xc2\xa3\xb4o\xbe&\
!\x87 \x8e\xd5\xd8h^ Y\x82\xc1xB\xcb\xd0\
?f\xfa\xfb\xd7#}g5\xa4\xcd\x1c\xcaF\x0f\x5c\
TJ\xfe\x9c\xd0\x07\xabQX\x1e\x15\xd5\x0d\xdc\x06\xde\
v\xcc\xd1\x8e\x09\xfe%\xad\xfa@\x14QE\x00\x14Q\
E\x00\x14QE\x00\x14QE\x00\x15\x0d\xdd\xcc6\x90\
4\xd7\x0e\x125\xeaM-\xcc\xf1\xdbB\xd2\xca\xc1Q\
FI5\xe6\xde\x22\xd6$\xd5.H\x0cE\xba}\xd5\
\xfe\xb4\xc0\xbd\xacx\xc6\xe2b\xd1\xe9\xe8b@H\xde\
z\x9a\xc1{\xcb\xab\x93\xbai\x9d\xfa\xf1\x9e)\x90\xc1\
,\xd2\x04\x85\x1aGn\x8a\xa0\x93]\x1e\x95\xe1K\xb9\
T\x1b\xad\xb6\xeb\x9c\xe0\xf2\xdf\x95\x00`\xa9b~S\
\xf9\xd4\xf1\x99s\xf2\x97\xdd\x8e\xd5\xddY\xf8j\xc2\x01\
\x99\x15\xa6o\xf6\xcf\x1f\x90\xadHl\xed\xe1\xff\x00U\
\x0ck\xf4Z.\x07\x9f\xdb\xae\xa4p!\xfbA$v\
\xcdk\xd9\x9dq\x08?9\x1e\x8e+\xaf\x03\x03\x02\x96\
\x80)i\xd2]\xba\x7f\xa5\xc6\x14\xfbU\xda(\xa4\x01\
E\x14P\x01E\x14P\x01E\x14P\x01E\x14P\x01\
Hz\x1aZC\xd0\xd02\x13HE8\xd2\x11@\xc4\
\x14\xbd\xe9@\xa3\x1c\xd0\x03{\xd2\x8a0sF\x0eh\
\x00\xa2\x9c\x05\x18\xa0\x06b\x8e\x86\x9cG4P\x02w\
\xa3\xb5\x00sN\x03\xd6\x80\x18\x07\x14\xb8\xe2\x97\x14b\
\x80\x1b\x8a)\xd8\xe2\x93\x14\x00\x94Q\xda\x94\x8e3@\
\x0d\xa0\xf4\xa5\xc6\x05\x14\x00\xd208\xa4n\x94\xe3\xd2\
\x86\x19\xa0\x06\xe3\x8a\x08\xa5\x22\x94\xd0\x03\x08\xe4QO\
\x22\x9a}i\x00\xd3F){sHE1\x89\xf4\xa4\
=i\xf4\x98\xe6\x90\x0d\xefH\x074\xfcd\xfbRz\
\xe2\x80\x10\x8cR\x023\x8aZ\x5c\x0cS\x01V\xad\xa7\
\xdd\x15P\x0a\xb7\x1f\xdc\x1fJ\x04\xc7QE\x14\x12\x14\
QE\x00\x14QE\x00\x14QE\x00\x14QE\x00\x14\
QE\x00\x14Q^/\xf1+\xe2\xee\xa5\xe1O\x17]\
h\xf6zm\x9c\xd1@\x91\x9f2Vm\xccYCv\
#\xd7\x14\xd2\xb87c\xda(\xaf\x9e-\x7fh\x1dF\
6\xff\x00M\xd0md\x1dq\x1c\xed\x19\xc7\xe2\x1a\xbd\
S\xe1\xf7\xc4-+\xc6\xb0\xb8\xb4Im\xaf#\xc7\x99\
o(\xce3\x93\xc3\x0e\x0fC\xe8x\xe9M\xc5\xa1)\
&vtQEH\xc2\x8ad\xb2\xc7\x0ce\xe6u\x8d\
\x07Vc\x80?\x1ar\xb0e\x0c\xa4\x10y\x04\x1e\xb4\
\x00\xb4QQ\x99\xa2\x13\x08\x8c\x88%#!\x0b\x0d\xc4\
z\xe2\x80$\xa2\x8a\xf1\xaf\xda#\xc5\xfa\x96\x87m\xa7\
izE\xc4\xb6\x8fv\x1eYg\x89\xb6\xbe\xd1\xc0P\
G#$\x92H\xf4\x1e\xf4\xd2\xb87c\xd9h\xaf\x93\
<\x08\xde.}B\xc7R\xb6\xd4/\xe4\xb2Y\x83\xcc\
\x82\xf5\x86\xf5\x07\x95a\x9f\xe2\xc6;\xe3 \xf4\xc5}\
S\xa6\xdc}\xa6\xc6\x19rY\x8a\x0d\xc4\x8cd\xe3\xae\
)\xb8\xd8I\xdc\xb5E\x14\x84\xe0d\x9e*F-\x14\
Q@\x05\x15Y/\xec\xe4\xb96\xf1\xdd\xdb\xb4\xe3\xac\
k ,?\x0c\xe6\xac\xd0\x01E\x15\xf3u\xcf\xc5\x0f\
\x15\x8f\x88\x93\xe9cT\x86\x1b\x01\xa9=\xb0Sj\x8c\
\x15\x04\x85Gm\xc7\x8f|\xd3J\xe2n\xc7\xd24W\
\x87\xfc[\xf1\xff\x00\x8a\xb4m[K_\x0f\x81\x16\x9f\
=\xba\xc8%[q \x9aBN\xe5\xc9\x07\x18\xc0\xe0\
s\xdf\xbdz\xdf\x86u/\xed]\x1a\xda\xe9\x99\x1aG\
_\x9bgN\xa4g\xf4\xeb\xd2\x8b\x0d;\x9a\xb4U;\
\xedN\xc3O\xc7\xdb\xefmms\xd3\xce\x95S?\x99\
\xab0\xcb\x1c\xd1,\x90\xba\xc9\x1b\x0c\xab!\xc8#\xd8\
\xd2\x01\xf4UMKQ\xb1\xd3-\xfc\xfdJ\xf2\xde\xd2\
\x0c\xe3\xcc\x9eU\x8ds\xe9\x92k\x0a\xdb\xc7\xfe\x13\xb9\
\x9c\xc5\x17\x88t\xdd\xe0\xe3\xe7\x98 ?Bp\x0d;\
\x05\xce\xa2\x8a\x8e\x09\xa2\xb8\x89e\x82D\x96&\x19W\
F\x0c\x0f\xd0\x8a\x92\x90\x05\x14Q@\x05\x14Q@\x05\
\x14Q@\x05\x14Q@\x05\x14Q@\x05\x14Q@\x05\
\x14Q@\x05\x14Q@\x05S\xbe\x83z\x97Q\xf3U\
\xca(\x02\xa6\x9c\x08\x89\x81\xf5\xabD\xe0\x12z\x0eh\
\x00\x0e\x83\x15\xcax\x9b\xc4\x0a\x96\xd3[\xdb\x02\x1c\x92\
\xac\xf9\xe8=\xa8\x03\x88\xd6nM\xfe\xbdyt\xcd\xc0\
o->\x83\xad#\xb7\x95m&\x07$q\xf8\x8a\xa4\
\xab\xb5\x860z\xe7\xde\xb4l\x227w\xf6v\xbbs\
\xe6J\xa0\xfd\x07&\xa8G\xa2xGN\x16>\x1d\xb7\
\x81\xd7\x0d\x22\xef\x90\x1fV\xacMf\xd1,\xee\x9c \
\xc0pEv\xc0`\x00:W7\xe2\xb8\x1eV\x8c@\
\x86IO\xf0\xad!\x91\xf8\x90I\xff\x00\x08\xf5\xa4\xf1\
\xbb.\xc5]\xd8=\x88\xa8<#\xe2\x111\x16wr\
e\xfa#\x9e\xf5\xa9yn\xf2xQ\xa3\x94~\xf0@\
\x09\x1e\x84\x0a\xf2\xe8\xa40\xdc$\x91\xe7z\xf4\xa0\x0f\
c\xbf\xb0\xb7\xbe\x8fd\xe8\x0f\xa1\xee+\x8e\xd6<;\
5\xa12@\x0c\x91{\x0eEt\x1e\x17\xd5\x97R\xb3\
\x01\xc8\xf3\x90s\xefZW\xb7Ik\x16\xe7\x8eI=\
\x90f\x80<\xda\xd6im.\x16X\xd8\xab\xa9\xcdz\
6\x95z\x97\xf6i2\xe07F_C\x5c\xc6\xa7{\
\xa4\xdc\xe4\xcbkq\x13\xff\x00y@\x1f\xd6\xa1\xd1u\
+m>\xef+p\xc6\x07\xe1\x95\x93\x07\xf4\xa0\x0e\xe6\
\x8a\xcd\x87\x5c\xd3\xe5 \x0b\x95Rzo\x05\x7f\x9dh\
#\xab\xa8(\xc1\x81\xee\x0ei\x00\xea(\xa2\x80\x0a(\
\xa2\x80\x0aC\xc7&\x96\xa1\xba\x8d\xa5\xb7x\xd1\xb6\x96\
\x18\xdd\xe9@\x1cG\x8b\xb5f\xbc\xb96v\xacJ/\
\x07\x1f\xc4h\xd1<+<\xf8\x92\xff\x000\xc7\x8f\xbb\
\xfcM\xfe\x15\xd4\xe9\x9a%\xa5\x81.\xa9\xbec\xc9v\
\xe4\xe6\xb5)\x81V\xc6\xc2\xda\xc60\xb6\xd1*q\x82\
q\xc9\xfa\x9a\xb5E\x14\x80(\xa2\x8a\x00(\xa2\x8a\x00\
(\xa2\x8a\x00(\xa2\x8a\x00(\xa2\x8a\x00(\xa2\x8a\x00\
(\xa2\x8a\x00)\x0fCKHzP22)\x08\xe2\
\x9ci\x08\xa40\x14\xb4QL\x04\xefK\xde\x8cQH\
\x02\x8a1E\x00\x1d\xe99\xcfJZ)\x80\x80sK\
E\x14\x00\x98\xa3\x1dih\xa0\x04\xedGjZ(\x01\
\xa4qGj^\xd4c\x02\x90\x08G\x14\x87\x81N\xed\
HE0\x1b\xda\x83\x9cR\xe3\x8a\x0fA@\x09\x8a\x0d\
\x06\x86\x1d(\x01\x0f\x14\x1e\xd4w\xa0\x8a@\x0c\xb9\xa6\
\x1e)\xe4\xd3O&\x80\x10u\xa5\xefA\x1c\xd1\xde\x98\
\x08E&9\xa5\xeai\x0d\x03\x00;\xd3M(\xe2\x97\
\x22\x80\x14\x0a\xb4\x9fpUU\xabk\xf7E\x02b\xd1\
E\x14\x12\x14QE\x00\x14QE\x00\x14QE\x00\x14\
QE\x00\x14QE\x00\x15\xf2_\xc7\xdf\xf9*:\xa7\
\xfb\x90\xff\x00\xe8\xa5\xaf\xad+\xe4\xbf\x8f\xbf\xf2Tu\
O\xf7!\xff\x00\xd1KW\x0d\xc9\x9e\xc3u\x0dWD\
\x93\xc0imq$w\x1a\x90\x8e4\x88*e\xd0\x84\
A\xf7\xbb\x01\x82=\xf1\xf8\xd5o\x83\xf7\x97:\x7f\x8c\
 \xb9\x86Y\xa3\x84\x15YJ.C\x02\xc3\x83\xf8\x06\
\xfc\x8dI\xe1\xbf\x03A\xaa[Cs-\xfb\x08\xd9U\
\x88D\xcfU\x04\x8e\xbcc8\xfc+\xd2\xfc5\xe1K\
m=\xd0YB\xc9\x18\x03t\x8d\xd5\x8f\xaf\xf9\xe6\xad\
\xb4JL\xf3?\x88\xfe!\xd5\x93\xe2\x16\xb0\xf6z\x9d\
\xfcJ\xb7\x07\xcbT\x9d\xd7h\xc0\xc0\x03<}+\xd0\
~\x09\xdcj\x1aT\xba\x8e\xa3\xaf\x8b\xe72\xa3\xbc\x92\
\xcd1l*\xe3%\x81=xo\xca\xbc\xcf\xc5\x89\xb3\
\xe2\x85\xd2H\x1c\xe2\xfd\x01\x03\xefu_\xd6\xbd\xa6\xd7\
@\x97T\xf0\x8d\xcd\xbd\xb9\x94\xcdsdc\x5c\x1c\x00\
Y8\xfe\x9cR{\x0dnx\xac\xb7\x9a\xff\x00\xc4-\
nAy\x7f4\xa3quI\x1c\x98\xe2\x04\xf0\x15G\
\x03\xf4\xe9W\xfc-\xabk~\x08\xf1\x94\x1acjs\
C\x00\x95VH\xe3r\xd0\xb6\xe1\xc1\xda\xdcc\x91\x93\
\x80z\xd5/\x86Z\x8d\xb6\x9f\xae\x11}8\xb7\x8d\xc8\
\xcb1\xc08\xc8\xc1\xfc\xe9\xfe?\xb9\xb5\xd6\xbe \x15\
\xd3\xa5\x8akl\xc5\x08\x963\xf2\xbe\x00\xdcs\xf5$\
g\xda\xab\xc8\x9f3\xdc>8x\xc6}#\xc16R\
\xe8wr[\xdc\xea3\x05IS\xe5q\x18RX\x8e\
\xe0\xe7h\xfck\xc1`\xf0\xd6\xb1\xaaiS\xeb\xcdt\
^D\x06fi]\x8c\x8c\x00\xceCw=\xff\x00\xaf\
j\xec>-\xdb\x5cO\xe0\xbf\x0d\xdd\xc8\x5cGh\xef\
m\xb0\x9c\x85\xdc\xa0\xaf\xd3\xfdY\x1f\x95?\xc2\x1e!\
\xd2\xad\xbc\x0fz.\xef!\x17\x11\xdb2\xa4\x120\xcb\
6\xcd\xa1@\xef\x92*R\xb2\x1b\xd5\x9d\x17\xc0_\x17\
\xea\x1a\x8cW\xda^\xa7\xa9\xdc\x5c\xca\x17\x16\xe2s\xbc\
\x82G\xcb\x86<\xf6n\xbct\xaf\x1c\xf1m\x8e\xbf\xa7\
\xea\x02\x0f\x13\x8b\xc1t\xb9\xdb\xf6\x99L\x87\x1e\xc7'\
\x8f\xa5t_\x07c\x96?\x12-\xe4 \xef\x8c\x84R\
\x0e\x08\xces\xfe\x1f\x8dt\xdf\xb4\xaaFu\xad\x12\xe1\
G\xcf=\xab\x17>\xa4\x10)\xad\x18n\x8eK\xe1\xcc\
\x1a\x97\xf6\xd5\x94\xaf\xf6\xb3\xa7n\xf9\x82\xb1\xd8G\x1c\
\x1c\x1e8\xfe\x95?\xc4\xedWT\xd3\xbc{\xa8\xc1m\
\xa8^\xdb\xa4>V\xc4I\xd8\x04\xfd\xda\x1e\x008\xef\
]\xd7\xc2K\x15\xd44(\x95\x8e\xe6\x5c\x05\xf2\xce\x0f\
\xdd\x15\xe7\xdf\x15#t\xf8\xa1\xa8\xc78vo2\x00\
\xc0\xf5?\xbbJ7a\xd0\xeb>\x18j\x9a\xb6\x86\x9a\
\xbf\x885\x94\xbf\xba\x94@\xd2#O;\x1d\xc1\x11\xf2\
\xac\x09\xc9\xc9)\x8fM\xa7\xd7\x9e\x15\xee\xf5\xaf\x1cj\
\x93\xcd\xaaj\xe0\xb1 \x9f\xb4M\xb5\x06s\x80\xab\xd0\
\x01\x8e\xdf\xcf\xaf\xb1\x7f`\xcb\xabx\x16\xf2;_9\
\xeee\xb4%\x01\xceKm\xc8\xcf\xd7\x8f\xc4\xd7\x83h\
z|\x1a\x8d\xc1\x8a\xe2\xf6+O\xee\xb4\x9c\x03\xf8\xd0\
\x81\x9dg\x81\xfcM\xabx/\xc5\xf1Z\x1b\xc7\x9e\xd7\
\xcc\x10\xc9\x14r\xf9\x910=\x0a\x8e\x9d\xc7\xbe3\xd0\
\xf4\xf5\x9f\x8e\x91\xf8\x8bW\xd0t\xb9<9,\xad\xa3\
\xdc\x0c\xdc\xa4_+\x12pT\xb7r\xbdx\x1d\xfa\x8e\
\x95\xe1s\xe9\xban\x99\xa9\xda*\xea\xc9t\xfb\xc1&\
\xddC*\x9c\xf1\x96\xce:\xfdk\xd0>$\xf8\xe2\xee\
\xd7\xc2\x9ao\x87lfpg\x89f\x9app\xc6.\
\x8a\xa3\xb8\x07\x04\x9flv4\x9a\xd4\x13\xd0\xf3\x8d_\
E\xb8\xd0\x1e)Z\xfe\xd0\xdc\xab\xfd\xc8&\xcc\xb1\x9e\
\xc4\x8e\xa3\xf9\xd7\xd3\xdf\x0a<[\xfd\xbb\xe0\xa5\xbd\xd4\
\x9cG-\xaa\x9f:F}\xd9U\x1c\xb9'\xdc7\x1d\
\x86:\xf5\xaf\x99\xaft[+M\x08\xdd\xc9\xa9A%\
\xe3cd\x08\xe1\x8be\x80'\x8e\xd8\xcf&\xbb\x9f\x85\
f\xe2\xe7\xc1\xbe$\xb0\xb1\x125\xc5\xcd\x9c\xb1*\x8c\
\xf2J>\x00\xfa\xf4\xa7%t\x11veo\x19\xfcS\
\xf1\x1f\x8a5Y\xac\xf4\x1b\x89l\xb4\xe2\xe4C\x1d\xb1\
\xd9,\x8a:\x16~\xa0\x9f@@\xe7\x1c\xd7\x05\xa7\x09\
\xff\x00\xe1%\x81n\x81{\x9f\xb5\x01 \x98\xe4\xb3\xee\
\xe7vz\xf3\xd6\xb4\xfe\x1f\xea\x96\xdaN\xba\x1e\xf9\xd6\
(\x5c\x04gd\xdd\xb7\x90\x7f\x9e\x0f\xe1U$h\xe6\
\xf1\xac\x8f\x16\xd9\xe2{\xf6+\xb4\x82\x1c\x19\x0fN\xdc\
\xd3J\xc2\xdc\xeb\xfe)\xf8\x93Y\x8bQ\xd3\xac\xe1\xd4\
n\x22\xb5K(\x5cE\x13\x95M\xdc\xf2@\xeazU\
\x9f\x88\xba\x8d\xcc\x9e\x05\xd1\x00\xba\x91\xb3p\xe5\x8a\x9d\
\xbb\x8e\x08\x07\xaf<W?\xf1\x5cc^\xb1\xe0\x0f\xf4\
\x08z\x7f\xc0\xabO\xc7\xec\xe7\xc1\x1a `\x14\x0b\x89\
0\xa0\xf4\xeb\x9aAs\x94\x1e\x1e\xbd\x9b\xc3\xd2k~\
do\x02\x80\xcc\x0b\x12\xd8.S\xf9\x8f\xca\xbdk\xf6\
l\xd7\xa4\x8d\xef4\x87\x8f0\x97\xde$\xc8\xea\xc3\x85\
\xc7\xfc\x05\x8f\xe2}\xab\x93\xd0\xa3\x0d\xf0\xbbU&%\
\x18\x83;\xbb\x9f\xde\xbf?\xa6?\x0a\x8b\xe0\xc3m\xd6\
\xa59|\x86S\x80\x0e\x0e\x15\xfa\xff\x00\x9fZ\x1e\xa8\
kr\x8f\x8c5\x9dG\xe2\x07\x8e&Cr\xcdn&\
x\xed#o\xbb\x1c`\xf1\x81\xea@\x19?\xd0q\xcd\
j:L\x9a~\xba\xfae\xcc\xb1\xab\xa4\x8b\x1bI\xce\
\xd0\x0e>o\xa6\x0ek\xa7\xf8\xb5\xa1\xda\xf8k\xc6s\
\x0d&\xe9\x02L<\xf1\x0a9\xdfl[\xf8N:z\
\x8fb?\x1e\x7fH\x13\xeb:\xfc\x0dys\xbe\x5c\x82\
^V\xc9m\xb8\xc0\xf7\xed\xf8f\x9a\x17S\xea\x7f\x85\
\x0e\x22\xf0\xc5\xa5\xa2\xacAc\x8d@)!l\xe1T\
w\xe7\xa6\x0f\xa6s\x8a\xed\xeb\x88\xf8{h\x12\xce#\
\xf2\xe5\x14/\x1c\x1c\x0cc\xfc\xfb\xd7oX\xbd\xcdP\
QE\x14\x80(\xa2\x8a\x00(\xa2\x8a\x00(\xa2\x8a\x00\
(\xa2\x8a\x00(\xa2\x8a\x00(\xa2\x8a\x00(\xa2\x8a\x00\
(\xa2\x92\x80)k7\xc9\xa7i\xd2\xdc9\x19\x03\x0a\
=X\xf4\xaf1\xb8c!\xcb\x1eI\xc9\xf7\xad_\x16\
j\xbf\xdaZ\x8f\x95\x0bf\xda\xd8\xe3\x8f\xe2oZ\xc4\
\x7f\x98`p\xd9\xc84\xc0\x8f\xca\xc8\xe3\x8e}+\xa5\
\xf0%\x97\x9b\xaa\x1b\x97\x04\x88\x10\xe0\x9fS\xc5s\x96\
r\xfd\xabP\x8e\xca\x12%\xb8r\x00\x09\xd1G|\xd7\
\xa7\xda[\xdb\xe8Zkd\xf09c\xdd\x8d\x00Z\xd4\
.\xc5\xba\xaa\xa0\xdd3\xf0\xabKelaR\xf2\x9d\
\xd3?,\x7f\xa5S\xd2bk\x99\x0d\xfd\xc0;\x9f\xee\
)\xfe\x11\x5c\xee\xa3\xac^\xc3\xabHRb\x166*\
\x13\xb1\xfa\x8a@v\xb3 \x92'C\xd1\x81\x15\xe3z\
\x8cF\x1b\xd7F\x04a\x88\xc6+\xd64\x8dN\x1dF\
\x00\xc8@\x94}\xf4\xcf \xff\x00\x85p\x1e:\xb4\xfb\
6\xaa\xf2\x01\x85\x93\xe6\x18\x14\xc0\xa5\xe1\xfdI\xec.\
\xd2e8\x0ap\xcb\xea+\xd5m\xe5\x8a\xee\xda9c\
\xc3F\xe3\x22\xbcR\x0c\x07\xc8\xef^\x81\xe0+\xf2V\
[\x19\x0fO\xdeG\xfdE\x0c\x0e\x82\xf7I\xb7\xbaR\
\x19\x06k\x9d\xd4|4\xca\x09\x83\xf2\xae\xce\x92\x90\x1e\
]=\x95\xc5\xbb\x11\x220\x03\xf2\xa6G,\xd1\x1c\xc7\
4\x91\xe0\xe7\xe5b+\xd3\xe6\xb7\x8ae+\x22)\x07\
\xda\xb1\xef|9o.LD\xa3zS\x03\x9e\xb4\xf1\
\x1e\xa3o\xb43\x89\xd3\xd2A\xcf\xe6+\xa1\xd3<K\
ivU'\x06\xdeS\xc6\x1b\x95\xfc\xeb\x06\xf3@\xb9\
\xb7\xe4.\xf5\x1d\xc5fIl\xd1\xb6\x18\x10~\x94\x01\
\xe9\xc0\x82\x01\x04\x10{\x8aZ\xe1tm^\xe6\xc4*\
\x1c\xcbo\xfd\xc2y\x1fC]}\x85\xfc\x17\xb1\xee\x85\
\xfen\xeaz\x8a\x00\xb7E\x14R\x00\xa2\x8a(\x00\xa2\
\x8a(\x00\xa2\x8a(\x00\xa2\x8a(\x00\xa2\x8a(\x00\xa2\
\x8a(\x00\xa2\x8a(\x00\xa2\x8a(\x00\xa2\x8a(\x00\xa2\
\x8a(\x0229\xa2\x9cE%\x22\x84\xc5--\x14\xc0\
n)i{\xd1H\x04\xa0\x8eih\xa0\x04\xefE-\
\x14\xc0oz_Z;\xd2\xd2\x01\xb8\xa3\xbd;\x14\x80\
S\x01)\x0fJp\xa3\xb5 \x13\x14\x1a^\xd4\x1a`\
!\xa44\xb4\xb4\x00\xdaF\x14\xea:\xd2\x0221A\
\xa7\x91\xc5&(\x01\x0a\xf7\xa0\x8au!\xa6\x03\x08\xa4\
#\xa5>\x90\xd0\x03\x08\xe6\x8csN\xa3\x194\x00\xdc\
{\xd2S\x8fZJ\x06&8\xa4\xa54P\x02\x802\
*\xd0\xaa\xf1\x0c\xb8\xab4\x12\xc2\x8a(\xa0AE\x14\
P\x01E\x14P\x01E\x14P\x01E\x14P\x01E\x14\
P\x01^\x07\xf1\xaf\xe1\xd5\xfe\xa5\xe2iu\xdb[\xcb\
Q\x0d\xca\xa2\x98\xe4\xdc\x19J\xa8^\xc0\xe78\xf6\xaf\
|\xaa\xda\x85\xaa^ZI\x0c\x8a\x8c\x18q\xb9r3\
M;\x03W<\xb3\xe1\x86\x96\xf1X\xa5\x9d\xc4\xb1\x17\
\x8dB\xe5G\xa2\xa2\x8e\xbe\xc2\xbd&\xdbG\x86&\x0c\
\xecd>\x84qU\xf4\xad\x19\xacg\xde\xa2\x05\x5c`\
\x84\x18\xef\xf4\xf6\xad\xba\x1b\x04\x8f\x9d\xfe\x22\xfc:\xbe\
\x87\xc7r\xebQ^[\xb5\xb5\xc4\xe2\xe4!\xdc\xae\xb8\
#\x8e\x84v\xeb^\xc1\xe0\x14\xf2\xf4\x88\x94\x96%Q\
FO\xb2\xadm\xea\xb61\xdf\xda\x98\x9d#c\x9c\x82\
\xeb\x9cTzE\x83X\xc6\xca\xc50O\x01:v\xa6\
\xdd\xd0\x92\xb1\xe1\x7f\x13\xbe\x14A\x0e\xa9-\xe6\x8c\xf2\
\xc1\x15\xc12\x14q\xbe5by\x00\xf5\x03\xf3\xac\xcf\
\x0dx\x0a\xda\xc8\x8b\x99fk\x9b\xa0\x08\x0a\xa3\xe5\xe5\
pG?S_H\xdeZ\xc7w\x16\xc9s\x80r\x08\
\xea+!<>\xa9.U\xd4!\xee\x17\x06\x9f6\x82\
\xe5G>\x9e\x12\xb2\xf1\x17\x85\xee4\xcdN6\xf2\xa4\
\xc1VF\xda\xc8\xea8a\xf9\xe7\xf3\xaf\x0f\xbf\xf8_\
5\xae\xa6\xd0\xbd\xd9\x8e\x10H>ja\x87\xe28?\
Z\xfa\x9e\xd2\xd9-\xa3\xd9\x1e~\xa7\xfc\xfb\xd5=G\
H\x86\xf1\x99\xc9\xc3\x9eNFA\xfc(R\xb0\xdcn\
y\x07\x84|-m\xa3\xca\x91\xda\x07\x919fv\x1d\
\xce\x01\xe7\xf0\x07\xf0\xad\x0f\x8c\xfe\x01\xbc\xf1\x15\xa6\x9d\
\x7feuo\x17\xd8\xa31<sg\x90H\xe4\x10\x0f\
\xe5^\x95g\xa2\xa4L\xad#\x83\xb4\xe4\x05\x1cV\xab\
D\x8d\x09\x89\x94\x14#n\x08\xc8\xc5.`\xb6\x96<\
\x8b\xe0\xf6\x9f.\x96\xa9m3\xc2\xce\xbdYs\xcf\xca\
\x07\xf4\xac\x0f\x8b\xbf\x0f/\xae\xbck.\xbd\x0d\xe5\xbf\
\xd9\xee\xd9\x1c\xc6\xdb\x95\xd3b\xa2\x91\xc0 \xf4\xcfj\
\xf6-;D\xfb\x1d\xca\xc8\x82\x00\xa3\xfb\xab\x82\x7fJ\
\xd3\xd4\xac\xd2\xf6\xd1\xe1\x91Q\xb3\xd3z\xe4\x0a9\xb5\
\xb8[C\x98\xf8q\x19\x8fJDr\xc5\x95T\x12z\
p+\xca\xfe$\xfc&\xb6\x83U\x96\xe7Gi\xad\xe1\
\x9f2\x05#z+\x1e\xa3\xd4\x0f\xce\xbd\xcbG\xd3\x9a\
\xc00>XS\xd0'J\xb7yk\x1d\xdca%\xce\
\x01\xc8#\xa8\xa1J\xcc-s\xe6/\x0e\xfc=\xfb-\
\xdc77w\xd1\xbc\x88C\x22\xc4\x0f\x0c\x0f\xbdv~\
/\xf8{\x0f\x88\xf4(.\xe2\x99\xe2\xd4,\xd3fv\
d\x18\xb1\x9c\x11\x9e\xc7<\xfb\x9a\xf5&\xf0\xea\x89w\
F\xd1\xe0\xf2INkV\xce\xc9-\xa11\xfd\xed\xc3\
\xe6\xf7\xf5\xa6\xe4.S\xe5]?\xe1\xb4\xb33%\xc5\
\xfa+\x10v\x98\xd4\x9c\x1e\xd9\x07\x19\xae\xff\x00\xe1V\
\x83'\x87\xf5\x1f\xb3\xcbt&R\xe0\xe5\x14\x81\x92@\
>\xf5\xea\xf2\xf8y<\xe2\xf0\x98\xc0'\xf8\x97\x9f\xce\
\xa4\x8fC\x11\xcf\x1c\xa9 \xdc\xa41\xf9y\xcf\xd6\x87\
+\x82\x89\xe3\x9f\x14~\x16\xc1&\xa9.\xa3\xa5n\xb6\
[\xa2e`\x06\xe8\xf7\x93\x96\xe3\xa8\xe4\xe7\x8e9\xe9\
\x5c\x1e\x9f\xe0\x1dB\xda\xf2\x0b\x89.l\xdd#\x91X\
\xa0w\x04\x80s\xfd\xda\xfa\xce{h\xee \x11L7\
\x01\xdcq\x83XS\xf8f&\x90\xb4k\x03g\xbb\xa0\
\xcf\xf2\xa1L\x1cO\x14\xf1\xd7\xc3\xfb\xddf+=^\
\xd2\xea\xde8\xd2\x14\xb6h\xe5\xdd\x9c\xa8-\x90F}\
zU\x9dG\xc0\xf7^!\xf0|6\xf6\xb3\xdb\xdb\xcd\
b\xc6R\x1b%\x18\x1c\xe4\x02\x06F>\x95\xee\x16z\
P\x8a\xc6kiV\x22\xae\x08\x00\x0c\x81\x91\xe9L\xd2\
t\x8f\xb0\xcc\xcd\xb6\x1d\x84c\x081\xfd(\xe6\x1f)\
\xe2^\x15\xf0}\xc4\xbe\x1b\xbe\xd0\x9ehR\xe2d1\
y\xa9\x96\x5c\xeev\x07\x07\x1fO\xc2\xaax+\xc2w\
\xbe\x17\xd6'[\xb9\xe2\x95\xb2x\x80\x92\x09Ua\xdd\
G\xa9\xff\x00==\xd14%\x8a\xf9\xa7\x85`U,\
[\x85\xday\xfa\x0a\x93T\xd1\x96\xee\xec\x5cF\xb0\xab\
\xe3\x04\xb2\xf3\xf5\xcd\x1c\xc1\xca|uk<\x1a\xbf\x88\
&\xba\xf1\x0d\xdb\xc6's$\x92\x10[,OC\x8e\
@\xeb\xf9b\x99\xe2\x05\xd3 \xd4U\xb4\x19\xe4x\x00\
\x07,\x08*\xd9\xecN\x0f\xa5{g\xc4\xbf\x85Vr\
\xeaM\xa8Xy\xd05\xd1/ \x88\x06@\xfd\xce\xdf\
~\xbc\x1fZ\xe6\xf4_\x87v\x10:\xc94\xd3\xdcL\
\xa7!v`g\xdcsV\xa4\x88\xe5g\xb1\xfc(\xba\
{\xef\x0cA<\xcaR|mu=\x8f\xff\x00[\xa5\
v\xd5\xc4x\x0a\xcd\xec\x07\x97\xb4\xaa\x95\xfb\xa3\xa0\xe9\
\xda\xbbz\xc9\xeeh\x82\x8a(\xa4\x01E\x14P\x01E\
\x14P\x01E\x14P\x01E\x14P\x01E\x14P\x01E\
\x14P\x01E\x14P\x01\x5c\xf7\x8c\xf5_\xec\xfd4\xc3\
\x0b\x7f\xa5\x5c\x02\xa8=\x07s[\x973\xc7mo$\
\xd30X\xe3\x1b\x98\xfbW\x95\xeb\x17\xef\xa8_5\xd4\
\xb9,\xc7\x08\xbf\xdc^\xc2\x9a\x02\x90\xc4ch\xe4\x9e\
\xfdsX\x9a\x8e\xa54\xf7\x8bcf\x8c\xd2\x12\x01+\
\xc9'\xd2\xafjW\x02\xd6\xd6I\x0f\xde\xc6\x05t\x7f\
\x09\xfc8p\xda\xcd\xf2\xe5\xc9>H#\xf3o\xe9\xf9\
\xd3\x11\xd2x\x1f\xc2\xb1hV\xa2\xe2\xe7\x0f~\xe3,\
\xff\x00\xdc\x07\xb0\xab\x17\x05\xb5\xadT@\xa4\xfd\x92\x03\
\x97>\xa6\xae\xf8\x8e\xf8\xda\xda\x08\xe2\x19\x9aS\xb5@\
\xab:=\x90\xb2\xb2T\xc7\xef\x1b\xe6s\xefHe\xd5\
\x01T*\x80\x00\x18\x00v\xaf9\xd7\xc8]f\xe5A\
\xf9w\xd7\xa3W\x98kS\x095;\x97O\xbad<\
\xfa\xd0\x02Z\xddIg8\x9a\x17!\xd4\xf1\xefZ~\
 \xbc\x87Z\xd2\x92u\x01nb\xe1\xd0\xfa\x1e\xe3\xda\
\xb0U\xb8\xa4e!X)!\xb9 \x8a\x04e\x1f\x90\
\xf4\xe7\xda\xb5t\x1dE\xac\xb5\x1by\xf9\xc2\xb7\xcd\xfe\
\xe9\xe0\xfe\x95\x8c[|\xce\xae\xbbd\x1f{\xdf\xde\xac\
[\xe5x\xe0\x81L\x0flV\x0e\xa1\x94\xe5H\xc84\
\xea\xc9\xf0\xbd\xc9\xba\xd1`,r\xd1\x8f,\x9f\xa7O\
\xd3\x15\xadR0\xa2\x8a(\x005V\xe2\xc6\xde\xe0\x1f\
20O\xadZ\xa2\x800\xae|?\x11\x04\xc0\xdbO\
\xa1\xac\x99l.\xecfY\x100*xe\xae\xce\x90\
\x80F\x08\xc8\xa6\x06^\x95\xaa\x8b\x9cGp\x02M\xd8\
\xf6j\xd5\xaaSi\xd0Jwm\xda}EX\x826\
\x89v\x97,;f\x90\x12\xd1E\x14\x00QE\x14\x00\
QE\x14\x00QE\x14\x00QE\x14\x00QE\x14\x00\
QE\x14\x00QE\x14\x00QE\x14\x00QE\x14\x00\
\x86\x9ai\xd4\x94\x0c\x05\x14QH\x02\x8a(\xa0\x02\x8a\
(\xa0\x02\x8aZ(\x01(4Q@\x07j(\x14P\
\x01A\xa2\x8a\x00AA\x14\xb4P1\xb8\xa54\xbd\xa9\
\x0fJ`%\x14\xbd\xa84\x00\x94\x94\xb8\xa2\x80\x0ai\
\x1c\xd3\xa8\xa4\x03q\xcd!\xa7\x1aB=(\x011H\
E/JC\x9c\xd3\x01\xa4sA\xebK\xde\x8cR\x01\
1H9\xa7R\x0eh\x02XG$\xd4\xb4\xd8\xc6\x16\
\x9dLAE\x14P \xa2\x8a(\x00\xa2\x8a(\x00\xa2\
\x8a(\x00\xa2\x8a(\x00\xa2\x8a(\x00\xa2\x8a(\x00\xa2\
\x8a(\x00\xa2\x8a(\x00\xa2\x8a(\x00\xa2\x8a(\x00\xa2\
\x8a(\x00\xa2\x8a(\x00\xa2\x8a(\x00\xa2\x8a(\x00\xa2\
\x8a(\x00\xa2\x8a(\x00\xa2\x8a(\x00\xa2\x8a(\x02\x1b\
\x9bx\xeeb1\xca2\xbdx\xea+4\xe8q\xef\xc8\
\x99\xb6\xfa\x11\xcf\xe7[\x14S\x02\xb5\xa5\x9cV\xab\x88\
\xc7'\xb9\xab4QH\x02\x8a(\xa0\x02\x8a(\xa0\x02\
\x8a(\xa0\x02\x8a(\xa0\x02\x8a(\xa0\x02\x8a(\xa0\x02\
\x8a(\xa0\x02\x8a(\xa0\x0e\x17\xc6z\xd7\x9d3X\xdb\
6b\x8c\xfe\xf4\x8f\xe2o\xee\xfd\x05r@\x979b\
y\xebD\x8cs\x82I\x1e\xe7\x9a\xa7\xa8]\x0b{A\
\xb7\x1b\xdc`\x0a\xa4\x22\xd6\x8f\xa67\x88\xb5\xf8\xadW\
&\xd2#\xbeR;\x01\xfdM{$1\xc7mn\xb1\
\xc4\xa1\x22\x8dp\x00\xe8\x00\xaew\xe1\xfe\x8ct\x9d\x11\
^a\xfe\x93r|\xd98\xe8;\x0f\xf3\xebZ~\x22\
\xbb\xfb&\x9a\xe4}\xf6\xe0\x0aLf}\x87\xfcM5\
\xd9gq\xba\x0bs\x85\xcfM\xdf\xe7\xf9WIXZ\
7\xfa-\x94V\xd0({\x86\x1b\xe4=\x97>\xb5\xb5\
\x12\x95@\x19\x8b7ri\x01\x0e\xa18\xb6\xb1\x9eV\
8\x0a\x84\xd7\x95\x5ce\x9c\xb1\xeek\xd0\xbc_.\xcd\
+\xcb\x1f\xf2\xd1\x80\xfc\x075\xe7\xf2t\xc0\xe4\x0fZ\
h\x19^\x06`\xe0\xe75w\x19\x00\xfbUo\xbaG\
\x7fJ\xb1\x14\x83h\xe4zb\x98\x8c\xfdJ\xdc\x96\x12\
E\xf7\xc7O\x7fj\xad\x04\x91\xb1c\xd1\xba\x15=\xab\
Z\xe6=\xc8\xc3>\xe2\xb0u\x00\xf0\xbf\xdab\x04\x91\
\xfe\xb1}h\x03\xd2<\x01p\x7f\xd2m\x8fB\x04\x83\
\xf9\x1f\xe9]\x8dy7\x875\xd7\xb2\xb8\x8eh\xa3G\
WR\xbf1\xed\xfeEw\x9aw\x89l\xae\xb6\xac\xc4\
\xdb\xc8x\xc3}\xdf\xce\x90\xcd\xda)\x01\x04\x02\x0eA\
\xefKH\x02\x8a(\xa0\x02\x8a(\xa0\x02\x8a(\xa0\x02\
\x8a(\xa0\x02\x8a(\xa0\x02\x8a(\xa0\x02\x8a(\xa0\x02\
\x8a(\xa0\x02\x8a(\xa0\x02\x8a(\xa0\x02\x8a(\xa0\x02\
\x8a(\xa0\x02\x8a(\xa0\x02\x92\x96\x90\xd00\xa4\xa5\xa2\
\x90\x09KF(\xc5\x00\x14QE\x00\x14Ph\xefL\
\x02\x8a)i\x00\xdaZ;\xd1L\x04\xa2\x96\x8a\x00J\
)i)\x00PzQE\x00%/j(\xa0\x044\
\x86\x9dHzP1(4\xa6\x83L\x04\xa0\xd1E \
\x13\xbd!\xa54\x86\x80\x18~\x94\xb4\xad\xd6\x93\xbd0\
\x12\x88\x86M;\x19&\xa4\x8dp)\x00\xfa(\xa2\x99\
!E\x14P\x01E\x14P\x01E\x14P\x01E\x14P\
\x01E\x14P\x01E\x14P\x01E\x14P\x01E\x14P\
\x01E\x14P\x01E\x14P\x01E\x14P\x01E\x14P\
\x01E\x14P\x01E\x14P\x01E\x14P\x01E\x14P\
\x01E\x14P\x01E\x14P\x01E\x14P\x01E\x14P\
\x01E\x14P\x01E\x14P\x01E\x14P\x01E\x14P\
\x01E\x14P\x01E\x14P\x01E\x14P\x01E\x14P\
\x01E\x14P\x07\x8a\xef<\xc8\xdc(\x19=\x85K\xe0\
\x9d1\xfcA\xe21<\xcb\x9b\x1bS\xb8\xe7\xa3\x1e\xc3\
\xfc\xfaV~\xa7$\x92\x98\xec\xed\x81ie t\xaf\
[\xf0\x96\x8d\x1e\x87\xa3Cl\xa3\xf7\x84n\x91\xbdZ\
\xa8F\xcfJ\xe3\xbcG;\xea\xda\xc5\xb6\x99bs\xb4\
\xee\x95\xc7E\x03\xadij\x9a\x94\xb7s\x9b\x0d3\x97\
<<\x83\xa2\xd5\xed+N\x8a\xc0\xec\x8ce\xf1\x97s\
\xd4\x9aC-YZGi\x08H\xc7=\xcfrj\xc5\
\x14R\x03\x96\xf1\xac\x9cA\x18=\x01j\xe3\x0fR{\
\x9a\xea<d\xc5\xaf\x80\x1d\x94\x0a\xe6\x1c\x85\xc9b\x02\
\xf74\xc0\x9a;Id\xd3\xde\xec\x03\xb5_a\xaa\x91\
\xb3+c\x1dk\xaa\xd0u\x1d9t3o!\x92C\
31!P\xfd;\xfd+\x9d\xd5-\xda\xder\xaa\x8d\
\xea\xb9\x1d\xa8\x01\xbb\x89#=*9bF-\x95\xce\
G4\xd8\xdaY!\x5cmG\x1dE\x02\x06\xf3K4\
\xacA\xfe\x1e\xc2\x98\x8c\x8d8}\x92\xf6\xe2\x09YU\
\x14\x89c9\xe83\xc8\xfc\xabFK\xfbT\xc8\xfbD\
_\x83\x03X\xfe,\xb1V\x8dnpr\x87\xe6\xc7q\
Si\xba]\xa5\xba\x87X\xf7\xc7 \x07\x04\xe7\x14\x01\
\xd1i>/]7\xe5K\x914\x03\xacd\x13\xf9z\
Wec\xe3=&\xf2 \xd1I&\xef\xe2M\x87+\
^|\xf6\x10E\x82 A\x9eA#\xadIl>\xcf\
*\xcb\x00Tpr\x18\x0e\x94\x86z\x1f\xfc%\x16?\
\xdc\xb9\xff\x00\xbf\x7f\xfdzF\xf1M\x98\xfb\xb0]0\
\xf5\x08?\xc6\xaah^$\xb7\xb9\xdb\x0d\xfa$St\
\x12m\x01[\xeb\xe9]8T\xc6B\xae=\x85\x00a\
\x0f\x14\xda`f\xde\xeb\xfe\xf8\x1f\xe3K\xff\x00\x09E\
\x9ey\x82\xe8\x0f]\x83\xfckwb\xff\x00t~T\
l_\xee\xaf\xe5H\x0cd\xf1-\x83u\x13\xaf\xd6:\
\x95|A\xa7\xb7\xfc\xb5a\xf5CZf(\xcfX\xd3\
\xf2\x14\xc3m\x01\xeb\x0cg\xfe\x02(\x02\xacz\xce\x9f\
'K\xa8\xc7\xfb\xc7\x1f\xce\xad\xc5q\x0c\xa31K\x1b\
\x8f\xf6X\x1a\x85\xb4\xeb6\xebm\x17\xfd\xf3Q\x9d&\
\xc8\x8e \x0b\xf48\xa0\x0b\xf4V\x7f\xf6\x5cK\xfe\xae\
I\x93\xe8\xe6\xa5\x8e\xdah\xfe\xed\xd3\x91\xe8\xe0\x1a\x00\
\xb7EUaw\xdaHq\xf49\xaa\xf2Y\xbc\xb9\xfb\
D\xb30=\x91\xb0?*\x00\xb95\xcc0\x0c\xcd*\
'\xd4\xd5V\xd5\xed\x07\xddvs\xfe\xc2\x93N\x83M\
\xb4P\x08\x87'\xfd\xbe\xb5ib\x8d>\xea(\xfa\x0a\
\x00\xccmh\x12DV\x97/\xff\x00\x01\xc5\x1f\xda\x97\
m\xf7t\xd9\xbf\x13\xff\x00\xd6\xadaK@\x19i\x7f\
xG:t\x83\xfe\x05\xff\x00\xd6\xa9\xe3\xbdb@\x96\
\xd6x\xff\x00\x0c\x8a\xbbE\x00F\x92\xa3\xf0\x18g\xd0\
\xd4\x95^\xf6\xd8]@\xd1\x96d\xcfu\xeb\x5c\x85\xe2\
j:l\xa5L\xb3\xec\xfe\x16\x0cq@\x1d\xbd\x15\xc6\
[\xf8\x86\xf2!\x89v\xca?\xda\x1c\xfeb\xb6\xec\xb5\
\xfbK\x8d\xab)0\xb9\xec\xdd?:`lQH0\
FG\x22\x96\x90\x05\x14Q@\x05\x14Q@\x09\x8aZ\
(\xa0bR\xd1E \x0aCKE0\x12\x8e\xf4\xb4\
R\x01)h\xa2\x98\x09\xde\x8aZ)\x00\x94R\xd1@\
\x09IKE\x00%\x14\xb4P\x02QKI@\x05\x14\
Ph\x00\xa44\xb4\x1a\x00m\x06\x83E1\x88h#\
\xa6)h\xa4\x03H\xe6\x8csN\xc74\x1a\x00\x14s\
\xc5>\x91F\x05:\x98\x82\x8a(\xa0AE\x14P\x01\
E\x14P\x01E\x14P\x01E\x14P\x01E\x14P\x01\
E\x14P\x01E\x14P\x01E\x14P\x01E\x14P\x01\
E\x14P\x01E\x14P\x01E\x14P\x01E\x14P\x01\
E\x14P\x01E\x14P\x01E\x14P\x01I\x9ak8\
\x15\x1394\x011`)\xbe`\xa8I4\x94\x01)\
\x90\xd3\x0b\x1fZm\x14\x00\xe0\xc7\xd6\x97\xcc4\xdaJ\
\x00\x98?\xad85@\x0d(4\x01`\x1aZ\x89Z\
\x9e\x0d\x00:\x8a(\xa0\x02\x8a(\xa0\x02\x8a(\xa0\x02\
\x8a(\xa0\x02\x8a(\xa0\x02\x8a(\xa0\x02\x8a(\xa0\x0f\
1\xf8e\xa3\x1b\xbb\xb7\xd6.\x94\xed_\x96\x10\xdf\xce\
\xba\xedsQ\x92I\xd7N\xb0\xf9\xa6\x93\x86a\xfc\x22\
\xa6\xba)\xa2h\xb1\xdb\xdb/*\xbb\x17\x1d\xcf\xadV\
\xd2\xd2\xdbG\xb67:\x8c\xcb\xf6\xa9~c\x9e[\xe8\
\x07Z`i\xe8\xfalzu\xb6\xc5\xe6F\xe5\xdb\xd4\
\xd5\xee\x01bx\xf7\xac6\xd6nn\xfe].\xd1\xdb\
?\xf2\xd2A\x81\xf9SF\x8f{z\xdb\xb5;\xc6+\
\xff\x00<\xe3\xe0P\x05\xfb\xcdb\xc6\xd4\xe1\xe7\x0c\xff\
\x00\xdd\x8f\xe6?\xa5Qmf\xf2\xe8\x85\xd3lX\xe7\
\xf8\xe5\xe9\xfe\x7f\x1a\xd0\xb4\xd2l\xedG\xee\xe1R}\
[\x9a\xbc\x00Q\xc0\xc0\x14\x80\xf3\xadUoe\xbd\x9f\
\xed\xf2.\xfc\x80\x02\x0e\x05g%\x98\x91\xc4\x5c\xb6[\
\x18\xad\x9dQ\xfc\xcb\xc9\x9c\xf2Y\xc9\xa9<7hn\
5Tr>H\xbec\xfd)\x81\xd6\xe9\xdau\xb5\x8d\
\xacP\xc5\x0ck\xb1@\xce\xdej\x87\x89\xb4\xc1ym\
\xe6\xc6?{\x18\xfc\xc5nR\x1e\x94\x80\xf2S\x1f\x96\
\xe7#\x18=)\xeaF\xd0\x07J\xdf\xf1^\x93\xf6y\
\xcc\xf1\x0f\xdd\xbf$\x0e\xc6\xb9\xb8\xc1F \xd3\x10\x97\
\xb6\xe2\xe2\xdaH\x8f\xf1\x02*\x96\x9c\x8f\x15\x8cI/\
,\x99C\xef\x83Z\xa3\xee\x9eG\xad-\xad\x99\xbc\xd3\
\xaf|\xbf\xf5\xb6\xce$\xe3\xba\x9e\xbf\xca\x98\x1a\x9e\x1d\
kk\xe5\xfe\xcf\xbd\x00\xe7\xfdS\xf7\x07\xd2\xa4\xd5<\
5sm\x97\x80\xf9\xb1\x03\x9c\x01\xc8\xaen\xd9\xccr\
\x02\xa5\x83\x0eA\xcfz\xf4\xdf\x0f\xeaCR\xb0Vl\
y\xc9\xf2\xc8=\xfd\x7f\x1aC<\xdah\x8cl\x14\xa9\
\x04\x1e\x84V\xc7\x87\xbcE6\x9cR\x1b\x9d\xd2[\x13\
\xd0\xf2S\xe9\xfe\x15\xd9\xeaZ=\xad\xfa\xfe\xf1\x02\xbf\
f^\x0dq\xba\xb7\x86\xeel\xc1\x92?\xde\xc6=:\
\xd0\x07}kq\x15\xd4\x0b5\xbb\xab\xc6\xdd\x0855\
y~\x8b\xaa\xdc\xe97\x04\xa6Z&?<Lx?\
\xe0k\xd2,/\x22\xbe\xb5I\xe0l\xa3\x0e\x9d\xc1\xf4\
4\x01b\x8a(\xa4\x01E\x14P\x01E\x14P\x03Y\
U\x86\x18\x02=\xea\x07\xb3\x8c\xf2\x85\xd0\xff\x00\xb2\xc4\
U\x9a(\x02\x93At\x9f\xeanw{H\xb9\xfdj\
&\xbc\xb9\xb7\xff\x00\x8f\xabm\xca?\x8e#\x9f\xd2\xb4\
\xa9(\x02\x0b[\xc8.G\xeed\x04\xf7S\xc1\x1f\x85\
X\xaawZ|\x17\x07q]\x92vt\xe0\x8al&\
\xe6\xdc\xed\x9c\xf9\xd1vp>a\xf5\x14\x01z\x8aA\
\xd2\x96\x80\x0ad\xb1\xa4\xa8RE\x0c\xa7\xb1\x14\xfa(\
\x03\x9d\xbf\xd0FY\xedz\x1f\xe15\x8fqc$|\
:\x90EwT\xc9\x22IW\x12(a\xefL\x0eG\
K\xd4nl0\x9f\xeb!\xee\x84\xf4\xfaWSgw\
\x15\xdc[\xe2o\xa8=ER\xb8\xd1\xe2s\xba\x22T\
\xfav\xaaB\xd2\xe2\xceP\xe8\x0a\x91\xdc\x1e\x0d\x00t\
TUk;\x9f=>a\xb5\xc7QVi\x00QE\
\x14\x00QE\x14\x00QE\x14\x0c(\xa2\x8a\x04\x14Q\
E\x00\x14QE\x03\x0a(\xa2\x81\x05\x14Q@\xc2\x8a\
(\xa0\x02\x92\x96\x8a\x00J(\xa2\x90\x09E/jJ\
\x00(\xa2\x8a\x00CA\x14\xb4\x1a\x00oJ\x5cPE\
\x07\x8ac\x03@\x194\xb8\xcd:\x81\x05\x14Q@\x82\
\x8a(\xa0\x02\x8a(\xa0\x02\x8a(\xa0\x02\x8a(\xa0\x02\
\x8a(\xa0\x02\x8a(\xa0\x02\x8a(\xa0\x02\x8a(\xa0\x02\
\x8a(\xa0\x02\x8a(\xa0\x02\x8a(\xa0\x02\x8a(\xa0\x02\
\x8a(\xa0\x02\x8a(\xa0\x02\x8a(\xa0\x02\x8ak0\x15\
\x13I\x9e\x94\x01+8\x15\x13HOJ\x8c\x92h\xa0\
\x05\xcei(\xa2\x80\x0a(\xa2\x80\x0a)i(\x00\xa2\
\x8a(\x00\xa2\x8a(\x01A\xa7+S(\xcd\x00N\xad\
O\x06\xab\x83OW\xa0\x09\xa8\xa6\x83N\xa0\x02\x8a(\
\xa0\x02\x8a(\xa0\x02\x8a(\xa0\x02\x8a(\xa0\x02\x8a(\
\xa0\x0ejX5-^d\x91\xd5m _\xba?\x8b\
\xebW\xec\xf4+H\x1b|\xa0\xcf)\xea\xd2\x1c\xd6\xb5\
\x14\x00\xd5P\xaa\x02\x80\x00\xec)\xd4Q@\x056S\
\x88\xdc\xfb\x1auGrqo!\xff\x00d\xd0\x07\x07\
z\xbf\xbdn\xb9'\xa5u~\x1c\xb2\xfb%\x82\x96\x18\
\x92O\x98\xff\x00J\xcb\xd3\xec\xbe\xd5~\x0b\x8f\x923\
\xb8\xfb\xd7Q\xd2\x98\x0bE\x14R\x02\x1b\xbbt\xba\x81\
\xa2\x90d\x11\xf9W\x9c\xea\xf6\x0fct\xc9\x22\xfc\xb9\
\xe0\xd7\xa6V?\x88\xd2\xcd\xed\x82\xddH\xb1\xb98B\
z\x93L\x0f=\x07\x9a\xd7\xf0\x8e#\xd6\xe4\x8d\xf9\x8e\
x\xb6\x91\xeb\x8a\xa7u\x01\xb6\x98\xc6\xe3\x91\xc6*\xc6\
\x96\xdeV\xa7k \xc8\xc3`\xfe4\x08\xa3\xe2\x0d;\
\xfb3R\x91\x01!\x0f)\xf4\xab\x1e\x19\xd5\x1a\xc2\xf9\
\x1f\xfeX\xb1\xd9 \xf6\xf5\xfc+\xae\xf1~\x95\xfd\xa1\
\xa7\x97\x8c~\xfa/\x98c\xb8\xaf4\x8eF\x86B\xa4\
\x1c\xe7\x06\x81\x9e\xd2\xa42\x82\xa4\x10FA\xa0\x80F\
\x08\xe2\xb9\xff\x00\x06\xea&\xee\xc0\xc1#fHx\x1e\
\xeb\xda\xba\x1a@cj\xda\x05\xad\xf0.\x8a\x22\x9f\xb3\
\x0a\xe5\xe0:\x8f\x86\xefr\xe8\xcd\x03\x1c6>\xeb\x0f\
\xf1\xafA\xa6K\x1aJ\x85$P\xcaz\x82)\x81\x15\
\x8d\xd4w\x96\xc94'(\xc3\xf2\xab\x15Z\xce\xce\x1b\
0\xc2\xddv#s\xb4t\xab4\x80(\xa2\x8a\x00(\
\xa2\x8a\x00(\xa2\x8a\x00(\xa2\x8a\x00(\xa2\x8a\x00(\
\xa2\x8a\x00(\xa2\x8a\x00(\xa2\x8a\x00)\x0f#\x9aZ\
(\x02\x01m\x18\x93z\x82\x0f\xb1\xa9\xe8\xa2\x80\x0a(\
\xa2\x80\x0a(\xa2\x80\x0a(\xa2\x80\x0a(\xa2\x80\x0a(\
\xa2\x80\x0a(\xa2\x80\x0a(\xa2\x80\x12\x96\x8a(\x18Q\
E\x14\x08(\xa2\x8a\x00))i)\x0c))h\xed\
@\x05%-\x14\xc0JCKE \x03GZ1\x9a\
Z`\x14\xb4Q@\x82\x8a(\xa0\x02\x8a(\xa0\x02\x8a\
(\xa0\x02\x8a(\xa0\x02\x8a)\xac\xc0P\x03\xa9\x09\x15\
\x0bIM,h\x02b\xe2\x8d\xf5\x06h\xcd\x00N\x1a\
\x94\x1a\x83u(j\x00\x9f4\xb5\x08zxj\x00}\
\x14\x99\xa34\x00\xb4QE\x00\x14QE\x00\x14QE\
\x00\x14QI@\x0bE4\xb0\x15\x1394\x01)`\
*6\x90\x9e\x95\x194\x94\x00\xa4\x93IE\x14\x00Q\
E\x14\x00QE\x14\x00QE\x14\x00QE\x14\x00Q\
E\x14\x00QE\x14\x00QE\x14\x00R\xe6\x92\x8a\x00\
\x91[\x15*\xb6EV\xa7+b\x80,\xd1Q\xab\x03\
O\x06\x80\x16\x8a(\xa0\x02\x8a(\xa0\x02\x8a(\xa0\x02\
\x8a(\xa0\x02\x8a(\xa0\x02\x90\x9c\x02ij\xb6\xa30\
\xb7\xb1\x9eRp\x11\x09\xfd(\x03/H\xd5\xcd\xe6\xad\
un[(\xbfw\xdb\x15\xb1r\x85\xe0u^\xa4b\
\xbc\xd7\xc1\x97\x84\xf8\x862\xdcy\x84\x8f\xafZ\xf4\xfa\
l\x0a\xba}\xb8\xb7\x87\x04|\xccrj\xd5\x14R\x00\
\xa2\x8a(\x02\x0b\xcb\x98\xac\xedd\xb8\x9d\x82\xc7\x1a\xee\
$\xd7\x9a\xcd}&\xad\xac\x0b\x89I\xf9\x98,i\x9f\
\xba3\xc5_\xf1\xe6\xaf\xf6\xbb\xb1\xa6\xdb\xbf\xee\x22!\
\xa6 \xf5n\xcbU<#n.u\xc8\x01\xe4 \xf3\
\x1b\xf0\xe9\xfa\xd3\x03O\xc7\x96\xef\x0c\xd6\xd7\x11)\xc6\
\xdc0\x1d\xf1Y\x16S\x87(\xc0\xf7\x06\xbbO\x17\xdb\
\xf9\xda^\xf1\xd66\xcf\xe1\x5c\x0a\xc6\xe9*\xb4\x09\x9e\
r@\xfdh\x03\xd5\xa0a-\xba1\xe42\x8a\xf3\xef\
\x19\xe8\xbfd\xba\xfbLC\xf72\x1eq\xd8\xd7u\xa5\
n\xfb\x04;\xc6\x1bmK{k\x1d\xe5\xb3\xc32\xe5\
\x18b\x80<\xcb\xc2\xfa\x99\xb2\xd4\xe2wo\x93\xee6\
?\xba\x7f\xc2\xbdL\x10@ \xe4\x1eEyf\xad\xa5\
I\xa7\xdd\xbcg\xa09S\xea+\xbb\xf0\xa5\xf7\xdb4\
\xa4V9\x92\x1f\x91\xbf\xa1\xa0\x0d\x9a(\xa2\x90\x05\x14\
Q@\x05\x14Q@\x05\x14Q@\x05\x14Q@\x05\x14\
Q@\x05\x14Q@\x05\x14Q@\x05\x14Q@\x05\x14\
Q@\x05\x14Q@\x05\x14Q@\x05\x14Q@\x05\x14\
Q@\x05\x14Q@\x05\x14Q@\x05\x14Q@\x05\x14\
Q@\x05\x14Q@\x05\x14Q@\x05\x14Q@\x05\x14\
Q@\x05\x14Q@\xc4\xa5\xa2\x8a\x00N\xd4R\xd1H\
\x04\xa3\x14\xb4S\x00\xa2\x8a(\x10QE\x14\x00QE\
\x14\x00QE\x14\x00QE\x14\x00R\x13\x8aBqQ\
;\x93\xd2\x80\x1c\xef\xe9Q\x16\xcd&i(\x00\xa2\x8a\
(\x00\xa2\x8a(\x00\xa2\x8a(\x01sN\x0d\x8am\x14\
\x01 zr\xb5CJ\x0d\x00X\x06\x94T\x01\xaaE\
j\x00\x92\x8a@h\xa0\x05\xa4\xcd!lS\x19\xa8\x01\
\xe5\xaa6zil\xd3I\xa0\x05&\x9bE\x14\x00Q\
E\x14\x00QE\x14\x00QE\x14\x00QE\x14\x00Q\
E\x14\x00QE\x14\x00QE\x14\x00QE\x14\x00Q\
K\x9a(\x01(\xa2\x8a\x00(\xa2\x8a\x00PjEz\
\x8a\x96\x80,\x03N\xaa\xea\xe4T\xaa\xc0\xd0\x03\xe8\xa4\
\x06\x96\x80\x0a(\xa2\x80\x0a(\xa2\x80\x0a(\xa2\x80\x0a\
\xe7\xfcus\xf6o\x0e\xceA\xc1r\x10WA\x5cO\
\xc4\xe9H\xb0\xb6\x87<3\xe6\x9a\x03\x8c\xf0\xd4\xc6-\
f\xd1\xf3\x80%_\xe7^\xd3^\x17\xa6\x92\xba\x85\xb7\
\xfdtQ\xff\x00\x8f\x0a\xf71\xd2\x86\x08Z(\xa2\x90\
\x05ex\x97S]+I\x9e\xe3?\xbc\xc6\x10z\xb7\
j\xd5\xaf<\xf1\x9d\xe7\xdb\xb55\x85X\x98m\xf9 \
t-L\x0eb0\xe4\x96\x94\x96y\x0e\xe6>\xa4\xd7\
s\xf0\xf2\xc8\xad\xbd\xc5\xf3\x8ee;\x13\xe8?\xfa\xf5\
\xcbi\xb6-}w\x14\x089n\xa7\xd0w\xafS\xb1\
\xb6KKH\xe0\x88aPb\x80\x12\xfe/:\xceX\
\xf1\x9c\xa9\xaf3\x91Z\x09\x99@\xc3)\xafT<\xd7\
\x07\xe2k#m|\xce\x07\xc8\xdd(\x03\xa5\xf0\xc5\xef\
\xda\xf4\xd0\x18\xfc\xf1\x1d\x87\xfaV\xbdq^\x0d\xb8\x11\
_\xbc$\xfc\xb2\xaf\x1fQ\xfeMv\xb4\x01\x93\xe2\x1d\
8_Z\x16A\xfb\xd4\xe4W;\xe1{\x96\xb3\xd5\x0c\
2\xfc\xab/\xc8~\xbd\xab\xb8\xaeO\xc4\xbaq\x86a\
u\x008\xceN;\x1a\x00\xeb(\xaazU\xd7\xdb,\
\x22\x97\xf8\x88\xc3}j\xe5 \x0a(\xa2\x80\x0a(\xa2\
\x80\x0a(\xa2\x80\x0a(\xa2\x80\x0a(\xa2\x80\x0a(\xa2\
\x80\x0a(\xa2\x80\x0a(\xa2\x80\x0a(\xa2\x80\x0a(\xa2\
\x80\x0a(\xa2\x80\x0a(\xa2\x80\x0a(\xa2\x80\x0a(\xa2\
\x80\x0a(\xa2\x80\x0a(\xa2\x80\x0a(\xa2\x80\x0a(\xa2\
\x80\x0a(\xa2\x80\x0a(\xa2\x80\x0a(\xa2\x80\x0a(\xa2\
\x81\x85\x14Q@\x05\x14Q@\x82\x8a(\xa0\x02\x8a(\
\xa0\x02\x8a(\xa0\x02\x8a(\xa0\x02\x8a(\xa0\x02\x9a\xcd\
\x8a\x19\xb1P;d\xd0\x00\xeeI\xa6f\x96\x93\xbd\x00\
\x14QE\x00\x14QE\x00\x14QE\x00\x14\xb4\x94\xb4\
\x00RR\xd2P\x02\xd1E\x14\x00\x03J\x0d4\xd2\x13\
@\x13\x07\xa5/U\xf7R\x86\xa0\x09KSi\x01\xa5\
\xa0\x02\x92\x96\x83@\x09E\x14P\x01E\x14P\x01E\
\x14P\x01E\x14P\x01E\x14P\x01Ji(\xa0\x02\
\x8a)h\x01(\xa2\x96\x80\x12\x8a)h\x00\xa2\x8a(\
\x01)h\xa2\x80\x12\x8aZ1@\x09KE\x14\x00R\
\x8aJZ\x00z\xb7\xadH\x0ej\x0ap4\x015-\
F\xadO\x06\x80\x16\x8a(\xa0\x02\x8a(\xa0\x02\xb8\x0f\
\x89\xac\x0c\x96\x88}\x09\xae\xfe\xbc\xfb\xe2j\x13ql\
\xdd\xb6c\x1f\x8d4\x07'\xa1[\x9b\xadkO\x81?\
\x8au'\xd8\x03\x93\xfc\xab\xdbk\xcb\xfe\x1bY\x99\xf5\
\xf9nq\x98\xad\xa3\xc0?\xed7\x1f\xcb5\xea\x140\
AE\x14R\x02\x0b\xe9|\x9bI_\xd0W\x99\xdc\xfc\
\xd2\x96?y\x89f\xfa\x9a\xee|Kq\xe5\xdb\x08\xc1\
\xe5\xab\x97\xd2\xb4\xe7\xd4/\xd5\x0e|\xa59\x90\xfa\x0a\
`nx/M\x10Z\xb5\xdc\x89\x87\x97\x84\xcfe\xff\
\x00\xeb\xd7MMETED\x00*\x8c\x00;\x0au\
 \x0a\xcc\xd7\xac\x85\xe5\x93`e\xd4dV\x9d!\xe4\
`\xd0\x07\x9b\xd99\xb4\xbe\x86N\x9e[\x82q^\x90\
\xa42\x86S\x90FA\xae;\xc4:q\xb7\xb8i\x90\
~\xe9\xf9\xad\xef\x0e]}\xa3ME?~/\x90\xff\
\x00J`jTW\x10\xac\xf14n2\x18b\xa5\xa2\
\x90\x18z\x1coew5\xa3\x8f\x90\xfc\xc9[\x95\x0c\
\xd0\x87t\x90p\xe8x55\x00\x14QE\x00\x14Q\
E\x00\x14QE\x00\x14QE\x00\x14QE\x00\x14Q\
E\x00\x14QE\x00\x14QE\x00\x14QE\x00\x14Q\
E\x00\x14QE\x00\x14QE\x00\x14QE\x00\x14Q\
E\x00\x14QE\x00\x14QE\x00\x14QE\x00\x14Q\
E\x00\x14QE\x00\x14QE\x00\x14QE\x00\x14Q\
E\x00\x14QE\x00\x14QE\x00\x14QE\x00\x14Q\
E\x00\x14QE\x00\x14QE\x00\x14\xd6l\x0e\xb41\
\x03\xbdWv\xc9\xa0\x01\xd8\x93IIE\x00-\x14R\
P\x01KIE\x00-\x14Q@\x05'j(\xa0\x02\
\x96\x8a(\x00\xa2\x92\x8c\xd0\x01\x9a\x09\xa6\x9aJ\x00S\
Hh\xa2\x80\x12\x81F(\xa0\x07)\xc5H\x0dCN\
\x07\x14\x01%\x14\x8asN\xa0\x04\xa2\x96\x92\x80\x0a)\
i(\x00\xa2\x8a(\x004QF(\x00\xa2\x8a(\x00\
\xa2\x8a(\x00\xa2\x96\x8a\x00J)h\xa0\x04\xa2\x96\x8a\
\x00J)h\xa0\x04\xa2\x96\x8cP\x02R\xd1F(\x01\
(\xa5\xc5\x18\xa0\x02\x8a(\xa0\x05\xa2\x8a(\x01i\xca\
\xd8\xa6R\xd0\x04\xa0\xd1L\x14P\x04\xb4QE\x00\x15\
\xc1|N\x0f\x8bVU$\x0c\xe7\x15\xde\xd5+\xfd>\
+\xd9ai\x940\x8d\xb7`\xf7\xa6\x06W\x81t\xd3\
\xa7x~\x03\x22\xe2{\x8f\xdfI\xf8\xf4\x1f\x80\xc5t\
U\x9b\xabkzv\x91\x11{\xeb\xa8\xa2\xc0\xe1s\xc9\
\xfa\x0a\xe05\x8f\x8a\x0f4\xbff\xf0\xdd\x8bO3p\
$\x90\x12\x07\xe0(\xb5\xc0\xf5\x03\xc7ZZ\xf3M#\
D\xf1V\xafs\x15\xee\xb1\xa8\xbd\xb2\xab\x07X\xd4\xe3\
\xf4\x15\xe9X;q\x9eq\xd6\x809\x8dmM\xd6\xa1\
\xe5(\xc9\xe8\x05n\xe9\xb6iej\xb1\xa0\x1b\xba\xb1\
\xf54\xcbk\x11\x1d\xd4\x93\xb9\x0c\xe7\xa7\xb5^\xa0\x02\
\x8a(\xa4\x01E\x14P\x04\x17\x96\xe9s\x03F\xe3 \
\x8a\xe7\xb4_3N\xd5\xda\xd6@vK\xc0>\xe3\xa5\
u\x15\x1bD\x8c\xea\xec\x80\xb2\xf2\x0f\xa5\x00IE\x14\
P\x01E\x14P\x01E\x14P\x01E\x14P\x01E\x14\
P\x01E\x14P\x01E\x14P\x01E\x14P\x01E\x14\
P\x01E\x14P\x01E\x14P\x01E\x14P\x01E\x14\
P\x01E\x14P\x01E\x14P\x01E\x14P\x01E\x14\
P\x01E\x14P\x01E\x14P\x01E\x14P\x01E\x14\
P\x01E\x14P\x01E\x14P\x01E\x14P\x01E\x14\
P\x01E\x14P\x01E\x14P\x01E\x14P\x01E\x14\
P\x01Lg\x02\x92F\xc0\xa8\x09\xc9\xa0\x07;\x16\xa6\
QE\x00\x14QK@\x05\x14Q@\x05\x14Q@\x05\
\x14Q@\x05\x14R\x1a\x00(4\x94P\x01\x9a(\xa4\
\xa0\x00\xd2S\x8d\x18\xa0\x04\xa4\xa7Rb\x80\x12\x8cQ\
K@\x09E\x14P\x00\x0e*El\xd4tt\xa0\x09\
\xa8\xa6\xabS\xc5\x00%\x14\xb4\x94\x00QK\x8a(\x01\
(\xc5\x14P\x01E-\x14\x00\x98\xa2\x96\x8a\x00LR\
\xd1E\x00\x14QE\x00%\x14\xb4P\x02R\xd1E\x00\
\x14\x9d\xe9E\x14\x00\x94\xb4R\xe2\x80\x12\x8a1F(\
\x00\xa2\x8a(\x00\xa2\x96\x8a\x00(\xa2\x9a\xcc\x05\x008\
\x91EDNh\xa0\x0b\x94R\x13\x81\x93\x5c\xef\x89<\
Km\xa4\xc2\xd9u/\x8e\x06h\x03b\xfe\xfe\xde\xc6\
\x16\x92\xe2EP\xa3<\x9a\xf2\xdf\x17|Lti-\
\xf4\x9c\x03\xd0?S\xf8W!\xaf\xf8\x8fR\xf1\x1e\xa0\
m\xac\x84\x8edl*'z\xf4O\x01\xfc7\xb6\xd3\
\x16;\xedh-\xcd\xf3\x00\xc222\xb1\x9f\xeaj\xad\
m\xc4q\x9e\x1a\xf0N\xb7\xe2\x9b\xd3}\xab\xbc\xb0Z\
\xb9\xdd\xbeS\xf3?\xd0W\xb0x{\xc3\x1af\x85\x02\
\xa5\x95\xba\xef\x1dda\x965\xb4\x00\x00\x000\x05-\
&\xc7`\xa2\x8a)\x00QE\x14\x00QE\x14\x00Q\
E\x14\x00QE\x14\x00QEb\xd8x\x97O\xbd\xd7\
.t\x843G}\x06IIc*\x18\x03\xd5Oq\
\xfd)\x81\xb5E\x14R\x00\xa2\x8a(\x00\xa2\x8a(\x00\
\xa2\x8a(\x00\xa2\x8a(\x00\xa2\x8a(\x00\xa2\x8a(\x00\
\xa2\x8a(\x00\xa2\x8a(\x00\xa2\x8a(\x00\xa2\x8a(\x00\
\xa2\x8a(\x00\xa2\x8a(\x00\xa2\x8a(\x00\xa2\x8a(\x00\
\xa2\x8a(\x00\xa2\x8a(\x00\xa2\x8a(\x00\xa2\x8a(\x00\
\xa2\x8a(\x00\xa2\x8a(\x00\xa2\x8a(\x00\xa2\x8a(\x00\
\xa2\x8a(\x00\xa2\x8a(\x00\xa2\x8a(\x00\xa2\x8ak0\
\x14\x00\xa4\xe2\xa2y=)\x1d\xf3\xd2\xa3\xa0\x05$\x9e\
\xb4\x94Q@\x05\x14Q@\x05\x14Q@\x09KE\x14\
\x00QE\x14\x00QE%\x00\x14QE\x00%\x14\xb4\
P\x02P:R\xd1@\x05%-\x14\x00\x94R\xd1@\
\x09IN\xa4\xa0\x04\xa4\xa7RP\x02P)h\xa0\x00\
S\xd5\xa9\x94\xb4\x01(4\xb5\x108\xa9\x15\xb3@\x0b\
\x8a1KE\x006\x8aq\xa4\xa0\x04\xa3\xbd-\x14\x00\
QKE\x00%\x14\xb4P\x02QKE\x00%\x14\xb4\
P\x02b\x92\x9d\x8a1@\x09E-\x14\x00b\x8a)\
h\x01\xb4b\x96\x96\x80\x13\x14b\x97\x14b\x80\x12\x8a\
SQ;d\xe0P\x00\xcd\xc534\x1a(\x01(\xa5\
\x14P\x07#\xe3\x0f\x19Ed\xaf\x05\xa9\x0f/N\x0f\
J\xf2I\xe5\xbf\xf1\x0e\xa0\x90D\xaf,\xb26\x02\xaf\
9\xa7\xdb\xc1s\xab^\xacP\xabM<\xa7\x00\x0a\xf6\
\x9f\x04xN\x0f\x0f\xda,\x92\x01%\xf3\xaf\xce\xff\x00\
\xdd\xf6\x15[\x0br\x1f\x01x6\xdf\xc3\xb6\xc2i\x95\
^\xfd\xc7\xcc\xd8\xfb\x9e\xc2\xbb\x0a(\xa40\xa2\x8a)\
\x00QE\x14\x00QE\x14\x00QE\x14\x00QE\x14\
\x00QU\xb5)\xe7\xb6\xb0\x9ekKf\xba\x9d\x10\x94\
\x85X)s\xe9\x93\xd2\xb8\x1f\x10j\xbe1\xd0\xb4\xe1\
\xab\xde\xcd\xa6\x08\x03({5BJ\xe4\xf4\xdd\xdf\xeb\
\x9ai\x5c\x0fF$\x00I8\x03\xb9\xaf>\xf0dg\
^\xf1\x9e\xaf\xe2^~\xc8\x87\xec\xb6\xbf\xed\x80\x00-\
\xf9\x0f\xfc{\xda\xb4|i.\xb3\xabxB\x03\xe1\xdb\
r\xc6\xfa5iF\xf0\xae\x91\xb2\xe7\x038\xeb\x9c\x1f\
\xf3\x8c\x0f\x0eh\xbe&k(4y\xf5\xcb]% \
\x8fq\xb5\xb6\x0a\xd7\x1bI?3c\xa7'\xa84\xd6\
\xc2=*\xe6\xe6\x0bT\xdfs4P\xa7\xf7\xa4`\xa3\
\xf34\xf8e\x8eh\x96H]d\x8d\x86U\x94\xe4\x1f\
\xa1\xaf-\xf1~\x81\xa1h6\x0c\xb3\x0b\xad_]\xbb\
\x1e]\xb8\xb8\x99\x9d\xcb\x1e7`c\x81\xfc\xeb\xb4\xf0\
\x1e\x84\xde\x1e\xf0\xe4\x16r\x9c\xdc12\xcd\xce@s\
\xd8{\x0e\x07\xe1\x9aV\x19\xd0\xd1E\x14\x80(\xa2\x8a\
\x00(\xa2\x8a\x00(\xa2\x8a\x00(\xa2\x8a\x00(\xa2\x8a\
\x00(\xa2\x8a\x00(\xa2\x8a\x00(\xa2\x8a\x00(\xa2\x8a\
\x00(\xa2\x8a\x00(\xa2\x8a\x00(\xa2\x8a\x00(\xa2\x8a\
\x00(\xa2\x8a\x00(\xa2\x8a\x00(\xa2\x8a\x00(\xa2\x8a\
\x00(\xa2\x8a\x00(\xa2\x8a\x00(\xa2\x8a\x00(\xa2\x8a\
\x00(\xa2\x8a\x00(\xa2\x8a\x00(\xa2\x98\xcd\x8a\x00\x19\
\xb1P\xb1\xcd+\x1c\xd3h\x01(\xa2\x8a\x00(\xa2\x8a\
\x00(\xa2\x8a\x00(\xa2\x96\x80\x12\x8aZ(\x01(\xa5\
\xa2\x80\x12\x8a\x0d\x14\x00w\xa2\x8a(\x00\xa2\x8a(\x00\
\xa2\x8a(\x00\xa2\x8a(\x01(\xa54\x94\x00w\xa2\x96\
\x93\xb5\x00\x14\x94\xb4P\x01IKK@\x0d\xa2\x96\x8a\
\x00J\x01\xc5-\x14\x01\x22\xb5:\xa1\x15\x22\xb5\x00:\
\x8aQ\xd2\x96\x80\x13\x14R\xd1@\x09E-\x14\x00\x94\
R\xe2\x8a\x00LQ\x8a\x5cQ@\x09E.(\xa0\x04\
\xc5\x18\xa5\xa3\x1cP\x02Q\x8aZ(\x00\xa4\xa5\xa5\xc5\
\x00%\x14R\xd0\x02QJj'oJ\x00\x1d\xbb\x0a\
\x8c\xd1\x9a(\x011E-\x14\x00QE\x14\x01\x83\xe0\
\x7f\x0a\xc7\xa0Z\x09n1%\xfb\xaf\xcc\xdd\x90z\x0f\
\xf1\xae\xaa\x8a(\x00\xa2\x8a(\x00\xa2\x8a(\x00\xa2\x8a\
(\x00\xa2\x8a(\x00\xa2\x8a(\x00\xa2\x8a(\x03\x07Y\
\xf1\x1f\xf6]\xef\x90\xdaF\xafs\x1e\xd0\xc6{k\x7f\
1\x07\xe3\x9a\xe3<_\xab\xdbx\xd2\xfbF\xd0\xb4y\
ZH\xa5\x9b\xce\xba%J\x98\xd5r\x08 \xf7\x03w\
\xe3\x8a\xea\xfcM\xabk\x9akL\xbav\x8co\x92E\
\x02\xdeX\x9b;\x1f\xbf\x98\xbdq\xdf#\xf4\xaeV\xd3\
\xe1\xd5\xfd\xc5\x93\xea7\x9a\x9c\xd0x\x92W3\x09Q\
\xfeT?\xdd$\x7f1\xd3\xb6q\xcd+\x09\x9e\x9d\x1a\
,q\xaaF\xa1Q@P\x07`+\x86\xf1\x0f\xcd\xf1\
K\xc3klv\xce \x91\xa5#\xa9\x8f\x0d\x80}\xb8\
?\x9d_\xf0\xfe\xaf\xa9\xd8h7\xb3x\xbe\x11n\xf6\
<\x1b\x80F'^\xc4\x01\xdf\xb7\xbeEp\xf6\xb7~\
#\x83S>6\x1ax\xb9\xb4\xba\xdc\x86\x01\xcb\xc7\x06\
F1\xdct\xea=\xc9\xe0\xd0\x90\x5c\xf5t\xd2\xecS\
Q\x92\xfdma\xfbk\x80\x1ab\xb9|\x01\x8cg\xb7\
\xe1Wk\x1f\xc3\x9e#\xd3|Cj&\xd3\xa7\x05\xc0\
\xf9\xe1n$O\xa8\xfe\xbd+b\x90\xc2\x8a(\xa4\x01\
E\x14P\x01E\x14P\x01E\x14P\x01E\x14P\x01\
E\x14P\x01E\x14P\x01E\x14P\x01E\x14P\x01\
E\x14P\x01E\x14P\x01E\x14P\x01E\x14P\x01\
E\x14P\x01E\x14P\x01E\x14P\x01E\x14P\x01\
E\x14P\x01E\x14P\x01E\x14P\x01E\x14P\x01\
E\x14P\x01E\x14P\x01Hh&\xa3&\x80\x15\x9a\
\xa3&\x82sI@\x05%-%\x00\x14R\xd2P\x01\
E-\x14\x00\x94R\xd1@\x09F)h\xa0\x04\xa5\xa2\
\x81@\x05\x14\xb4P\x03M\x18\xa5\xa2\x80\x13\x14R\xd2\
P\x01F(\xa5\xa0\x04\xa2\x8a(\x00\xa4\xa5\xa2\x80\x12\
\x8a\x5cQ@\x09E\x14\xb4\x00\x94R\xd1@\x09\x8a)\
h\xa0\x04\xa2\x96\x8a\x00J)h\xa0\x06\xd2\x8aZ(\
\x01U\xbbT\x83\x9a\x8a\x9c\xad\x8a\x00\x96\x8a@r)\
h\x00\xa2\x8a(\x00\xa2\x8a(\x00\xa2\x8a(\x00\xa2\x8a\
(\x00\xa2\x8a(\x00\xa2\x97\x14P\x02QKE\x00%\
\x06\x94\x9cTN\xf9\xe9@\x03\xb78\x15\x19\xa0\xd1@\
\x09\x8aZ(\xa0\x02\x8a(\xa0\x02\x8a(\xa0\x0bu\x14\
\x97\x10\xc6q$\xa8\xa7\xdd\x80\xa9k\x93\xd6|?q\
qpe\xb7n\xe4\x91\xbb\xad\x00t\x12\xeaV\x91}\
\xe9\xd0\xfd\x0ej\xac\xbe!\xd3\xa3\xfb\xd3\x81\xf5\xae\x1b\
P\xd0\xb5\x08\x14\x9c>q\xd8\xd7\x1f\xa9\xdb\x5c\xac\x87\
\xcdY\x09\xf59\xaa\xb0\x5c\xf5\xf9<Y\xa6!\xff\x00\
\x5c\x87\xfe\x06*/\xf8L4\xe1\xd5\x87\xfd\xf6+\xc5\
\x88\xd9\xc3g\x1d)\x1f\x9cm=h\xb0\xae{\xcd\x97\
\x884\xdb\xb6\x0b\x15\xd4a\xfd\x0b\x0a\xd5\x040\x05H\
 \xf7\x15\xf3\x96X`\xa9\xc3\x0a\xe8<=\xe3\x1b\xfd\
)\xd5ZF\x9a\x0c\xe0\xa3\x9c\xf1\xed\xe9E\x82\xe7\xb7\
QY>\x1f\xd7l\xf5\xcbQ-\xab\xe1\xc7\xdf\x8d\xbe\
\xf2\xd6\xb5H\xc2\x8a(\xa0\x02\x8a(\xa0\x02\x91\x88U\
,s\x803\xc0\xcd-\x14\x01\xe5\xcf-\xd7\xc4}n\
8\xa3\x8e[\x7f\x0dY\xbe\xe9\x19\xbeS;\x0e\xdf_\
n\xc3\x9e\xa4\x0a\xf4\xe8\xa3HbH\xe2P\x91\xa2\x85\
UQ\x80\x00\xe8\x058\x00\x07\x03\x14\xb4\xdb\x03\x94\xd7\
\xfc\x11\xa7jw\x1fl\xb3i4\xddH\x1d\xcbsj\
v\x9c\xfa\x90:\xfe\x18>\xf5\x85.\xb5\xe2\xdf\x09\x9c\
kV\x89\xaci\xcb\xc7\xda\xa0\xe1\xd4\x7f\xb5\x81\xfc\xc7\
\xe3^\x91E\x17\x0b\x14\xf4\x8b\xf8\xb5M6\xde\xf6\x05\
\x91\x22\x99w*\xc8\xbbX}E\x5c\xa2\x8a@\x14Q\
E\x00\x14QE\x00\x14QE\x00\x14QE\x00\x14Q\
E\x00\x14QE\x00\x14QE\x00\x14QE\x00\x14Q\
E\x00\x14QE\x00\x14QE\x00\x14QE\x00\x14Q\
E\x00\x14QE\x00\x14QE\x00\x14QE\x00\x14Q\
E\x00\x14QE\x00\x14QE\x00\x14QE\x00\x14Q\
E\x00\x14\x8dKM~\xd4\x00\xd2i\x86\x94\x9aJ\x00\
J(\xa2\x80\x0aJZ(\x00\xa2\x8a(\x00\xa2\x96\x92\
\x80\x0a(\xc5\x06\x80\x0a(\xa2\x80\x0a(\xefE\x00\x14\
QGj\x00(\xa2\x8a\x00J)h4\x00\x94R\xd0\
(\x01(\xc5-\x06\x80\x12\x8aZ(\x01(\xa5\xa2\x80\
\x13\x14b\x96\x92\x80\x12\x96\x96\x8a\x00LQKE\x00\
%\x14\xb4P\x02b\x8cR\xd1@\x09\x8a)h\xa0\x04\
\xa2\x8aZ\x00\x01\xa7\x86\xa6Q@\x12\x8aZ\x8c\x1ax\
4\x00\xb4QE\x00\x14QE\x00\x14QE\x00\x14Q\
E\x00\x14QE\x00\x14\xd6lP\xcd\x8a\x8d\x8eM\x00\
\x05\x89\xa6\xd0h\xa0\x04\xa2\x96\x81@\x05\x14Q@\x09\
E-\x14\x00QE\x14\x01j\x8a(\xa0\x04 \x1e\xa0\
\x1a\xa9s\xa6\xda\x5c\x02%\x85N}\xaa\xe5\x14\x01\xcb\
_\xf86\xc6\xe0~\xedB\x9c\xe7\xa5sW\xfe\x01\x95\
\x010\x10\xc0s^\x9dE;\x81\xe1\xb7\xbe\x1c\xb9\xb6\
b]\x08=\xc9\x15\x91=\x8b\xc4}\x05}\x094\x11\
N\xa5eE`}E`j~\x12\xb2\xbb\xc9\x8cy\
l}:S\xb8\xacx\xee\x93}w\xa5^\xa5\xc5\xa3\
\x94u\xf7\xe0\x8fz\xf6\x8f\x0ax\x8e\x0dv\xd3#\x11\
] \xf9\xe2'\xf5\x1e\xd5\xc4\xea\xde\x09\xba\xb5\xcb\xc3\
\xb6D\x1f\xdd\xebX\xd6\x02\xefJ\xbe\x8at\x0d\x1c\x88\
z\xfa\xd0\xf5\x0d\x8fm\xa2\xa8h\xba\x82\xeav\x098\
\x1b[\xa3.z\x1a\xbfR0\xa2\x8a(\x00\xa2\xa3\xb8\
\x8b\xcf\xb7\x96-\xee\x9eb\x95\xdc\x87\x0c\xb9\x18\xc8=\
\x8dq\x9a\x17\xfc$\xba\x16\xbb\x16\x99\xa8y\xba\xb6\x93\
6DW\xb8\xcb\xc5\xc7\xf1\x9f\xf1\xfc\x0fj`v\xf5\
\x9d\xa3\xeb6\x1a\xcaL\xdau\xc0\x98B\xe69\x06\xd2\
\xa5[\xd0\x82\x05ex\xdf\x5c\x9fL\xb4\x86\xcbJ_\
7Y\xbeo.\xda1\xc9_W>\xc3\xdf\xf9\x03V\
<\x1b\xe1\xf4\xf0\xee\x92 2y\xd7r\xb7\x9bq1\
\xfe7=\x7f\x01\xff\x00\xd7\xefE\x80\xde\xa2\xab]\xdf\
ZY\xe3\xedwPA\x9e\x9el\x81\x7f\x9d:\xd2\xf2\
\xda\xf1\x0b\xda\x5cC:\x0e\xad\x13\x86\x03\xf2\xa4\x04\xf4\
QE\x00\x14QE\x00\x14QE\x00\x14QE\x00\x14\
QE\x00\x14QE\x00\x14QE\x00\x14QE\x00\x14\
QE\x00\x14QE\x00\x14QE\x00\x14QE\x00\x14\
QE\x00\x14QE\x00\x14QE\x00\x14QE\x00\x14\
QE\x00\x14QE\x00\x14QE\x00\x14QE\x00\x14\
QE\x00\x14QE\x00\x14\xc9;S\xe9\x92v\xa0\x06\
\x1aLR\xd1@\x09E-\x14\x00\x94R\xe2\x8a\x00J\
(\xa5\xc5\x00%\x14\xb8\xa4\xa0\x02\x8aZ1@\x09E\
\x14\xb4\x00\x94R\xd1@\x09E-\x18\xa0\x04\xa2\x8cQ\
@\x05!\xa5\xa2\x80\x13\x14\xb4Q@\x05\x14P(\x01\
(\xa5\x22\x8cP\x02R\xf7\xa2\x8cP\x01IKE\x00\
%\x14\xb4P\x02R\xd1\x8a(\x01)h\xa2\x80\x10\xd2\
\xd1E\x00\x14\x98\xa5\xa2\x80\x13\x14R\xd2P\x02\xd1E\
\x14\x00R\x8aJ(\x01\xe0\xd3\xaa:Ph\x01\xf4\xb4\
\xd0ih\x00\xa5\xa2\x8a\x00(\xa2\x8a\x00;S\x1d\xbd\
)\x1d\xbbS;\xd0\x02\x1eh\xa2\x83@\x09E-\x14\
\x00\x9d\xe8\xa54P\x01E\x14\xb4\x00\x94\x94\xb4\x1a\x00\
(\xa2\x8a\x00\xb3E\x14P\x01E\x14P\x01E\x14P\
\x01E\x14P\x02\x11\x91\xcdg\xdf\xe9\x16\xb7\x88D\x91\
(oQZ4P\x07+\x0d\xb5\xc6\x8990.\xe8\
OQ\xd8\x8a\xe9-'[\x9bt\x95A\x01\xbb\x1e\xd5\
)Pz\x80i\x15UF\x14\x00=\x05\x00:\x8a(\
\xa0\x0c\xcf\x11\xeb\x10\xe8:<\xfa\x8d\xccr\xc9\x14X\
\xca\xc62I$\x01\xfa\x9a4\xcdwJ\xd5%1i\
\xf7\xf6\xd7\x12\x85\xdeR7\x05\x80\xf5\xc5]\xbcH\x1e\
\xd2e\xbcX\xda\xd8\xa1\xf3\x04\x80\x15+\x8er\x0fj\
\xf3_\x84\xda]\xb5\xce\xab\xabk\xd0@!\xb72\xb4\
6\x91\xff\x00qI\xc9\xfd\x0a\x8f\xce\x9aZ\x01%\xc4\
:\x97\x85\xfcok\xaa\xea\xb7\x11j\x10jR\x9b1\
&\xc2\xad\x02\x926\xe0t\x1f\x87\xa1\xf5\xafL\xae#\
\xe2XY\xe5\xf0\xe5\xa30Q&\xa2\x8e\xc4\x9caT\
\x1d\xc7\xf24\xcd2\xed\xfce\xe2f\xb8\x8c\x91\xa0i\
r~\xeb\x1d.g\x1d\x18\xfb\x0e\xa3\xf0\xf5\xa7\xb8\xb6\
1<\x19\xe1\xdd7P\xf1O\x89b\xd6\x22:\x84\xf6\
\x93\x80\xb2\xcc\xc7\xe6\x0c[\xa8\xce3\xc5M\xf6\x1b(\
~(\xd8Z\xf8f\x1f\xb3}\x9a2\xd7\xe6\x12|\xbd\
\xb8\xe1H\xfc\x87\xd4\x8e\xe2\xabi\xd0\xeb\xf2x\xcb\xc5\
pxz[H<\xc9\xd7\xcf\x9epK \xf9\xb6\xed\
\x1c\xfa\x9e\xde\x95\xddxG\xc3\x90\xf8z\xcaD\x125\
\xc5\xe4\xed\xe6\x5c\x5c\xbf\xde\x91\xbf\xc3\xaf\xe6i\xb0F\
\xf5\x14QP0\xa2\x8a(\x00\xa2\x8a(\x00\xa2\x8a(\
\x00\xa2\x8a(\x00\xa2\x8a(\x00\xa2\x8a(\x00\xa2\x8a(\
\x00\xa2\x8a(\x00\xa2\x8a(\x00\xa2\x8a(\x00\xa2\x8a(\
\x00\xa2\x8a(\x00\xa2\x8a(\x00\xa2\x8a(\x00\xa2\x8a(\
\x00\xa2\x8a(\x00\xa2\x8a(\x00\xa2\x8a(\x00\xa2\x8a(\
\x00\xa2\x8a(\x00\xa2\x8a(\x00\xa6=>\x9a\xfd\xa8\x01\
\x94R\xd1@\x0d\xa2\x96\x8a\x00J)qE\x00%-\
\x02\x8a\x00))h\xa0\x04\xa2\x96\x8cP\x02Pih\
\xa0\x04\xa2\x94\xd2P\x01E-\x18\xa0\x04\xa2\x8aZ\x00\
LQKE\x00%\x14\xb4\x94\x00QE\x14\x00QE\
\x14\x00QE\x14\x00b\x81E\x14\x00v\xa2\x96\x92\x80\
\x0a(\xa2\x80\x0a)h\xa0\x04\xa2\x94\xd1@\x09E.\
(\xa0\x04\xa4\xc5-\x14\x00b\x8e\xd4Q@\x05\x14\xb4\
P\x02R\xd1@\xa0\x05\x14\xa0\xd3{\xd2\xd0\x03\x81\xa5\
\xcd7\xb5\x04\xe2\x80\x1d\x9a\x8d\x9a\x82i\xa6\x80\x12\x8a\
(\xc5\x00\x14QE\x00\x14QE\x00\x14R\x9aJ\x00\
(\xa2\x8a\x00(\xa2\x97\x14\x00\x9d\xa8\xa5\xa2\x80'\xa2\
\x8a(\x00\xa2\x8a(\x00\xa2\x8a(\x00\xa2\x8a(\x00\xa2\
\x8a(\x00\xa2\x8a(\x00\xa2\x8a(\x02\xb6\xa3i\x16\xa1\
asg>\xef*x\xda'\xdappF\x0e+\xcc\
|7>\xa3\xe1\x9f\x19\xc1\xe1\x8d>\xed5+\x02w\
\xcc\xbeHS\x0ey'#\xb8\x18=q\xce+\xb5\xf1\
 \xf1$\xd7im\xa0\xfd\x8a\xde\xd9\xa2%\xee\xa7\xcb\
2\xbe~\xe8_\xc8\xe7\x07\xfcyO\x0f\xda\xeb\xde\x0d\
k\x93q\xa1.\xaa\xd7\x0eZK\xdbI\x8bJ\xfd\xf9\
\x07\x93\xf9\x0a\xa4&Z\xf8\xa7\xe1\xbdW\xc4W\xbaD\
ztA\xe0\x8fx\x91\xcb\x80#\xdcW\x93\x93\x93\xc0\
\xed\x9a\xec\xb4\x0d&\xdfD\xd2-\xec-\x07\xee\xe2\x5c\
\x16#\x97n\xec}\xc9\xaexx\xfe\xce\x1e5-/\
X\xb0\x1d\xda{R\x14~G?\xa5iY\xf8\xcb\xc3\
\xb7`\x18\xb5{E\xcf\xfc\xf5o,\xff\x00\xe3\xd8\xa3\
Q\x98^\x08\x90I\xe3\xcf\x18\x15\xfb\xa2X\xd4\xfdF\
\xe1\xfd\x0dw\xb5\xc8\xdaj\x1e\x13\xd0nu\x1b\xd8u\
[1-\xf4\x9el\xdbg\x12\x12y<\x05\xc9\xeaI\
\xfcj\x9b|@\xfbu\xe4PxsG\xbd\xd4\xd0\xb8\
\x0f(R\x88\x07|\x12?\x9e)Z\xe2GuE\x22\
\x92T\x16\x18$r3\xd2\x96\x90\xc2\x8a(\xa0\x02\x8a\
(\xa0\x02\x8a(\xa0\x02\x8a(\xa0\x02\x8a(\xa0\x02\x8a\
(\xa0\x02\x8a(\xa0\x02\x8a(\xa0\x02\x8a(\xa0\x02\x8a\
(\xa0\x02\x8a(\xa0\x02\x8a(\xa0\x02\x8a(\xa0\x02\x8a\
(\xa0\x02\x8a(\xa0\x02\x8a(\xa0\x02\x8a(\xa0\x02\x8a\
(\xa0\x02\x8a(\xa0\x02\x8a(\xa0\x02\x8a(\xa0\x02\x9a\
\xd4\xeakv\xa0\x06\xd1KE\x00%\x14\xb4b\x80\x12\
\x8aZJ\x00))h\x14\x00QJi(\x00\xa2\x96\
\x8a\x00JJSK@\x09I\x8au'z\x00))\
h\xa0\x04\xa2\x96\x8a\x00(\xa2\x8a\x00J)h\xa0\x04\
\xa2\x96\x8a\x00J)h\xa0\x04\xa2\x96\x92\x80\x0a(\xa5\
\xa0\x04\xa2\x96\x8a\x00J1KE\x00\x14\x94\xb4P\x02\
\x1a1Jh\xa0\x04\xa2\x96\x8a\x00J)h\xa0\x02\x92\
\x96\x8a\x00J)h\xa0\x04\xa5\xa2\x8a\x00J)i\x0d\
\x00\x19\xa6\x93Ji\xa6\x80\x0aZJQ@\x05\x14\xb4\
P\x02QKE\x00&(\xefKE\x00%\x18\xa5\xa2\
\x80\x13\x14R\xd1@\x09\x8a)h\xa0\x04\xa2\x96\x8a\x00\
\x9a\x8a(\xa0\x02\x8a(\xa0\x02\x8a(\xa0\x02\x8a(\xa0\
\x02\x8a(\xa0\x02\x8a(\xa0\x02\x8a(\xa0\x02\x8a(\xa0\
\x02\xb3\xee\xf4].\xf1\xb7]\xe9\xb6S\xb1\xef$\x0a\
\xc7\xf3\x22\xb4+\x1f\xc5\x1a\xda\xf8\x7fNK\xe9m\xa4\
\x9e\xdcJ\xa91C\xccjx\xdd\xef\xce\x06=\xe9\x80\
\xfb\x7f\x0e\xe8\xb6\xce\x1a\x0d&\xc27\x1f\xc4\xb6\xeb\x9f\
\xcf\x15\xa8\x00U\x01@\x00t\x02\x92)\x12X\xd6H\
\xd828\x0c\xac:\x10z\x1au\x00\x14QE \x0a\
(\xa2\x80\x0a(\xa2\x80\x0a(\xa2\x80\x0a(\xa2\x80\x0a\
(\xa2\x80\x0a(\xa2\x80\x0a(\xa2\x80\x0a(\xa2\x80\x0a\
(\xa2\x80\x0a(\xa2\x80\x0a(\xa2\x80\x0a(\xa2\x80\x0a\
(\xa2\x80\x0a(\xa2\x80\x0a(\xa2\x80\x0a(\xa2\x80\x0a\
(\xa2\x80\x0a(\xa2\x80\x0a(\xa2\x80\x0a(\xa2\x80\x0a\
(\xa2\x80\x0akS\xa9\xad@\x09E\x14P\x01E\x14\
P\x01E\x14P\x01E\x14P\x01E\x14P\x01E\x14\
P\x01E\x14P\x01E\x14P\x01E\x14P\x01E\x14\
P\x02Q\x8aZ(\x01(\xa5\xa2\x80\x0a(\xa2\x80\x0a\
CKE\x00%\x14\xb4P\x02QKE\x00&(\xa5\
\xa2\x80\x01E\x14P\x01E\x14P\x01E\x14P\x01E\
\x14P\x01E\x14P\x01E\x14P\x01I\x8aZ(\x00\
\xa2\x8a(\x01\x0d4\xd3\xa9\x0d\x006\x8cR\xd1@\x0d\
\xc5--\x14\x00\x0a(\xa5\xa0\x04\xa2\x96\x8a\x00J)\
h\xc5\x00%\x14\xb4P\x01E-%\x00%\x14R\xd0\
\x02QKE\x00KE\x14P\x01E\x14P\x01E\x14\
P\x01E\x14P\x01E\x14P\x01E\x14P\x01E\x14\
P\x01\x5cG\xc5\x8b\xd1\x17\x87\xa2\xb2\xb72\x1dB\xf2\
tKu\x89\x88l\x82\x09<~_\x88\xae\x9b^\xd6\
l\xb4==\xef5\x19\x84q\xa8\xf9W\xf8\x9c\xfa(\
\xeek\x84\xf0\x5c\xed\xaf\xf8\xda\xe7R\xd7!\x92\x1b\xc4\
\xb7Yl-\xdc|\xa9\x09$n\x1e\xa7\x9e\xbe\xe4\xfd\
\x1a]D\xce\xc2\xed5\xdbo\x0fY\xae\x9c\xd6\xb7\x1a\
\xa4H\x82o\xb4\xe7l\xa4.\x1b\x04\x11\x83\x9erk\
\x94\xd7%\xf1\xbe\xa7\xa5]\xd9\xddh\xbal6\xf2\xc6\
\xcb#\x99C\x101\xd4a\xfa\xfe\x15\xb5\xe3\x19\xe7\xd1\
5\x1d?\x5c\x86i\x05\x98\x91m\xaf\xa2\xceP\xc6\xc7\
\x87\xc7b\xa4\xf5\xf7\x02\xa3\xf1\xa6\x8byz.oN\
\xb9wk\xa6\xc3j\xce\xd6\xd0\x1d\xbb\x8a\x82s\xbb\xd0\
\xfb\x83M\x01\xc9\xf8\x1a\xc7\xcf\xd3\xf4\xcds]\xf1$\
\x90[Z\x9d\xb6\xf6\xc6Q\x1a\xa8C\x8c\x12O \xe3\
\x18\x03\x91\xde\xbdf\x09\xa3\xb8\x869\xa0u\x92)\x14\
2:\x9c\x86\x07\xa1\x15\xf3\xc7\x87\xb4\xdbO\x10\x5ci\
:E\xa5\xb3Er\xcc\xefyw\xcb\x1d\xa0\xb1\x00\x0c\
\xe0\x00\xb8\xe7\xb9?\x9f\xd0Zm\x94\x1am\x85\xbd\x9d\
\xa2\xed\x82\x04\x08\x80\x9c\x9c\x0fZ$\x08\xb3E\x14T\
\x8c(\xa2\x8a\x00(\xa2\x8a\x00(\xa2\x8a\x00(\xa2\x8a\
\x00(\xa2\x8a\x00(\xa2\x8a\x00(\xa2\x8a\x00(\xa2\x8a\
\x00(\xa2\x8a\x00(\xa2\x8a\x00(\xa2\x8a\x00(\xa2\x8a\
\x00(\xa2\x8a\x00(\xa2\x8a\x00(\xa2\x8a\x00(\xa2\x8a\
\x00(\xa2\x8a\x00(\xa2\x8a\x00(\xa2\x8a\x00(\xa2\x8a\
\x00(\xa2\x8a\x00)\x0d-%\x00'j)qF(\
\x01(\xa5\xc5\x18\xa0\x04\xa2\x97\x14b\x80\x12\x8a\x5cQ\
\x8a\x00J)qF(\x01(\xa5\xc5\x18\xa0\x04\xa2\x97\
\x14b\x80\x12\x8a\x5cQ\x8a\x00J)qF(\x01)\
)\xd8\xa3\x14\x00\x98\xa2\x97\x14b\x80\x12\x92\x9d\x8a1\
@\x0d\xa5\xa5\xc5\x18\xa0\x06\xd1N\xc5\x18\xa0\x06\xd1N\
\xc5\x18\xa0\x06\xd1N\xc5\x18\xa0\x04\xc5\x18\xa5\xc5\x18\xa0\
\x06\xd2\xd2\xe2\x8cP\x02QK\x8a1@\x08h\xa5\xc5\
\x18\xa0\x04\xa2\x97\x14b\x80\x12\x8a\x5cQ\x8a\x00J)\
qF(\x01(\xa5\xc5\x18\xa0\x06\xd1N\xc5\x18\x14\x00\
\xca\x0d?h\xa4\xda(\x01\x94S\xf6\x8a6\x8a\x00e\
\x14\xfd\xa2\x8d\xa2\x80\x18E.)\xdbE\x1bE\x006\
\x8a~\x05\x1bE\x002\x8a~\x05&\xd1@\x0d\xa2\x9d\
\xb4Q\xb4P\x03h\xa7m\x14m\x14\x00\xc3F)\xfb\
E\x1bE\x006\x8a~\xd1E\x00-\x14Q@\x05\x14\
Q@\x05\x14Q@\x05\x14Q@\x05\x14Q@\x05\x14\
Q@\x05\x14Q@\x19Z\x9f\x87\xf4\xbdR\xfa\xde\xf3\
P\xb3\x8e{\x8bq\x88\xd9\xc9\xc0\x19\xcf#8?\x88\
\xac\x0dO1|U\xd1\x98\x7f\xcbk\x19\x22?@Y\
\xab\xb4\xae\x1fZ\x99[\xe2\xb7\x87\xa1\x07\xe7KY\x98\
\xfd\x0a\xb8\x1f\xfa\x09\xaa@\xce\x8f\xc5\x1aH\xd7t\x1b\
\xbd4\xcd\xe4\xf9\xe0\x01&\xdd\xd8!\x83t\xfc+\xcc\
~ \xe8\x9a\xc5\x96\x93e\x0d\xe6\xba\xf7q7\x95k\
oh\x91\xec\xf3\x1f\x18\xe4\x03\xcfN\xa7''\xb5z\
\xce\xa5e\x06\xa3e-\xad\xd2\x93\x14\x83\x07k\x15#\
\xdc\x11\xd0\xd7\x8a\x98\xefb\xd7\xe6\xd4tay\xadi\
\x1a$\xe0\xa8\xb9\x94\xbf$|\xc5~\x84g v\x04\
\xf1DD\xcf^\xf0\xd6\x89i\xa1ip\xda\xdaC\x1a\
8E\x12\xc8\xa3\x99\x18\x0eX\x9e\xfc\xe6\xb5\xab\x1b\xc3\
\x1e#\xd3\xfcGe\xe7\xd8K\xf3\xaf\xfa\xc8[\x87\x8c\
\xfb\x8f\xeb\xd2\xb6i1\x85\x14QH\x02\x8a(\xa0\x02\
\x8a(\xa0\x02\x8a(\xa0\x02\x8a(\xa0\x02\x8a(\xa0\x02\
\x8a(\xa0\x02\x8a(\xa0\x02\x8a(\xa0\x02\x8a(\xa0\x02\
\x8a(\xa0\x02\x8a(\xa0\x02\x8a(\xa0\x02\x8a(\xa0\x02\
\x8a(\xa0\x02\x8a(\xa0\x02\x8a(\xa0\x02\x8a(\xa0\x02\
\x8a+\x17W\x7f\x10%\xc3\x1d*\x1d6[p\x06\x16\
i\x1dd'\xbfA\x8a\x00\xda\xa2\xbc\xf6_\x1ejZ\
M\xca\xc5\xe2=\x09\xed\x83t\x92)\x01\x07\xe9\x9e\x0f\
\x1e\xf5\xd7&\xbf\xa5>\x9b\x1e\xa1\xf6\xfbu\xb4\x90e\
]\xdc.q\xd4`\xf3\x9fn\xb4\xec\x06\xa5\x15\xc6\xdc\
|G\xf0\xfc@yR\xdc\x5c1\xe8\xb1\xc2r\x7f\xef\
\xacU\xcd7\xc5\xd6\xf7:\x84\x16W\x96\x1a\x86\x9d=\
\xc1\x22\x11u\x0e\xd1!\xc6p\x08'\x9a,\x07ME\
\x14R\x00\xa2\x8a(\x00\xa2\x8a(\x00\xa2\x8a(\x00\xa2\
\x8a(\x00\xa2\x8a(\x00\xa2\x8a(\x00\xa2\x8a(\x00\xa2\
\x8a(\x00\xa2\x8a(\x00\xa2\x8a(\x00\xa2\x8a(\x00\xa2\
\x8a(\x00\xa2\x8a(\x00\xa2\x8a(\x00\xa2\x8a(\x00\xa2\
\x8a(\x00\xa2\x8a(\x00\xa2\x8a(\x00\xa2\x8a(\x00\xa2\
\x8a(\x00\xa2\x8a(\x00\xa2\x8a(\x00\xa2\x8a(\x00\xa2\
\x8a(\x00\xa2\x8a(\x00\xa2\x8a(\x00\xa2\x8a(\x00\xa2\
\x8a(\x00\xa2\x8a(\x00\xa2\x8a(\x00\xa2\x8a(\x00\xa2\
\x8a(\x00\xa2\x93\x22\x96\x80\x0a(\xa2\x80\x0a(\xa2\x80\
\x0a(\xa2\x80\x0a(\xa2\x80\x0a(\xa2\x80\x0a(\xa2\x80\
\x0a(\xa2\x80\x0a(\xa2\x80\x0a(\xa2\x80\x0a(\xa2\x80\
\x0a\xe35\x1f\x0e\xdf\x0f\x1f\xc1\xe2(\x19g\xb7\x8a\xdd\
\xc1\x878}\xc1\x0a\x85\x1d\xb9'\xaf\xd6\xbb:)\xdc\
\x0f?\xd55/\x11\xf8\x9e3\xa6\xe9ZU\xd6\x93o\
'\xcbqwx60^\xe1G\x7f\xa8\xfd:\xd7]\
\xe1\xed\x1e\xd7A\xd2a\xb0\xb2\x1f\xbb\x8ce\x98\xf5v\
=X\xfb\x9a\xd2\xa2\x8b\x85\x8e/^\xf0Hk\xff\x00\
\xed_\x0d\x5c\xff\x00e\xea\xa0\xe4\xed\xff\x00U!\xef\
\x91\xdb=\xf8 \xfaUx\xbcow\xa3\xb0\xb7\xf1\x86\
\x95=\xa4\x83\x81u\x02\xef\x85\xfd\xfd\xbf\x02\x7f\x0a\xef\
)\x1dU\xd4\xab\xa8e<\x10FA\xa2\xfd\xc2\xc5}\
>\xf6\xdfQ\xb2\x8a\xee\xcaU\x96\xdeQ\xb9\x1cw\x15\
f\x9a\x8a\xa8\xa1QB\xa8\x18\x00\x0c\x01N\xa4\x01E\
\x14P\x01E\x14P\x01E\x14P\x01E\x14P\x01E\
\x14P\x01E\x14P\x01E\x14P\x01E\x14P\x01E\
\x14P\x01E\x14P\x01E\x14P\x01E\x14P\x01E\
\x14P\x01E\x14P\x01E\x14P\x01E\x14P\x01E\
\x14P\x01E\x14P\x05=WN\xb6\xd5l%\xb3\xbd\
\x8cI\x0c\x83\x04w\x1e\xe0\xf65\xe5^\x11\xf0,7\
\x9a\xde\xa9\x0e\xa8.E\xbd\x8c\xbeZ)B\x9evI\
\xc1'\xd3\x00p=E{\x0d\x14\xd3\xb0X\xa7c\xa6\
X\xd8B\x91Y\xdaA\x0a'@\x88\x07\xebV\x99\x15\
\x99K(%NT\x91\xd3\xb7\x14\xea)\x00QE\x14\
\x00QE\x14\x00QE\x14\x00QE\x14\x00QE\x14\
\x00QE\x14\x00QE\x14\x00QE\x14\x00QE\x14\
\x00QE\x14\x00QE\x14\x00QE\x14\x00QE\x14\
\x00QE\x14\x00QE\x14\x00QE\x14\x00QE\x14\
\x00QE\x14\x00QE\x14\x00QE\x14\x00QE\x14\
\x00QE\x14\x00QE\x14\x00QE\x14\x00QE\x14\
\x00QE\x14\x00QE\x14\x00QE\x14\x00QE\x14\
\x00QE\x14\x00QE\x14\x00QE\x14\x00QE\x14\
\x01\x95\xac\xf9\x90\xf9w\x10\x92\x08856\x9d\xa8%\
\xc8\xda\xf8YGoZ\xb5u\x08\x9e\x07\x8c\xf7\x1cW\
$\xfb\xe0\x98\x8eVD8\xa6\x07eEfiZ\x88\
\xb8\x029H\x12\x8e\xfe\xb5\xa7H\x02\x8a(\xa0\x02\x8a\
(\xa0\x02\x8a(\xa0\x02\x8a(\xa0\x02\x8a(\xa0\x02\x8a\
(\xa0\x02\x8a(\xa0\x02\x8a(\xa0\x02\x8a(\xa0\x02\x8a\
*\x1b\xcb\xa8l\xadd\xb8\xba\x91b\x821\xb9\xdd\xba\
(\xf5\xa0\x09\xa8\xaaO\xaa\xe9\xe9\x07\x9c\xf7\xd6\xab\x0f\
\xf7\xcc\xca\x17\xf3\xcdb\x9f\x17A{3\xdb\xf8z\xd2\
}Zu\xea\xd1\xfe\xee\x15\xfa\xc8\xdc~Y\xa7`:\
z+\x88\xd6u/\x13\xe8V\x8d\xab\xea\x07N\x9a\xca\
2\xbeu\x9c\x0a\xc0\xaa\x92\x06C\x9e\xa7\x91\xdb\x15\xd9\
[N\x976\xd1O\x09\xdd\x1c\xa8\x1d\x0f\xa8#\x22\x8b\
\x01-\x14QH\x02\x8a(\xa0\x02\x8a(\xa0\x02\x8a(\
\xa0\x02\x8a(\xa0\x02\x8a(\xa0\x02\x8a(\xa0\x02\x8a(\
\xa0\x02\x8a(\xa0\x02\x8a(\xa0\x02\x8a(\xa0\x02\x8a(\
\xa0\x02\x8a(\xa0\x02\x8a\xe6\xfck\xaf\xdcxz\xd6\xd6\
\xe6\x1bu\x9a'\x97d\xbb\xb7\x00\xa3\x1dr\x01\xc7\xe4\
j?\x0f\xf8\xdfI\xd6'\xfb8\x90\xdb\xdc\xf6IH\
\x01\xff\x00\xddn\x87\xe9\xc1\xf6\xa7`:\x8a(\xa2\x90\
\x05\x14Q@\x05\x14Q@\x05\x14Q@\x05\x14Q@\
\x05\x14Q@\x05\x14Q@\x05\x14Q@\x05\x14Q@\
\x05\x14Q@\x05\x14Q@\x05\x14Q@\x05\x14Q@\
\x05\x14Q@\x05\x14Q@\x05\x14Q@\x05\x14Q@\
\x05\x14Q@\x05\x14Q@\x05\x14Q@\x05\x14Q@\
\x05\x14Q@\x05\x14Q@\x05\x14Q@\x05\x14Q@\
\x05\x14Q@\x05\x14Q@\x05\x14Q@\x05\x14Q@\
\x05\x14Q@\x05\x14Q@\x05\x14Q@\x05\x14Q@\
\x05\x14Q@\x05\x14Q@\x05\x14Q@\x05\x14Q@\
\x05\x14Q@\x15\xe4\xb9H\xa4\xdb.W=\x09\xe8j\
duq\x94`G\xb56h\x92h\xcaH2\xa6\xb0\
n\xed.t\xf62@\xecc\xcfU\xed\xf5\xa0\x0e\x8a\
\x8a\xe7a\xd7&^$E\x90{pkF\x0d^\xd6\
@7\xb1\x88\xff\x00\xb5\xd3\xf3\xa6\x06\x8db\xeb\xd6[\
\x97\xed1\x8f\x98p\xe0zz\xd6\xc4n\x92(h\xd8\
2\x9e\x84\x1c\xd2\x90\x18\x10\xc3 \xf5\x14\x80\xe1\xd5\xca\
8e\xc8 \xe4WO\xa4_\x8b\xa8\xf6\xb1\x1eb\xfe\
\xb5\x89\xad\xd9\x1bI\xf2\x83\xf7O\xc8\xf6\xf6\xaavW\
&\xda\xe1d^\xa0\xf3L\x0e\xe6\x8a\x8a\xdae\x9e\x04\
\x91\x0eC\x0c\xd4\xb4\x80(\xa2\x8a\x00(\xa2\x8a\x00(\
\xa2\x8a\x00(\xa2\x8a\x00(\xa2\x8a\x00(\xa2\x8a\x00(\
\xa2\x8a\x00(\xa2\x8a\x00*\x1b\xbbx\xee\xedf\xb7\x9c\
n\x8ad1\xb8\xf5\x04`\xd4\xd5\x1c\xf2\xa4\x10I4\
\xad\xb68\xd4\xbb\x1f@\x06M\x00y\xff\x00\xc3]\x17\
I\xbc\xf0\xecO}\xa6\xd9Mw\x04\xd2BdxT\
\x96\xda\xddNz\xf0j\xc5\xfc\xd1i?\x14\xec\x99\x9a\
;{K\x8d5\xa3b\xc4*.\xd6f\xfa\x0f\xba*\
\x9f\x84|8\x9a\xdf\x83ln\x1e\xe6\xee\xca\xe0\xdcM\
q\x0c\xd6\xef\xb5\xd03\x10G\xe2\x14W5\xe3\x0d!\
\x22\xf16\x9d\xa7\xdajsj\xd7\xe5$\x12\xff\x00h\
\xcf\xbd \xf9r\x09\xcf\x00\x01\x96\xc1\xcfA\xc7ck\
q\x1d\x97\x8c<I\xa4\xea\xfe\x18\xd7l\xf4\xcb\xb4\xb9\
\xb8\x86\xdf{\x04\x07\x1bw\x00H8\xc1\xc6GJ\xe8\
\xbc\x1a\xfb\xfc%\xa3\x1f\xfas\x88~H\x05sz&\
\x85\xa4Zx\x0fV\x83I\xb9\x86\xf6I\xad\xa5Y\xee\
P\x83\xb9\xc2\x9e=\x80=\x07\xe3\xde\xb6\xfe\x1e\xc8%\
\xf0V\x90\xc3\xb4\x01\x7f\x22G\xf4\xa4\xc1\x1d\x15\x14Q\
R0\xa2\x8a(\x00\xa2\x8a(\x00\xa2\x8a(\x00\xa2\x8a\
(\x00\xa2\x8a(\x00\xa2\x8a(\x00\xa2\x8a(\x00\xa2\x8a\
(\x00\xa2\x8a(\x00\xa2\x8a(\x00\xa2\x8a(\x00\xa2\x8a\
(\x01\x08\x0c\x08`\x08<\x10{\xd7\x9fx\xb3\xe1\xcd\
\xad\xe2\xb5\xc6\x84\x12\xce\xe0\x02L=#\x7f\xa7\xf7\x7f\
\x0e+\xd0\xa8\xa6\x9d\x80\xf2\xaf\x07x\xca\xf3J\xbf\x1a\
/\x89\xb7\xa2\xa9\x11\xa4\xb3p\xd1\x1fG=\xd7\xa7?\
\xcct\xf5@\xc0\xa8`AR3\x9a\xe5<}\xe1X\
\xbcA\xa74\xb6\xea\xab\xa9B\xb9\x8d\xf1\xcb\x81\x9f\x90\
\x9fC\xdb\xd0\xfe5\xe6?\xf0\x96jo\xe1u\xd0A\
\x97\xce\xf3<\xad\xe0\x92\xed\x1fA\x1e:\xe7<}8\
\xa7k\x8bc\xd1\xfcC\xf1\x0fJ\xd2\xa4x-\xc3\xde\
\xdc!\xc3\x08\x8e\x11O\xbb\x1f\xe9\x9a\xca\xd3\xb5\x8f\x1a\
\xf8\x85\xd6K\x0b[]>\xcd\xbee\x96T=?\x1c\
\x93\xf8\x0cS\xfc\x0d\xf0\xfe\x1b%\x8a\xff\x00ZU\x9a\
\xeb\x01\xd2\xdc\x8f\x92/\xf7\x81\xea\xc3\xf2\x1e\xf5\xe8\xb4\
h\x86r\x16\xde\x18\xd5\xe6\x05\xb5o\x13_;3n\
)j\x04J;`\x1f\xa7\xb0\xad}3\xc3\xf6\x9a|\
\x91J\x92\xdeM4y\xc4\x93\xddH\xf9\xc8\xc7#;\
z{V\xc5\x14\xae\x01E\x14R\x00\xa2\x8a(\x00\xa2\
\x8a(\x00\xa2\x8a(\x00\xa2\x8a(\x00\xa2\x8a(\x00\xa2\
\x8a(\x00\xa2\x8a(\x00\xa2\x8a(\x00\xa2\x8a(\x00\xa2\
\x8a(\x00\xa2\x8a(\x00\xa2\x8a(\x00\xa2\x8a(\x00\xa2\
\x8a(\x00\xa2\x8a(\x00\xa2\x8a(\x00\xa2\x8a(\x00\xa2\
\x8a(\x00\xa2\x8a(\x00\xa2\x8a(\x00\xa2\x8a(\x00\xa2\
\x8a(\x00\xa2\x8a(\x00\xa2\x8a(\x00\xa2\x8a(\x00\xa2\
\x8a(\x00\xa2\x8a(\x00\xa2\x8a(\x00\xa2\x8a(\x00\xa2\
\x8a(\x00\xa2\x8a(\x03?R\x92\xe6\xdd\xbc\xe8\xbeh\
\x80\xe5}*+mf\x17 L\x0cg\xd7\xa8\xadN\
\xa3\x06\xb1\xb5- 8i-@\x0d\xd4\xa7\xaf\xd2\x98\
\x1a\xf1\xc8\x92(h\xd82\xfa\x83O\xae.+\x99\xed\
%;\x19\x91\x87Q\xfe\x22\xb7l\xb5\x98\xe4\xc2\xdca\
\x1b\xa6\xe1\xd0\xd0\x06\xbd\x14\xd4eu\x0c\xa42\x9e\x84\
S\xa9\x00QE\x14\x01\x8f\xa9h\xe9(2[\x00\x92\
u+\xd8\xd79:\xcbo!IU\x95\x87PEw\
u^\xf2\xd2\x1b\xb8\xf6N\x81\xbd\x0fqL\x0e2\x1b\
\xa7\x85\xf3\x13\xb4g\xd5N3\xf5\x15\xb1k\xae\xcb\x1e\
\x05\xca\x09S\xfb\xe9\xc1\x1fQY\xfa\xae\x8f5\x9e^\
<\xc9\x17b:\x8f\xadf,\xb8=\xc1\x14\x01\xdb\xbb\
Z\xea\xd6\x8c\x91\xc8\xad\xfc\xd4\xfd+\x90\xbd\xb6{K\
\x86\x8eA\x86\x07\xf3\xa8\x16fYC\xa328\xee\x0e\
\x0dY\xba\xd4\x1a\xe6 \xb7\x8a\x1fo\xdd\x94\x0eG\xd7\
\xd4P\x06\xa7\x86\xaf\xf6\xcb\xf6w?+\xfd\xdfc]\
Ey\x9cm\xb6Eh\x9d\x81S\x90\xcak\xb7\xb5\xbd\
\xb8\x16\xb1\xcc\xe9\xe7\xc4\xc3%\x90a\x87\xd4P\x06\xad\
\x15\x0d\xb5\xccW)\xba\x17\x0d\xea;\x8f\xa8\xa2\x90\x13\
QE\x14\x00QE\x14\x00QE\x14\x00QE\x14\x00\
QE\x14\x00QE\x14\x00QE\x14\x00\xd7u\x8dK\
;\x05Q\xd4\x93\x81\x5c\x87\xc5\x0dM\xad|?\xfd\x9d\
k\x96\xbf\xd4\xdc[E\x1a\xf5 \x91\xbb\xf4\xe3\xfe\x05\
]F\xa3eo\xa9X\xcdgy\x18\x92\xdee\xda\xea\
{\x8a\xc0\xd1<\x19g\xa6j\xa3P\x96\xea\xf2\xfe\xe2\
5\xf2\xe07ro\xf2W\xd1\x7f:h\x19i\xf4{\
\xcb\x7f\x0a\xdbiZE\xeaY\xcf\x14I\x11\x9c\xa6\xe3\
\x80>b\x06F\x09\xf5\xaf<\x8f\xc0\x96V\xde7\xd3\
\xb4\xcb\xdb\x99\xaf\xa3\x9a\x09.n\x0b\x9d\x9b\x8f t\
9\x19=y\xafa\xae*\xd7u\xef\xc5=I\xd7p\
[-9-\xf7\x81\xf7Y\xc8q\xfa\x13M14t\
\x1f\xd9\xb6:V\x89u\x05\x85\xb4V\xd0yNJ\xc6\
\xb8\xcf\xcb\xd4\xfa\x9fsX\x9f\x09\xa4/\xe0[\x00\x7f\
\x81\xa4Q\xff\x00\x7f\x18\xff\x00Z\xad\xe2-z\xe7C\
\xd1/\xec\xb5\xec\xc9<\x96\xf2%\xad\xecQ\x9d\x93\xb1\
R\x00`>\xe3\xfbt\xee=*\xef\xc2\xb8\xc4~\x04\
\xd31\xfc^c\x1f\xfb\xf8\xd4t\x19\xd6QE\x15 \
\x14QE\x00\x14QE\x00\x14QE\x00\x14QE\x00\
\x14QE\x00\x14QE\x00\x14QE\x00\x14QE\x00\
\x14QE\x00\x14QE\x00\x14QE\x00\x14QE\x00\
\x14QE\x00\x15\x17\xd9\xe1\xf3<\xcf&=\xf9\xce\xed\
\xa39\xfa\xd4\xb4P\x01E\x14P\x01E\x14P\x01E\
\x14P\x01E\x14P\x01E\x14P\x01E\x14P\x01E\
\x14P\x01E\x14P\x01E\x14P\x01E\x14P\x01E\
\x14P\x01E\x14P\x01E\x14P\x01E\x14P\x01E\
\x14P\x01E\x14P\x01E\x14P\x01E\x14P\x01E\
\x14P\x01E\x14P\x01E\x14P\x01E\x14P\x01E\
\x14P\x01E\x14P\x01E\x14P\x01E\x14P\x01E\
\x14P\x01E\x14P\x01E\x14P\x01E\x14P\x01E\
\x14P\x01E\x14P\x01E\x14P\x01E\x14P\x01E\
\x14P\x05-CO\x86\xf5\x0e\xf1\xb6@8q\xd6\xb9\
[\xdb)\xec\xa5\xc4\xab\xc1\xe8\xc3\xa1\xae\xde\xa3\x9a(\
\xe6\x8c\xa4\xa8\x1dOcL\x0eSL\xd4\xe4\xb4l7\
\xcd\x11\xea\xbf\xe1]E\xad\xccWQ\xef\x85\xc3\x0e\xfe\
\xa2\xb9\xcdSB\x96,\xc9i\x99\x13\xfb\xbf\xc4?\xc6\
\xb2\xed.\xa6\xb2\x9c4d\x86\x1c\x10{\xfb\x1a\x00\xef\
\xa8\xaazm\xf4w\xd0\xefN\x18}\xe5=\xaa\xe5 \
\x0a(\xa2\x80\x10\xf3\xc1\xe9XZ\xc6\x82\x97 \xc9h\
\x04s\x7fw\xa0?\xe1[\xd4P\x07\x9b\x5c\xdb\xcdl\
\xe5gFR:\xe6\xa1Yzv\xafJ\xb8\x82+\x84\
)2+\xa9\xf5\x15\xcf\xea^\x18I2\xd6o\xb4\xf5\
\xd8\xdf\xe3L\x0e.dx\x98\xcdk\xc9\xfe8\xfb\x11\
\xfe5\xd8x\x1fS\x17\x96\xb2BC\x02\x878#\x91\
\xed\x5c\xed\xdd\xb4\xd6R\xb2N\xbb\x0f\xbdCmq5\
\x9d\xc8\xb9\xb4m\xb2\x8e\xa3\xb3\x8fC@\x1e\x89s\xa7\
\xc5+\xf9\x91\x96\x86_\xef\xa1\xc1\xa2\xa8X\xde_j\
p\x09\xadd\xb7\x8d:\x15e$\xa9\xa2\x807(\xa2\
\x8a@\x14QE\x00\x14QE\x00\x14QE\x00\x14Q\
E\x00\x14QE\x00\x14QE\x00\x14TW3\xc5k\
o$\xf7\x12,p\xc4\xa5\xdd\xd8\xf0\xa0u5\xc9'\
\xc4\x9f\x0c\xb4\xa5\x0d\xec\x8a?\xbe`|\x1f\xd3?\xa5\
;\x01\xd9RVV\x9b\xe2=\x1fS!lu+Y\
\x5c\xf4A \x0d\xff\x00|\x9ekZ\x80\x22\xba\xb7\x86\
\xee\xdd\xe0\xba\x89&\x85\xc6\x19\x1dC\x02=\xc1\xa6\xd9\
Z\xc1ek\x1d\xb5\xa4I\x0c\x11\x8d\xa8\x8a0\x00\xa9\
\xe8\xa4\x01E\x14P\x01E\x14P\x01E\x14P\x01E\
\x14P\x01E\x14P\x01E\x14P\x01E\x14P\x01E\
\x14P\x01E\x14P\x01E\x14P\x01E\x14P\x01E\
\x14P\x01E\x14P\x01E\x14P\x01E\x14P\x01E\
\x14P\x01E\x14P\x01E\x14P\x01E\x14P\x01E\
\x14P\x01E\x14P\x01E\x14P\x01E\x14P\x01E\
\x14P\x01E\x14P\x01E\x14P\x01E\x14P\x01E\
\x14P\x01E\x14P\x01E\x14P\x01E\x14P\x01E\
\x14P\x01E\x14P\x01E\x14P\x01E\x14P\x01E\
\x14P\x01E\x14P\x01E\x14P\x01E\x14P\x01E\
\x14P\x01E\x14P\x01E\x14P\x01E\x14P\x01E\
\x14P\x01E\x14P\x01E\x14P\x01E\x14P\x01E\
\x14P\x01E\x14P\x01E\x14P\x01E\x14P\x01U\
\xae\xacm\xae\xb3\xe7D\xac\xc7\x8d\xd8\xc1\xfc\xea\xcd\x14\
\x01\x9fc\xa6Gg)x\x9d\xf0F0kB\x8a(\
\x00\xa2\x8a\xab{}\x05\x9a\x8f5\xfes\xf7QFX\
\xfe\x14\x01j\xa0\xb9\xba\x82\xd9KO*\xa7\xb6y?\
\x85P\x0f\xa8_}\xc5\xfb\x1c\x07\xb9\xe5\xcf\xf8U\x8b\
].\xda\xdd\xb7\xed2K\xdd\xe49&\x80!\x17\xf7\
\x17'\x16V\xad\xb7\xfezK\xf2\x8f\xca\x9e,g\x9b\
\xfe?.\x9d\x87\xf7#\xf9Eh\xd1@\x15R\xc6\xd9\
#(!B\xa7\xae\xe1\x9a\xcf\xb8\xf0\xe5\x8c\xaeYC\
\xc7\x9e\xcax\xad\xaa(\x033L\xd2c\xd3\xa4s\x04\
\x8ew\x8eA\xe9Ei\xd1@\x05\x14Q@\x05\x14Q\
@\x05\x14Q@\x05\x14Q@\x05\x14Q@\x05\x14Q\
@\x05\x14Q@\x1c\xd7\xc4x'\xb9\xf0N\xab\x1d\xae\
L\x9eXb\x07R\xaa\xc0\xb7\xe8\x0dA\xe0\x884m\
W\xc2Zt\x91X\xdaH\xab\x12\xc5\x22\xb4J\xc4:\
\x8c6r:\xe7\x9f\xc75\xd5\x91\x91\x83\xd2\xbc\xf6}\
6\xf7\xc1\x1a\xc5\xc6\xa5\xa4@\xf7:\x05\xc1\xdfui\
\x1f-\x01\xfe\xf2\x8fA\xfc\xb8=\x01\xaa]\x84\xcd\x8d\
[\xc0\x1e\x1d\xd4T\xff\x00\xa0\xad\xac\x87\xa3\xdb\x1f/\
\x1f\x87\xdd\xfd+\x9e\x9b\xc3\x9e-\xf0\xd7\xef|;\xaa\
\xb6\xa1j\xbf\xf2\xeb?$\x0f@\x0f\x1f\x91\x06\xbd\x03\
J\xd4\xac\xf5[$\xba\xd3\xe7I\xe0q\xc3)\xe8}\
\x08\xec}\x8d\x5c\xa5v;\x1c\xb7\x85\xbcT\xda\x95\xdc\
\x9af\xafht\xfdf!\x96\x81\x8f\x12\x0f\xef!\xfe\
\x9f\xa9\xae\xa6\xb8\x8f\x1a[,\x9e/\xf0\xac\xb6\x98\xfe\
\xd0[\x83\xb8/S\x00\xe5\x89\xf6\x1c\xfef\xbbz\x18\
 \xa2\x8a)\x00QE\x14\x00QE\x14\x00QE\x14\
\x00QE\x14\x00QE\x14\x00QE\x14\x00QE\x14\
\x00QE\x14\x00QE\x14\x00QE\x14\x00QE\x14\
\x00QE\x14\x00QE\x14\x00QE\x14\x00QE\x14\
\x00QE\x14\x00QE\x14\x00QE\x14\x00QE\x14\
\x00QE\x14\x00QE\x14\x00QE\x14\x00QE\x14\
\x00QE\x14\x00QE\x14\x00QE\x14\x00QE\x14\
\x00QE\x14\x00QE\x14\x00QE\x14\x00QE\x14\
\x00QE\x14\x00QE\x14\x00QE\x14\x00QE\x14\
\x00QE\x14\x00QE\x14\x00QE\x14\x00QE\x14\
\x00QE\x14\x00QE\x14\x00QE\x14\x00QE\x14\
\x00QE\x14\x00QE\x14\x00QE\x14\x00QE\x14\
\x00QE\x14\x00QP\x5c\xddAl\xb9\x9eEOb\
y?\x85e]x\x86$$[\xc6\xd2\x1fV\xe0P\
\x06\xe55\x99Te\x88\x03\xdc\xd7#q\xac\xdeM\x9c\
I\xe5\xa9\xe8\x10c\xf5\xac\xf9$\x92C\x99\x1d\x9c\xfb\
\x9c\xd3\x03\xb6\x93P\xb4\x8f\xef\x5cG\xf8\x1c\xff\x00*\
\xab&\xb9b\x9d$g\xff\x00uMr\x0a\xac\xcc\x00\
\x04\x9fJ\xd0\xb4\xd2.\xaey\xd9\xb1=[\x8a\x00\xd8\
>!\x83<C)\xfc\xbf\xc6\xa5\xb7\xd6\xe2\x99\x8ec\
h\xe3\x1c\xb3\xb9\x00\x0a\xa3\xfd\x99mf@\x90\xb5\xcd\
\xc1\xe9\x12\xf0?\x1fj\xc0\xd5/L\xb3\x18\x95\x95\xf6\
\x1eB\x0f\xdd!\xf4\x1f\xde>\xf4\x01\xd5}\xbe\xe3Q\
b\x9ajl\x878i\xdc\x7f\xe8\x22\xaeY\xe9\xd0\xdb\
\x1d\xe4\x19&?zG\xe4\x9a\xc7\xf0a/\x0c\xecz\
\x02\x14WK@\x05\x14V>\xa7\xab\x88\x19\xa1\xb7\x01\
\xa4\x1c\x16=\x17\xfci\x01\xa5sq\x0d\xb2n\x9eE\
A\xdb'\xadEe}\x15\xe38\x841\x0b\xdc\x8a\xe5\
\x92\x19\xaf\xae@\xcb;\x9e\xa4\xd7Ycj\xb6\x96\xeb\
\x1a\xf3\x8e\xa7\xd4\xd3\x02\xc5\x14QH\x02\x8a(\xa0\x02\
\x8a(\xa0\x02\x8a(\xa0\x02\x8a(\xa0\x02\x8a(\xa0\x02\
\x8a(\xa0\x02\x8a(\xa0\x02\x8a(\xa0\x02\x8a*\xb5\xe5\
\xf5\xa5\x8a\x07\xbd\xba\x82\xddOC4\x81\x01\xfc\xe8\x03\
\x9f\xb8\xf0e\x98\xd4d\xbf\xd2n\xef4\xab\x999\x7f\
\xb28\x11\xb9\xf5(A\x07\xe9\xd2\xb6\xf4\xbb{\xebx\
\xd9/\xef\x92\xf0\xff\x00\x0b\x88\x04m\xf8\xe0\xe0\xfe\x00\
Tv\xfa\xee\x91r\xe1-\xb5K\x09\x5c\xf1\xb5.\x11\
\x8f\xe4\x0diS\x02\xa4Zu\xa4Z\x84\xb7\xc9\x02\xfd\
\xb2U\x08\xf2\x9c\x96\xda;\x0c\xf4\x1e\xc2\xad\xd1E \
\x0a(\xa2\x80\x0a(\xa2\x80\x0a(\xa2\x80\x0a(\xa2\x80\
\x0a(\xa2\x80\x0a(\xa2\x80\x0a(\xa2\x80\x0a(\xa2\x80\
\x0a(\xa2\x80\x0a(\xa2\x80\x0a(\xa2\x80\x0a(\xa2\x80\
\x0a(\xa2\x80\x0a(\xa2\x80\x0a)\xae\xea\x88]\xd8*\
\xa8\xc9'\xb5aj\xba\xb7\x98\x1e\xde\xd0\xb2\xf6iq\
\x8e=\x07\xf8\xd0\x06\xc3\xde[F\xe5\x1e\xe2%a\xd8\
\xb8\x06\xb2\xdf^S!\x10\xdb\xbb\xa8$\x12N3\xe9\
\x8a\xc6\x8e$Q\x95L\x9c\xe0\x9e\xa6\xa5Ry\xc8\x00\
\x7f\x08\xe9L\x0d\x85\xd7\xadD!\xe5\x0e\x8f\x8c\xec\x0a\
I\xa9\x7f\xb6\xacpI\x94\xae\x06pT\xd6\x01'h\
R\xc4\x9c\x03\x9cw\xa5c\xbb;\x94\x02x\xces\x9a\
\x00\xeb\x22\x9a)\x86b\x91\x1c\x7f\xb2sRW\x18\xa8\
\xb08x\xf0\x8c:\x15\xe0\xd6\xad\x86\xb1\x22|\x97\xc3\
q'\xe5d\x1d\x06;\x8a\x00\xde\xa2\xa9\xda\xea6\xb7\
M\xb6)Ab3\x820M\x5c\xa4\x01E\x14P\x01\
E\x14P\x01E\x14P\x01E\x14P\x01E\x14P\x01\
E\x14P\x01E\x14P\x01E\x14P\x01E\x14P\x01\
E\x14P\x01E\x14P\x01E\x14P\x01E\x14P\x01\
E\x14P\x01E\x14P\x01E\x14P\x01E\x14P\x01\
E\x14P\x01E\x14P\x01E\x14P\x01E\x14P\x01\
E\x14P\x01E\x14P\x01E\x14P\x01E\x14P\x01\
E\x14P\x01E\x14P\x01E\x14P\x01E\x14P\x01\
T5g\xbbX\x95l\xd0\x96n\xa4u\x15~\x8a\x00\
\xe3f\xb0\xbe\x95\xcb\xc9\x14\x8c\xe4\xf2O4\xc1\xa5^\
3\x7f\xa8\x7f\xcb\x15\xda\xd1L\x0eZ\x0d\x0a\xe5\xf1\xe6\
mO\xa9\xcd_\xb7\xd0!@<\xd7g>\x83\x81[\
U\x0d\xd5\xc4V\xb0\xb4\xb3\xb8T\x1e\xbd\xe9\x00\xc8m\
-\xad\x86c\x8d\x17\x1dX\xff\x00\x8d@\xd72\xdd\xb1\
\x8e\xcb\xe5\x8f\xa3LG\x1f\xf0\x1fZ\x86\x1f?Sa\
$\xc1\xa1\xb3\xfe\x18\xcf\xde\x7f\xadM\xac\xdc\xfd\x83L\
\x91\xe1\x00>6\xa0\xf4&\x809\xfdv\xf1`\xdfe\
dy<O6r\xc4\xfaf\xb9\xd1\x85!F0\xbe\
\x95'99$\x9e\xa4\x9e\xe7\xd6\x9d\x04a\xe6\x19\xf5\
\xcd0;?\x0a\xc1\xe4i`\xe3\x99\x18\xb7\xf4\xad\x9a\
\xafa\x1f\x95g\x0aw\x0a3Q\xea\x97\x7fd\xb5f\
\x1f\xeb\x1b\x85\x1e\xf4\x80\xa5\xadj&,\xc1\x01\xf9\x88\
\xf9\x98v\xf6\xackKY.e\x0b\x18'=}\xaa\
\xd5\x8e\x9b=\xdb\xef\x93)\x19\xe4\x93\xd4\xd7Ekm\
\x1d\xb4a\x22\x5c\x0e\xe7\xb9\xa6\x04v\x16q\xdaE\x85\
\x19s\xd5\xaa\xd5\x14R\x00\xa2\x8a(\x00\xa2\x8a(\x00\
\xa2\x8a(\x00\xa2\x8a(\x00\xa2\x8a(\x00\xa2\x8a(\x00\
\xa2\x8a(\x00\xa2\x8a(\x00\xa2\x8a(\x03;\xc4Z\x8f\
\xf6N\x85}~\x143A\x13:\xa9\xe8[\xb0\xfc\xf1\
\x5cW\x84\xfc\x1de\xaei\x90\xeb>%3j\x17\xd7\
\x83\xcd;\xe4eTRx\x00\x02;~\x15\xd7x\xc2\
\xd1\xaf\xbc-\xaa\xdb\xa2\xeew\xb7}\xa0w`2\x07\
\xe6\x05g\xfc4\xbb[\xcf\x04\xe9\x8c\x08-\x1a\x18X\
z\x15$\x7f,~uK`+\xdd|8\xf0\xcc\xe8\
BX\xbc\x0c\x7f\x8a9\x9f#\xf3$~\x95\x92\xfa/\
\x88<\x1a>\xd1\xa0\xdd\xcb\xaa\xe9i\xcc\x963\xf2\xea\
\xbf\xec\xff\x00\xf5\xb1\xf45\xe8\xd4R\xb8X\xc9\xf0\xde\
\xbde\xe2\x0d9n\xec\x1c\xe3\xa4\x91\xb7\x0d\x1bz\x11\
Z\xd5\xc0\xf8\xb2\xdb\xfe\x11Mb/\x13\xe9\xaaV\xda\
Y\x04Z\x8c\x0b\xd1\xd5\x8f\x0e\x07\xae\x7f\x5cz\x9a\xee\
\xa0\x9a;\x88#\x9a\x17\x0f\x14\x8a\x1d\x18t \x8c\x83\
C\x02J(\xa2\x90\x05\x14Q@\x05\x14Q@\x05\x14\
Q@\x05\x14Q@\x05\x14Q@\x05\x14Q@\x05\x14\
Q@\x05\x14Q@\x05\x14Q@\x05\x14Q@\x05\x14\
Q@\x05\x14\x9d\x06MQ\xba\xd4\x12<\xac@\xbbz\
\xf4\x02\x80.K,q\x0c\xc8\xea\x83\xdc\xe2\xb2\x1b\x5c\
\xcb8\x8e\xd9\xc8\x1d\x09`3Y\xd2\xbbJw:\x89\
$nK\x1a\x80\xb8?w<v\x14\xc2\xe5\xab\xa9\xe5\
\xb9\x91\xdeWm\x98\xe2 \xd8Q\xed\xefT\xfag$\
g\xafN)Kv,}\x7f\xfa\xd4\x0c\x11\xb87A\
\x81\xc6\x05\x02\x1f\x12n \xedP\x99#q\xc8\x14\x83\
*\xcc\x1bi\xe2\x85\x0eA\x0b\xc0-\xd0\x8aU\x0c\xf2\
\xb7\xde\x04\xf2s\xf4\xfa\xd0\x00\xb8\x12\x1e\x07\xd3\x9c\x0a\
^\x09`\x01\xc7\xb0\xc6)\x08\x05r\xd8\x0d\xdc\xe7\xf9\
\xd3\x95pF\x09${\xf1@\x08A%\x87\xcb\x91\x92\
\x14\xe4T\x84\x15?w\x079\xc3u\x1d)\x88ON\
6\x91\xc9\xf5\xa1I\xc19\x04\x0c\x0eE\x006D\x8c\
\x8cn+\x8eA\x04\xf5\xad\xed7PY\x94G.\x04\
\x8a9l\xf0q\xf5\xac`\xdc\x15 q\xcei\x85c\
p7\x0c\xe3\x80h\x19\xd6\x82\x0fB)k\x99\xb7\x22\
\x17\x8eD-\xb8\x03\xdf\xaf\xb6{\x0a\xe8-%i\xad\
\xd2G]\xac{R\x02j(\xa2\x80\x0a(\xa2\x80\x0a\
(\xa2\x80\x0a(\xa2\x80\x0a(\xa2\x80\x0a(\xa2\x80\x0a\
(\xa2\x80\x0a(\xa2\x80\x0a(\xa2\x80\x0a(\xa2\x80\x0a\
(\xa2\x80\x0a(\xa2\x80\x0a(\xa2\x80\x0a(\xa2\x80\x0a\
(\xa2\x80\x0a(\xa2\x80\x0a(\xa2\x80\x0a(\xa2\x80\x0a\
(\xa2\x80\x0a(\xa2\x80\x0a(\xa2\x80\x0a(\xa2\x80\x0a\
(\xa2\x80\x0a(\xa2\x80\x0a(\xa2\x80\x0a(\xa2\x80\x0a\
(\xa2\x80\x0a(\xa2\x80\x0a(\xa4$\x00I8\x03\xa9\
4\x00\xb5\x14\xd3\xc5\x02\xee\x9aEA\xeek\x0fU\xd7\
\xc2n\x8e\xcb\xe6n\x86N\xdf\x85s\x17W2HL\
\x92\xb1f\xf74\xc0\xec/|Agm\x1eQ\x8c\xcf\
\xd0\x22u&\x92\xc2\xdaK\xf7[\xcd@`\x83\xfb\xb8\
{'\xf8\x9a\xe4lc+<\x05\xc6\xe6\x0c\x0dz*\
\xfd\xd1\xf4\xa0\x05\x1cp+\x98\xf1\x85\xd0\x0f\x0d\xb6x\
\xfb\xe7\xfaWQ\x5c\x06\xb7pnu)\xd8\x1c\x80\xdb\
G\xd0P\x05,\x13\xd2\xaf\xe8\xd6\xc6k\xd8\x97\x92\x0b\
s\xf4\xebT\xe3\x078\xf6\xae\x9b\xc3\x16\xe3\xcd\x92\x5c\
p\x83h>\xe7\x93\xfd(\x03\xa2\x1c\x0a\x86Kh\xe4\
\x90<\x83v:\x03\xda\xa7\xa2\x90\x08\x068\x14\xb4Q\
@\x05\x14Q@\x05\x14Q@\x05\x14Q@\x05\x14Q\
@\x05\x14Q@\x05\x14Q@\x05\x14Q@\x05\x14Q\
@\x05\x14Q@\x05\x14Q@\x05y\xbf\x85n\x17\xc2\
\xbe5\xd4|;r|\xbb;\xd7\xfbE\x93\x1e\x06[\
\xf8\x7f\x1e\x9fU\xf7\xafH\xaaWz]\x8d\xdd\xed\xb5\
\xdd\xcd\xacR\xdc\xdbs\x14\x8c2S\xe9\xfex\xa6\x98\
\x17h\xa2\x8a@q~*\xf0\xae\xad\xe2\x1b\xff\x00*\
}dG\xa2\x97V6\xc9\x10\x0d\xc7l\xf7\xfczz\
q]}\xac\x11Z\xdbEon\xa1!\x89\x04h\xa3\
\xb2\x81\x80*Z)\xdc\x02\x8a(\xa4\x01E\x14P\x01\
E\x14P\x01E\x14P\x01E\x14P\x01E\x14P\x01\
E\x14P\x01E\x14P\x01E\x14P\x01E\x14P\x01\
E\x14P\x01Lg\x0a=i\x1d\xc0\x15Ny\xc0$\
q@\x05\xdd\xc1+\xb4\x1c)\xeb\xc5e\xcd!?*\
\xee\xcf\xa8\xefE\xc4\xe0\xf0>\xf7\xa0\xaaN~RN\
\x17\x8eri\x80;\x12\xe4\x179\x07\x18\x14\xd2\xe4\x1e\
1\xf5\xcf\x14\x84\x86$\xab`\x1e\xde\x94\xab\x93\x90\x01\
\xc7c\xb7?J\x04*\x1c\x12wg\xd7\x9cP\xa3\xa0\
\xe7\xdf&\x81\x9d\xa4\xf3\x8c\xf0v\xf4\x14\x05\xdd\xf3\x03\
\xcfNFh\x01\xc0\xe7\xef(\xc7\x5cf\xa4@\xa0\x1c\
\x15\xc8\xed\x8f\xebI\x12\xb3I\x82\xa0\x1fj\x94|\xd8\
\x00\xf0x\xceh\x02\x11\x80\x09\x1e\xa2\x9c\x87'\xee\x8e\
\xa7\xa7_\xc2\x85\xc18c\xc8\xcfCJA\xc1S\xf3\
c\x03\x1d\x0f\xf9\xeb@\x08\x00\xc7\x19\xc0'>\xdf\x85\
(\xe5\x86\xf2G\xb7\xe5@\x00\xb1,K?\xa08\xa0\
\xe3\xb2\x0eh\x00\xc8\xcf\xcb\xb8\xf1\xe9\xfdjB9\xce\
\x0a\xe3\xad06\xe3\x9e\x0fn\x9c\xd4\xaa\xab\x85\x00\x92\
\xdc\xd0\x04c\x00`\x82Fy\xcdY\x86V\x8fj\xc5\
#.\x0eq\x9c\x8f\xca\xab>\x01=\x00\xf5=jE\
r1\xeb\xf4\xe4P\x06\xed\x9d\xc7\xda#\xc9\x1b\x5cp\
EX\xac\x8b9\x0cr\xa9=X\xed9\xff\x00>\xb5\
\xafHaE\x14P\x01E\x14P\x01E\x14P\x01E\
\x14P\x01E\x14P\x01E\x14P\x01E\x14P\x01E\
\x14P\x01E\x14P\x01E\x14P\x01E\x14P\x01E\
\x14P\x01E\x14P\x01E\x14P\x01E\x14P\x01E\
\x14P\x01E\x14P\x01E\x14P\x01E\x14P\x01E\
\x14P\x01E\x14P\x01E\x14P\x01E\x14P\x01E\
\x14P\x01E\x14P\x01E\x14P\x01E\x14P\x02\x12\
\x00$\x9c\x01\xcek\x91\xd75st\xcd\x14\x04\x88\x17\
\x83\x8f\xe3\xff\x00\xebT\xfe$\xd5\x0b\xb3Z[\xb7\xc8\
\x0e$#\xbf\xb5s\x8d\x9e\x9d\xe9\x80\xec\xe4\xfdj\x07\
@\xf71\xa1\xe8\x06\xe3\xfd*\xc4i\x9cw\xa9!\x81\
\x87\x9b!\xce\x09\xc7Oj\x00\x9e\xc4\x0f\xb4\xc4\x0f\xa8\
\xae\xf1~\xe8\xfaW\x0f`\x87\xed1\x91\xea8\xae\xe1\
~\xe8\xfaP\x04wryV\xd2\xb9\xfe\x15&\xbc\xfa\
Nf'\xde\xbb]~_/Mp:\xb9\x0b\xfe\x7f\
*\xe30X\x9c\xf7\xe6\x80$\xb7P_8\xce9\xae\
\xd7K\xb7\xfb5\x94h~\xf1\xf9\x9b\xeak\x9d\xd0\xad\
<\xeb\xa4\xdc>U\xf9\xdb\xfa\x0f\xf3\xe9]m\x00\x14\
QE \x0a(\xa2\x80\x0a(\xa2\x80\x0a(\xa2\x80\x0a\
(\xa2\x80\x0a(\xa2\x80\x0a(\xa2\x80\x0a(\xa2\x80\x0a\
(\xa2\x80\x0a(\xa2\x80\x0a(\xa2\x80\x0a(\xa2\x80(\
k\xb7\xb3\xe9\xdaM\xcd\xdd\xad\xa3\xdeM\x12\xeeX\x10\
\xe0\xbf=\xb8?_\xc2\xb9O\x0d|G\xd3u&\xfb\
>\xaa?\xb3/\x01\xc1\x12\x9f\x90\xff\x00\xc0\xbb}\x0e\
+\xba\xac\xbdg@\xd2\xb5\x94+\xa9X\xc39\xc67\
\x95\xc3\x8f\xa3\x0eG\xe7My\x81\xa5\x1b\xac\x88\x1e6\
VF\x19\x0c\xa7 \xd3\xab\xca\xb5_\x0fYxwT\
\xb6\xb4\xd1|Ow\xa6\xdd\xdd8\x09jI\x91I'\
\x03v1\x81\x9f\x5c\xd6\xa1_\x88zp\xc2\xb6\x99\xaa\
(\xe9\x9c)\xff\x00\xd9)\xd8W=\x06\x8a\xe2\xb4\x0d\
K\xc6W\xda\xb41j\xba]\xa5\x8d\x8a\xe5\xa5\x90r\
\xc4vU\xf9\xcfS\xed]\xad&\x86\x14QE \x0a\
(\xa2\x80\x0a(\xa2\x80\x0a(\xa2\x80\x0a(\xa2\x80\x0a\
(\xa2\x80\x0a(\xa2\x80\x0a(\xa2\x80\x0a(\xa2\x80\x0a\
)\xa5\x80\xefP\xcb0\x07\x02\x80&f\x0b\xd6\xa0\x92\
`3\xcdS\x9a\xeb\x1e\xb5N[\x87$l\xces\x8c\
\x13@\x16\xe7\xb9\x19\xe3\x9a\xce\xb9\x95\x9b$8\x03\xdd\
I\xa6N\x8c\x14y\xacD\xc7\xef&\xe1\x85\x18\xf6\xef\
P\x80K\x91\xb4\xfa\x0c\xbe\x050\x14\x90\xdd\xbbe\xbe\
Zj\xab\x00\xb9lu\xe0\x8a\x02\xed\x0c\x0a\xf2z\x9c\
\xe6\x9a\xd8p\x0f\x00\x9f\xaf4\x08P\xcc\xc7*3\xb4\
\xe7'#\x1fJh_\x98\xb0\xeb\x9e\xa1\xa9T\xb1\xc0\
 g\xa7CJ\xa1\x0f]\xdc\xf4\xcf\x14\x00\xbbp\xe4\
\x80\x0f<\xf3\x9ar\xaa\x8d\xaa\xbe\xff\x00.1\x9aM\
\x83'\x0b\xf3\x13\xd7\xa8>\x95:(P\x062}@\
\xc8\xa0\x05\x1c.8\xc7q\xebJ\x80\x9d\xd9=z\x1c\
R\x91\x93\x8f\xcb\x14\xe6$s\x8c\xe0z\xe2\x80 \xea\
3\xb7\x1d\x89\x1c\x8aQ\xca\xe4\x8c\xe0\xfau\xa7\xc8\xc7\
\x1f.\xf1\x9c\x0c\x1e\x86\x8c|\xbc\x8c\xfb\x93\xc8\xf5\xa0\
\x06`\x90\xa4\x8f\xfb\xe8S\x95\x09\xcf\xa0\xe7\x02\x82\x8a\
\x01\xeb\x91\xefJ\xe0`\x92Tc\xd6\x80\x14\x12r0\
0y\xe9J\x0b\x05\x04\xb3\x0e\xc3\x8ai9 \x82=\
\xb1A\x1bq\xbb?\xd0P\x02\xb8#\xee\x82\xdf\x8d3\
$\xb6\x18\x1cg\x8c\xd4\xa7\xa1\x0aq\xc7\xe7P\xb1\x19\
\xc1%\x8f\xf7@\xc6(\x02\xc2m \x06\x5c\x90s\x8c\
\xd6\x9d\xa5\xdb\x96T\x9f\x1c\xf4n\x9c\xd64Y\xec:\
w\xc5\x5cS\x907\x12)\x0c\xdc\xa2\xa9\xe9\xf3\x87R\
\x8c\xd9q\xce\x0f\xa5\x5c\xa0\x02\x8a(\xa0\x02\x8a(\xa0\
\x02\x8a(\xa0\x02\x8a(\xa0\x02\x8a(\xa0\x02\x8a(\xa0\
\x02\x8a(\xa0\x02\x8a(\xa0\x02\x8a(\xa0\x02\x8a(\xa0\
\x02\x8a(\xa0\x02\x8a(\xa0\x02\x8a(\xa0\x02\x8a(\xa0\
\x02\x8a(\xa0\x02\x8a(\xa0\x02\x8a(\xa0\x02\x8a(\xa0\
\x02\x8a(\xa0\x02\x8a(\xa0\x02\x8a(\xa0\x02\x8a(\xa0\
\x02\x8a(\xa0\x02\x8a(\xa0\x02\x8a(\xa0\x02\xb35\xeb\
\xf1efB6&\x93\x84\xf6\xf7\xad\x17u\x8d\x19\xdc\
\xe1Td\x93\x5c\x16\xadz\xd7\xd7\xcf!\xce\xc1\xf2\xa0\
\xf4\x14\xc0\xa8X\x86'\xa9<\xe4\xd3\xa1B\xd9'\xeb\
N\x8e!\xd4\xd6\x9e\x9b\xa7\xbd\xdc\xb8PB\x0e\xad\xd8\
P\x03t\xeb\x09.\xa4\x0a\x83\x0b\xfcM\xe9Z\xda\xc5\
\xbcv\xd6pC\x18\xc0\xc9$\xfa\xf1[6\xd0Gm\
\x10\x8e%\xc0\x1f\xadP\xd7\xe3\xddo\x1bz6(\x03\
\x12\xc1qt\x9fZ\xeb\xc7A\x5c\xa6\x9c?\xd2\xe3\x1d\
k\xac\xa0\x0c/\x15JE\xbcQ\x8e\xe4\xb5sq\xae\
O\xb5mx\x9d\x8b^\xa2vU\xa8\xb4;?\xb4\x5c\
\x02\xc3\xe4_\x99\xbd\xfd\x05\x00m\xe8\x96\xa6\xde\xcc\x17\
\x18\x92O\x99\xbd\xbd\x05h\xd2R\xd2\x00\xa2\x8a(\x00\
\xa2\x8a(\x00\xa2\x8a(\x00\xa2\x8a(\x00\xa2\x8a(\x00\
\xa2\x8a(\x00\xa2\x8a(\x00\xa2\x8a(\x00\xa2\x8a(\x00\
\xa2\x8a(\x00\xa2\x8a(\x00\xa2\x8a(\x00\xaeO\xc6~\
.\x8fF\xdba\xa6\xa7\xdb5\xa9\xf0\xb1[\xa0\xdd\xb0\
\x9e\x85\xb1\xfc\xbb\xfd*\xff\x00\x8c\x8e\xb3\xfd\x8cS\xc3\
\xaa\x9fl\x92E\x8c\xbb\x1c\x18\xd0\xf0X{\x8e?\x0c\
\x9a\xa1\xe0\x8f\x08C\xa0Dn\xaf\x1b\xedZ\xbc\xdc\xcd\
p\xc7v\xd2z\x85'\xf5=O\xe9MX\x0c\x0b\x7f\
\x872^\xe9WWZ\xcd\xe3\xbf\x88nH\x94O\xb8\
\xe2\x16\x1d\x07\x1d}\x0f\xa7n\x9c\xe9x\x7f\xc6f\xda\
\xe0i\x1e-O\xb0jq\x80\xa2g\xe2)\x87f\xcf\
A\x9f\xcb\xf9WsY\xfa\xce\x8d\xa7\xebV\xe2\x0dN\
\xd6;\x84\x1fww\x05~\x84r?\x0aw\xee\x169\
?\x88\x17\xe2-g\xc2\xf2X]\xe6\xe7\xed\xa1<\xa8\
\xe4\xfb\xe8\xc5A\xc8\x1d\xba\x0f\xc6\xbb\xca\xe4\xf4\xbf\x00\
\xe8:f\xa9\x0d\xfd\xac\x12\x89a9Ey\x0b(>\
\xb8=\xeb\xac\xa4\xc1\x05\x14QH\x02\x8a(\xa0\x02\x8a\
(\xa0\x02\x8a(\xa0\x02\x8a(\xa0\x02\x8a(\xa0\x02\x8a\
)\x09\x03\xad\x00-\x15\x1bH\x07J\x89\xe7\x03\xa9\xe2\
\x80'f\x03\xebPI.3Ue\xb9Q\xdf\xadT\
\x96\xe1\x8e\xe0\xb8$u\xa0\x0bs\x5cc\x22\xaaO?\
\x00\x921\x9e\xd5Y\xa4\xdcs\x81\x8fq\xc50\xf3\x80\
2F)\x80\xe9\x18\x95;x_^\xb9\xaa\xec\x01R\
\xd8\x1bs\xc8=EJ289\xe3\x9e{SLl\
H\x00\x9c\x0e\xf4\x08F m\x04\xedn\xe4\x8agL\
q\x9f\xc2\xa4#n\xec\xe7\x929=\xff\x00\x0aB\x17\
\x93\xf3s\xd8P\x03\x020\xceTc\x18\xe9\xefI\x8e\
~R\xc4\x8ezS\xc2\xb8\xcb\x0c(\xeew\x1e}~\
\x94\xdcu\x03\x07\xb6s\xd0z\xd0\x02\xa1\xc7v\x0b\xce\
sNQ\xb8\xe0\x12s\xc0\x04\xd0\xa8\xbdx\xfci\xe0\
\x90\xdc\x13\x9c\xf3\x9f\xf0\xed@\x04H\xbb\xb7m9\xc6\
3S\x03\x95?#\x01\xf5\xa0`\x11\xbb8\xcfq\xc5\
'A\xc98\xc7\xa5\x00\x0a=G\xd0\xf44/_\x9b\
\x03\xf5\xa7{g\x03\xde\x91@\x00\x80N\x07\x5c\xd0\x02\
\xf1\x8ev\xf0q\x90(\xe0\x83\x9e\xbe\xb8\xa4\x1c\xaes\
\xc7L\x1ap\x00`\x9c\xf599\xa0\x04c\xfd\xde\xe3\
\xb0\xa6\xb0\x0aI\x0a\xc3\xd0\xe3#\xe9N#\x9f\x97\x1c\
\x0f\x5cQ\x22c\xa99\xe9\x8c\xf7\xa0\x06\x12F\x00\x05\
\x95\xbb\xee\xe9I\xc9\xed\xf2\x81\xc6\xd3\xfdhl`\xf3\
\x81\xc6s\xc6\x7f\x1an>_\xbd\xc7J\x00\x96<\x81\
\xfc\xbaS\x1c\xe4\x8cg s\x9e\xf4\xa8\xf8\xeb\xc7\xa9\
=\xe9[\x19\x1c\xf5\xf4\x1f\xe7\xd2\x80\x18xa\x9c\x03\
\x9c\x1ejh\xdb\x8cr}=1U\xf1\x90\xc3r\x9f\
L\x8a\x95[\x07\x0c\x06}\x86h\x02\xc2\x96\x04:\x9c\
\x1c\xe4\x1f\xf3\xf5\xab\xb6\xb7\xc7;f \xa9\xe8\xfe\x9f\
Z\xcf\xc7\x00\xf3\x95\xeazf\x9c3\x81\x8c\xf4\xc99\
\xc5!\x9b\xc0\x822:R\xd6v\x9d>\xd0b\x91\x80\
\xe7\xe4\xc9\xfd+F\x80\x0a(\xa2\x80\x0a(\xa2\x80\x0a\
(\xa2\x80\x0a(\xa2\x80\x0a(\xa2\x80\x0a(\xa2\x80\x0a\
(\xa2\x80\x0a(\xa2\x80\x0a(\xa2\x80\x0a(\xa2\x80\x0a\
(\xa2\x80\x0a(\xa2\x80\x0a(\xa2\x80\x0a(\xa2\x80\x0a\
(\xa2\x80\x0a(\xa2\x80\x0a(\xa2\x80\x0a(\xa2\x80\x0a\
(\xa2\x80\x0a(\xa2\x80\x0a(\xa2\x80\x0a(\xa2\x80\x0a\
(\xa2\x80\x0a(\xa8\xee&H yd8U\x194\
\x01\x89\xe2\xab\xdf.\x01j\x87\xe6~[\xe9\xe9\x5c\xbc\
I\xb9\xb3\xde\x9fwr\xf7wrJ\xe3%\xceq\xe9\
Z\xbaV\x9c\xd7L\x09\x18\x8cu4\xc04\xbd9\xee\
\xe4\x04\x8d\xb1\x8e\xa6\xba\xb8!H#\x09\x1a\x80\xa2\x88\
bHc\x09\x18\xc2\x8a\x92\x90\x05T\xd5c2X\xc8\
\x07P3V\xe9\xae\xbb\x91\x94\xf4#\x14\x01\xcci1\
\xb3\xdf&:)\xe6\xba\x9a\xc9\xd1\xe1)4\xc4\xff\x00\
\x09\x22\xb5\xa9\x81\xccj\xe4\xcf\xa9\xba/=\x16\xb7t\
\xebamn\x17\xf8\x8f&\xa3\x87N\x8e;\x97\x9c\x92\
\xcc\xccXg\xb5^\xa0\x02\x8a(\xa4\x01E\x14P\x01\
E\x14P\x01E\x14P\x01E\x14P\x01E\x14P\x01\
E\x14P\x01E\x14P\x01E\x14P\x01E\x14P\x01\
E\x14P\x01E\x14P\x01E\x14P\x01E2yc\
\x82\x17\x96y\x128\x90ngr\x00Q\xeaI\xe9I\
\x04\xd1\xdcD\xb2\xc1\x22K\x13\x0c\xab\xa3\x06\x07\xe8E\
\x00IE\x14P\x01E\x14P\x01E\x14P\x01E\x14\
P\x01E\x14P\x01E\x14P\x01E5\xddS\xa9\xe7\
\xd2\xa2i\xbd8\xf74\x01=1\xa4E<\x9ej\xbb\
9 |\xc7\x9fz\x81\x9f\x1e\x87\xf1\xa0\x0bOq\x81\
\xc0#\xdc\xd5y'\xf9r[\xa7\xbdWy\x06s\x91\
\x81\xc5DeV\xc8,\xbd:\x1e(\x02v\x9c\xf07\
u\xf6\xa8\x9e}\xfc\x03\x82*\x06f\x0ex\x1f@i\
\xac\x0e>Q\xf4S\x9e\xb4\x00\xb2;3`\xb6W\x19\
\xc1\x1dG\xd2\xa3\x1b\xc8 \xbb(\xff\x00f\x9a\x18u\
9'\x1c\x9aW\xc1R\x09\xe3\x8c\x8e\x84\xfe\x7f\x851\
\x08\xc7\x0d\xc9\x07\xb0\xdd\x8aB\xc4\xa1=\xb3\xc7\xa5\x0b\
\x86\xfb\xb8\xf4\x04R\x81\xe6\x11\x96\x07\xaex\xa0\x08\x95\
F\xd3\x85\x1c{\xd0p[\x04\xaeGNi\xfbvt\
\x0c\x062\x08\xedJ_\xe5\xc6\xe0\x7f\x1cg\xd6\x80\x22\
\x0d\xb9F1\xd3\xa7\xff\x00^\x9crpT\x1c\x83\xe8\
*E\x1c\x00\xa4c9\xe9I\x82G\x18m\xbdNE\
\x000\x0c\xa9\x07\x05\x87<\x8e\xa3\xd6\x80\xbf1$\x80\
\xb8\xeb\x8axRJ\x80\xd8\x18$\x8c\xe7?JsG\
\xb4\x8e8>\xa7\xad\x00F\x0b\x16\x19\x1c\x11\xf3g\xfa\
\xd4\xcaN\xfc\x10I\xc7\xde\xcf4\x8a\x98lg'\xeb\
\x9aR\xcb\xfc'.:\xf1\x9e\xfe\x94\x00\xfd\xc7a(\
w\x9c\xf3\x9a\x17\xee\x1c\xe3\x8a\x8fr\x1d\xc40=\x88\
\x22\x9eH<\xe0\x06\xe4P\x02\xa9\x18 \x0e\x9dy\xa4\
\xc7\xb7n\x0fzN{\xf5\xe9\xb8-8\x16bA\xdd\
\x81\xea;\xd0\x02\x92[\x03x {Rq\x8ep\xc7\
4`\xf02\xc0\xfe\x9f\x9d+\x0d\xa9\xf3\x13\x9e;\xf1\
@\x07^\x87\x0d\xe8h]\xd9\xe4\xe4zRc\x85R\
\xdc\xb7O\xa5.\xe0\xc0\xf5\xcfl\x1a\x00\x85\xb1\x9c\x00\
I<g\xd6\x82\xe7\x9e\x14\x81\xefN\x19\x07\x19\x00\x9e\
\xf8'\x14\xac\x08Q\xee:\x1a\x00j\xf4\x18\x04\xb0\xfd\
)\xcc\xa4\xf5\xf5\xeb\xedM\xc88 \xed8\xeci\xc0\
q\xc6\x08#\xb0\xa0\x06\x95 \x121\xe9\x8cb\x82r\
\xe0\xb0\xc1\xed\x83Ol\x81\xce89#\xae)\xb1\xb2\
\x9c\x04~G\x07\xbeh\x02N\x1b\xa6\xd2W\x07\xd6\x82\
\x06\xe3\xb7\x1d\xf1\xcd*\xfa\xf5\x1e\xb8\xa72\xb6\x03)\
\xe9\xcf<P\x04d\xb1\x1b\x81\xe3\xd4\x1ek^\xca\xee\
9\x22Ei\x07\x98\x07 \xf1\xd2\xb2\xb2\xc3$\xb0'\
\xafZ]\xaa\xe0\x80rA\xcf^\x94\x86n\xa4\x88\xe0\
\x14ul\xfa\x1a}`E\x19WVS\xb4\x8eF\x0f\
\xadiY\xcf\x85\xd9!9\xeb\x92s@\x17h\xaa\xeb\
y\x03N\xf1y\x80H\x9fx\x1e1T\xae\xb5u\x0a\
\xc2\xcd<\xe7\x04\x80\xc4\xe1s\xf5\xef@\x1a\xb4\x85\x80\
\xc9$\x0c\x0c\x9a\xe6\xdd\xae'\xc3I,\x8a\xfd\xf61\
\x03\xf2\xcdV\x92\xd9\x19\xf7J\x0b\x93\xc7\xccI\xfet\
\xc2\xe7I5\xfd\xac,VI\xe3\x0c\x06q\x9ej\x8d\
\xd6\xb0\x19\x02\xd8\x8c\xc8\xc7\xef8 (\xac\xd8\xe3E\
9E\x00\xff\x00x\x83\xe9\xeb\xf9R\x80\xa3\x00s\xf8\
P\x17%\xfbM\xe3H\x0f\xda\xcfC\xf7Tc\x14\xd2\
\xf72\x91\xe6\xddJ\xd8\xe3\xe4m\xbf\xca\x97\x92\x08\xc8\
\xe4dR\x95\xc1$\x02}q@\x86/\x9b\x19%.\
fL\xf5\xfd\xe1?\xce\xa7\xb4\xd4f\xb6\x94-\xc4\xbe\
l\x04\x80]\xba\xaf\xbdG\xbbnrO\xb8=\xbf*\
\x17\xe6\xc9\xe3<\x83\xde\x80:$ut\x0c\x842\x91\
\x90Gzus\xd6\x93Oi*\xec&HO\x06<\
\xf4\xf7\x15x\xea\xc83\xfb\x89F:\xe7\x03\xfa\xd03\
N\x8a\xcf\x1a\x9a|\xc5\xa2\x94*\xe3\x9cS[V\x8c\
.V\x19[\xd0b\x90\x1aTV[j\xf1\x98\xf0\xb1\
\xc8&#\x85a\xfdj\x92\xcb1 \xb5\xcc\x81\xc9\xcf\
\xb1\xfc(\x03\xa1\xa2\xb1a\xbe\xb9@w\x18\xe5Q\xc8\
' \x9a\xb5\x1e\xa6\x87h\x969\x11\x8f\x5c\x0d\xc3\xf3\
\xa0\x0d\x0a*\xb4W\xb6\xf2\x8c\xac\xaa?\xde\xe3\xf9\xd5\
\x9a\x00(\xa2\x8a\x00(\xa2\x8a\x00(\xa2\x8a\x00(\xa2\
\x8a\x00(\xa2\x8a\x00(\xa2\x8a\x00(\xa2\x8a\x00(\xa2\
\x8a\x00(\xa2\x8a\x00(\xa2\x8a\x00(\xa2\x8a\x00(\xa2\
\x8a\x00+\x98\xf1]\xe9gKH\xdb\x81\xcb\xfd{\x0a\
\xe8o'\x16\xd6\xcf+\x7f\x08\xe0z\xd7#km.\
\xa3v[\xab3e\x98\xf6\xa6\x02\xe8zk]>H\
\xc4c\xa9\xae\xbe\x18\x92\x18\xc2F\x00\x02\x9bko\x1d\
\xac\x228\x86\x00\xfdjj\x00(\xa2\x8a@\x14QE\
\x005T)8\x18\xcfZu\x14P\x01E\x14P\x01\
E\x14P\x01E\x14P\x01E\x14P\x01E\x14P\x01\
E\x14P\x01E\x14P\x01E\x14P\x01E\x14P\x01\
E\x14P\x01E\x14P\x01E\x14P\x01E\x14P\x01\
E\x14P\x04s\xc3\x1d\xc4\x12C:,\x91H\xa5\x1d\
\x18d0<\x10k\x93\xf0o\x86/<;\xacjb\
;\xa5:,\xc7u\xbd\xbe\xe2J\xb1=Nz`q\
\xef\xc7\xa5t:\xd5\xd5\xe5\x9d\x91\x97O\xb07\xf3\x06\
\x03\xc9\x12\x88\xce;\x9c\x9a\xaf\xe1\xbdv\x1dv\xd2Y\
#\x8aH'\x82C\x14\xf6\xf2}\xe8\x9cu\x07\xfci\
\x81kY\xb7\x9e\xefK\xb9\x86\xce\xe1\xed\xaeY?u\
*\xf5V\x1c\x8f\xc3=}\xab/\xc0\xba\xdc\xba\xee\x80\
\x93\xdd\xa8K\xc8]\xa0\xb8P1\xf3\xaf\xb7\xb8 \xd7\
A\x91\x92\x01\x19\x1dk\xcct\xfdY\xfc1\xe2\xcf\x15\
YGeqx\xf2\xb0\xbc\xb7\x82\x05$\xb1l\x13\xd3\
\xb7\xcc?\xef\x93B\x06T\xf8\xa1i\x06\x81um}\
\xa4\xde]\xc1\xab]\xdc\x17 \x5c\x1cm\xeepz\x0c\
\x91\xed^\xablX\xdbD]\xd6F\xd82\xeb\xd1\x8e\
:\x8a\xf3\x1d3\xc0\xfa\x87\x89u\x16\xd6<a+E\
\xe6\xf2\xb6\x88p\xc1{)\xfe\xe8\xf6\xeb\xeb\x83^\x9b\
gm\x0d\x95\xacV\xd6\xb1\x88\xe0\x89B\x22/@\x05\
6$ME\x14T\x8c(\xa4b\x14e\x88\x03\xd4\xd4\
r\xdcE\x12\x06y\x14)\xe9\xcfZ\x00\x96\x83Y\xc7\
S\x0c?s\x13\x11\xea\xdcT%\xe4\x95\xd9\xe4s\xcf\
E\x07\x85\xa0\x0b\xd3\x5c\xaa\x8cDU\x9b8\xeb\xc0\xa8\
\xcc\xd2\x1e\xac\x00\xf6\x15P\x1cq\x8cq\xd4\x0av\xe3\
\x8c\xe0\xd0\x04\xdb\xb9\xf7\xa4\xdf\x9fJ\x88\xbf#\x9c\x93\
LbG\x19l\xf7\xc5\x00=\x9f\x9e\x01\xa8\xd8\x8fS\
\x9f\xa5'8\xe4\xf5\x1d\xa9:\x8e\xb9\xcf\xa9\xa0@\xed\
\xdb?\x953$\xae\x06@\xe9\x82i\xf8\xe0\x01\xdb\xb0\
\xa66\xde\xb8\xe4u\xc5\x00D\xeaB\xfc\xa7\x8e\xe0\xf2\
F)\xaa\xb89\xceW\xddy\xa9\x98\x01\xc8R}\x85\
1\x83\x03\x95\xce\xd1\xcesL\x06+\x03\xb4F\xaf\x80\
z\x91\xda\x9a\xc1K\xe4n g\xbe\x0dJ\x80\x93\xb9\
\xbbt&\x9a\xb8#\xb7#\xbfZ\x00_U\x01O\xd5\
\xaa5\xe4s\xc8\x07\x1c1\xe2\x9eQ[,O\x1e\x83\
\xd6\x91\xf0G\xcc\x17\x07\xa1\xa0\x08\xca\x8c\x8e@#\xa9\
&\x9f\xb8\x18\xfc\xb2\x0f\x1d\xc6NiJ\x003\xb7\xfc\
\xfd)\xe8\xa7w\xddc\xcfn\xd4\x00\x8e<\xb5\xe8s\
\xd0qL*\xbd\xb6\x03\xeax\xc59\xf2\xd8\x0cr\x07\
\x1c\x0a\x0a\x90[\x82H\x1c\xe4\x7f*\x00\x08\x08\xbc.\
x\xa4\xe79 \xe3\x1cc\xb58\x03\xc1\x0as\xea{\
P\xa4\xa8\xe4|\xc4\xf6\xa0\x03\x04\x0c\x8ex\xe74\xf0\
N\x03c\x07\xdc\xe2\x90m'\xee\xe3\x9c\x9c\x1aP\x01\
\xf7\xcf|\xd0\x008\xfb\xbc~9\xa6\x9c\xe0p\x7f:\
RrG\x19#\xf4\xa5e\x04\x9c\xe7\x8fN\xd4\x00\xd2\
X\x0ex\xfciA rH\xa5\x03q\xc2\xe0\x0f_\
JL\xb68\x00\xf3\xe9@\x0d#\xe5\x1c\xae:\x8cf\
\x9c\x0e1\xf7O\xad8\x00\x0f\xab}9\xa0\x91\xb4\xf3\
\xcfq@\x0d\x07,s\xc3\x11\xd3=\xe8$u\xe4\xe3\
\x9eG?\x8d8)\xces\xd0\xf4\x1cR\x02A\x04\x13\
\xb4\xf7\x1c\xd0\x04d)';\xff\x00\xe04\x84zn\
\x1f\x85M\xb4\x9c`\xf1\x9e\xf4\xcc\x1c\x8cg>\xd4\x00\
\x9c\x8e\x8aH\xf7=\xa9\x846\xec\x0c\xf28\x5c\xd3\xf1\
\x8d\xdfOzUR\x1c\x93\x83\xee{\xd0\x04*\xbb~\
\xf6\x01\x07\x80M=\x90\x0f\xbb\x8e8\x19\xfdjM\x99\
a\x83\x8cq\x8aiF\xe4\x91\xbb\x1e\xdc\x8a@,g\
\x9c\xe4\xfeu:\xb6F\x7fR:\xd4K\x1f\xccG&\
\x9b=\xd4q\xc3&\xd7\x0c\xea\x08\x0a\x0fJ\x06N\xea\
\x00#\x0a;\x9c\xd3&t\x89\x0b\xb9\xe9\xd8\x0c\xd6n\
\xdd\xc9\xbd\x8b\xe4\x8ey<\xfdj?,\xe3=\xf8\xfb\
\xc7\x9av\x11\xa5%\xe4^Z\xbcl\x19\x98\xe0\x0ct\
\xf5\xe2\x98g\x92l\x00\xec\x8app\xbc\x1a\xa2\x91\x85\
rT\x9c\x0eH5v5\x0aI8\xdd\xf5\xcd\x00.\
\xdc\xfc\xb8<\xf7\xc0\xfci\xc1q\xf7N\x1b\xb6z\x1a\
8\xc6\x1b\xaf\xbd\x0a\x14\x8c\x90\xe3\x9cz\xd0\x03B\xe4\
\x9eFG\xaa\xf1N\x0c\xa0\x90\x15\x89\xc6\x0e\x07\x14\xa3\
\x95\x1bU\x97<`\xd1\xc9]\xa78\xef@\x0de\xf9\
pI\xce:\x1aQ\xc601\xcfsO\xc8\xc9\xc60\
=zPUI\xc0\xda\xbfJ\x00f\x08b\x08\x03=\
@j\x0a\x0d\xbfw\xa8\xees\x83O8\x00\x81\xb4\x81\
\xeb\x9c\xd0\x8a\x08\xe0\x0f\xc2\x80\x05\x221\x93\xf3q\xd8\
\x9a\x14m\x04\x80pz\xe4Q\x9f\xf6X\xfd\x05(\x07\
\x90r\x01\xecE\x00\x22\xe0\xfc\xc4\x0c\x9fQ\xda\x80\x00\
\x04\xf0{pr(\x00\xe0\x1c\x1ezqF\x0eNT\
\xf5\xfc\x0d\x00\x0cI\xcf\x1cz\x0aQ\x92{\xe4\x1e\xf4\
r\x1b\xe6\xc61\xda\x97p8\xca\xfe4\x00 $c\
\x1d?\x0aRz\x1cs\x8e0\xd4\x0c\x03\xd7\xf0'\xa1\
\xa6d\x01\x8e\x08=\x05\x008\x13\x9ey>\xb9\xa7\xf2\
9\x1c\x0f\xadF\x06@\xe3\x19\xedN\x18\x0b\xf2\xf3\xf5\
\xa0\x04e\x0c~`H\xfc\xe9\x04cq*\xe4\x11\xdf\
q\x06\x9f\x82\x08\xe4\x1e\xf4\x83\xa0.q\xedH\x04Y\
\xae\x91\x06\xdb\x9c\xe3\xa0e\xfeuiu)\x94~\xf2\
\x14nG*\xdf\xadW\xcf#<zg\x8a\x00-\xd0\
\xe3\xf44\xc6^\xfe\xd3@F\xe8\xa5\x5c\x9ct\xcd\x03\
U\xb6'\x1f\xbc\xcfL\x145D\x9fN\xbe\x94\xa0\x96\
\xe4\x12I\x1d\xe9\x01}u\x18OQ \xef\xca\x1ei\
\xc2\xfa\x222\x03\xff\x00\xdf&\xb3I#\xa9\xed\xda\xa4\
\x12r7u\xa0\x0d\x0f\xb6\xc1\x8c\x96#\xd7 \xf1N\
k\xa8@\x1f?_j\xce\xde\x1b\xb7\x1fJx\xe7\xd0\
\x1a\x00\xb7\xf6\xe80Ir>\xa0\xd2\xa5\xed\xbb\x1c\x09\
\x00>\x87\x8a\xab\x8c\xe0\x1c\x1f\xad0\xa7|~\x14\x01\
\xa8\x8e\xae\x01FV\x07\xd0\xe6\x9dYA\x00<\x0c{\
\x8ar\xabvw\x00\x1fZ\x00\xd3\xa2\xa8\xac\x92\x82v\
\xbe\x7f\xde\x15*\xdc\x9c|\xc9\xcf\xb1\xa0\x0b4T\x02\
\xe0wV\x14\xf5\x95\x18p\xc3\xf1\xa0\x09(\xa4\xc8=\
\xe9h\x00\xa2\x8a(\x00\xa2\x8a(\x00\xa2\x8a(\x03\x17\
_f\x99\xe2\xb5\x8f\x96nN+CO\xb4KH\x02\
\xa8\xf9\x8fS\xebK\x1d\xaa\xad\xcb\xce\xd9.\xdd3\xd8\
U\x9a\x00(\xa2\x8a\x00(\xa2\x8a\x00(\xa2\x8a\x00(\
\xa2\x8a\x00(\xa2\x8a\x00(\xa2\x8a\x00(\xa2\x8a\x00(\
\xa2\x8a\x00(\xa2\x8a\x00(\xa2\x8a\x00(\xa2\x8a\x00(\
\xa2\x8a\x00(\xa2\x8a\x00(\xa2\x8a\x00(\xa2\x8a\x00(\
\xa2\x8a\x00(\xa2\x8a\x00(\xa2\x8a\x00+\xcc\x06\xbfk\
\xe1\x9f\x12\xf8\xceFa%\xc4\x92A\xf6x\x07Y$\
(\xd9\x1f\x81#5\xe9\xf5\xe5~\x16\xf0n\xa3?\x8d\
\xee\xf5\x8d~\xdcG\x14s\xbc\xd1\x82\xc1\x84\x8eNT\
\x8cv\x1d\x7f\x01\xefT\x84\xce\xf3\xc2\xba|\xf6\x1aJ\
\x9b\xf9\x0c\xba\x85\xc3y\xf7.{\xc8\xdd\xbe\x80aG\
\xd2\xb2<5}\xa5\xf8\x93\xc4\x17\xfa\x9c6%.t\
\xf66\xb1\xdd\xef$J\x87<\xe3\xa7\xaf\x5c\xf0G5\
\x9d\xe3\x0f\x12]j7\x93xo\xc3q\xc8\xd7\xac|\
\xbb\x9b\x92\x0a\xac\x0b\xdf\x9f\xeb\xf9d\xd6\xef\x87t\xa8\
4\x1d\x1e\x1b\x0b^B\xfc\xce\xd8\xe5\xdc\xf5c\xfez\
\x01Hd\xfa\xf7\x89\xf4\xfd\x0a\xee\xd6-G\xce\x8e)\
\xf2\x05\xc0M\xd1\xa1\x1d\x98\x8eA\xfc*\xf4:\xb5\x94\
\xd0\x09\xa1\x9d^&\x19V^C\x0flu\xaa\x17\xf1\
\xc1{\x03\xc1s\x0a\xcb\x0b\xf0\xc8\xe0\x10k\x80\x97E\
\xd5\xfc/\xaa\xc77\x87\x04\x97Zl\xef\x89-\x19\xb8\
N}\xfb\x7f\xb5\xdb\xbf\xb9\xb8\xaezC\xea\xa1\xb2\xb0\
B\xfb\xb3\x8c\xb8\xc0\x15\x04\x97w2 \x02@\x9cs\
\xb5y?OJh#\xa0\x1c\x1fjQ\x9d\xa0\x15\xc1\
=\xb3@\xc6lgb\x1eI\x1b=C1\xc1\xa0\x22\
\xa2\xe1{\x9e>Zy%\x8e\x0foJ8#\x0b\x8f\
\xa6q@\x85\xe7\x1c\x11\xf8\xf6\xfc)\x00#\x96\xc9\xed\
\xc9\xa0\xae\xdeN\x08\x1c\x1e\xb4*\x9d\xa3\x04`{R\
\x01\xdd9\x07\xf5\xa38\xf4\xfc\xe8\x5c\x02{v\xe9\xd6\
\x97\x03\xa6\xd2OPx\xa0\x01\x86{)>\x9d)\xa4\
\x9ep@\xf5\xcd8\xf4<\x91\x8e\x9cQ\xb7 pN\
;g\xad\x004\x0e\x98\x00z\xd2\x05?U\xf7\x15&\
\x18s\x9e>\xb4\xdc\x10N:u\xeb@\x00Q\xc63\
\xf9Sv\xf0\xcb\x86\xc8\xeei\xf88\xc9\x03\x1d\xb9\xa5\
T\x018<{t\xa0dX\xce[\x9fCH\x11J\
\x86?\x96*p\xa0\xe7\x1d}\xb8\xa6:\x93\xc1=\xff\
\x00\xbd\x8a\x00\x8fn\x00\x04q\xd7\x1e\x94c#\x1bH\
?\x95H\x17o\x0b\x82=\x09\xa1\x80-\x9cc\xfaP\
\x22\x22\x0a\x93\x80\xc3\xe8(\xe82\xaa\xc7\xf0\xe9\x9aq\
PN\x09*:\xfc\xa6\x95\x86s\x83\xce}\xe8\x026\
\x00\xae\x089<\xf5\xcf4\x84q\xdc\xb68'\xa0\xa7\
\xe0\x1c\xf2x\xa6\x91\x8e\xc7\x91\xdcs\x8f\xad0\x1a\x06\
\xe2G\x03\x1d\x8fJ@\xa7p\x03n\x07\xf9\xebS*\
\x8c\xfa\x8e\xc4\x0aM\xb9`\xac[4\x01\x1bw\xfb\xa4\
c\x1d\x0fJv@\x04\xa1Q\xc6\x06EJ\xaaYO\
\x04\x13M\xc0\xea1\x9e\xd9\xa0\x06F\xa39$\x9fa\
\xc0\xcd<\x1c\xb1\xed\xed\x81Fs\xd79\xe9\xd3\x14\xe2\
\xaa~\xf7^\xd4\x00\xc0\x0b*\xf2Glb\x97\x1b\x5c\
\xb7A\x8fZy\x00t=\xfbf\x8e2}qH\x06\
\x10C`\xe7\x9ex4\xd3\x8d\xc5\xb6\xb7Lu\xebR\
\xe0\x14\xc1'\x18\xf4\xa6\x95\xc6NI\xf4 S\x02<\
r\x08\x03\xad.\x17\xeazg\x9aq^\xbc\x90>\x98\
\xa5\x00\x05\x0aT\xfe\x1d\xa8\x01\x8a\xa78\xce1\xd0\x9a\
G#x\xc69\xe9\xc7\x150\x04\x8f\xc2\x9aW\xeaX\
\x0e\xc3\x9a@0\x90T\x0ey9\xe6\x91N=\xbbS\
\xd79-\xb7\x0b\xebJ\x14\xf4\xe3\x9e\xbc\xd3\x01\x00;\
\x86OoN\xb4\x00H9?\xd34\xe4US\xcfS\
\xd2\xa41\x12\xbc\x81\x93\xefH\x08|\xb6,w\x1c\x8e\
\xbc\x1c\x0f\xfe\xbd2Y#\x88\xa8`I=\x81\xfas\
S3G\x1b\x10\xcc\x03\x91\xf7@\xe6\xb3\xee\x88\x9ae\
l\x11\x81\x81\x9e\xd4\xc0$\xbf%\x7fu\x19\x0d\x9ce\
\x8dTD\x04c\xe4\xc6I\xf7\xab%G-\x82\xc0\xf1\
\xd0S\x96=\x98S\x90?\x03@\x15\xe3VV\x00(\
S\xd8T\xc1G9\xc18\xe0\xe6\x9f\x8eH\x19\xc7j\
r+m\xe3+\x8e\xd9\xe4\xd0\x03V3\xd7<\xfab\
\x9e\x14r;\xf7\xc0\xa7\x90r\x1b\x9d\xc3\xde\x94+1\
\x00`\x81\xd7'\x8a\x00A\xc3\xa9\xda\xe4\x1e=\x859\
\x01,\x13-\x9c\xd2\xc7\x18c\xcf\x07\xa7\x07\x9a\x95U\
Il\x80Ns\xe9\xcd\x00C\xc4\x8cs\x9e\x84\x9e)\
\xdbq\x92\x0601\xd3\xadJW\x92y\x00\xe7\x8c\xd3\
\x0a\xe3\x90\xc0\x1c\xf74\x00\xc5<\xe3i\xc7\xae)p\
N8?P)\xe4eyP\x0f_cM\xc0\xc0?\
\xd7\x06\x90\x0a\xbc\x8eC\x13\xd3\xa5.\x7f\x88\x83\x91\xd0\
Q\xc0\xc0,O\xd7\x8aO@\xc7\xa8\xc5\x000(\x1c\
6q\xe8\x0d;\xa1=\x81\xe8iXu\xe0\xe3\xdcR\
v'\xbfqL\x06\xb0\xc6@\xdbJx\x00es\xdf\
\xa9\xa5\xc1\x1d\xd8\x0fjR\xb8l\x00H\xeb\xd7\xa5\x00\
7#\xd8\x1c\xe4\xf1@\x1b\x9b9\x1f\xf0\x11\xda\x9cT\
\xf23\x83\xd7\x91Mb\xc0mb1\x8f\xe1\x14\x00;\
\xe3\x0a\xa3\xf1\xebHrI\x19#\x81\xce)\xaa29\
<\x13\xc94\xe5\x083\xb4\xfc\xbc\xe3\xa8\xa0\x00\x8e\x07\
S\xcf\x5c\xe0\xd3\xb7\x1e\xb9\xe0w\xa4\xe0\x0f\x98\x9f\xad\
9NKs\xd7\xda\x80\x14\xf2\x00\xc3\x1f\xc6\x90\x90s\
\xc7\xe7J\x17\xd0\x9cg\x91\x8a1\x9e\x9b\xbf\x11H\x04\
\xc0\x18\xce3\xe9I\x8fA\xf2\x9e)\xdd\x09$g<\
t\xa1zp\x08\x1e\xfd\xa8\x00o\xbb\xd4\x129\xe9B\
\x90?,`S\xb1\xd4\xb7s\xc0\xeb\x8aP\x0bc\x0b\
\xcf\xbd\x00E\xdf\x81\xda\x9eC\x15?6\x07n*Q\
\xc7 R\xf5\xeb\xdf\xb1\xa0\x08\xd7%\xba\xf1\xf4\xe9R\
`\x9e\x87\xf2<\xd2m\xcf#\x1c{\xd2\x85\xe4\x03\x8c\
\x83\x91@\xc5\x03\x1c\x7fZ~;R\x01\x8e\xbf\xca\x9e\
:c\xd2\x80\x1a?\x0a\x5c{\x0cz\xd2\xfb\xe2\x8a\x00\
A\xef\x8aw\xd3\x8a0s\xc5/$s@\x0b\x8fZ\
01\xde\x81\x9f\xf2iq\xeb@\x0a\x00\xcfCO\x04\
\x8e\x014\xde\x94\xe1@\x0f\x0c{\xf3OS\x9a\x8e\x81\
@\x12\xd1H\xa7#\x9aZ\x00(\xa2\x8a\x00(\xa2\x8a\
\x00(\xa2\x8a\x00(\xa2\x8a\x00(\xa2\x8a\x00(\xa2\x8a\
\x00(\xa2\x8a\x00(\xa2\x8a\x00(\xa2\x8a\x00(\xa2\x8a\
\x00(\xa2\x8a\x00(\xa2\x8a\x00(\xa2\x8a\x00(\xa2\x8a\
\x00(\xa2\x8a\x00(\xa2\x8a\x00(\xa2\x8a\x00(\xa2\x8a\
\x00(\xa2\xa3y\x02\x9cu4\x01%5\x9c/\xd6\xab\
\xbc\xc4\xf7\xc7\xd2\xa1yy>\xb4\x01a\xe6#\xbe*\
\x09%'\xb9?\x8dB\xceI\xef\x8aa\x19>\xddz\
\xd0\x000\x19\xd9\x11T\xb1\xf9\x88\xeaO\xbd7\x9c\xfd\
\xfe\xb4\xa4\x8d\xde\xd4\x85}\xcf\xe1@\x84\xe8\xd9\xea)\
6\xe4`t\x1d8\xa7\xe0\x11\xedH>n\xdd\xa8\x01\
\x14\x1c`7\xd74m\xda\x06\x08\xe9\xc9\x02\x97o\x5c\
~T\x1c\x8c\xf1\xcd\x00&\xd1\x9e\x83\x1d\xb0(\xef\xf2\
\x8c\xf1N\x00\xe4\xe3\x03\x9ex\xa5#\x03\x8cn\x14\x00\
\xd1\x95\xe7\x1cv\xc1\xa5\x19#\x18\xfa\xf3N\x1c\xfe^\
\x94`t\xfcy\x14\x00\x89\xdf\x1d\xb8\xebI\x8c\x9c\xe3\
\xf1\x06\x9c8\xea8\x1d\xe9W\xbe\x08\xe3\xda\x81\x8d;\
z\xf0\x00\xa5\x04\x1e\x86\x9c\x078\xc7\x1e\xc3\x9as\x0c\
\xe7\xb9\xef@\x11\x01\xce0)J\x8c\x9e\x01?\x99\xa7\
\x80@\xe7\xaf\xe5J:g\x9e(\x01\xaa\xbf\x5c})\
v\xe0|\xa4c\xdct\xa7\xe38\xcd.8\xc61@\
\x10\xc8\xb8lw\x14\xc6\x5c\xf4\xfcjb\x08n1\x8c\
\xd0W=s\xcfA@\x11\xaf\xcd\xc0\xce1\xdcR\xed\
\x01A\x03\x8a\x94 #\xdf\xebF\xd3\xdc`\xd0\x04$\
\x12\x08\x03\xea)9\xe7%\xb9\x15`\xae8\xe3\x14\xc6\
P\x0ez\xe6\x80+\xb1\xc1\x19\xc7\xa74\xe3\xb4\xf0=\
q\xd7\x8a\x94\x8e\x80\x01\x83\xedH\xca\x00\xe0\x03\x8eh\
\x02 \x15\x97`\x00g\xf1\xa5\xf2\x88\x00\x0d\xa0{\x0c\
T\xa0\x16\x19\x03\xa7zn\x18`\x10\xc4\x9e\xf9\xa0\x08\
\xca\xecl\x000{R\x0c\x83\xf3`\x8e\x98\x22\xac2\
\x9f\x9b\xe5 \xfa\xe6\xa3\x08w\xe5\xb3\xc7Nh\x01\xa5\
~bpO\xb0\x14\x84\x007\x05\x19\x1d\xf1R\x81\xf3\
c\x1f\x91\xa7\xed\xcf\x18\x02\x80\x22U9\xc9\xcf\x03\x92\
E?\x04\xf1\x821\xfa\xd4\x858\xc7o\xa58/\x5c\
P\x05l\x1c\x03\xcd4\x96\xc8\x00\x0f|\x9a\xb6c\x07\
\x1e\xbf\xce\x98\xd1\x85*p?\x11@\x15d\x199\xce\
\xda\x94'\xca\x0erqN\x96\x22\xe4\x158\x1d\xf1R\
\xacx\x00g8\xa0\x08\xf6d\xf4\xe4\x8cSV0\xa4\
c#\xb6:U\x8d\xa3\xa0\xa4\xd8\x09\x1d\xb1@\x15\xda\
.I\xe3'\xda\x90G\xc6N\x09\xef\xc6*m\xa5\xba\
\x8e)\xb1\x95\x0d\xb4\xb2g8\x1c\xd0\x04g\x00\xed\x0b\
\xcd<\x929n\x06i^xT\xe0\xfc\xc4pp*\
\x9c\xaf\xe6\xca\xc4\xe4\xaeF\x01\x1d8\xed@\x10I!\
i]\xca\x92X\x90;R(\xc1Q\xb3\x04\xf3\x8c\xf4\
\xa9\xf6\x85$\xf21\xc0\xe2\x93n8^r1\x9cS\
\x11\x13+\xb3\x10\xc1\x7f>E(\x8cl\x0apON\
jS\xb4\xb0\xc7\x19\xe3\x04\x0e\xb4\x84s\xd0\x1f\xc34\
\x00\xc0\x14\x9d\xaa\xdd8\xa5+\x86\x1c\x02=ju\x1d\
\x01\x07\xae@'\x14\xe0\x84\x8e\x9c\x1e\xa2\x80!\x08>\
]\xca\xbc\xfa\xf4\xfc*@?\xba\x089\xe9\x8a\x90\x0c\
\x9d\xbc\xfet\xe1\xce{{\xe6\x90\x11\x85\x1b\xb2\xa7\x9e\
\xf9\x1di\xc4e\x06\xec\x11\xc8\x00S\xc2\xe0}\xdf\xd6\
\x93o<u\xe9\xd6\x81\x91\x95\xc7\xd7\xfa\xd2\x0e3\x83\
\xcf\xd2\xa6<\x8ex\xf5\xc57h'\xa7_S@\x88\
\xc2\xf2q\xd7\xe9J\x0d8\x83\x8e\x83\x1f\xca\x85\x04a\
\x85\x007\x0c\x0f\xcd\x91\xdf\xda\x94\xf7\xcf<\xf7\xa7`\
\x11\xf4\xa5\xc0\x03 P\x04_/C\xef\xd0\xd2|\xaa\
\xdd\x06H\xeb\x9a\x94\x80}(\xeb\xf2\x81\xcd\x00B\x13\
\x07\x8d\xb9\xf7\x1c\x9a]\xbb@\xcfZ\x93\x07\xebK\x8c\
\x01\x90O\xa1\xcd\x00G\x82}\x00\xef\xde\x94\xfc\xd8\xf9\
q\xf4\x19\xa7\x10Ny }i\x0a\x90\xc3<\x0e\x99\
&\x80\x22d\x01\x8f\xcb\x91\xe8E \x0cA\xces\xec\
*V\xe9\x8cv\xeei\x10`r}\xfaP\x02t\x1d\
\x0f\xd6\x94g9\xa1z}})@\xe3\xe6\xff\x00\x0c\
P\x01\xc89\xeb\xef\x9a6\x9e\x8d\xc1\xebJ\x07\xebJ\
0\xc3\xd0\xd0\x03@\xec[=\xb9\xa5\xc7\xcb\xcfQ\xcd\
(\x5cw?\x8d;\x80y\xceh\x01\x85~l\xf2;\
\xf4\xa9\x02\xe7\x04\x9e?:\x02\x829\xefN\x0b\xe9\xcd\
\x03\x1a\x06A\x1c{qJ\x00\xeb\x8a\x0fC\xc7\x18\xa7\
(8\xe7\x14\x00\x988\xe9\xfa\xd2\xe4\x80\x05)\xe0\xf1\
\x8cP\x06h\x00\xf7\xc7\xebN\xec?\x95\x1e\xf4\xbd\xbd\
\xe8\x01\x00\xc5/\x03\xf1\xa0\xf4\xa5\x1e\xf4\x00\x9d\xb8\xa5\
\x1fJ_\xa0\xa3\xa5\x00\x1cv\xfd)G\xbfZ^\x94\
\xa2\x80\x14R\x8a)E\x00(\xa5\xa4\xa5\x14\x00\xa3\x83\
N\x074\xcaZ\x00}\x14\x80\xd2\xd0\x01E\x14P\x01\
E\x14P\x01E\x14P\x01E\x14P\x01E\x14P\x01\
E\x14P\x01E\x14P\x01E\x14P\x01E\x14P\x01\
E\x14P\x01E\x14P\x01E\x14P\x01E\x14P\x01\
E\x14P\x01E\x14P\x01E\x14\xc9$T\xc6y>\
\x82\x80\x1c\xc7\x035\x13I\x8e\xf5\x04\x93\x16>\x9e\x82\
\xa2g$\x1e\xd9\xa0\x09\xe4\x99\xb1\x9c\xe0{T\x0d)\
$\xfa\x0aa4\x9c\xfa\x8a\x00\x0b\x93\x9foZF\xc9\
9\x00\xd1\x8cv=}iH\xe7\x18\xed\xc5\x02\x10{\
\x0c~5Uo\xede\xd4d\xb0Y\xc7\xda\xe3A#\
E\x8c\x10\xa7\xa1\x1cs\xf8U\xa6\xc9\x18<}+\x8d\
\xf1\x93\xff\x00ex\x93A\xd6\x07\x11\xf9\x86\xd2v\xff\
\x00e\xbag\xe9\xf3\x1f\xc2\x9a\x02\xee\xaf\xe3\x0b->\
\xe2\xe6\xdf\xec\x97\xd7Mm\xfe\xb5\xad\xe1\xdc\x91\xf1\x9e\
X\x91\x8e+cD\xd4\xa1\xd5\xf4\xb8/\xadRD\x86\
Pp$\x18a\xc9\x1c\xe3>\x95\xca|B\xd5L\x91\
/\x87\xf4\x95\xf3u\x0b\xd6\x02U\x8f\xf8W\xdf\xdc\xff\
\x00,\xd7S\xa6E\x16\x8d\xa2Y\xdb\xdd\xcb\x0a\x08\x22\
H\x9aC\x84R\xdd;\xfa\x9a}\x00\xbc\xfb\x15\x0b9\
U\x00d\x9fJ\xca\xd0|A\xa7k\x86e\xd3f.\
a\xc6\xf0\xcaT\x80z\x1e{V\xcb.\xf5 \xa8 \
\x8c\x10k\x88\xd2\xe3Ko\x8a\x9a\xa4Q\x80\x91\xc9d\
\x8c\x15F\x00\xc7\x96:~\x06\x92\x03\xb3<\x1e\xbf\x90\
\xa7.@8\xcf\x02\x9d\xb4\x03\x9e\xb4\x05\xf9rr1\
\xefHcNI\x1cg\xde\x94\x0e\x84\x8c\xd3\x94\x0c\xf1\
\xc58-\x00G\x8ez\xd2\xa8 \x83O*1\xcfj\
P\xb9\x1d(\x02-\xb9=\xfd\xb9\xa7\x11\x8f@E8\
(\x14\xe5\x00\x9c\x10y\xa0\x06\x001\xc6\x00\xa5\x03\x1d\
jM\xa7\xaf\xad\x1b}\xa8\x01\x98'\xd2\x97\x1c\xe7?\
\x85;o\x1d\xe9@\xcd\x007\x1dq\xd6\x80\x019\xcd\
;\x18>\xd4\xb8\xa0\x08\xf6\xe0\xf03\xf5\xa3h# \
b\xa4+\x93\xdf\xf3\xa3\x1cP\x02\x01\x9e\xb4\xa1z\xd2\
\x81\xc5(\xe4s@\x09\x8f\xad7n{T\xa0\xd0@\
\xeb@\x11\x05\xf7\xa6\x90s\xc1\xfdjf\x19\x15\x19\x5c\
\x11\x83\xcd\x00\x22ppiXe\x81\xe3\x14(\xcb\x1e\
\x82\x9f\x8f\xad\x001\xf0\x17\x93\xd2\xa3*YH\x00`\
\xd4\xac\xbc\x13\xfc\xe9\xa4t\xcfOj\x00D^>_\
\xe5Rc\x06\x96%\xc1\xc8<\x1a~9\xa0\x06\x05\xe3\
\xa5*\xa8\x1d\xa9\xd9\xe2\x8a\x00LqQ\xb2\x82}q\
OS\x91\xcf\xebQ(\xfd\xe1l\xfd\x05\x00=QT\
aG\x14\xee(Pq\xcd/\xb5\x007\x18\xe9M\xc7\
4\x8f0^\x80\x93P\xbb\x169\xc9\xe9\xd0q@\x0f\
\x99\xb6p\xb9\x0e}\xaa\x9c\x8b\xb8\xb6\xe5\xcf<\x8cu\
\xa9\xc8\xc9\xef\xf5\xcd1\x94c\xeb\xde\x80!\x09\xc7N\
=\x01\xa5#\x1e\xc0T\x84c\xb8?J6\xe0\x91\xc6\
=\xbbP\x222\xb9\xe8\x09\xef\xd6\x94\xae\xecw\xe2\xa4\
\x00\x13\x80\x01\x1e\xe2\x93h\x04\xf6\xa0\x06\xec\xc0\xc1\x1c\
g\xb9\xa4E\xe4\x8e2\x07j\x94c9\xc18\xf6\xa9\
\x02p0zz\xd020\x80rpi\xe0p\x08\xe9\
O\x08z\x9e}i\xca\xbds\x9a\x00\x8dW#\x19\xfc\
\xbb\xd2\x85\xe4g\xf3\xa96\xe2\x82?:\x00\x8d\x97\xb1\
\xc6i\x08\xc1\xe9\x93\xe8jC\x83L`H\xe3?\x9d\
\x003\x00\x9c\x11\x8aB\x0e?\xcf4\xe2=\xb3\xf8\xd1\
\x8c\xd0\x03\x0e2:\x8av\x0a\x9e\xfdi:\x1f\xf1\xa5\
\x1d~\x5cP\x00:\x9e\x08\xfa\xf7\xa3\xf1\xfc)\xd8\xc8\
\xe4s\xf4\xa6\x8f\xcf\x14\x00\x0c\x9e\xfd}\xe91\x8eO\
\xe9K\x8eOlSOo^\x94\x00\xb9\xec1\xf8\x8a\
1\x9e8\xc5/=y\xc7\xad7\x1e\x82\x80\x0c\x82\x06\
?:F\xc8,8\x07\xa8\x18\xcd;\xdf\xf4\xcd)\xf4\
\x1f\xad\x000\xe4\x0es\x9e\xbd);\xf4\xceGjy\
\x5c\x8fZP9\xe9\xcd\x00F\x17\x9f\x99x\xf4\xa7c\
\xae8\xa7\x01\xd3\x02\x93o$\xfbP\x03J\xe0\xe79\
4\xbcu\xf4\xebJG\xd7\x14\xb89\xef@\x09\x9c\xf0\
@\xe6\x80\x06x\xc59}\x94\xfa})pG'\xb7\
q@\x0d^z\xf1N\xfch\xc0\xceI\x22\x97\xa7j\
\x00^x\xa4\x19\xf4\xc5\x18\x14\xa3\xa7\x06\x80\x0a(\xf7\
\xa5\xe9\xd3\xad\x00\x03\xa6)@\xc7\xff\x00\xae\x82:Q\
\xed@\x05/z\x07\x22\x81\x9e\x94\x00\xbfJ>\xb4\x0a\
^\xf4\x00\xa2\x94p9\xe9\x5c\xfe\xbd\xe2K}9\x0c\
6\xc4Oz\xc0\xedQ\x92\xaaG\x19b:}:\xd7\
\x18&\xba\x92F\x9a\xe6\xea\xe6i\x09\xf9\x8f\x98@\x19\
\x1d\x94\x1cc\xfc)\xd8.w\x92\xf8\x9fG\x85\xca\xbd\
\xf2\x1c}\xe6PH\x078\xc1\x22\xaf\x9dN\xc4\x18\xc3\
^[\xa9\x90e\x01\x90\x0d\xc3\x19\xe3\xf0 \xd7\x99,\
k\x1c\x0c\x89\x0a'\xa0\x03 \x8fSA\x8e\x0f8\xb9\
\x827#;\x80Q\x93\xef\xd2\x8b\x0a\xe7\xab\xa4\x88\xf8\
\x0a\xear20{z\xd3\xc5y*[\xaa1{c\
$,\x17\x05\xa3r\x8cy\xce\x0e+{J\xf15\xcd\
\x91\x8e\x1b\x9576\xe8q,\xac\xf9u\xff\x00\x1e\xde\
\x9d\xe8\xb0\x5c\xefh\xac\xcb]wL\xb9(\xb1\xdd\xc4\
\x1d\xc0\xc21\xday\x19\xc6\x0f|V\xa5!\x85(\xa4\
\xa5\xa0\x05\xa2\x90R\xd0\x01E\x14P\x01E\x14P\x01\
E\x14P\x01E\x14P\x01E\x14P\x01E\x14P\x01\
E\x14P\x01E\x14P\x01E\x14P\x01E\x14P\x01\
E\x14P\x01E\x14P\x01E\x14\xd7eA\x968\x14\
\x00\xead\x92,`\x168\xcf\x15\x04\x97<\x81\x10\x07\
\xd4\x9a\x85\x8b1\xcb\x92M\x00H\xf7\x0c\xe3\x8f\x94g\
\xf1\xa8\x19\xf9$\xf5\xf7\xa7\x11\x9e\x9c\xfa\xf1F\x08\x1f\
\xe3@\x11\x8epG=\xe8 c\xaf=x\x1c\xd3\xbe\
`G^i9\xf7\xc1\xeb\x8a\x00B\x09\xed\x9e=)\
\x0f\xdd\xe3'\xf0\xa7\x03\x8c}}i0\x07\xa8\x1fZ\
\x000G\x07&\x913\xd7\x9a\x06;\x1aq\xa0\x04\xe7\
=8\x15G[\xd3-u[\x07\xb6\xd4cY-\xf8\
s\xf3\x15\xdaG|\x8eEE\xe2-M\xf4}1\xee\
\xe2\xb3\x96\xed\x91\x801\xc4y\xc1\xee}\xbf:\xe3\xbc\
U\xe3\x8b[\xcd\x1aK\x1d\x1dn\x1e\xf2\xeb\x10\xaeb\
+\x80\xdc\x1cz\x9e\xdf\x8d4\x84l\xfc?\xb9\xb6\xd5\
\xec.5A\xa7Aiw$\xac\x92I\x18\xff\x00Y\
\xd0\xe4\x13\xcf~\x9e\xa2\xaf\xf8\xed\x11\xfc!\xaa,\x98\
\xda!-\xf8\x82\x08\xfdqY\xde\x1d\x87]\xb6\xd1\xad\
,\xact\xdbk\x08\xe2\x8c\x03%\xdc\x85\xd9\x89\xe4\xb6\
\xc4\xe9\x93\x93\xc9\xaazq\xd4\xfcc\xe1\x1dV\xd6\xe2\
\xea \xe6\xe4\xc5\x14\xea\x9bU\xd5J\x9e\x9e\x9f\xe7\x9a\
}@\xe9\xfc)+\xdcxgJ\x96S\x97kh\xf2\
}N\xd1\xcds\x96\x8c[\xe2\xed\xe8\x1f\xc3b\x01\xff\
\x00\xc7\x0f\xf5\xae\xbbF\xb4:v\x91efHc\x04\
)\x11e\xe3$\x00\x09\xfd+\x92\xd3\x107\xc5\xbdY\
\x97\x9d\xb6K\x9f\xa9\x11\xd0\x80\xee01\x83\xfa\xd1\x82\
r2\x07\xe1N\xfd)}\xf3\xcdH\xc4U\xe7\xfci\
\xc4P:R\xf7\xa0\x04\xc7J\x00\x19\xe7\x9ap\x1dh\
\x0b\xc6(\x011\xf9R\x81\xe9\x9a\x5cR\x80(\x00\xa0\
\x81\x8av){P\x04x\xc1\xe6\x97\x1e\x94\xe2?*\
A@\x09\x8aP\x0e;S\x80\xcd.=(\x01\xb8\xa4\
\x00\x1e\xb4\xe2(\xc7z\x00h\xe2\x80\x06{\xd2\xe0P\
A\x07\x22\x80\x14\xa9\xedH:S\x83q\xd3\x9aU\x1f\
\x85\x003$\x8fCH94\xf6Q\xd7\xbd*\x8a\x00\
f1\x8cPFMI\x8ai\xa0\x00\x80x4\xd2\xa3\
\x18\xc7\x14\xeaZ\x00`\x18\xcf?\xa5\x03=\xc5;\x14\
\x94\x00\x80d\xf3JzR\xd2P\x02\x1e\x17\x8aM\xa3\
\x1c\xd2\xb3\x01Lf,1\xd0P\x03K\x9e\x8a@\x14\
\xd2I\x07&\x97\x07\x1f\xe3@\xeb\xd0P\x03\x08\xf4\xa6\
\x90{\xe6\xa4<\xfa\xfe4\x98\xe9\x91@\x11\xe0\x8c\x00\
G_JB\xbe\xe4\xfe\x15!\x1e\xfe\xf4\x98\xf7\xe3\xd6\
\x80\x19\xb7\x1fZ1\xd74\xee\xd8\xf7\xa5\x0aN\x0d\x00\
4/9\xcf\x1e\x94\xbbG\x18\xebN\xdb\xc9\xa9\x02\x81\
\xc8\xe2\x80\x22\x0a3\x81\xba\xa5\x0bN\x0a\x0fj\x90\x0a\
\x00`Q\xe9A\x1e\x9d)\xf4\x87\xad\x000\xf2)1\
\xefO\xc5&(\x01\xb8\xe7\x8ai^\xd8\xa7\xe3\x8e\xd4\
`\xe7\xad\x00C\x8cg\x1d>\x94\xdd\xa0\x12\x07\x156\
\xdf\xc4\xd3J\x82y\xed@\x11c\xa6y\x22\x94\x03\xdb\
\xf9S\xf6t\xe2\x97i\x14\x00\xc0\x0f \xe7\xe9G\x19\
\xe9\xc5.\xdc\x93\xc0\xa3n{\x0a\x00gN?\x99\xa5\
=\xf1Na\xf9})6\x92r?\x0e(\x01\x9c\x1e\
\x0d.9\xed\x83\xedR\x10x\xa6\xe4\xfa\x1a\x00N3\
\xf2\x9e\xbe\xdcP\x07 \xe3\x03\xe9N\xc1\xef\x9f\xce\x94\
\x0c\xf6\xa0\x06\x15$\xf1\x91\xeb\xc7ZR>\xb4\xe0\x00\
\x1c\xd1\xeb\xde\x80\x1b\x8c\x00(\x00\xfb\x0c\xd3\x98z\xf3\
I\xf44\x00\x9d:\xff\x00:L\x0e\xb9\xe6\x9e?\xce\
)B\xf3\xc6h\x01\x80\x93\xd7\x9aP9\xedN\x03\x8e\
qA\xfc\xbf\x1a\x00g9\xa3\xa7LS\xb0q\xd2\x8e\
\x9d\xe8\x01\x008\xe4\xfeB\x94\x0e(\xc7\xa1\xa4\xce\x0f\
\x1c\xd0\x02\xf7\xa5\xc7\xbd \xe6\x94\xf6\xe9@\x07\x18\xf7\
\xa3\xeb\x9c\xd2\x8cc?\xad\x1cw\xa0\x05\x1f\x8e)\x18\
\xaa\xa9f (\x19$\x9c\x01P\xdd\xdc%\xac%\xd8\
\x12{(\x1dk\x93\xd6\xb5+\xab\xb2\x13b\xc7\x02\x9c\
\x95\x1c\xe4c\xf8\xb9\xc7\xe1L\x0d=_\xc4\xf0Z\x00\
\xb6\x08/f'\x0c\x11\xf0\xaa8={\xf5\xedY\x17\
\xba\xed\xe5\xfa*!6Q\xab\xe5\xbc\xb6\xdc\x5c{\xb7\
a\xf4\xfc\xeb\x1agr\xdc\xedpNHL\x0d\xbe\x99\
\xa8\x98<`\x06\xdd\x81\xc7\xde\xe0\x0f\xf2i\xd8\x9b\x83\
(.y\xf9I8\x1c\xb6=\xcf\xb9\xa9\xadc\x0c\xbb\
\xbfv\x91n*X\x9c`\xe3\xd0\x1fz\x8dT\x02\xa1\
\xc3\x02\xbd\x01`q\xef\x8cS\xe3S\xb7-&\xc2\xcc\
9\x07<\x8f\xeb\xc7\xeb@\x0a\x8a\xca\xec\x92\x22;g\
'9\xc6~\xb4\xe8v\xf9L\x1dws\x9c\xe3q\xcf\
N\x07\xf9\xebJ\x88\x1c<\x81\x82\x8e\xb9\xe7\x9c\xf3\x9e\
\x83\xf5\xf44\xa7\xcbr\xa4\xa6r3\x90\xbd\xbd\xe8\x00\
\xc3ya\xf0T\x8fS\xd3\xd3\xfa\xd4\xd1\xc4\x00w\xc2\
\xed\xeb\x9e\x9dGB3\xfe\x7f\x93|\xb20#\x05r\
I\xc6:q\xde\x8d\xa6@\x8c\x18\xe0\x10\x0bg\xeah\
\x01\x92\xc7\x1bG d\x1f0!\xca\x03\x8cs\xe9\xf5\
\xfdk\xa7\xf0\xde\xbb\x14\x11Gg{6\x11A\x11\xcf\
#c#\xae\x09=\xc7\xf4\xae~'\x90`\x83\xc1\xe0\
\xe5{s\xfd)\x08\xdcv\xbcJA9]\xc7\xeb\xd3\
\xd7\xb5\x00zLw0H\xe1#\x9a7r7\x05W\
\x04\x91\xeb\xf4\xa9\xab\xceme\x16\x9b%\xb6TI#\
\xc8\xdc9Py\xe7\x1cg\x8a\xee\xf4\xfb\xb8\xaem\xe2\
+4RHP\x16\x08\xd9\xf6?\xa84\x8aL\xb7K\
IKH\x02\x8a(\xa0\x02\x8a(\xa0\x02\x8a(\xa0\x02\
\x8a(\xa0\x02\x8a(\xa0\x02\x8a(\xa0\x02\x8a(\xa0\x02\
\x8a(\xa0\x02\x8a(\xa0\x02\x8a(\xa0\x02\x8a(\xa0\x02\
\x8ad\x8e\x10{\xfaUw\xcb1f\xfc\xb3@\x12I\
>\x09\x083\x8e\xfd\xaa\x06\x05\xce\x5c\xe4\xf6\xa5\xed\x8a\
1\xe9\xfc\xa8\x01\xbd\xc6z\xfdh?\xe7\x9aR\x0d!\
\xef@\x09\xcf\xe3\xf5\xa4e\xf5\xe7\xd8\xd3\xba\xe79\xfc\
\xa8\xc7\x00g\xa0\xec(\x013\xc9\xe4sM\xc0\xc7\x06\
\x9f\xf5\xcd'\xa7Z\x00c\x0cr(^\xa3\x00\x9aq\
>\xf9\x1e\x94\xbbFA\xe3?Z\x00N\x99\xc14\x8b\
\xd3\xb8\xfa\xd2\xfd\x08\xc5(#\xbf4\x00\xdd\xb9\xf5\xcf\
^\xb5\xe6\xba\x9f\x87u_\x16j\xfa\x9d\xd6\xa5o%\
\x94pC\xe5Y#\xb0\xe5\xc1\xc8<v<\xe4\xfb\x8e\
\xb8\xafL\xfaf\x8ct\x04`\xd3N\xc1c\xce%\xf1\
.\xa5\xabXC\xa0\xd8Z]C\xad:\x88n\xa4\x95\
p\xb0\x81\xc3>}\xff\x00\xaf\x1c\xe2\xbb}\x0fL\x8b\
G\xd2m\xacm\xb0R\x15\xc1c\xd5\x8erO\xe2I\
\xad\x11\xd7\xda\x97h&\x86\xc2\xc3\x07\x5c\x91\xc7\xd6\xb8\
o\x05\xba\xdfx\xdf\xc4\xf7\xe8wF\xac\x90+v8\
\xe3\x8f\xfb\xe0W{\x8c\x03\x9a\xa9\xa7\xe9\xf6\x961\xba\
Y[\xc7\x02\xbb\x17eA\xb7q=\xcd\x17\x02\xc9S\
\xd8\xfe\x94\xe4\x19\xeb\x9aT\x1e\xb8\xfaf\x9dH\x00.\
(\x1fO\xa5/zv(\x01\x02\xd2\xe2\x94qK\x8a\
\x00n)piqJ\x05\x007\x14\xe0)qJh\
\x01\x86\x93\x1e\xb4\xfa\x08\xa0\x06\x8e\xb4\xee\x9d)1O\
\x1d(\x01\xb4\x05\xa7b\x96\x80\x18V\x8d\xbcS\xe8\xa0\
\x06\x10)\x08\xe2\x9fE\x000\xe4\xd0)\xd8\xa4\xa0\x04\
\xa0R\xd1@\x09IKE\x00%\x14\xb8\xe2\x8a\x00L\
\xd2\x13KI@\x0d\xc54\x8ay\x1e\xd4\xd2(\x01\xb8\
\xcf\xa7\xe3M\xe7\xda\xa4\xa4\x22\x80\x18qF;\xfa{\
S\x8f\xb5\x04\x10z~\xb4\x00\xc09\xe74l\xc1\xe0\
\xf5\xa7\x11\xdb\xad\x01s\xd2\x80\x1b\x8cg\x8e)\xdbs\
\xce)\xe0qN\x02\x80\x1a\x17\x9av\xdaP)h\x01\
(\xa5\xa2\x80\x12\x8aZLP\x02b\x8aZ(\x011\
I\x8e\xf4\xecPh\x01\x85A\x14\x98\xe9\x8a\x93\x14m\
\xa0\x06\x15\xa4\xdaO\x15&1Hh\x02=\xb8\xe9F\
84\xf2)\x08\xa0\x08\xf1\xc7\xff\x00^\x93i\xcf\x07\
\xf5\xa9q\xc5\x1bs\xcfz\x00\x88\x0eON{\xd2\x91\
\xd34\xfd\xbc\xf7\xa3\x1fZ\x00h\x1c\xd1\xdf\xad;\x18\
\xa0\x0eph\x011A\xce\x07SN\xdb\x8aP(\x02\
2\x09\x1e\x94\x01\xcfJ\x97\x03\xd2\x93m\x00F@\xa5\
\x03\x14\xfd\xb4\x0e\x94\x00\xc2\x0eOJi\x1e\xbdj]\
\xb4\x11@\x11m\xcfN)\x0a\x9f\xc2\xa5\xdb\xedA\x1e\
\xf4\x01\x11^8'\x22\x8e\x94\xfd\xb4m\xa0\x06\xf5\xed\
@\x1c\x0e\xb4\xa0s\x92)\xae\xe1\x7f\xcfJ\x00Rp\
9\xaa\xb7\x17%\x14\xec\xe2\xa3\xb9\xbbU\x1dEs\xfa\
\x8e\xa6\x81\xd8\x16\x5c\xf4\xe4\x91L.;S\xbc&P\
[\x96=\x01>\xa6\xb0.\xe5\xf3c\x7f1Ir\xb9\
\xce\xcc`g\x1c\xfe\x7f\xad-\xcb\xc9\x8f\xde\xf5C\x82\
\x10\x90G\xbfJ\x84\x95\xde\xc5\x0e\x07q\xb0\xf3\xfe\x7f\
\xa7\xe6\xc9#-\x91\x85\xc0$\xf5\xe3\x00g\xde\x9c\x8a\
C\x8c\xed/\xd7;\x81#\x1f\xe7\xf5\xa6\xc8\xbbT\x05\
`\xc7v\x0e\xc2?\x9f\xd35\x22\x8f\x99\x5c\xab}\xdc\
\x10v\x8c\x1cw=\xfd(\x01\x01\x05\x87NO^=\
:\x13V#I\x15\x89\x06L\x91\x9c\x93\xdb\xdb\xd2\xa2\
E\xdaO\x98\x03)\xc0\x07\x19\x18\xeb\xcf\x1cU\xbbh\
#L\xc8@\x0d\xc8\x03<\x13\xfd?*\x00\x5cyh\
\xe3\x0a;\xf5=0=zT9\xc9\x000\x1d\xb3\x9e\
?\xcf\x06\xad\x00\xa66%\x81\x18+\x93\xc0\xc9\xef\xcf\
Jj\x92>I\x8fS\xc9\x04\xe3\xf0\xcf\x18\xe6\x80\x1a\
\xca\xca9\xfd\xe0\x1c\xe4\x8c\xe7\xe8h\x0aX\x1d\xab#\
\x023\xd0\xfaS\x84}\xb0\x09\x5c|\xbdW\xdf\x02\x90\
\xe5\xd4n=x'qn{b\x80\x15\xc32)T\
N\x09\xed\xbb\x18\xf4\xe7\xfc\xe2\xa6S\x9d\xa0\x92v\x92\
\x07\xcb\x8eqQ\xc7\x16\xe27:\x0c\x92@<\x9c\xf6\
\xfeU<N6\x05g#\x07\xe6\xc2\xff\x00Z\x00\x8d\
C#\x1e~\x5c\xe0|\xb8\x07\x8f\xfe\xb5]\x85\x99d\
\xde\x1b\xcb\x95\x01\xd8\xe1\xb9\x1f\xe3\xdf\x83T\xe5O\x9c\
\x12\x0eH\xc6H\xed\xfeE,M\x87R\x0eW\x1e\x80\
`\xe7\xbf\x1fZ\x00\xef4\xdb\x93uh\x920\xc3\xf4\
n1\xc8\xeb\x8fj\xb5\x5c\xd6\x89vm\xeed\x13\xe1\
a\x91T\x06-\xfcY=\xbe\x9d\xfd\xab\xa4V\x0c\xa1\
\x94\x82\xa7\x90A\xcei\x14-\x14QH\x02\x8a(\xa0\
\x02\x8a(\xa0\x02\x8a(\xa0\x02\x8a(\xa0\x02\x8a(\xa0\
\x02\x8a(\xa0\x02\x8a(\xa0\x02\x8a(\xa0\x02\x8a(\xa0\
\x02\x8a(\xa0\x0a\xa4\x0e\xf4q\x8aq\x1dh\xa0\x06\xe3\
\x90z\x8aC\xf8\xd3\xbb\xd1\xf8P\x031\xc1\xc6i\x08\
\xa7\x9aB(\x01\x98\xfa\xd00)\xd4\x98\xf4\xa0\x06\xe7\
\xa5\x19\xf6\xa7zt\xe2\x90\x8c\xe3\x14\x00\x83\xa6(\x00\
\x0a\x5cz\x9a^\x07\x5c\x0a\x00o_z\x00\xf5\xa7\x80\
\x08\xa5\xc0\xfch\x01\x98=\xb3\x8aP3\xd0\xfe\xb4\xff\
\x00\xa5\x0c\xa4\x9eIU\x1c\x92{P\x03v\x8cs@\
#~\xdc\x8d\xd8\xce3\xda\xb8\xdf\x13x\xf7O\xd3\x96\
Xt\xa3\xfd\xa3v\xbdJ\x7f\xaa\x8f\xb6Y\xbac>\
\x9f\x98\xa9|\x1d\xa1;]\x7fo\xea\x9a\x82\xdf\xea7\
\x09\xb5Z\x17\xccQ\xa9\xfe\x15\xc7\x07\xf9\x7f:v\x0b\
\x9ds/Zh^\x05K\x8e:P\x07\x1e\xd4\x80\x00\
\x1d\xb8\xa4\x1di\xc3\xf5\xa5\x0aOj\x00n9\xa7(\
\xa7\x04\xe6\x9c\x17\xd6\x80\x19\xb74\xa2\x9c\x05&\xda\x00\
LsK\x82\x0d\x1bOZ2{\xd0\x02\x81\x83A\x1c\
\xd2\xd2\xd0\x03@\xf5\xa0\x8au\x14\x00\xde\xd4\xa3\xa5-\
\x14\x00QE\x14\x00QE\x14\x00QE\x14\x00\x94\x87\
\xad-%\x00%\x14\xb4P\x02\x1aJZ\x05\x00\x02\x8a\
Z(\x01\xb4\x9fJq\x14\x98\xa0\x04\xc5!\x14\xee\xd4\
b\x80#\xc5\x18\xa7\xe2\x93m\x000\x8a01O\xc7\
4\xb8\xc5\x00FV\x9d\x8cS\x85\x18\xa0\x06\x81N\xa2\
\x96\x80\x12\x8a(\xa0\x02\x8a(\xc5\x00\x14QE\x00\x06\
\x8aZ(\x01(\xa5\xa7\x01@\x08\x05\x18\xa7b\x8a\x00\
a\x14\x98\xc5?\x14b\x80#\xa3\x14\xfa1@\x11\xe0\
\xd2\xe2\x9f\x8a1@\x0c\xc5\x18\xa7\xe2\x809\xa0\x06c\
=\xa9v\xd3\x80\xa5\xa0\x06\xe2\x8cR\xd2\xd0\x03qF\
)ih\x01\xb8\xa4+\x8au\x14\x00\xd1I\x8av(\
\xa0\x06\xe2\x90\x8ay\x14\xc7`\xb8\xcfZ\x001Ca\
W'\xa5U\x9a\xe8(\xeb\x8a\xcc\x9fP$\xe1s\x8f\
Z\x00\xd0\xb8\xbaT\x07\x90=\xeb&\xefRT\x05\x89\
\xe3\xbe\x0f5\x97qz\xd2tl\x8e\x9bq\xdf\xde\xb2\
\xe4\x99\xca\xfc\xad\xc6\x01*\x80\x13\x8fc\xde\x9d\x85r\
\xdd\xe5\xfb\xca\x9el!\x9a\x1d\xe5\x03\x17\x00\x16\xe7\x81\
\xeb\xd0\xd6t\xb3\xbb\x06\xdc\xc3h\xe0\xfc\xc4g\xdb\xa5\
O3\xbc\xbe[;\x12\xf8\x09\xb4\x10\xa3\x03?6\x07\
\x1dM@\xac\xca\xc0\x82C\x1f\xee\x90\x0e}\xff\x00\xc9\
\xa6!\x81~O\x9c\xab\x92\xc4\x9eI\xfaz\xfe\x94\xd9\
d,\xdbe\xc2\x82s\xb9\x14\xff\x00\xfa\xff\x00\xaf&\
\x9e\x7fx>q\xb7'<\x901\xf5\xe2\x9b\x91\xb9\x83\
2\xe0s\xceH\xcey\xc0\xc0\xc7\xf5\xa0\x03i\x94\xae\
\xc4\x07\x91\xc3w\xfc\xfe\xbd\xa9\xe6&W\x0aDc\x1b\
\x8fLn\x1e\xde\xb4\x15G\x8c2\xac}3\x8e\xb8>\
\xbf\xa5L!\xc1\x08\xcev\x9f\x98dg#<\xe3?\
\x8f4\x00\xebx\x9d\xc08+\x83\xc8\x0b\xf9\xfe\xb5g\
n\x09\x0b\xd4\x0c\xb6\x061\xefNT\x8f\x18b\x09\x1d\
\x8a\xe4\x0f~iT\x96\xe7p\xdc\x06x\x5c\x83\xf8P\
\x02\x96U\xdc\x9b\xc2\xe7\x83\x96\xc1\xcdB\xc0#\x22.\
\xf5'\xef\x1f3\x86\x02\xa6@d\xc99\xc0\xe88\x1c\
\xf1\xc6)Y\x10e\xca\x95\xf9s\x82\xc3\x8e}\xbbP\
\x04&6-\xb8a\x80\x1c\x8c\x9c\x0f\xaf\xaf\x1d\xa9B\
2\xab\x06D]\xa7\x8ct\xe9\xfe?\xca\xacyC\xef\
v#9&\xa3\xc8\xce\xe4\x91S\x03>\xbd(\x01\x84\
\xe5A9\x04\x9e\xdd\x01\xe6\x9f\xb9\xfeeEp7|\
\xd8${\xf4\xa8\xf8Q#3\xee@N\xf3\xcb\x7f\x9f\
ZY\x1b +\x0c\xe0\x13\xb8\xae=?\x1e\xfd}\xe8\
\x02IQJ\x12\xea]\x86\x0e@\xfc\x89\xfc*\x02\xbb\
0\xc20\x83\xa6\x1f\xf8\x87|\x0f\xc7\xdb\xa5XB\x0c\
lH\xdc1\xc6I\xc1\xe3\xd8sU\xe5U\x12\xb8P\
X\xb6s\x83\x93\xd3\x92=(\x02\xf5\x9b.\xec0\x0f\
\xcf\x04\x8cV\xf6\x8fx\xd1\x18\xed\xca\xe6&l'\xfb\
=\xff\x00*\xe6!\x91\xa3<\x01\xdb\x8d\xb8\xe2\xae\xef\
\x0c\xa4g\xafL\x1cR\x19\xdcQX6z\xd9@\xa9\
v\x9c\x0e\xb2\x0e\xdfQ\x8a\xdcV\x0e\xa1\x94\x82\xa7\x90\
GzC\x1dE\x14P\x01E\x14P\x01E\x14P\x01\
E\x14P\x01E\x14P\x01E\x14P\x01E\x14P\x01\
E\x14P\x01E\x14P\x01E\x14P\x04\x18\xa3\xebK\
\x8a(\x01\xb4~\x94\xb8\xa3\xb5\x007\x1c\xd1\x8fZw\
\xe3I\xeb@\x09\xd0SX\x0e\xd4\xfcPy\xe3\xbd\x00\
Fz\xfb\xd3\x94sK\xb1\xba\xe2\x9c\xb1\xb1<\xf0(\
\x01\x84\x1ahRO\x00\x9c\xd5\x91\x1a\xf7\xe6\x9c\x00\x03\
\x03\xa5\x00B\x90\xe3\x05\x8f\xe1R\x04\x00\x0e:S\xe8\
\xa0\x06\x85Q\xd0\x0aIcI\xa2x\xe5Ex\xdc\x15\
ea\x90A\xea\x08\xa7\xd7=\xe2\x8f\x17i^\x1d\x8d\
\x85\xe4\xdb\xee\xb6\xe5m\xa3\xe5\xdb\xd3>\x83\xdc\xd0\x03\
\xb5\xbb\xdd+\xc2Z\x0c\xd3\xfd\x9e\x08!\x03jA\x12\
\x05\xf3_\x1c.\x07\xf9\xc6k\x1f\xe1^\x93u\xa7h\
\xb7\x17\x9a\x811\xcb\xa8K\xe7\x88z\x04\x1d\x8e;\x13\
\x9f\xcb\x15\xc6Z\xeb\xd6:\xc6\xaf\x1e\xb1\xe29^\xf2\
t?\xe8ZE\xace\xf6\xfan\xecO\xea{\xf4\xc5\
>\xe7S\xd6\xfcw\xe2x\xb4y#{\x0b(d\xdf\
4(~h\xc2\xf5.{\xb7`;\x1cqWa\x5c\
\xf6zL\x0fJ\xcf\xd3\xb5}6\xf2\xe6[+\x1b\xc8\
f\x9e\xdf\xe5x\xd5\xf2\xcb\x8e?\x1f\xadh\xd4\x0c@\
\x06s\x8eih\xa2\x80\x0a(\xa2\x80\x0a(\xa2\x80\x0a\
LR\xd1@\x05\x14Q@\x05\x14Q@\x05\x14Q@\
\x05\x14Q@\x05\x14Q@\x05\x14Q@\x05&)h\
\xa0\x044\x86\x9dI\x8a\x00J)\xd4P\x03iqK\
E\x007\x14b\x9dE\x007\x14\xb8\xa5\xa2\x80\x1b\xb6\
\x8d\xb4\xea(\x01\xbbh\xc5:\x8a\x00iZM\xa7\xd6\
\x9fE\x003i\xa3\x06\x9fE\x003i\xa3i\xf6\xa7\
\xd1@\x0c\xdah\xdai\xf4P\x030h\xc1\xa7\xd1@\
\x0c\xc5\x14\xfa(\x01\xa0R\xd2\xd1@\x05\x14Q@\x05\
%-\x14\x00\xdaZ(\xa0\x02\x92\x97\x14P\x02QK\
\x8aJ\x00(\xa2\x8a\x00(\xa2\x8a\x00JZ(\xa0\x03\
\xbd%6I\x121\x96`*\xac\xb7\xea\xbfqr\x07\
R\xc7\x14\x01p\xf4\xc9\xe9Q<\xc88\x075\x95-\
\xf1rw1\xc7l\x0e*\x8b_1\x03\x0c\xd9'\x18\
\xa6\x176\xa5\xbc\x08\x0eX\x0a\xcd\xb8\xd4W$\x07\xcb\
u\xac\xe9\xefK\x90:c\x8c\xf3\xcf\x1cb\xb3\xe7y\
$v\xdd)$\x11\x8c\x80p{v\xc7\xe5E\x85r\
\xd5\xd5\xfb6\x08_\x90\x8e\x08=\xfd*\x8c\x8eXg\
v\x1b\x19\xceO_\xa5\x0c\x5c\x22\x99'p\xf8\xf9W\
w\x15\x1a\xf6\xd8I\xe7\x05\x82\xf2;\x9eh\x10\x99h\
\xdbx\xc8\x04r\x00\xea\x7f\x0e\xf4\xc9\x22p\x18G\x96\
'\xa6\x06=x'\xde\x98v\xb4\xc7\xe5\x8d\x8eG\x5c\
\xe7\xaf\x14\xf6\x8f\xe6\x00\x82\x14\xf1\x84B{\xf5\xfet\
\xc0\x8eH\xf6\xb1\x12\x00\xca\x00\x00\x95\x00\x0e\xbd)6\
\x84\xcb#6s\x95\xc684\xaaY\x86\xd5,@'\
#h\xc7\xe7\xd7\xb5=\x95\xc9V\x00\xa9\x04\xe4\xe4g\
\xa68\xff\x00?\x8d\x001\x96Q\x16\x08A\x18\xce\x03\
8'\xd7\x19\xc7\x7f\xf0\xa6\x05\xe8?\x84t\xf9\xba\x9f\
\xf0\xab\x1eY*\xa5\xd5T\xe3\x0cv\xf5\xf7\xf7\x1d\xa9\
\x22\x05P\x0c\xe5\x89\xc9\xf4\x0b\xef\x8e\xbd\xb8\xe6\x80\x11\
Sa\xcb0c\xdd\x88\xcf_s\x90?\x0e~\x95f\
&!\x14\x90W\x00\x8e\x17=\xe9\x88d\x11n \x13\
\x80\x08'\x82;g\xe9V\xd1\xb0Ws\xb0b\xa7h\
\xdd\x91\xfc\xbd{P\x037\x059\x07l|s\xd7\xb5\
(\xc9\x00\x16\xe3\xb6z\xf4\xff\x00\xebS\xa3c\xce\xf2\
\x999\xc6\xdf_A\xfe}hC\x85(\xa0\x06\x03<\
\x13\x93@\x11\x8f\xbay\xc8^\x0bm\xe7\xe9\xef\xf9\xd3\
\x94ga,\xb8\xc0+\x822\x07\x5c\xd3\x8a\x14o\x99\
v\x03\xdcu\xc7B=\xe9\xc7t\x99vw-\x8e\x01\
@??\xad\x00!E\x1b\x81'x<d\xd0\x16M\
\x83\x0cW\x03\x00\x8c\x1e\xbdFiI\xcb\xe1T\x0c\x8c\
dpzRmb[\xcba\xb7\xe8F\x0d\x00@s\
\xbb\xe5a\xcf~\xd8\xc1\xee8\xfc\xea5\xdd\xb5\xb6\xb8\
\x00\xfb\x7f\xf5\xaa{\x8e\x0eB\x96a\xc89\xe4{\x8a\
c3\xa8\xe4\x0c\xa8\xe9\xb4\xf5\xfe^\x94\x00\xb0J\x02\
a\x88\x03\x1dO\x1c\xfbRI\x80\xd2\x04l\x12\x0f<\
\xff\x00\xfa\xa8\x8b$\x0d\xab\x87^\xe4\xf4\x1fJs&\
J\xe0\xab\x1c\xe39\xeb\x8e\x94\x01^ IR\x15\x07\
\x1f6\x18\x82>\x99\xab\xd6\xaf\xbbi\xc1\x00\x0e\xd9\x04\
}9\xf6\xa8\x94\x18\x0e\x00C\xc7F\x07\xbf#\xa1\xfc\
im\xb1\x1c-\xbdX\x8c\xe7\xe6\x04\x83\xeb\xd2\x80,\
\x80\xc0\xb6r\xce\xa3\xd0\x13\xcfNkSD\xbd6\xf3\
4S\xb0H[\xa6q\x85l\xe3\xf5\xac\x86E\xc7\xca\
9\xdd\x9c\xaa\xfeY\xef\xd6\x94,\x9c\xa8\xc8\x03\x188\
?\x86)\x0c\xee\xe8\xae\x7fD\xd5\xa2\x8e\xd1`\xbc\x91\
\xd6T\xc8\xdc\xe3\x82:\xf5\xadk[\xfb[\xacy\x13\
#\x12\x09\xc7C\x81\xedHe\xaa);R\xd0\x01E\
#\x10\xa3,@\x1e\xf5V\xe3Q\xb2\xb6\x0an.\xed\
\xe2\x0cp\x0b\xc8\x00\xcd\x00[\xa2\xb1f\xf1>\x91\x1b\
*\xad\xd8\x94\xb6q\xe5)~\x87\x1d\x87\xa8\xac\xadG\
\xc52\x5cF\xb1i\x91\xc9n\xe4\x9d\xf2\xce\x83(\x07\
\xa2\x8c\xe4\xfdi\x85\xce\xbe\x8a\xf3\xc3q\xa9\x9d\xed\xfd\
\xabt\x09_\xbc@\x03\xf0\x18\xfdqM\x1fh\x9d[\
\xce\xbd\xba\x98\xb0\xe4\xf9\xee\x01\xfc\x01\x03\xf4\xa2\xc2\xb9\
\xe8\xb4W\x9d\xb4\xb7\xb0\xa9hu\x1b\xe5)\xca\x82\xc5\
\x97\xafNz\xfe\xbd\xeb\xaa\xf0\xf6\xb25\x040\xdc|\
\x97\x91\xfd\xf5\xdaT0\xce\x03\x0f\xff\x00]\x16\x1d\xcd\
\xaa(\xa2\x90\x05\x14Q@\x05\x14\x8a\xc1\x87\xcaA\xfa\
R\xd0\x01E\x14P\x04X4\xa1jJ(\x01\x85M\
\x1b\x07\x1di\xf4P\x02\x15\x07\xb54 \xc8\xa7\xd1@\
\x0c\xd8\xbe\x94\xa1\x14v\xa7Q@\x05\x14Q@\x05\x14\
Q@\x05\x14Q@\x05f\xebZv\x97w\x03\x5cj\
\xf6v\xf7\x09n\x8c\xdb\xa5\x889U\xeaq\xc6{v\
\xad*\xe6\xbco\xae\x5ch\xf0\xe9\xb1X*=\xe5\xed\
\xdaB\x8a\xe3 \xae~o\xe8?\x1ah\x0e+Q\xf1\
E\x99\xb6\x96\xcb\xc0\x1a3\xfd\xaa_\x91\xae\xa0\xb5\xdb\
\xb4{`g>\xe7\x18\xaa\x1e\x09\xd05I5+\xbd\
\x12\xfe\xf1\xf4\xac\xa2\xdcO\x14@y\xd7\x08N>\xf8\
\xce\x00\xce1\x9e\xfd:\xd7\xac\xe9\xba\xa6\x9d{,\xf6\
\xda}\xcc\x12In\xc5d\x8e3\xca\x1c\xe3\xa7\xd6\xb9\
=M\x8a\xfca\xd1\xc4$\x82\xf6\x0e&\xc7\xf1/\xef\
1\x9f\xc4\x0f\xd2\xa92li\x5cx\x1bJ\xf3\xacg\
\xd3\x04\x9ae\xcd\xa1\x1b%\xb6\xc0,\x07f\xcf\xde\xfa\
\x9eOz\xea\xab\x94\xd6\x8f\x8bl$\x9e})\xacu\
+rK,\x13FRD\x1d\x94\x10@l{\xf3W\
\xfc'\xe2+\x7f\x11X4\xb1+Cs\x09\xd9qn\
\xe3\x0d\x13\xfa}85,\xa3r\x8a(\xa4\x01E\x14\
P\x01E\x14P\x01E\x14P\x01E\x14P\x01E\x14\
P\x01E\x14P\x01E\x14P\x01E\x14P\x01E\x14\
P\x01E\x14P\x01E\x14P\x01E\x14P\x01E\x14\
P\x01E\x14P\x01E\x14P\x01E\x14P\x01E\x14\
P\x01E\x14P\x01E\x14P\x01E\x14P\x01E\x14\
P\x01E\x14P\x01E\x14P\x01E\x14P\x01E\x14\
P\x01E\x14P\x01E\x14P\x01E\x14P\x01E\x14\
P\x01E\x15Z\xf2\xf6\x1b@\xbek\x1d\xcep\xaa\xa3\
$\xd0\x05\x8cR1U\x19b\x00\x1d\xc9\xac{\x8dI\
\xa6\x0e\x91.\xc4#\xef\x96\xf9\x8f\xaf\x1d\xaa\x00\xeb\x81\
\xfc\xcf4\xc0\xd6\x92\xedG\x11\x82\xde\xe7\xa5U\x92v\
bw\xe4\x8fA\xc0\x15M\xa5\xc6Nx\xc7\x15\x13\xce\
\x00\xc1c\x93\xcf \xd0\x05\x89\xa4Q\xceH\xe7\x8a\xa8\
\xf3\x96\xe0t\xf5\xc0\xa8\xbc\xc2:\x9c\xb7Q\x91Lg\
l\x90@\xc9\xea@\xc5\x02\x18df`6\xb1\xfa0\
\xce*\xab\xb7\x9b\x9f%\x99\xb0\x09*\xa0\x1cv\xc7\x15\
9\xce3\xc6\xce\xc0\x00\x07J\x8aT\x0e\xb8d$v\
'\x03\x8fz\x04A \x0d\x1b\xb0\xc0nw\x15]\xa3\
\xf9u\xf7\xa8\xd7 \x8c\x81\xb4\xf2\x09\x7f\xa7=:\xd4\
\xc1v\xf2\x15\x16A\x9c\x1d\xa4\x01\xf5\x14\xd0[,\xcc\
\xe2L`\x02\x13\x8c\x93\xf9\xfe\x1cS\x02\xb8\x93{\x91\
\x16Y\xf1\x8cn\x1f\xa7\xa8\xf7\xa72\x94e\xf3>\x5c\
\xe5I\x0d\x80\x06=}jTF\x01\x99\x81 \x8c\x90\
\x1b\xe9M\x00\xc8\xaa\xc3p\xday,\xfczp(\x02\
\x12\xb12\xe5\x0a\xb3 \x19\xea\xdf\x9e:t\xfetD\
\x0e\xc6\xdb\x82\x01\x1b\xb0\xc0\x8f\xa8\x07\xf0\xa9]\x9c\x82\
\xbb_p\x05H$\x13\x8e\xe3\xf2\xa7\xa2\xba\xb8\xf2\xc1\
Pz\xa8l\x83\xc8\xfc(\x02\x18T:\x02\xbb\xb9\x1c\
\x9d\xde\x99\xe4\xfe\xb4\xc0\x87\x04|\xc0(\xf9G\x97\xc9\
\x1d\xcezw\xabw\x18H\x14#\x02\xc4\xed#\x1d=\
{\xd3\x09\x0crWp\xc8\x00\x06*O\xbf\x1dh\x01\
\x91\xc0\xa4\xe4\xa3(m\xa0\x00>L{\x01\xefCF\
\x9ecy\x98\x0a\x0e\x07\x00~Y\xa9\xa5\x1b\x9c\x8d\xe4\
.r\x06v\xe7\x8cS\xd2\x12\xa9\x907 \xfe\x1d\xbc\
\x81\xf5\xa0\x06\xaeR06n?\xdd\xc8\x18\xe3\xae?\
\xad \x0cd@P8l\x90\xc1\xc1\xfav\xfc\x7f*\
|jV_\xe2\xf4\xdb\xb7\x19?Zpf\xdaq\xb8\
\xf6\xc6\xee\xbfL\xd0\x04d\xbfF\xea\x0f\x19\xc1\xc7^\
>\xbd)H\xc4x$l=\x0b>;\xfd)\xd2\x1c\
\x0c\xae\xee9\xc0\xc7\xf9\xebC\xa7\xcb\xc08=r\xc0\
c\x8fO\xf0\xa0\x06\x88\xc6\x1fsG\xcf<\x1c\xf1\xfe\
qK\x1aF\xd2\x95a\x83\x8c\xe1I#\x19\xff\x00\xf5\
\xd2\xb7\x11\x9c\x95\xc0\xf54\xa1A`\xea\xb8\x03\xee\x82\
\xc4\xfe^\xbf\xfdz\x006\xe5\x94\x91\xb65\x03\x91\xc0\
o\x7f\xf3\xf9\xd3Cck`\x02\xf9\xca\x9c\x1f\xf3\xc7\
\xa59\x81\x1f)r\x0f^\x1b\xaf\xb6;\xff\x00\xfa\xe9\
U\xb2\x80\xe4c\xe8@\xfd}\x8d\x00A)\x01\xb7a\
A\x93\xa6zs\x9e2i\xa7\xcb(B\x10\x09\xf4\xf7\
\xe9\x9a\x9d\x95\x95\xb7oR\x07$\xed\xe3\xf5\xe2\x98\xfc\
\xb6\x1c\xa1'\xfd\x81\x81@\x11n\x12\xa8vRX\x0e\
\xa0\x8c\xe7\x8c\x0f\xd6\xa4\xf3#\x8c\x13\xe7\x101\x92K\
g\x1f\x86>\x9dis\x9c\xb0v\x00w\xe81\xd3\xf2\
\xa6\xac\x22Vr7\x05\x1d\xc1\xeay\xa0\x06\xbc\x80\x15\
h\xd0\xb0V\xc0Q\xc63O\x89\xd3\x19\xc9_]\xcd\
\xd3\xa0\xebM\x8f\x08\xc46\x00Q\xb7%\x89\xef\x9e\x9f\
O\xc6\x94v!v\xe7\x82\xbb\xb3\xfc\xbd\xa8\x02\xea\xa7\
\x9a\xad\xbf\x04\x1e\x989\xfd:S<\xa7Rwy\x8c\
G\x03\x8e\xdd\xa9\xf6\xf9\xc9\x19\x00t\x00\x8c\xe6\xab\xdd\
jv\xf0\xb1\x89\x96G\xdaHb\x80\xf0}=\xe8\x02\
h\xd7p\xfd\xe28$gq\x18\xc9\xc7\xa7j\x92;\
d\xde\x09\x04\xb69\xc8\xe2\xb2g\xd6\xd5\xa1\x02\xde\x16\
\x12\x91\xc38\xc8\x07#>\x99\xa8?\xb5\xae.\xc4Q\
\xaa\xa4r&w\x1ey?On?:\x07s\xb3\x8f\
Y\x82\xca\x15\x86\xe1\xe3\x12\x85\xc4q\x06\x1b\x9b\x03\x80\
\x05A?\x8aDvJ\xe2\xcd\xfe\xd2N\x1a2\xe3l\
}9f\xfc\x7f\x1a\xe6\xed\x809v\x5c\x12N\x18\x8f\
\xbd\xc9\xcf\xeb\xda\xa6\x1f.3\x92x \x80:})\
X.:\xf2\xe2\xfa\xfd\xdaK\xe9\x95\xed\xf2@\x84&\
b\x03\x9eO\xafnMV66\xc8T$*\xb9?\
.@\x19?\x88\xab,\xbb\xdbw\x97\xf3\x0f\xbd\x91\x91\
\x9e\xff\x00\xce\x94\x02\xacDl\xb1\xafrW9\xfaz\
S\x11\x02\xed@I\x08\xb8\xc6@n~\x98\xc5,9\
`\x0a\x0d\xc0\x1eX\x9e\xfe\xf58\xcb/L\xb1\xe4\x92\
\xb8>\x94\xdd\x865]\xc1\xb8<\x1d\xdd\x85\x004\x14\
BVG \x06\xc8\x05\xb1\x9f^)\x0e\xd2r\x85v\
\xb6I\xeb\xeb\xd8\xd4\xdb\x0a|\xeb\xbcg\x04e\xf2x\
\xef\xcd9p\xc4eK\x01\xce\x09\xc7?\xe7\x14\x01\x0b\
\xb663ga\xe79\x07\x82y\xf7\xefKul%\
U\xcf\x98\xae\x87\xe5(y\x04t\xc7\xf9\xedS|\xca\
\x02\xb1>X\xfe\xf6I\x1f\x99\xa1\x8e\xd9A\x042\x81\
\xc7\xb9\xf7\xa0\x0bi\xac\xea\xc8\x91\xc7\x9bi\x08\x18.\
\xd10b}\xc6q\x9a\x9e-sP\xe5\xe5\x8a\xdf\x01\
3\xb0\x06\x04\xb6}y\xac\xe0F\xec\x90I\x03\xa8b\
G^\x98\xedL\x0aN\xd0X\x96\xe9\xc9\xce?\x0c\xd2\
\x1d\xcd\x09\xb5\xedI\xd3l\x11Z$\xa7\xfb\xc4\xb6?\
\x0c\xfd\x7fJ\x8a\xfbU\xbd\xbf\x85m\xde$\x85\x0f\xdf\
h\xe4\xfb\xfe\x80w\x1f\xadDQ\x87Q\x90y\x0c\x16\
\x91x\x8c\xf2\xe4\xfbq\x8e\x7f\xfa\xf4\x01\x0cV\xeb\x1b\
;B\x1a\x16B0\xf1\xcb\xd0\x01\xd7\xe9\x90kB\x1d\
OQ\x89\x83\x09\x84\xea\x07\xdc\x90\x0eO\xd4\x0a\xab!\
-\xceI\x1drOJtlKc\x0d\xc9>\x84\x7f\
*\x04k\xa6\xbf\x22\x90'\xb4Pq\x93\xb2Py\xfa\
\x10\x0d\x15\x94G`J\xe3\xa79\xa2\x81\xdc\xed(\xa2\
\x8aC\x0a(\xa2\x80\x0a(\xa2\x80\x0a(\xa2\x80\x0a(\
\xa2\x80\x0a(\xa2\x80\x0a(\xa2\x80\x0a\xe5'\xd0\xaf5\
\x0f\x1d\xc5\xa9\xdf\xf9cN\xb0\x8b\x16\x88\x1b%\x9c\xf5\
b;c\xfa-utS\x03\x07\xc4>\x1e]A\xe2\
\xbc\xd3\xe5\xfb\x16\xafo\xcc7(:\xfa\xab\x8f\xe2S\
\xfe}\xf9\xef\x0a\xe9z\xf4\xde8\xbd\xd6<Ek\x1c\
Em\xfc\x88Ln\x0au\x1fw\x92q\x8c\x9e}k\
\xbf\xa2\x8b\x85\x82\xa9Xi\x96v\x13\xdd\xcfg\x02\xc5\
-\xdc\x9el\xcc\x09\xf9\xdb\xd7\xf9\xfeuv\x8a@\x14\
QE\x00\x14QE\x00\x14QE\x00\x14QE\x00\x14\
QE\x00\x14QE\x00\x14QE\x00\x14QE\x00\x14\
QE\x00\x14QE\x00\x14QE\x00\x14QE\x00\x14\
QE\x00\x14QE\x00\x14QE\x00\x14QE\x00\x14\
QE\x00\x14QE\x00\x14QE\x00\x14QE\x00\x14\
QE\x00\x14QE\x00\x14QE\x00\x14QE\x00\x14\
QE\x00\x14QE\x00\x14QE\x00\x14Uy\xee\x92\
#\x81\xf37\xa0\xedY\xb7Z\x83(\xe2]\xa7\xd0b\
\x806\xaa\x0b\xbb\xa8-\x222\x5cH\xa8\xa3\xd4\xf2~\
\x83\xbdr\xd3\xcb+\xb3\x05\xb8\xb8\x05\x9b\xf8d#?\
O\xce\xa9\x8b8#\xdd!\xfb\xd9,K\x1c\xf0Gn\
}\xe9\xd8W:Y\xb5\xfb(\xe41\xc7\xe6L\xe3\xa8\
\x8dz~'\x15J_\x10\x5c\x16F\x86\xd0\x05\xe8\xea\
\xed\xf3g\xdb\x15\x9e\xaa\x98\x18$\x8eO\x7fJT\xfe\
\xea\xe7ol\xf5\xfch\x0b\x93O}wsp<\xdb\
\x87\x8a0p#\x88\x109\xf5?AP\xc5\xb5\x5c\xed\
\x05\xdb#,{\xfe&\x94\xeeVb\x9b\xb7\x0e\xf8\xce\
?:2\xddJ\xe4\x11\x81\x94\x03\xea(\x02]\xd8e\
8\xc0\x1c\xe47\xf9\xcd;p\xc1\xcb\x11\xef\x9a\x8d\x15\
\x8bm'\xe5<\x90O\x22\x82\xbc\x0c\xba\x82;q\xd3\
\xdb\xde\x80\x1eY\xb2\x09e#\xeb\x8a\x8d\xdc3\x02H\
/\xd9I\xe2\xa4c\x90N7\x0c\xe3\x920?\xcf\xf4\
\xa6`p\xa5\x89\x1dp1\xf3P\x03w\x10p2F\
z\x01\x91\xd6\x91rF\xe4\x00\xfb\xa8&\xa5\xe3nB\
\xe1\x81\xe7'\xfc\xf3@*[\x81\x82q\xeaN9\xa0\
\x08\x8a1s\x80\xc3\xe5\xc9\xe3\xfa\xd4EwF\x06\x1f\
\x05NO \xd5\xa1\x1e\xf2\xbf*1N\x07\x06\x85\x87\
\xae\x00\x19\x1d:c\x9a\x00\xa3$E\x8ev\x02\xc3\xf8\
\xf2x\xa3a\x10\x88\xd5\xb1\x90\x0b\x1c\x93\xd3\xfc\xfbU\
\xa6\x1f\xba\xda\xab\xd3\x8c1\xebK\xb5\x09\x1en\x01#\
\x1d8#\xeb@\x15\x1a\x12\xbd0\x0f\x04q\xfey\xa1\
\xa12\x15;2\xa3\x8d\xa5F\x00\xc7\x15d\xc7\xb7p\
\xc2\xf4\xc6\xd0\x0f\x1c\x9aj\xc4\x0e\xe2Pl=\xc1'\
#\xbeh\x02\x18\xa0;v\x97-\x81\x82:c\xf5\xff\
\x00>\x95\x1cQ\x97\xf9\x88p\xcd\xf7\x88`\x06>\xa2\
\xac,x;B\x11\x90s\xdb\x9f\xe7Lp\x01;\xc0\
\x04\x1f\x98\x0e}z\xd3\x11\x01\xe4\x96\x18\x04\xe0\x82\x1b\
>\xfdi2\x1d\xd976_\x04\x0c\xf4\xf6\x1c\x7f\xf5\
\xea\xccq\x90\xe1\xb8\x04\x8e\xb9\xfb\xde\xf4\xa01}\xca\
\x08 \x1f\xe3\x04\x91\xed\xfc\xff\x00\x0a\x00\xaf\xb5&m\
\xab\xb5\x83`a\x98\xf4\xfab\x92M\xbb\x81c\x97=\
\x14\x03\xc0\xcf5i\xa3\xf9\x14\x86`=A\xe9\xd7\xff\
\x00\xd5K\x8c0\x0cX\xe7\x1cg\x81@\x0c\x11\xb6\xc5\
f\xca\xfa\x8299\xfeT:\x06\xc9\xcbt\xe4\x04\xe4\
\x8c\xd4\xbe^p\x0e\x0b\x0e\x879\xe6\x9e!u\xe5\xc0\
\xdc\x06\x09\x19\xc1\xff\x009\xa4\x05p\xa42.\x18(\
\x07\x91\xd4{\xff\x00*r\xa0\xf3I\xdb\xbd\x87A\x8e\
\xbf^y\xab\x02<\x95\xc8\xe9L1\x96\x8c\x10\xa3p\
\xec\xdd\xe8\x02\xb0\x84+\xb6\x17\x84<\x1c\xfa\xf6\xa3.\
C.\xe0N\xd1\x8d\xbd3\xf9z\xd4\x9e^@\xf9\x02\
\xf3\xd7\x80s\xf8q\xebK\x86$mS\xce\x01 \xe0\
\xe2\x98\x0cr\xdf#?8\xe9\x80H\x1e\xff\x00\xa5#\
\xe0\xa1m\xbcw\x039\xcf\xb7\xe1\xec*r\xa1\x99\x86\
C\xa9\x1e\xb4\x8f\x19\x91\x0a\xf3\x8cc\xa8\xe0\x9a\x00\x8a\
1\xba,\x9f\x9f\x0aH$\xf7\x1d\xa9\x8a\x03\x13\x93\x81\
\x92HS\x9f\xad=\x95\x01\x0a\xcf\xc9\xe3\x04\xfb\x7f\xfa\
\xe9\xe659\xfb\xc7\x9e:\xf5\xa0\x08\xbc\xa52\x10\xa4\
\xf22\x1b`\xe0\x0e:\xd0\xa9\x1a\xa37+\x8eI\xdb\
\xd0{\x7f\xf5\xaa\xd4H\xcf\x92\xdd\x87l\xd3\x966\x1b\
6d+\x7f\xb3\x9f\xc7\x9a@TH\xf7\x8f\xbb\xd4\x0e\
O\x1f\xd6\xa4X6\x86\x04\x14\xcf\x00n\xf4\xfeU<\
\x9f\xb8\x84\x19\xb6\xa19\xf4\x5c\x9a\xe5\x9e\x19'C$\
\xc43\xee\xc89\xc0'8\xe7\xb6z\xf3Le\xedC\
Thn\x12;)\x22*\xa0\x87f\x04\xe4\xfa\x0a\xcd\
\xb7\x91\x91\x9cHC\x16b\xdb\xb7\xe4\x8c\xd3\x92\xddR\
F\xd9\x22\xec\xc1\xe1H\x04\x1c\xf7\xe2\xac\xb5\xb8\x04o\
\x01X\xf3\xc9\x19>\xde\xf4\x08\x87\xc9S\x90\xbb\x5cc\
%\x98\xf2q\xff\x00\xd75$q\xeep\xf2\x12@#\
\x96\x07\x03\x18\xc8\xcf\xe3Vc9\xc9 \xb1\x1c\x1c\x1e\
\x14U\x95\xc2\x11\x85\x1bH\xe0\x02r=?\xfdT\x08\
d{\xc1\x03i\x0aO\xf0\x83\xf8\xf3N\xc3yJ\xdf\
\xbc\x00\xb8\x18\x0b\x83\xd7\xda\x94\x04<\x02099\xc9\
\xef\xc8\xce:\xf3R%\xb9*\xed\xb1F\xf3\x9c\x81\xdf\
\xd7\x07\xf1\xeb@\xc5\x90\x16b\xe5\xa6\x07-\x81\x9e\x0f\
\x7f\xf3\xf4\xa8\xd63\xc1\xd8\x17$g\x93\xcdZ{e\
X\xc6[v\xd3\xc0^\x09\x1d\x7f\xa5+\x02\xb2\x02\x02\
\x93\xd4\xe4\xe7\xb7\xbd !\x0aY\xc0,08\x00\xfd\
i\xc8\x0a\xb8\xc7\xd0\x8d\xbc\xe7\xb5(\x8a7\x1c\x00]\
pv\xb09\xcf~?*T\x5c\xed'kg\x9c\x8c\
\x8c\xfe?\xe3@\x0d\xf27\xe5\x8e\x17\x9e\x1bh\xcd>\
E+\x16\xec\xee\xc9\xe3\x91\xcd?\xcb\x02<\x18\xf1\xc7\
L\x93\xf5\xfeT\x85\x09\xcf\xcb\xf7}})\x81\x06\xc2\
\x01,X\x0c`n|\x0f\xcb\x14\xe7\xe0\xf0@\xc8 \
\xf3\x8c{\xff\x00\xfa\xe9p\xb9\x00m;\x87\x18\xc6\x0f\
4\xbb\x99x\x1f\x90l\x1c\xe7\xa5\x00F\x85\x0f\xcd\xb8\
\x92\xbcg=\xff\x00*U\x0b\xb4\x15\xdb\xf2\x8c\x03\x93\
\x91\x9asn\xda\x0fE=>aJT\xee%w\x1c\
\xf4\x00\xf5\xfaP\x04h3!\x09\xb9\xb9\xc1*\x08\xc9\
\xef\x9a\x92L\xab`\xb7'\xb0\x19\xfeT\x81\xc9\x04a\
\xf7\x01\xce\xf3\x8a\x89\x15\xe4b\xe9\xb49\xe4\xe7\xa5\x00\
;\x03 \x82\xcd\xc9#\x0b\x80\x0f5,n\x0b1l\
\x85\xcfnA\x1e\x94\xd0\xa4\x001\x8e{\xe4R\xed \
\x12\x06y\x1c\x0f\xcb\x9a@H\x88\xaf\x1b)\x5c\x83\x8c\
\x9cf\x8aB\x9c\xfd\xdc\xa99 c?\xfe\xaa)\x81\
\xd9\xd1E\x15%\x05\x14Q@\x05\x14Q@\x05\x14Q\
@\x05\x14Q@\x05\x14Q@\x05\x14Q@\x11\xdcM\
\x1d\xb4\x12O;\x84\x8a5,\xecz\x00:\x9a\x8e\xca\
\xf2\xda\xfe\xddg\xb2\xb8\x8a\xe2\x16\xe8\xf10a\xf9\x8a\
u\xdd\xcc6v\xb2\xdc\xdc\xc8\xb1\xc3\x12\x97wn\x80\
\x0a\xf3\x9f\x06\xeb\xbae\x8d\xce\xa7\xabjWqY\xa6\
\xaft\x0d\xb5\xb9<\x84\x04\x80\xec\x07\xdd\xcey'\x8e\
)\xd8\x0fL\xae\x0b\xc6\xb6\xf7>\x17Y|E\xa2\xdd\
J\xbf\xbd\x06\xea\xd2W-\x14\xa1\x8e2\x01\xe8r{\
z\xf6\xefn\xfb\xe2&\x8dau-\xb5\xd4w\xd1\xdc\
F\xc5J\x18y>\xe3\x9eA\xedX\xba\xe7\xc4\x99F\
\x9f$\xdav\x85t\xd0d)\x9e\xf1\x0a\xc6\x09\xe9\x90\
:\xfd2)\xa4\xc1\x9e\x89\xa7\xdc\xad\xed\x85\xb5\xd2)\
U\x9e5\x90)\xea\x03\x00q\xfa\xd5\x8a\xe2\xbc'\xa4\
\xf8\x86]J-g^\xd5\xd8\xabG\xf2YC\x91\x1e\
\x08\xe3p\xe0\x0cg\xd3>\xf5\xda\xd2`\x14QE \
\x0a(\xa2\x80\x0a(\xa2\x80\x0a(\xa2\x80\x0a(\xa2\x80\
\x0a(\xa2\x80\x0a(\xa2\x80\x0a(\xa2\x80\x0a(\xa2\x80\
\x0a(\xa2\x80\x0a(\xa2\x80\x0a(\xa2\x80\x0a(\xa2\x80\
\x0a(\xa2\x80\x0a(\xa2\x80\x0a(\xa2\x80\x0a(\xa2\x80\
\x0a(\xa2\x80\x0a(\xa2\x80\x0a(\xa2\x80\x0a(\xa2\x80\
\x0a(\xa2\x80\x0a(\xa2\x80\x0a(\xa2\x80\x0a(\xa8\xa5\
\x99c\xe3\xa9\xf4\xa0\x09i\x8f\x22\xa7S\xcf\xa5R\x96\
\xf0\xe7\x83\xb4{sTf\xbb\xc1b\x0fN\xb4\x01\xa5\
-\xd9Q\xf2\x81\xf5\xebT./\xa4\xf9\x97\xe69\xec\
\x05Tgg-\xbb\xd0\xe3\xb5D\xdd\x0fv\xea\x07Z\
b\x1d,\xb2\x10v\x80\xa3\xbej\x09\x01l\x12\x0eO\
\xa7\xa59\x97x\xc8'=\x0e\x004\xaa\xa0\x02\x01\xe7\
\xb98\x14\x08\x8d\x86s\xb4\x93\x9es\xba\x924# \
\x05b9\xc8\xf5\xfe\xb5\x22\xa88\x0b\xb8c\xaex\xce\
(T \xfc\xa7\xa9\xe8M\x00#\x0c\xb3)\xe4\x9e\xf9\
\xc1\xfc8\xa6\x84\xca\x02\xc7\x1d\xc8\xc5?\x07\xd0\x9e\xa4\
\xfeT\xa8\x84\xa6\x08\x5c\x0c`s\xe9\xeb@\x0cR\xdb\
0\x03\x9cv#\x8e\xbe\xf4\xe5*\x1d\x8a)\xe9\xce\x07\
zx\xc8~>\xefQ\xdf\xf5\xa7l\x00\xf3\x9e:q\
@\xc8\xc2|\xe7pnFy\xa7d\xef\x07$\x11\xc6\
01\xd6\x9e\xaa\x11\xb3\x8c\xf4\xe4\x0e\x7fZr\x81\x92\
\x14/\xb0\xc7\xff\x00^\x80#eQ\x96-\x85\x1dI\
\x18\x19\xa7\x13\x80v\x9f\xa0\x06\x9f\x1a\x02pG\x1e\xbb\
{\xe6\x94\xaf#`\xcf~\xb4\x01\x1e\x0brw`\xfe\
\xbfJ\x06U\xb2\xacr8 \xe6\xa6\x0a\x03m\xeb\x9f\
\xa5H\xa0\x8e:\x01\xdf\x8fj\x00\x85c!\x89R\x18\
\x9e\xde\x9fJc\xae\xd0\x18|\xa7=\x8fj\xb4\x17\x03\
${\x1c\x9a\x8eD\xf9\xbb\x11\x8e\xe7\xb7\xa5\x00U\x90\
1<1\xed\x92\x0fJT;\x94\xe1\xc6=rH\xe9\
VZ0\xc4\xe7\x9c\xf4\x14\xff\x00+\xba\xf2}\x09\xa0\
\x0a\xac\x80\x1e\xf9\xecy\xa8\x9a>p\x00\x1e\x9c\x13W\
\xc4$\x9e~\xb8\xa1\xe2,0x\xf6\xa0\x0c\xe9UO\
`{\xe4\x03G\x96\xa5Fr3\x92>\x5c\xf7\xabb\
5*\xc4&{S~\xce\x9b\x0f\xee\xd4\x93\xd0m\xe9\
@\x15\xa3\x8dB2\xa6Kg\x82\xc4q\xf8\xd2\xf9\x0d\
\xb9N9#\xaf\x04\xe2\xac\xc7\x1e\xe1\x95L0\xeaq\
J\xab&\xf4C\xbbq\xee1@\x15N\xe0\x19\x18\x16\
\xc7|\x0cpi\xaa\xaac`\xc3\xe6\xe4\xe0\xb6\xe1\xd7\
5rH\x98(!\x0a\xb1\xeb\x9c\x1adq\x95B[\
;\x89\xc9\xcb\x0a\x00\xae\x88\xa0m\x0cFz\xed\x04\x1a\
v\x03eT*\xf3\x81\xc1\xcf\xe3W\x11>PH-\
\xcfv\xfeU\x22@FN}\xfaP\x05C\x1a1\xe0\
\x0d\xc3\xeb\x8ak&\x07\xca\xa3i\xcfc\xe9Z\x11\xc5\
\x8e:\x9e\xb4\xa6\xdc2\x8e\xc7<\xfb\xd0\x06a\xc1`\
\x1a&\xda9,@\xa6\xaa?\x9c\xa0\x15\x03<\x0fO\
\xf3\xe9Z\x06\x14I\x03\x102W\x92z\xd4Kf\xdf\
i.\x1f\x09\xd7\x85\x14\x01\x1a@\x14\x91\x828\xc7_\
j%\x80\xb0\xe3\x81\xe8O\x15\x7f\xca\x00s\x9c\x0e\x98\
\xa1\xa3\x04c\x9c\x1e>\x94\x5c\x0a\x06\x020\xea\x008\
\xe4\x81\xd6\x98\xb0\xb7R\xb8\xdb\xe8s\xc6=1W\x99\
\x0f\xdc\x07 \x0e\xa6\xa1\x1e\x5cr\x95y\x10\x12G\x0e\
\xdc\xd0\x04\x0e\xaa\xac\xbfx\xb7\xd0\xd4\x93\xce\x22\x81\xe6\
~\x8a\xa4\xe1\xbb\xfbR\xc9yh\x92`\xe5\xd8pJ\
\x8e??\xf3\xde\xb2\xe5f\xb9\x91\xdaM\xec\x0b6\xd5\
#\x1bF\x7f\xc2\x803\xd3\xe7\xe0\x99L\x8crO'\
\x1d\xe9\xd1\xa2\x85\xcaF\xecT\xe3\xa6\xd01\xd7\xdb\xf3\
\xab\x8a\x8b\xef\xbb\xa9;N~\x9cP\xaa\xab\x19VO\
\x94\xae\x17\x8e>\xa7\x91\xf5\xa6\x22\xacQ\xbeH\xc9\x0a\
y\xc1Q\x90\x7f\x0aQ\x08F\x0a\xcc77\xdd\x0d\x81\
\xc7Z\xb2\xf8e\xce\x14\x8e\xbc\x8f\xe9\xf5\xa9\x22\x8dN\
K)\x07\xa7*\x17\xbfc\xf9\xd0\x05`\xac\xa5FI\
\xcf\x19\x1d\x0dM\x1a\x12Ao1p?/\xaf\xaf\xe1\
V\x84%\xf7\x0d\xbc\x1c\x83\xcdJ\x88\x09\x1c}\xceG\
O\xe7@\x15Q~R\x81\xb2\x98\xeb\xcf\xf9\xf4\xa9b\
R\x11C\x01\x22\xe4a\xb3\xc7^3\xef\xfe\x15`)\
 v\xe7\xa0\xc74\xbb1\xc7Lr9\xe4R\x19\x09\
\x04p\x18\xe0\x0e\x85\xb3\xf8S\x0eCr\xf8\x1d9=\
j\xca\x82\xbcpG\xaei\xa65\x18\xeb\x91\xdf4\x01\
\x5c\x02H\x1b\xbbg\x04\x93\xc8\xfdi\x00\x1d\x87#\xa8\
9\xc6j\xc1B\x17\x00\x02:d\x1c\xe2\x91\x10\x80\x1b\
\xaf\xd6\x80!T\xcbd\xe0v\xe8\x7f_ZR\x83\xae\
\xdeO\xf9\xefS\x90\x18d\xe4\x81\xc7\x5c\x9a\x0a\x0c\x01\
\xb4~Y\xa0\x0a\xd2\x22\x90\xc4\x13\x81\xd7j\xe3\xa7\xbd\
!\x19\xc6\xdc\x80F;\x03\xf5\xab\x065PN\xd1\xe9\
\x90)6\xe3;@Py\xc0\x14\x01\x0a\xab\x02w\x0d\
\xa0s\x8e\xd4\xa41\x0a6\x9c\xe3\x19'\x1e\xfd\x7f:\
\x99T\xe3\xe6RGC\xc8\xa4\xdaq\x848\x1e\xd8\xa0\
\x08]c\x90\x80\xd8\xe7\x83\xbb\x92;\xd5r\x80\x02\xbc\
\xba\x8e\x83\xb7\xe3WYJ\x107\x1ct\x1f0\x04\xfe\
\x15\x1c\xeb\x9c\xed\xce}s\x9f\xce\x81\x15\xe3PH8\
Lc\x903\x8a\x90F\xa5\x8e\xc4\x0d\x90:\xe7\xf3\xc7\
\xa5J@T\x00\xb1\xeb\x8c\x91G=\xb9\xc7^3@\
\x0d\xc3\x01\x9d\xad\xc7u\xebEH\xca\x07*p=\x8e\
\x7f\x9d\x14\x0c\xebh\xa2\x8aC\x0a(\xa2\x80\x0a(\xa2\
\x80\x0a(\xa2\x80\x0a(\xa2\x80\x0a(\xa2\x80\x0a(\xa2\
\x809O\x15\xf8Z\xef\xc4WB9\xb5\x99\xa0\xd2\x88\
\x1b\xed#\x8c|\xc4\x1e\xbb\xbf.\xa0\xe3\x15\xc5E\xe1\
=&\xef\xc7\xd0ize\xbb6\x9f\xa7F\x1e\xf6F\
b\xdec\xf5\x0aOOA\x81\x8f\xe2\xf4\xae\xd7\xc7\x1e\
+M\x06%\xb3\xb4\x8d\xee5\x8b\x95\xff\x00G\x85\x14\
\x9cg\x80\xc7\xf1\xed\xde\xb8\x194\xaf\x11i\x1af\x9b\
d\xba\x8b\xdbjZ\xad\xd9o\xb3\xc3\x80\xfe\xac\xf2H\
\x0eN8\xe3\xa7Z\xb5q3\xda0=+\xcf\xbcM\
}\x0f\x89\xf5\xf8\xf4H\x99F\x99\xa7J.5+\x87\
8A\xb7#\xcb\xc9\xf7\xc8?\xfdcW\xfcp|L\
c\x86\xd7Dx \xb50\x96\xb9\xbf\x92@\x851\xd7\
?\xdd\x18\xe7 \x13\xf4\xc5r\xfaW\xc3\xabd\xd3d\
\xd4\xb5m\x5c\xdeZ\x047\x0c\x96\x8d\xf2I\x80Nw\
\x9e\xbd\xfb\x0f\xad$\x0c\xee\xb4O\x18h\x9a\xcd\xf4\x96\
v\x17`\xce\x87\x0a\xae\x0a\xf9\x9e\xeb\x9e\xb5\xd0\xd7\x9a\
ZhZo\x8c<\x1b\x05\xe6\x95\xa7\xc7\xa5_\xc3\xb9\
m\x9a7\xc6\xd6S\xc6X\x0c\x90}H\xc85\xdfh\
\xb1^A\xa4\xdaE\xa9\xcc\x93\xde\xa4ae\x91:3\
z\xd2hh\xbbE\x14R\x00\xa2\x8a(\x00\xa2\x8a(\
\x00\xa2\x8a(\x00\xa2\x8a(\x00\xa2\x8a(\x00\xa2\x8a(\
\x00\xa2\x8a(\x00\xa2\x8a(\x00\xa2\x8a(\x00\xa2\x8a(\
\x00\xa2\x8a(\x00\xa2\x8a(\x00\xa2\x8a(\x00\xa2\x8a(\
\x00\xa2\x8a(\x00\xa2\x8a(\x00\xa2\x8a(\x00\xa2\x8a(\
\x00\xa2\x8a(\x00\xa2\x8a(\x00\xa2\x8a(\x00\xa2\x8a\x8e\
Y\xa3\x88~\xf1\x80\xa0\x09*\xb4\x97\x00g\x07\x8a\xa9\
qz\xcc\x0e\xdf\x95\x09\xc0\xf5\xaaM+0\x04g\xe8\
\x074\xc0\xbd-\xd3\x1c\x85|U'\x9d\xdb\xa1 c\
\xbf_\xa5DX\x9c\x908#\xf5\xfc)\xa3\x04\x96,\
??j\x04\x06Fl\xe7\xaf\x1c\x13\x9aa\xdcX\x93\
\x82?\xbaNi\xcb\x8cnR\xa4\x0er)q\xd7\xe6\
\xef\xd4\xf5\xa0\x04\xce\x09\xe8\xbcv\xcfJ\x00\xf9\xb2\x0e\
I=H\xa3o\xccN\x09 u\xcd.\x07-\x95\xc0\
\xf7\xa0\x06\x94\x04\x81\xb7\x92px\xa7\x15\xdc\xb9`O\
\xa0\xdb\xdb\xbd=Pd\x85e\xcf\xa9\xc8\xa7\x948\xe7\
>\xa3h\xe9@\x10\x14<c\xee\xf7\xcd5\x86N\xd1\
\x921\x83\xf4\xab;A\x00av\xf5\x1d\xa8`:\x05\
\x03<t\xcd\x00B\x0b*\xae\x18\x81\x9ey\xedJ\x88\
r\xc7\x81\xb8\x9f\xa9\xa9Yp\xa3 \x165\x22!+\
\x8ca\x87\x5c\x1e(\x02\xbe\xdc\x82:\x1c\x91\xc74l\
\xee\x0f\x1c}\xe3V\xc2\x81\x8c\x82x\xa0(\x0d\xe8=\
\x01\xa0\x0a\xcc\xa1\x9b\xe6\xc7\x1e\xb4\xf6R\x00\x19\x1f/\
\xa78\xa9|\xbe~\xef\xbei\xf1\xa9\xdc\x01\xdaGR\
(\x02\x10\x99\x03\x8c~\x14\xa1q\xf2\x81\x8f\xc2\xac\x18\
\xbd3\xfa\xd2\x94\xe7\xfa\xe2\x90\xc8\x02c''\x9f\xd2\
\x9c\x17\x03\x1dEK\xb3\xb8\x1cP\x14c\x03\xf3\xa0\x08\
\xf6s\x83\xdb\xa1\xa4d\xc3d\x009\xeejp\xa4\xf6\
\xa5\xf2\xc1\x03\x8f\xd2\x80+\xec\x04\x16 \x03\xe9\xc5J\
\xab\x9e\xbc\xfdi\xcc\xb8\x1d\x09\xa7\x15\xfd\xdeF?*\
\x00hQ\xd3\xbf~h*N3\x9c{\xd3\xc18\x1d\
\xf8\xa7\x82\x09\xc6s@\x15\xfc\xb3\x90i\x8e\x06x8\
#\x9a\xb7\x8e\xb5\x13\xa0'\x80\x0eh\x02\x18\xc6\xd7#\
\xa9\xa7\xb2\xeep\xc7\xe9\xd2\x95c>a\xc88\xc7\xad\
JT\x03\x82F{q@\x15\xe6#\x03h,O\x1e\
\xd5\x09LH\x1c\xb7 c\x8e\xa2\xad\xc9\x11\x04c8\
\xf6\xa6yx$2\x8c\x1e\xf4\x00\xf4\x8d\x80\xc9?\xad\
9P\xfa\x0cT\x8a\x00@3\xc5)8\xfaP\x04j\
\x80\x11\x90\x0d8\x80\x17\x1d\xa9\xc3>\xbf\x8512\x15\
\x8bc\xa9\xa0\x08\x0a\xa4\x8cA\x1b\x80\xe0\x8fj\x95Q\
W\xee\x8c\x01\xc7\x15\x0a&\x19\x99\x81\x05\xb3\xc8\xa9\xf2\
\xab\xfcC\x9a\x00\x0a\x8e\xff\x00\xca\xa3u\xda\x098\x00\
w\xa2i\x82\x01\xb7\x96<{U)$\x92@\xc2]\
\xa4\x1f\xe1\xe9\xef@\x13O*\xc6\x9b\x86\x19\xf3\xf2\x8c\
\xf7\xac\xbb\x90\xd2\x17Y\x1bx p\x7f\x8b\x8e\x86\xad\
c$\xf08\xe7\xa7\xad5\xd4\x1c\x80\x01\xc7_zb\
)yx\x8f\xb1\xc7a\xc0\xc5(Q\xeaq\xec8\xab\
>^p@`1\xd0\x9f\xe5\xda\x85\x5c1\xe0\x9eO\
S\xdf\xd6\x80\xb1YSl\x838\x1cz\xf3\x8c\xfaR\
\xc7\x08?1\xdb\x93\xeaMYU\xdc8%\xb3\xd3\x92\
i\x15H\xfe\x10>\xb4\x01\x5c\xc4]\xb7\x1ew\x9c\x92\
\x07\xbf^j\xc2@\x06I\x19\xcfldu\xab\x11 \
e%\xb6\xfdEN\xb0\xfdG\xa7z\x00\xae\x8aXd\
\x0c\x0fqOX\xc3\x0c\x12x\xab\x09\x18\x19$~\x94\
\xbb@\xc7@(\x19\x02\xc7\xd4`g\x1c\x1aiQ\x92\
y\xf4\xc1\xe2\xac\x1e\xd8\xc55\x94\x9e\xa3\xf4\xa0Ef\
\xc8^B\xe0\xf6\xa6\xe0\x06]\xa7\x03\xdb\x1djWN\
\xbc~B\x98\xc0\x86\xc1\xfcN\xda\x00\x8b\x1d3\xfa\x1e\
iT\x9c\x82\x87<\xf1\x83\xdf\x1c\xd2\xb0\xc3\x8ey\xcf\
\x18\xa7\x0c\xe4\x9eW\x1d\xf3@\x0d\x19\xe7#\x0d\xdb\x9c\
\xd0x\xe0\xb1\xeb\xcf5&2\xa7\xa9#\xa74\xd1\x90\
3\xc6h\x01\x8d\xf3\x7f\x16=x<P\xa4\x8c\x84\xe8\
;\x8f\xf0\xa7\x14\xe0`g\x02\x91T\x9e\xbc7\xd74\
\x00\x9d\xf0O?LRp\x00P\x0e\x07\x7f\xebF7\
\x1c\x0fN\xb8\xf4\xa5\x00\xe3\x079\x1c\x82G\xeb@\x0c\
!\xd7r\xa9$\x1c\x11\x8e\x86\x90\x86\x18\x04\x92x\xe7\
=\x7f\x0a\x98\x82X\x03\x81\xfav\xa4e\x5c\x80\x18g\
\xd0\xf5\xa0\x08YX\x8c\x00\x00\xcf\x1c\xe3\xbd(\x5c\x0e\
Uz\xf2\x7f\xadNT\xf0;\x83\xd0t\xa4d\xdc0\
~e\xf4\xa0\x08\xc8\xdd\x8c\x92q\xf5\x14T\xa52q\
\xc6}(\xa0\x0e\x8a\x8a(\xa40\xa2\x8a(\x00\xa2\x8a\
(\x00\xa2\x8a(\x00\xa2\x8a(\x00\xa2\x8a(\x00\xa2\x8a\
(\x02\xbd\xd7\xd9\xa1\x06\xee\xe4D\xbeB\xb3y\xce\x06\
Qq\xcf=\x85x\xe2\xf8\xd3\xed~.\xbe\xd4\xadl\
\xe6\xbb\xbe(-t\xb8v\xe5T\x1c\xe5\x8f|\xf7\xc0\
\xf5#5\xec:\xa5\x85\xbe\xa7\xa7\xcfex\x85\xed\xe6\
]\xae\xa0\xe3\xf5\xac\xef\x0fx[H\xd0\x03\x1d6\xd4\
,\xcc0fs\xb9\xc8\xf4\xc9\xe8=\x85Rv\x06\x8c\
\x8b\xa9.\xf4o\x86\x97_\xf0\x90\xdc\xf9\xd7\xa6\xdaD\
vc\x92Y\xf2\x15s\xdf\xa8\x15S\xc3vsZ\xfc\
!\x96)\x03y\xb2X\xdcH\xab\xe8\x181_\xd0\x83\
\xf8\xd6\xdf\x8a\xbc/\x0f\x89'\xb07wS%\xb5\xb3\
\xef{u\xfb\xb2\xfd}\x0fl\xfa\x13[\xfeZy^\
^\xc5\xf2\xf1\xb7n8\xc7\xa6(\xb8X\xe4~\x122\
\x9f\x02\xd8\x85<\xab\xca\x1b\xeb\xbd\xbf\xa6*\xc7\xc4\xcd\
@i\xde\x0d\xbfa/\x974\xa0E\x1e\x0e\x09$\x8c\
\xe3\xf0\xc9\xfc+>\x1f\x02\xdd\xe9\xfetZ'\x88\xaf\
,,\xa4s'\x90#\x0d\xb4\x9fF\xc84\xebo\x87\
\x96Oy\x1d\xd6\xb5\xa8\xdf\xea\xd2\xc6r\x16\xe2L\xa7\
\xe298\xf6\xce(\xd2\xf7\x11\xd3\xf8y\xa4}\x03L\
i\x99\x9aSk\x11r\xc7$\x9d\x839>\xb5\xa1H\
\x00\x00\x000)jF\x14QE\x00\x14QE\x00\x14\
QE\x00\x14QE\x00\x14QE\x00\x14QE\x00\x14\
QE\x00\x14QE\x00\x14QE\x00\x14QE\x00\x14\
QE\x00\x14QE\x00\x14QE\x00\x14QE\x00\x14\
QE\x00\x14QE\x00\x14QE\x00\x14QE\x00\x14\
QE\x00\x14QH\xcc\xaa2\xc4\x01\xeah\x01i\xae\
\xea\x83.\xc1G\xb9\xc5S\xb8\xbd\xea\xb6\xe3-\xfd\xe2\
8\xaaRn\x98\xabH\xc5\xce8\xce\x06(\x02\xd5\xcd\
\xf1c\xb6\xdc\x8d\xb8\xe5\x8f\x1f\x95Pf\xc8\xc19\xc8\
\xe4\x9eM=\xbas\xc6:`\xd1\x90\x0eH\xdcq\xeb\
\xcd0!`W\x04\xb2\x90~\xb4\x10\x06H\x00\x923\
\xeb\x8a\x90\xe0\xe7\x8e\x9d8\xa6\xb4j0\x00$w\xce\
}\xe8\x10\xc2\x09\xc8\xe7\xaeF\x16\x90\x82\x09Q\x90\x0e\
FBg\xda\x9c\xc8=\x0e8\x1d)\x02\xe7\x1d\x80\xe8\
\xc6\x80\x1a\xd8?s#=\x06)v\xed^:\xfbb\
\x9e#\xc1;\x99\x8e=\x874\xa5F\x07~8\x1cP\
\x04j\x15I\xde\x099\xe4\x16\xa7\x04\x0aN\xd3\xfa\xd2\
\xa2\x1c\x80G\x18\xa7\x04\xc6I\x1f\x95\x00'\x04c\xa0\
\x1f\x85</\xa7?J\x09\x04\x1c\xf0}\xe92\xad\x8d\
\xbbI>\xbcP\x03\xb6\x8es\x9e)O#\x1c~4\
\xa0e\x86q\xe9\xefFv\x9c`\xf5\xf4\xa4\x00\xa8\xa3\
<\x0c\xe7\xd2\xa4@\x07\x18\xe7\xe9J\xa1\x99rG\x1d\
zS\x80\xe8[?\x88\xa0c@\xc1\xff\x00\xeb\xd2\xe3\
\x9cc>\xf4\xf0\x98\xce9\xefO\xdb\xceM\x00G\x83\
\x9ez\x8e\x9c\xd3\x94\x1e\xf9\xa7\xed\xe6\x94\x0cw9\xa0\
\x04\x02\x82\xb9\xf7\xa9\x00\xcd.\xde(\x02\x000}\xa9\
\xea\x9c\xf0\x059\x97\x8cR\x81\x8a\x00hNrz\xd1\
\xc0\xfaT\xc0w\xedH@=\xa8\x02 0\x08\xc7Z\
@0O\x1cT\xdbs\xc1\xa4\xdaGNh\x01\x91r\
pi\xcf\x10\x04\x11Jb\xcbs\xc7z6s\xc8\xc9\
\xa0\x062\x90r2i\xaa\xa4\x9fj\x9fw\x1d)\xa0\
\xf3@\x08W\x22\x8c\x0c\xd3\xc9\xf6\xa4\xe0\xfe4\x00\x80\
SYz\x9a}!\xa0\x06\x05\xc9\xe7 \x0e\xd4\xa4s\
N\xa3\x14\x00\xd3\xd3\x8aB21N5\x14\x9b\x9a\x80\
\x09X*`rzUP\x01l\x93\xce*M\xb8\xf5\
\xa6\x9cq\xd3\xf1\xa0\x06l\xc7\xd0w\xa8\xca\x0c\xf1\x90\
jl\x0f\xe1\xc7\x14\x9bz\xf1\xd7\xd2\x80+\xb2\x02\x0e\
q\x8cd\xf1\xfaR\x10\xbd6\xf2?\xd9\xab\x0cI\xe0\
\x02O\xa6)\xac\xac\x1b\x90A\xecqLD!C/\
\x03\xaf\xa5\x0a\xa3\xa7\xa7\xbdK\xe5\x83\xc1<\xfd*U\
NF?:\x00\x81\x14\xe3!H=\xf9\xa9\x123\xc9\
\x07\x0cO5<q\x10x\x1cT\xab\x1f\xa9\xa0dQ\
G\xf2\x8c\x8a\x95S\x15 \xe3\xd6\x8a@D\xcbHG\
\x1e\xb5)\x00\xd3q@\x11\x01\xc7Jc\x05\xc7\xff\x00\
Z\xacc4\xd6^9\x14\x01]\xd4\x11\x8e\xa7\xae\x0d\
F\xeb\xc0\xc0\xe9\xd8qV\xf0r8\x1e\xf5\x19S\xd4\
\x8cc\xb5\x00T\x0b\x83\x80\xbbsJ\xa8\x0f\x5c\xe3\xf0\
\xcdY*\x08\xe9\x90iJ\x0cp2i\x81T\x02\xa5\
\x8e\xdf\xd4sHT\xe0\x8cq\xd7\xadY\xd8\x00#\x14\
\x9bp\x0f\x1d}\xe8\x02\xa9\x05Cg\x04\xe3\xb9\xa3i\
9*@\xc7\xaejf^\xbd\xc7\xb9\xe2\x97\x83\xc6\x08\
\xed\xcf4\x08\x87\x00\xaf8\xc8\xa5#$\xf0\x00\xce0\
\x17\xb5K\xe5\x82I \xf1\xd2\x95c\x18\x19\x1c\xf1@\
\x11\x84\xdb\xcf'\xbfN\xd4\xa1A\xe4\xe7?N\x95\x22\
\xae\x0e\x00\xebN\xdb\xc6\x01\xe3\xd0\x0aC!\x0b\x8eO\
?\x854.Xn\xce3\xd75c`\x1e\xbf\x8d3\
g\xcd\xc5\x003\x0ay\x03\x1e\xbc\xd1Ry\x7fJ)\
\x88\xd8\xa2\x8a)\x0c(\xa2\x8a\x00(\xa2\x8a\x00(\xa2\
\x8a\x00(\xa2\x8a\x00(\xa2\x8a\x00(\xa2\x8a\x00(\xa2\
\x8a\x00(\xa2\x8a\x00(\xa2\x8a\x00(\xa2\x8a\x00(\xa2\
\x8a\x00(\xa2\x8a\x00(\xa2\x8a\x00(\xa2\x8a\x00(\xa2\
\x8a\x00(\xa2\x8a\x00(\xa2\x8a\x00(\xa2\x8a\x00(\xa2\
\x8a\x00(\xa2\x8a\x00(\xa2\x8a\x00(\xa2\x8a\x00(\xa2\
\x8a\x00(\xa2\x8a\x00(\xa2\x8a\x00(\xa2\x8a\x00(\xa2\
\x8a\x00(\xa4'\x03&\xa1\x17\x08H\xe0\x85=\xe8\x02\
z*6\x95\x15wd\x1fJ\xae\xd2\xc8\xdd\xc2\x8fj\
\x00}\xd5\xc7\x96\x0a\xc7\x83'\xe8>\xb5Q\xe4y\x08\
2\x10G`:\x0ap\x5c\x13\x86<\xd2\x15\xdc\x09\x5c\
dP\x04x\xc7@\x7f*i\xed\xc75)P:f\
\x93i\xe7\x9f\xd2\x80#\xeeF\x09\x19\xa4\xe7\x82\xa0\xfe\
c\x9a~\xdcc\xdb\xda\x99\xc9\x00\x13\x8f\xc3\x14\x08F\
\x04\x12O\x1f\x8fJi\x00\x9e\xbe\xfdj_q\xfd)\
\xa7\x07\x928\xe9@\x0c?t\xf1\x93\xcfC\xcd \x8f\
\xa1Q\x95\xcfN\xb4\xe0\x06\xec\xf6\xe9\xcd(N\x9c\x9e\
\x0f\x1c\xd3\x01\x9bI\xc8\xc7^)B\x85\x5c\x82\x14\xfa\
c\x19\xa7\x15\x18\xe0~T\xaa\x9cg\x00\x0f\xa6h\x01\
\x80\x0c\x91\xf8\x9e3\xda\x94\xf4$\xf4\x15\x22\xe4\x1ex\
\x1e\xa4S\x84\x7f\xfe\xbaC#\x0b\xc0+\xd7\xbf<\xd2\
\xaas\x8e\xdfZ\x90G\x81\xb74\xe6Rq@\x15\xf6\
\xe4\xe4\x1eGz\x964\xdc\xb9<\xd2*\x9fps\xd7\
8\xcdN\x14\x00q\x9e\x9d\xe8\x01\x14m\xe9\xfa\xd2\xa8\
\xcd\x03\x9e\x07\x14\xe5\x04\x10s@\x0a\xab\xc6;{\xd3\
\xfb\xf1J\x01\xa5\xc6(\x01\xbb}\xa9\xc1x\xe2\x94\x8e\
E8\x02\x08\xa0\x04\x0ax\xcd+\x0c\x0cS\x80 \x1e\
\xf4\x85O4\x00\xdd\xb4\xd2\xbe\xbd*lq\xefI\x8c\
\x1e\x94\x00 \xe2\x80\x9d\x07jU\x18\xcd:\x80\x13\x14\
R\xd1@\x057\x1c\xd3\xa8\xa0\x08\xca\xd2\x11\x8a\x93\x14\
\xd6\xa0\x06\xe2\x93\x14\xb4\xb4\x00\xca)M\x0b\xd6\x80\x13\
\x18\xa6\x9e\x9d*\x5cSH\xa0\x08\xc8\xf7\xa6\x11\xe9\xfc\
\xaa\x5cR\x11@\x15\xc8#\x19\x1dh#\xf2\xa9\x1ds\
\xedM\xc7\xad\x00G\x8e\xf9\xa6\x91\x81\x9f\xe9S\x11\x9a\
E_S\xc7\xa6h\x02\x12=\xbf\x1a1\x9c\x0e\xbe\x95\
)N\x94\xe4M\xa3=(\x01\x821\x8ej@\x9d\xf1\
\xcf\xd2\x9c\xabO\xc5\x00\x22\x8c\x0a\x5cQE\x00-&\
(\xa5\xa0\x06\xe2\x8c\x0aZR(\x01\x84~tc4\
\xe1E\x003nO\xbd&\xcey\x1cT\xc1ri\xdb\
x\xa0\x08\x00>\xd4\x84g\x9cT\xe5{Sv\xe3\xa8\
\xa0\x08\x18\x12\x0f\x1d\xa9\xa4\x1e*r)\xbby\xa0\x08\
\xb1\xdb\x1d\xa9\xa63\xb7\xa7\xafZ\x9c/\xe5\xf4\xa5\xd9\
\xeb\xcd\x00W\xda;\xff\x00:\x02\xe0\xf5\xab\x1bi6\
\x03\xda\x80!\xdb\x96\xe9\x83F\xc3\xc0\xc5X\xf2\xf9\xa7\
l\x1e\x94\x01]c\xe7$sJ\xd1\xf3\x9e\xb8\xa9\xf6\
\x8aR\xb4\x01T\xa1\xc7\x1f\x96(\xab[h\xa0\x09\xe8\
\xa2\x8a\x00(\xa2\x8a\x00(\xa2\x8a\x00(\xa2\x8a\x00(\
\xa2\x8a\x00(\xa2\x8a\x00(\xa2\x8a\x00(\xa2\x8a\x00(\
\xa2\x8a\x00(\xa2\x8a\x00(\xa2\x8a\x00(\xa2\x8a\x00(\
\xa2\x8a\x00(\xa2\x8a\x00(\xa2\x8a\x00(\xa2\x8a\x00(\
\xa2\x8a\x00(\xa2\x8a\x00(\xa2\x8a\x00(\xa2\x8a\x00(\
\xa2\x8a\x00(\xa2\x8a\x00(\xa2\x8a\x00(\xa2\x8a\x00(\
\xa2\x8a\x00(\xa2\x8a\x00(\xa2\x8a\x00(\xa2\x8e\x94\x01\
\x0c\xcc\xd9\xc0\xe9P\x11\xf4\xa9OSM\xc5\x00FW\
\x9e\x05\x00\x0c\x1ay\x19\xefH\x07Z\x00a\x18<P\
E?\x03\x14\xd3\xf8s@\x0d'<c4\x87\xaf\xbe\
:S\xf1\x9fLRm\xcfJ\x00\x8d\x874\xd2\x0e\x00\
\xe7\x15.\xdc\x1fZ\x5cq\x80(\x02\xb8\x18\x04\xfc\xb4\
\x0f\xbb\x81\xfc\xaaF^s\xd2\x93\x19\xceI?S@\
\x0c*Fs\x9cc\xb74\x03\x8e8\xc5O\x8d\xdft\
\xf3\xd3\x9aj@\xef\xca\x81\x8c\xe3&\x80#ER\x07\
$T\x9bW9\xef\x8a\xb3\x15\xaa(\x05\x89f\xc7~\
\x958U\x18\xe0q\xc5\x00QE';Fi\xd1\xdb\
;&\xe7$?a\x9a\xbbK@\x14D{I\xea\x0f\
\xd2\x95c!p\x01#\xa8\xcd]\xa2\x80(\xaa`\x1e\
0\x05=A<\x00sV\xe903\x9cs@\x10,\
D\xf5\x18\xa7,g\xe9SQ@\x0c\xd9\xd3\x9e(d\
\xce)\xf4P\x04{\x0f\x18\xa3'85%\x14\x00\x82\
\x96\x8a(\x00\xa2\x8a(\x01)h\xa2\x80\x0a(\xa2\x80\
\x0a(\xa2\x80\x12\x90\xd3\xa91@\x0c\xc5\x04S\xc8\xa6\
\x9a\x00i\x14\xabN\xc5\x1by\xa0\x044\x84S\xb1F\
(\x02<Rc\x8a\x97m\x1bh\x02\x12)\x0a\xe6\xa7\
\xda;\xd1\xb4P\x05r\x9c\xf4\xa0'z\xb1\xb4Q\xb6\
\x80!\xc6)H\xa9\x0a\x0a<\xb1\xeah\x02,b\x8a\
\x90\xc7\xefG\x96}h\x02:1Ry~\xf4y~\
\xf4\x01\x1e=h\xc5I\xe5\xfb\xd1\xe5\x9fZ\x00\x8f\x14\
\xa0S\xc2\x1fZ6\x9a\x00f)\xca\xb9\xa7\x054\xe0\
(\x01\x02\xd2\xe2\x96\x8a\x00a\x14\x84T\x94\x86\x80#\
\xdbF\xda~)h\x02=\xb4\x15\xe6\x9fA\x14\x00\xcc\
sJ\x05-\x14\x00\x94b\x94\xd1@\x09F)i(\
\x00\x22\x8a(\xa0\x09(\xa2\x8a\x00(\xa2\x8a\x00(\xa2\
\x8a\x00(\xa2\x8a\x00(\xa2\x8a\x00*\x0b\xd6e\xb6s\
\x1blrB\x86\xc6pI\x038\xfcjz\xcf\xd6\xee\
\x22\xb6\xb2\x0d3m\x1ebt\x19\xe8\xc0\xff\x00J\x00\
\xa5?\xdb\xa0\xd5,m\x8e\xa0\xee\xb3o\xdc|\xa4\x18\
\xc2\xe4v\xfa\xd6\xe2\x82\x14\x02r}}k#P`\
\xfa\xde\x8a\xc8r\xace9\xf5\x1eY\xad\x8a\x00(\xa2\
\x8a\x00(\xa4\xcd\x19\x1e\xb4\x00\xb4Rdz\xd2\xd0\x01\
Eq\xfe/\xd7\xb5\xdd-\xb7Xi\x96\xdfg\xde\x10\
M<\xc1\x8b\xe7\xd1\x01\x04~u\xb9\xa0\xde_^\xda\
\x07\xd4l\xd2\xdaN0c\x99dG\xf7\x04t\xa0\x0d\
J(\xa2\x80\x0a(\xa2\x80\x0a(\xa2\x80\x0a(\xa2\x80\
\x0a(\xa2\x80\x0a(\xa2\x80\x0a(\xa2\x80\x0a(\xa2\x80\
\x0a(\xa2\x80\x0a(\xa2\x80\x0a(\xa2\x80\x0a(\xa2\x80\
\x0a(\xa2\x80\x0a(\xa2\x80\x0a(\xa2\x80\x0a(\xa2\x80\
\x0aF\xe8ih\xa0\x08\x0fZJ\x95\x96\x99\x8a\x00a\
\x14\xd0=\xf3R\x11\xe9J\xa9\xb8\x9c\xf1@\x11\x91F\
\xde*p\x80\x1aR\xa0\x8cb\x80+\x11\x80z\xd2\xf9\
L9\xc1<u\xab \x000)h\x02\x98ROL\
\xf7\xa4\xda\xddv7\xd7\x15s\x8c\xe7\xbd-\x00T\x10\
\x17'vG=\xe9\xc2\xd4g\x97b*\xcd\x14\x00\xc4\
\x8dT|\xaa\x05>\x8a(\x00\xa2\x8a\xc6\xf1=\xed\xcd\
\x9d\xac_d\xc2\x19\x1fkHWv\xc1\x82x\x1e\xb4\
\x01\xb3Ed\xf8wP\x96\xfa\xd9\xd6\xe26\x12\xc2B\
\xb3\xe3\x01\xf8\xea?\xaf\xbdh]\x5c\xc3k\x09\x96\xe2\
E\x8d\x07s\xfc\xa8\x02j+&mz\xca4\x06?\
:bz,q\x9c\xfdy\xc0\xaao\xaf\xcc|\x89b\
\xb3e\xb6~\x09\x90\xe0\xe7\xd3\xd34\xec\x07EER\
\xb1\xd4\xa0\xbcP\x10\xed\x97\x191\xbf\x0c*E\xb8I\
e\xc43F\xc12\x1dW\x93\x9e\xdd\xf8\xefH\x0b4\
UK\xbb\xfb{=\x82\xe2@\x85\xf3\xb4`\x92q\xd7\
\xa52\xde\xfd.\xe0w\xb4*\xec\xae\x14\x8e}z\xf3\
\x8e\xdc\xd0\x05\xdc\xf3KLRK\x01\x8e1\xd7=\xe9\
\xf4\x00QE\x14\x00QE\x14\x00QE\x14\x00QE\
\x14\x00QE\x14\x00QE\x14\x00QE\x14\x00QE\
\x14\x00QE\x14\x00QE\x14\x00QE\x14\x00QE\
\x14\x00QE\x14\x00QE\x14\x00QE\x14\x00QE\
\x14\x00QE\x14\x00QE\x14\x00QE\x14\x00QE\
\x14\x00QE\x14\x00QE\x14\x00\x98\xa3\x14\xb4P\x03\
J\xd1\xb6\x9dE\x007\x14\x98\xa7\xd1@\x0c\x22\x8a}\
\x14\x01\x1d\x15%\x14\x00QE\x14\x00QE\x14\x00Q\
HH\x1dH\x14\xb4\x00QE\x14\x00QE\x14\x00V\
~\xaf\xa7\x7fhG\x1a\x89<\xbd\x8d\x9c\xe35\xa1E\
\x031\xaf#\x11j\xda$k\xc8O1G\xe1\x1dG\
\xe2\xedqt=4H0n%m\x91\x03\xd8\xf7?\
\x87\xf5\x15>\xa5\xff\x00!\xcd\x1f\xfd\xe9\x7f\xf4\x0a\xf3\
o\x8b\xd7\xfb\xfcEml\x0eV\xde\xdc6=\x19\x89\
\xcf\xe8\x16\x98\x98\xc7\xd7\xee\xe4}\xd2\xddN\xc4\xfa\xb9\
\xc5*\xebr\x1e\x0c\xb2\x1f\xabW\x22\x93\xfc\xbdx\xc5\
/\xda\x06:\xe4\xfbS\xb0\xaev\x0f\xaber\x5c\x9f\
\xc6\xa1m`\x83\x80\xd9\x02\xb9_\xb4\x16\x03\xae)<\
\xe6?-\x16\x03\xa1\xb8\xd6\xd9U\x98\xb0\xc0\xae\xbf\xc0\
^%\x12Y_-\xe4\x99\x8a\xda?8\x1c\xe4\x81\xdc\
\x7f*\xf2-NS\x1d\xb0\x19\xe5\x9b\x1c\xd7I\xf0\xce\
1}\xa8\xcdb\xc7\x02\xe6\x09#\xcf`q\xb8\x1f\xc0\
\x80h\xb0#gW\xd6f\xd5\xeeZy\x9b\x08?\xd5\
\xa0<(\xff\x00=\xeao\x0f\xeb\xd7:d\xa0#\xe6\
\x16<\xa3}\xd3\xfe\x07\xde\xb0\xe5\x86X.$\x86P\
RH\xce\xd7S\xd8\x8e+\xaf\xf0.\x89\xf6\xc9\xfe\xdd\
r\xb9\xb7\x8c\xe1T\x8e\x1d\xbf\xc0R\x19\xe8q>\xf8\
\xd1\xf0Wp\x07\x07\xa8\xa7\xd5&\xd3\xd1rmd\x92\
\xd9\x8f\xfc\xf2?/\xfd\xf2r\xbf\xa5.\xfb\xd8~\xfc\
q\x5c.z\xc4v6>\x84\xe0\xfeb\x90\x17(\xac\
\xeb\xad^\xd6\xd6\x03%\xc34-\xd0$\xa0\xa1c\xe8\
3\xd7\xf0\xcds>\x1c\xd5\xaf\xbcA\xe2I\xc8\x99\xa3\
\xd3\xec\xbe\xf2'\x01\xdc\xf4\x07\xd4\x0e\x7f*\x00\xed\xe8\
\xa2\x8a\x00(\xa2\x8a\x00(\xa2\x8a\x00(\xa2\x8a\x00(\
\xa2\x8a\x00(\xa2\x8a\x00(\xa2\x8a\x00(\xa2\x8a\x00(\
\xa2\x8a\x00(\xa2\x8a\x00(\xa2\x8a\x00(\xa2\x8a\x00(\
\xa2\x8a\x00(\xa2\x8a\x00(\xa2\x8a\x00)\x08\x06\x96\x8a\
\x00n\xc1\x9ei@\x03\xa5-\x14\x00QE\x14\x00Q\
E\x14\x00QE\x14\x00QEdx\x82\xdbQ\xb8[\
v\xd3'1\x98\xdb.\xa0\x80[\xd3\x92\x0f\xe5@\x1a\
\xf5\xcfjZ\xae\xa3e\xa906\x91\x9b.\x02\xb1$\
\x168\xeb\x91\x90;\xf0j\x0b8<C\xf6\xe8L\xf3\
\xe2\x05\x90\x997\x94\xc1_`\x06~\x95\xa1\xfd\xabe\
\xa9\xda]\xc3\x0d\xd0\x85\x881\x87s\xb7\x920\x08\xcf\
Z`\x1a&\xa7u}sr\x97\x16\xc28S\x069\
\x178onz\x9a\xbf\xa8\xda\x8b\xdbG\x80\xbb&p\
C\x0e\xc4\x1c\x8f\xadq\xff\x00d\xd5!\x0f\x09\x8a\xe8\
/'u\xbc\x9f#\x0c\xe3=j\xf5\x97\x88n\x12$\
Y\xad\x84\xc8\xa0\x03*\xc9\x86=9 \x8cz\xf7\xa2\
\xc1r6\x8e\xfbD\xbc\x13\xb1K\x83((\x02\x06T\
\x00`\x92\xc3\x9e}?\x1ad\x97\xd7\x1a\x93#\xce\xf1\
\x88\x15\xf7,J\xbd\x0fNI\xe4\xf7\xf4\xa8u\x9b\xeb\
V\xba{\xf6\x96{IUU\x02\x15\xdc\x5c\xf3\xd3\x07\
\x8e\x00\xfe\xb5\x83u\xa9\x5c\xdc\x96\xf9\xf6\x07\xceX\xf2\
\xc4c\xb9\xaaJ\xe4\xb6n\xdc\xcf\x04\x19\x12\xba\xae\xee\
\x99=~\x9f\x9dW\x93ZX\xec\xc4+t%\x8d\x06\
Df=\xfb\xb9\xe9\x93\xf5\xfd+\x9a;]\x8e\xe5.\
\xc3\x92I\xefRo\x03\x19\xc6?\xbb\xe9U\xca+\x9b\
\x90\xeb\x16\xf0\x5cE?\xd9\xdf\xe4m\xc1\x15\xb9\xe9\xea\
\x7f\x95X\xd3R\xd6\xf5d6W\x8b\x14\x8b\x92VP\
Q\x8ey<\x83\xcf\xbe+\x9c\xdeJ\xf4]\xbe\x9dq\
Mhc\x95yPO|\x8a9B\xe7\x5c\xd2\xce\xcc\
c\xbe\xb6[\xd2\x9c!Rw(\xfa\x81\xc8<\x1a\xbf\
\xa5_\xe9\x96b]\xab%\xbc\x8f\x82\xc2@I8\x1d\
\x01\xfc\xeb\x86\x89\xe5\x8b{Gp\xf13\xf0J\xb9\x04\
\xd5\xfd?PA3\x0b\xf8~\xd1\x1b\x05R\xdb\xca\x95\
\x039<rI\xe0\xd4\xb8\x8d3\xbd\xb6\xd5\xac\xee\x1c\
$3\xa9rp\x15\x81R\x7f:\xd0\x0cH\xaeN\xd6\
\x1b\x0b\xa7\x12\xe92(n\x85[<\x90s\x9c\x9e{\
WK\x11*\x8a\x09\xdcq\xc9\xf5\xa9e\x16s\xde\x96\
\x98\xa7'\xda\x9fH\x02\x8a(\xa0\x02\x8a(\xa0\x02\x8a\
(\xa0\x02\x8a(\xa0\x02\x8a(\xa0\x02\x8a(\xa0\x02\x8a\
(\xa0\x02\x8a(\xa0\x02\x8a(\xa0\x02\x8a(\xa0\x02\x8a\
(\xa0\x02\x8a(\xa0\x02\x8a(\xa0\x02\x8a(\xa0\x02\x8a\
(\xa0\x02\x8a(\xa0\x02\x8a(\xa0\x02\x8a(\xa0\x02\x8a\
(\xa0\x02\x8a(\xa0\x02\x8a(\xa0\x02\x8a(\xa0\x02\x8a\
(\xa0\x02\x8a(\xa0\x02\x8a(\xa0\x02\x8a(\xa0\x02\x8a\
(\xa0\x02\x8a(\xa0\x08/-\x92\xea\x06\x8aL\x80{\
\x83\xc8\xae3Y\x97W\xd0f\x0e\x8d$\xb6}\xa4^\
@\xfa\x8e\xd5\xddS]\x16D)\x22\x86R0A\x19\
\x06\x808+o\x1e2\xe0O\x12I\x8e\xb8;Mi\
\xc7\xe3\xbd0\xe0K\x1d\xca7|(#\xf9\xff\x00J\
\xa1\xe2_\x04\xa4\xbb\xee4\xbd\xaa\xddL,x?C\
\xda\xb8\x1b\xcb)\xec\xdd\xa3\x9e9\x12A\xfc-L\x0f\
\x5c\x8b\xc5\x9a,\x80\x11z\xa3>\xa8\xc3\xfaU\x8f\xf8\
Ht\x93\xff\x00/\xf0\xfeu\xe1\xb2\x5c:\x0c(5\
[\xed\xd3+\x9f\x9d8=\x09\x14X.{\xf0\xd7t\
\xb3\xd2\xfa\x0f\xc5\xb1O]cNn\x97\xd6\xdf\xf7\xf0\
W\x81\x9b\xe7 \xe5\xd3\xde\x95nws\x90h\xb0\x5c\
\xf6\x8dOU\xd3\xc6\xb3\xa59\xbe\xb6\xc2\x99rD\xa0\
\xe3(z\xf3^A\xf16\xee\x1b\x9f\x19\xdf\xc9\x04\xb1\
\xc9\x1e\xd8\xf6\xb2\xb0 \xfc\x83\xfa\xd5Y\x01r\x08U\
,:\x1c\xd3Z\xddY\xcf\x98\x8aI\xeaM1\x19?\
h\x8dW\xe6t\xf6\xe4T\x89s\x0f\x04:q\xd7\x91\
Z?e\x84\x90\x0c \xf7\xe9K\x15\xb4Q\x02\x11v\
\x13\xf8P\x05\x11y\x17\xf7\xd3\x1e\xd5\x22L\xb2\x1f\x91\
\x90\xf7\xab~Y\xc9\xf9\xf0*dD\xea\xd2\x02O\xbd\
\x01c\x9c\xd6\xa4/5\xb2\x05\xca\x8c\x92GL\xf1]\
o\xc3\x0b\x9b{/\x13\xda\xbd\xc4\xd1\xc6\x98|\xb3\x10\
\x00\xf9MD\x12\xdf\x82p\x7f\x1ax\x089\x8bo\xe1\
@\x1e\x91\xac\xa7\x87\xaf\xb5\x9b9\x9e\xe6\x06\xf3Ky\
\xc5%\x00\x10\x14\xe3?\x8e?*\xbf\xe1\xadWL\xb7\
\xb7\xbb\xb7[\x98cH\xeed\xd83\xc1R\xd9\x04z\
\xd7\x96\x09^ \x09\x19\xcd8]\xb8\xe9\xb8\x03\xe8i\
\x0c\xf6v\xd6\xb4\xe5\x197\x91~u\x97\x7f\xe2\xfb\x18\
\x03\x0bl\xcc\xe3\xa1?*\xff\x00\x8f\xe9^b&\xdd\
\xc3\x16'\xdc\xd4O#\x06\xc6E\x16\x03k\xc4\xda\xe5\
\xd6\xa5\x0b\xbb\xb0(\xaav\xa60\xb9\xec1\xf5\xc5u\
\xff\x00\x0f4\x16\xd2\xbc5\x0e\xe7x\xaeg>k\x95\
\xf7\xe9\x90x\xff\x00\xf5\xd7-\xe1\xed\x12\xf2\xf6H\xe5\
\xbb\x8c\xa5\xaa\x90p\xc3\x05\xb1\xe9]\xf7\x9f*\x80\x01\
 \x0e1\x9a\x00\xbd\xbe\xf2\x1f\xbf\x1a\x5c \x1dc\xf9\
\x1b\xfe\xf9'\x1f\x8eG\xd2\x9f\x1d\xec\x0e\xe1\x19\x8cr\
\x1e\x89 *O\xd3=\x7f\x0a\xcfK\xd9\x01\xe4\x9a\xbb\
\x1c\x8bs\x16\xc9Q]\x1b\xaa\xb0\xc84\x80\xb9ET\
\x16\xab\x18co$\x90\xe7\x9c\x06\xca\xfeG \x0f\xa6\
+4kR\xdbJR\xf2\x15\x91s\x81%\xbeH\xfc\
G?\xce\x807h\xa6C \x965u\x04\x03\xc8\xcd\
>\x80\x0a(\xa2\x80\x0a(\xa2\x80\x0a(\xa2\x80\x0a(\
\xa2\x80\x0a(\xa2\x80\x0a(\xa2\x80\x0a(\xa2\x80\x0a(\
\xa2\x80\x0a(\xa2\x80\x0a(\xa2\x80\x0a(\xa2\x80\x0a(\
\xa2\x80\x0a(\xa2\x80\x0a(\xa2\x80\x0a(\xa4f\x0a\xa5\
\x98\x80\x00\xc9&\x80\x16\x8a\xc9\xb9\xd7\xecb\x8c\x98\x99\
\xee\x1b\xb2\xc4\xb9\xcf\xe2p?Z\x9a\x1d^\xcaKx\
fi\xd2%\x94\xedQ!\xdas\xdcs@\x16\xe7\xb8\
\x86\x00\x0c\xd2*\x02p7\x1cT#Q\xb3$\x01u\
\x06OO\x9cz\xe2\xb9\xcdXC=\xdc\xf7\x90\x5c\xc3\
2\xed\x19P\xe3)\x8cv\xcf \x92:UW\x8ft\
\x07\x16\xd22?\xca6E\x90s\xf4\xa7`\xb9\xd9\xdc\
\xdcEmn\xf3\xce\xea\x91 \xcb1\xe8\x05e\xddx\
\x87MH\x09K\x83#0\x18X\x86X\xe7\xb8\xac\xab\
\xd85U\x82\x08\x9a9\xa4\x88[\x85(\x81\x19I\xee\
\x18\x1e3\xd2\xad\xd9\xe9V\x10Ah5(Qn\x9c\
cj\xb3m8\x19\xe4g\x1d\x07\xd2\x801m.g\
\xb4W\x16\xba\xa3:n\xc9W^I\xcf9\x078>\
\xb8\xa5\x83N\x170\x7f\xc7\xc4\x09\xc9\xdb\x13\x00\xdc\x03\
\xcf;\xb8\xebW\xf5\xd8\x9e\x19\xb6Y\xe9\xb6ij\xca\
\x1b\xed\x1eH9$\xf5\xc8#\x1f\xfdz\xe5\xe7\xd4\x03\
]\xb8\xd8\xa3\x00\xaf-\x95c\x9e\xbc\xf6\xe0~\xbe\xb4\
\xd6\xa2z\x1d\xbcwv\xda\x0e\x91\x0c^k\xdd*|\
\xbb\x93\x1c\x0ey\xf4\x00\x0a\xe2no\xdeP\xdff\x8d\
a29m\xc1\xb7\xed\x1e\xc6\xa2\xb8\xbc*\x0cpG\
\x1ca\x87\xceT}\xe3\xd3\x03\xda\xaa+\x22tQ\x9f\
\xce\xa9D\x96\xc5b\xf9,X\xb9=In\xd4\x8e\xb8\
\x0a\xdd\x0e8\xf7\xa6$\x81\x89\xd86\xe7\xfb\xdd\xe8 \
\x91\x82~l\xe3\xa5P\x87\x85%\xc1c\xb4\xe3\x9c\x1c\
\x0a\x0b\xfd\xff\x00\x9c\x91\xc0\xdd\xde\x9a\xdb\x94\x85\xc8-\
\xdc\x11L\x91\x81  \x04\xa9\xe4\x0a\x00z\xb9l\xb2\
&1\xdc\x9c\xe6\x97\xccu\xd8O\xden\xa0\xf7\xa8\xd5\
\xa4\xce\xd5\xc7=A\xa9-\xd0\xa8\xc0;\x9f=\x07o\
\xc6\x98\x89\xc0R\x84\x10\x01c\x9faN\xe1\x01\xc0A\
\xd39\xa6\x13\x85\xd8W\xa9\xe7'\xa55\xd1\xf6\x96R\
\xae1\xc5!\x93[\xca\xf6\xf3\x89\xad\x9c,\xab\xfc@\
`\x91\xdcV\xf1\xf1d\xf0,j\xb6-!\x03\x0d\xba\
L\x1e\x9e\xb8\xe7\xbd`\xc2\x87h\xeeH\xf4\xcd+\x16\
^\xa0\x7f\x5c\xfeT\x9aLw:\xd8|ed0'\
\x86\xe2&\xc7 \xaeNr\x07\x18\xeb\xdf\xf2\xadD\xf1\
&\x98\xe5\x80\xb8\xe5@c\x95=\xc7\xd2\xbc\xda`\xab\
&\xe0\xd98\xe7\x8e\x94\xb17\xcd\xb9@\x18\x1dy\xa5\
\xc8\x87\xccz\xb5\xae\xa3it\xe5 \xb8\x8eG\x038\
\x07\xb5[\xaf-l\x10\xc5\x19\x91\x9b\x9d\xc8H8\xfa\
\xd4\xa3W\xd5\x22l\xad\xfc\xe0\x8e\x9b\x80`\x7f:\x5c\
\xa3\xe6=6\x8a\xe44\x9f\x15\x11\xb2-P\xa0~w\
J\x01P1\x9e\xdfLWW\x0c\xa94h\xf1\xb0e\
u\x0c\xa4w\x07\xa1\xa9j\xc3\xb9%\x14QH\x02\x8a\
(\xa0\x02\x8a(\xa0\x02\x8a(\xa0\x02\x8a(\xa0\x02\x8a\
(\xa0\x02\x8a(\xa0\x02\x8a(\xa0\x02\x8a(\xa0\x02\x8a\
(\xa0\x02\x8a(\xa0\x02\x8a(\xa0\x02\x8a(\xa0\x02\x8a\
(\xa0\x02\x8a(\xa0\x02\x8a(\xa0\x02\x8a(\xa0\x02\x8a\
(\xa0\x02\x8a(\xa0\x02\x8a(\xa0\x02\x8a(\xa0\x02\x8a\
(\xa0\x02\x8a(\xa0\x02\x8a(\xa0\x02\x8a(\xa0\x02\x8a\
(\xa0\x02\xb9\xbf\x19\xc1uqo\x14v\xf3\xbcI\xd5\
\x82\x1cn\xfa\xd7IQ\xcb\x12J0\xe3\x22\x80<z\
\xe7E\xb8\xceK3{\x93YwZ\x5c\xa0\x90\xea\x0a\
\x8e\xc4W\xaax\x88\xe9\xfal\x00\xcb!Y_\xee \
\xe4\x9f\x7f\xa5q\xd2_\xac\xc4\x9d\xa3\xe9T#\x8c\x93\
K\x87w\xcd\x0a\x0f\xa0\xc5;\xfb\x1e\xd4&LX\xfa\
\x13]\x14\xd1\xf9\x8f\xc2\x81\xcdJ\xb6\xf9^\x9f\xad\x02\
9V\xd1\xad\x88'c~f\x84\xd0\xa1=\xa4\xc9\xef\
\xb8\xd7T\xb6\x9f?\xdd\xeb\xefW!\xb1\xcf\xf0\xd1q\
\x9ctz\x14y\xcf\xefA\xff\x00~\xac\xae\x8f\x18\xe0\
y\xbf\x8b\x9a\xec\xa3\xd3\xf2~\xefZt\xbak\xe0\xed\
\x14\x5c\x0e-\xb4\xa8\xf3\x82\xd2\x0c\x7f\xd3CL\x9bI\
\xb7\xda0\x1d\x8f\xa9s]\x87\xf6[7U\xe6\xa2}\
4\x8e\x8b@\x1c\x92iP\x81\x83\x1b\x1fb\xe6\x9ct\
\x9bln\x10\x0f\xc5\xdb\xfck\xa9{\x06\x1cm9\xa8\
\x0d\xab\xa19\x07\x14\x08\xe7\xd3M\x83?\xea\xd4~'\
\xfcjh\xf4\xf5\x07\x0a\xcc\xbf\xee\xb1\x1f\xd6\xb5%\x89\
\x94\x9f\x94T*\xe47\x14\x01\x0a\xd8\xa0\x18g\x90\xff\
\x00\xdbF\xff\x00\x1ax\xb5E\xe1K\xff\x00\xdfl\x7f\
\xadM\x9c\xf2i\xcax\xf7\xa0\x08\xc20\x5c!\xfc\xea\
?\xb2\x22\xe5\xf6F\x0fs\x80*\xc98\x19\xc0\xa5 \
:\xe0\x80h\x19.\x8b\xac\xbe\x9fp\x80\xccL9\xf9\
\x93$\x8a\xef\x97S\xb5\x98\x03o\x1c\xd3\x13\xc8\xf2\xd3\
5\xe7F\x1d\x98m\x98\x1d\x8e1]\xaf\x81\xf52\xca\
\xd6\x136p7DI\xfc\xc5&\x08\xd3Q{?\xfa\
\xbb\x05\x88vi\xa4\xfe\x82\xad[\xd8\xdc\xf5\x9e\xe8\x0f\
\xf6a@\xa3\xf395\xa5E!\x95\x96\xca\x0c\x82\xe8\
d#\xbc\x84\xb7\xf3\xab\x01@\x18\x00\x01\xe9\x8aZ(\
\x00\xa2\x8a(\x00\xa2\x8a(\x00\xa2\x8a(\x00\xa2\x8a(\
\x00\xa2\x8a(\x00\xa2\x8a(\x00\xa2\x8a(\x00\xa2\x8a(\
\x00\xa2\x8a(\x00\xa2\x8a(\x00\xa2\x8a(\x00\xa2\x8a(\
\x00\xa2\x8a(\x00\xa2\x8a(\x00\xa2\x8a(\x00\xa8o-\
\xd6\xea\xd6X$$$\x8b\xb4\xe3\xd2\xa6\xa2\x801\xe0\
\xf0\xf5\x92!\x13\x09'brL\x8e\x7f@+/V\
\xd2\xa5\x82\xf9\xa6\xb7\xb43[\xb2\x04U\x8c\x0c\xc7\x8e\
\xd8\xf4\xef\xf9\xd7My:\xda\xdaM;\xab2\xc6\x85\
\xc8Q\xc9\xc0\xacm7\xc4i}u\x04\x09j\xe0\xcb\
\xdd\x5c6\xde3\xce;S\x03\x10\xdb\xcbn\xe1n\xa0\
\x11\x87\xf9\x97x\x04\xff\x00Z\x9bO\xba\x8e\xc6\xfdf\
\x07(\xc7\xcb`2\x06I\x1c\xd5\xcdj\xf6\xd7T\x98\
\xdaZ\x09$\xbb\x80\xb6\xe0\xa9\xd8p\xc3'\xe9Y\xbe\
Y\xfb9\x0f\x04\xa9\x1b\x82\x07\x98\xbbI\xf7\x00\xf5\xa6\
#_\xc5\x8b\x0c\x8b\x14\x82u\x13\xc3\x92#\x0f\x82A\
\xee;\xe6\xb9\xe9\xa5\xdc\xec\xb7\x0ee\x0a\x83\xe6\x7f\x98\
\xec$\xff\x00\x11\xc9\xc5Mt\x96\xb3\x19\xae\xbf~\x97\
)\x1an\x842bR>Py\xcf\x1fw\x22\xb1\xa6\
\x99L\xab\x8c\xb32\xae\xf1\xd0t\xe9M l\x9e\xfe\
\xe1\xda\xda;i.\x18\xc4\xa0\x81\x16\xe3\xce[ \xfe\
\x1c\x01\xe9\x8a\xcf\x94\xbc\xaeK\x9f\xc6\x93q\x1e\xecz\
\x9fA\xd8P\xcf\x81\x80\xc0{\x9a\xa4\xacCb\x1f\x9b\
\x82\xc3\x18\xedQ\x90\x09\xc7Q\x8c\x8eje\xe3\xaf9\
\x1d\x7f\xc6\xa0\xdc&.1\x90\x062:\x9a`!P\
\xee\xa0m\xdb\x8eGzvG\xddB\x01\x07&\x98\xca\
\x00\xcb\x81\x8c\xf6\xedNa\xfb\xdf\x91\xb3\xc7LS\x10\
\xe9\x01\xf3\x03\x92H\xf6\xebB\x8d\xa5\x81\xceXg4\
<\xbbz\x81\x82p8\xa80Km8\xf9O\xad\x00\
H\xc7\x8f\xbeO\x1d1RD\xc4\x82\x08\x0b\xc9\xe7\xd6\
\xa1\xdcL\x85\x08Q\x81\x90A\xebAv\xceK\x1c\xd0\
\x05\xc3\xcf-\xc8\xed\x8e\xf4\xe9K\x18\x88N[\x1d*\
(\x9a\x5c\x168\xe7\xd0\xff\x00\xf5\xea]\xe3\x18\xcf\xe4\
z\xd2\x18\xf8\x8e$\x07i\xdd\x8c`\x0e)\xcf\x0a\xb0\
'\x00\x00j-\xc3p\xc1=\x89\xab\x11\x01 p\xe4\
`\x8d\xcaH4\x01\x0b\xa6\xd1\x95\x18\x03\x81P\x0cw\
\xdb\x9f\xf3\xc5_x\xc6\xc1\xeaG\x19\xf5\xaa\xc0.\xdc\
\x97P\xe3\x9c\x8e\xb4\x01,$\xe1p\xd8\xc1\xc7\xd6\xa5\
E2\x86\xdc9\x1cq\xe9U\xa0\xc2\x9c\x0c\x83\x8c\xf5\
\xab\xb1\xe3\xcc^N\x1f\x83\xe9He\x19\x22\xe7i\x0a\
Ny\xe6\xad\xdaj7vPK\x05\x9d\xc7\x96\x0e\x02\
\x82\xb9\xc6=*i\xe1\xc2\xbe\x18\x96\x1cg\x04U\x00\
\xbbI\x19\xc8c\xd4\xf5\x14n\x1b\x1d\xe7\x87\xb5\xbf\xed\
\x0cAp\x0a\xdc\x85\xcfL\x06\x03\xa9\xf6\xfaV\xedy\
T\x0e\xf6\xf3$\xd1\x92\x1dz0\xcf>\xc4Wo\xe1\
\xbdi\xaf\xf3\x0d\xca\x85\xb8\x03v\x15N1\xfc\xbf\xcf\
\xe2a\xab\x14\x9d\xcd\xea(\xa2\xa4aE\x14P\x01E\
\x14P\x01E\x14P\x01E\x15\x1c\xd3\xc5\x0e<\xe9c\
\x8f=70\x19\xa0\x09(\xa8%\xbb\xb7\x8a\xdd\xe7\x92\
x\xd6\x14\x19g\xdc0*\x9cZ\xee\x97*\xbb%\xf4\
\x1bP\x80Il\x0ezu\xea=\xe9\x81\xa7EA\x05\
\xe5\xb5\xc3m\x82\xe2\x19[\x19\xc28'\x1e\xbcT\xf4\
\x80(\xa2\x8a\x00(\xa2\x8a\x00(\xa2\x8a\x00(\xa2\x8a\
\x00(\xa2\x8a\x00(\xa2\x8a\x00(\xa2\x8a\x00(\xa2\x8a\
\x00(\xa2\x8a\x00(\xa2\x8a\x00(\xa2\x8a\x00(\xa2\x8a\
\x00(\xa2\x8a\x00(\xa2\x8a\x00(\xa2\x8a\x00(\xa2\x8a\
\x00(\xa2\x8a\x00(\xa2\x8a\x00+\x0f\xc4\xfa\xfcZ4\
\x01T\x09.\x9f\xee'a\xee}\xabr\xb0o</\
ey|\xf7W/4\x92;d\x82\xdc\x01\xe8=\xa9\
\x81\xe7\x13=\xc6\xa3p\xd3\xdc\xbbI#\x9c\xe4\xff\x00\
J\xbbm\xa7L\xe4\x08\xa2s\xf4\x15\xe96\x9aM\x95\
\xa0\x1eM\xba\x02;\xe3\x9a\xbc\x00\x03\x80\x00\xa2\xe2\xb1\
\xe7\x11\xe8\x97D\x80\xd18>\xe2\xb4-\xbc?pG\
)\x8f\xadw\x14Qq\xd8\xe4?\xb0\xdd0Yy\xf6\
\xa9SN(y\x075\xd4\x90\x0fZi\x8dOa@\
\x1c\xef\xd8\xd8\x1c\x0e\x95'\xd9\x09\xec+t\xc4\x87\xb5\
\x1eRzR\x03\x17\xec\x7f/L\x1aCc\x91\x9c~\
\x95\xbb\xb0\x0a6\x0fJ\x00\xc3k\x05\xdb\xf7sP\xc9\
\xa6\xa9\x19\xd9\xd6\xba=\xa3\xd0Q\xb4z\x0a\x00\xe0\xb5\
\x1d1\x81%P\xe3\xe9\x5c\xed\xd5\xb4\x91\xb1%H\x1f\
J\xf5\xe2\x88z\xaa\x9f\xc2\xa8j\x9ae\xbd\xdd\xab\xa7\
\x94\x81\xb1\x90@\xe6\x9d\xc2\xc7\x93\xc6\xc3v8\xab\x11\
\xa8\xc7Ni/`\x16\xf7n\x9f\xdd5\xbb\xe1-(\
\xea\x17by\x87\xfa4''\xfd\xa3\xd8S\x11oG\
\xf0\xc3\xddF\x92\xdd?\x93\x19\xe4(\x19b?\xa5u\
\x16z&\x9fj\x06\xcbdf\x1f\xc4\xe3q\xad\x15\x18\
\x1d)i\x0c\xa9y\xa7\xda\xdd\xdb4\x13B\x863\xe8\
0A\xf5\x15\xc2\xdc\xe9wz6\xad\x1b\xc4\xae\xd1\x87\
\xccn\x07Q\xe9\xf5\xafE\xa2\x80#\x81\xfc\xd8Q\xf1\
\x8d\xc0\x1cT\x94QH\x02\x8a(\xa0\x02\x8a(\xa0\x02\
\x8a(\xa0\x02\x8a(\xa0\x02\x8a(\xa0\x02\x8a(\xa0\x02\
\x8a(\xa0\x02\x8a(\xa0\x02\x8a(\xa0\x02\x8a(\xa0\x02\
\x8a(\xa0\x02\x8a(\xa0\x02\x8a(\xa0\x02\x8a(\xa0\x02\
\x8a(\xa0\x02\x8a(\xa0\x02\xb9\x8b\xa5\xf1\x10\xbf\x9f\xec\
\xec\x0ce\x8f\x94r\xbb\x02\xe7\x8c\x823\x9cWI3\
\x88\xa2y\x08$\x22\x96\xc0\xeb\xc5s\xd6\xde+\x86V\
\x80Ii2\x09YT\x10\xca\xd8\xc9\xc0\xe39\xf4\xa6\
\x04\x1a\xd5\xc5\xca\xdc\xc5\x13^\x94\x968A\x91b,\
\xa0?<\xf4\xc1\x04v5cM\xd4d\xb1\xd3#\x92\
\xf9\x8d\xcbN\xc4\xc2!\xc1%0:\x9e\x07\xff\x00\xae\
\xa2\xf1Rb\xf6\x19\x1a\x15\x0ac\xdb\xe6\xe0\x92N~\
\xe9\xf6\xff\x00\x1a\x80\xcd\x1d\xe2\xacW~M\xab@?\
\xd1\xe4@v\xe3\xa1R?\x01@\x8dX\xf5}9X\
M\xe52O(\x1b\xf6\xc2Kz`\x90*\x85\xf9\x8f\
Z\xbcI,\xa6\xdb%\xb2\x12b\x96\x222\x0fp\x7f\
\x0a\xa2\xa8\x04m\xe6\xb2\x9cg\xe7\x03o\xe2k3V\
\xb8V\x80\xc3mpQ\xd9\xb1!N\xa5q\xc8-\xe8\
x\xa7`\xb9^{\xb3\x1cjY\x94\xcaN\x09\x18b\
\x00?\x95R}\xa0\x80\x02\x97<\xf5\xe6\x90D\x01\x01\
\xb0\xcb\xda\x95P\xb3|\x80\x1fs\xda\xb4D\x0e `\
3\x81\x83QH\xb1\x82\x16A\xd4\x8d\xbd\xeai\x11\x80\
#\xabt\x19\xa8\xa5V\xe1G\x1989\xe7\x8a\x00q\
\x09\xd0\x1c\x11\xd8\x1a\x8f\x1f1(G=A\xe9I&\
\xd0\x87\x04\x10;\xe2\x9aUs\x9fn?\xfdT\x00\xe0\
\xa4\x13\xbb\x18\xc5!\x1b\x81\xf7\xce\x0ez\xd2\x1e\x18\xb0\
9\xdd\xc59\xd5N\x5c/\xcc\x063\xe9@\x11\x8d\xc6\
Bw\x81\xc7\x0bQ\xe5\x99\xc0rT\x8eI\x15+\xa2\
\x90\xa7w>\xb5Q\xcb\xb4\x8d\xfe\xcf\xa9\xa6\x22g\xda\
\xc5\x8a\xb8\x00T\x91Hy\xc1\x04\x0e\xf9\xaa\xe0\x00\xfb\
\x14\x03\x9e\xfe\x94/*\xe8\xd9\x18\xf7\xc5\x00X m\
\xc8bs\xefO\x0d\xb4\x03\x9e=\xba\xd5M\xb9`\x00\
\x19\xcf\xf7\xaaX\x99\x82\xecRwg8\x1c\xd0\x05\xa5\
\x97vCrq\xd3\xda\xad\xc6\xdb\xd91\xf2\x8c`\xd5\
\x18\x95I\xc9\x1b\x8fs\xd2\xa6\x8b\x0a\xbb\xd0\xe7y\xce\
:\xf4\xa42\xdb9D\xc3\x10\xa0\x1e\x1b\xdb\xd2\xab\xa0\
\x8f%\xb9\xf9\xba\x0c\xf1R\xcc<\xe6UR\x00\xcf?\
-$\xb1\x08\xf6lR\xbbx\xfch\x01c\xd8\x99;\
\xf0\xcap\x14w\xcfJ\xbb\x11c\x0b`)\xc1\xe1\xb3\
\xc5f\x84\x04\x93\x83\x93\xdf<U\xabU\xf2B\xf3\xbb\
\x07\x0f\x9e\xf4\x98\xcd\x15\x1b\x909\xe4\x8e\x09\xec}1\
T\xee`^Y\xc7\xd0\xfaU\xcb3\xb8<rc\x9e\
2;zU\x87\x81^0\x09\x19n?\x1aC0\xd9\
p\x14\xe4\x8e\xd8\xa9,o$\xb1\xbcK\x98\x13\xf7\x91\
\xf0A=A\xea)\xf7Pyd\x86<\x1e>\x95\x00\
FV\x1f(\xc6\x0eX\xd3\x11\xe8\xb6:\xb5\xa5\xdcp\
\x14\x95VI\xb3\xb66#q#\xaf\x1e\xd5~\xbc\x9c\
Fw\xe7>\x5c\x80\xe7z\x9eA\xae\x9fJ\xf14\x91\
\x07\x1a\x93\x82\x81Y\x95\xca\xe0\xe4c\x03\x8f\xc7\xf3\xa8\
q)3\xb1\xa2\xabX\xdf[_\xc5\xe6ZJ\x92\xa8\
\xeb\xb4\xf4>\xf5f\xa4aE\x14P\x01E\x14P\x02\
W#\xae\xddxcR\xb8\x8d\xef\xa6\xf3\xa5\x88\x15\x1e\
^\xee\x99\xe4q]}e/\x87\xb4\x85v\x7f\xec\xdb\
R\xccrI\x8c\x1a`szbi\xb2i\xfa\x9d\x96\
\x81\x0c\xd73H\xaa\xc5n\x89\x08y\xe0\x03\xc7L\xfb\
S-\xb4\x1dZY\x91f\xb6\xb4\x82\xd5\x9dL\x83y\
$\xa8\xf7\x1c\xe7\xd3\x9cWo\x04\x10\xdb\xa6\xcbx\xa3\
\x89?\xba\x8a\x14~\x95\xccx\x955\x1b\x9dQc\xd2\
o\xa3\xdcb1\xb4\x0bp\x11\x939\xcb\x15\xef\xc1\x1e\
\xe2\x9d\xc0\x83H\xbf\xd2\xed\xb5_#J\xd2n\x8c\xe6\
O\x22IH\xe1Fy9$\xfag\xe8+\xb3\xae{\
S\xbe\xbb\xd0t\xab%\x11\x0b\xe9\xf8I$y\x02g\
\x03\x93\xcfZ\xa1\xa6j:\x8d\xf6\xbb\xe5\xbc\xf7Vh\
\x7fx`\x96\xdd\x19\x08\x04eD\x80\xff\x00J@v\
\x15\x15\xc5\xc46\xd1\x99.%H\x90\x0c\x96v\x00~\
\xb5\x9b\xafk\x90\xe9\x09\x16\xe53K#`F\x8c7\
\x01\xdd\xb9\xed\x5c\x06\xa34\xba\x95\xcc\x97W\xaa\x09a\
\xf2#\x1c\x85\x5c\xe4\x01M+\x89\xbb\x1e\x8b.\xb7\xa6\
D@{\xeb|\x90H\xc4\x80\xe7\x1fJ\xc4>5\xb4\
W\x9d>\xcfp\xc5\x09\xf2\xc8\x03\x12r}\xf8\xed\xd6\
\xb8\xb9\x15$\xda\xb1\xa8E\x1c`\xf4\xa9mC<\xd9\
\x18(1\xda\x9f(\xb9\x8fJ\xd35{]B\x12\xf1\
\xb8F\x5coF8+\x9f\xadh\x02\x08\x04\x1c\x83^\
b\xacc\xde\x91\xf4\x95\x80*\xfc\xab`\xf1\xc7\xa8\xed\
[\xfa~\xb1-\x8cF)\xb7\xcc\xd8\x1bC\x1e\x15G\
\xe1\x9aN#L\xec(\xac\xfd#U\xb7\xd4\xe2\x06&\
\x0b(\x19h\x89\xf9\x96\xb4*F\x14QE\x00\x14Q\
E\x00\x14QE\x00\x14QE\x00\x14QE\x00\x14Q\
E\x00\x14QE\x00\x14QE\x00\x14QE\x00\x14Q\
E\x00\x14QE\x00\x14QE\x00\x14QE\x00\x14Q\
E\x00\x14QE\x00\x14QE\x00\x14QE\x00\x14Q\
E\x00\x14QE\x00\x14QE\x00\x14QE\x00\x15\x05\
\xe9\x94[\xb9\xb7\x19\x93\x1cb\xa7\xa2\x80<\x93V\x82\
u\xbdsr\x8f\x1b\x93\x92\xac1\x9a\xec\xfc\x1by$\
\x96q\xdb\xa5\x98HS\xac\xbb\xb8'\xe9\x8e\xb5\xb7\xa8\
i\xb6\xba\x86\xcf\xb5D\xaeP\xf0\x7f\xa5Y\x82\x18\xe0\
\x8dc\x89\x15\x10\x0c\x00\x05;\x85\x89(\xa2\x8a@\x14\
QE\x00\x14QE\x00\x14QE\x00\x14QE\x00\x14\
QE\x00\x14QE\x00\x14QE\x00\x14QE\x00\x14\
QE\x00\x14QE\x00\x14QE\x00\x14QQ]O\
\x1d\xad\xbc\x93\xce\xdbc\x8dK1\xf4\x14\x01-!!\
T\x92p\x07&\xb0S\xc4\xb1;\x12-g\x09\xc6\x09\
\xdb\x93\xf8f\x96\x1du\xa4\x95D\xf6\xc2(\x0f\xcaI\
\x90\x13\x92q\xf9S\xb0\x5c\xbc\x9a\xad\xbb\x9eC\xaa\xe7\
\x86+\xc1\xab\xb1\xca\x92\x0c\xc6\xea\xdd\xf89\xacIm\
\xa3\xb4\x95Q&fG\xc9U \x1d\xab\xf5\xc8\xa7Y\
\xf91\xdc!FQ\x83\x83\x85\xe7\xfc\xf3@\x17\xee/\
\x19$eD\x1f)\xc1,j[{\xa5\x99\xf6`\xab\
\xe38\xf5\xa2\xe2(\x082L\xa3\x81\xd6\xab\xc7-\xac\
\x0cYCn\xe9\x9d\xa6\x90\x1a\x14Tp\xca\x93 x\
\xdb+RP\x01E\x14\xd5uf 0$u\x00\xf4\
\xa0\x05$\x00I8\x15\x91'\x88\xb4\xf5'c\xc9(\
\x1f\xc5\x1a\x12?\x03\xde\xb5eQ$o\x1b\x1c\x06\x05\
x\xf7\xae^/\x0e^$\x8b\x0f\xda\x22\x16\xca0$\
\xc1/\xf9\x1e?\x1f\xd2\x98\x16u\x1dQ\xf5\x18\x96\x0d\
\x12\xe3e\xd8`\xfb$B\x9eb\x8e\xa0\x16\x18\xaa\x12\
\xd8k\x06\xcd\x99\xa2\xb6\xb7s -\xe5\x15I\x08\xff\
\x00xp\x07O\x7f~\xd4\xcb\xbd>K\x09\xf6\xb3\xc9\
&\xc0\x1dgQ\xb7\x93\xc1\xe9\xd2\xa0\x98O<`^\
=\xcd\xc4[\xb7\x05d.\xbcw\xc8\x14\xc4]\xbc\xd4\
/V\x0b\x9bmN\xdf\xcdG@\xbf\xbap\xa5\x7f\x11\
\x9ez\x7f\x93M\xbc\xb2K\x1b\x13r\xba\xa24H\x84\
\xec*\x09`1\xc0 \xf5\xedT.$\x8e\xc1c\x92\
hZ\x133\x1d\xa8W\x0e\xc3\xb9#\xb0\xfa\xd6<\xed\
\xf6\x87\x06a\x90\xbc\xaa\xe4\xe0\x1f\xa7\xae1\xf9SH\
M\x8e\xbe\xbd7\x8c\x07\x96\xd1D9\xc1\xea\xdf\x5cv\
\xf6\xaa\xe8\xc5\xf2\xa4\x0d\xc7\x03>\xd4\x84\x89$)\x9d\
\xa3\xdb\x9c\xd4\x9b9\xf9\x06\xed\xbc\x9fj\xb2F\xec\xda\
\xed\xfd\xee\xd9\xefD\x7f\xbc\x0c\xc4\x15 \xe3\x8e*`\
\x06\xdcv^\xe6\x9f\x90\xcc9\x03\x03\xbe(\x01\x81J\
\x86bI\xf4\x15ZV\x0a\x01*\xd9c\x9e\xb8\xab\x8d\
\xb8\xe3w~0*\xb3m`@.\x014\x01\x01m\
\x85\x99\xf3\xec\x0f\x22\xa3\xf3GV\x00\x1fo\xe9R\xc9\
\xf7J\xe3\xe6\xf44\xe2\xa0B\x08#-\xcd\x00B\xaa\
\xaa\xa5\x80`O \x9a\x186\x17-\xb5\x89\x04\x81R\
\xf9|\x8d\xc3\x07\xaf^)\x97?\xbc|\xa9^=z\
\xe6\x80!\x98.\x01$c\xbfj\xac\xca\x01`\x09\xc7\
\xa8\xa9\xdc\x96\x90\x0c\xe0(\xe4\xe3\xad2V \xe40\
\xc8\xe4\xe7\xbd1\x11\x88\xf7\x05R\xc4\xe4ds\xc8\xa9\
\x8a|\xbbF\xefL\x8a`$I\xc2\x93\x91\xd7\xd2\xa4\
\x04\x16',1\xd8\x1e\xb4\x00*\xe0\xb0\x19\xc8\xe8\xc7\
\xb8\xa73\x1d\xa0\xc8\xbb=\xcf\x7f\xc2\x9c1\xb7\x8c\x9e\
z\xe6\xa4*\xa3\xa9\x1cc#\x14\x00\x85\xb0\x14\xed\xcf\
#\x9cT\xa8\xdb\x0fLd\xf6\x14\x8d\x12\x84\xc0$\xf1\
\xdcf\x9b\x1c9\x93\xb9^\xa0m\xe4\x9a\x00\xd1\x80)\
\x8223\xef\xefO\x98\x97\xe62\xbc\x8fZ\x85X\x14\
uS\x9c\x1c\x80={\xd3\xe1\x95\x99\x00\x8d\x89\xdb\x8e\
Xu\xa9(\x8c\x80\x08\x04\x81\xbb\x9c\x03\xd2\xacD\xdb\
\xa1d\x1bwc\xb7SU\xee\xd8\x90Gos\x83E\
\xa7)\x1b\x15\xcb\x13\x82C\x10=\xb9\xa0\x0b\xc1\xdc,\
x\xe5\x8f\xde^\xe0\xd6\x9a\x0c\xa8e\xea\xdc\xf1\xebT\
\xa2@\xac\xe1\x98\xednW\xda\xad\xdb\xaeb\xc0\x1f2\
\xf4 \xf5\xa4\xc6W\x9d\x04\x922\xb0\x04\xfd\xe1\x9e*\
\x94\xc8\xa1\x87^FI\xcf\x00\xfab\xb6.\x10\xba\x86\
\x1czVu\xd3\xa4d\xa9`\xdf\xc4\x06GN\xf4 \
(\x9d\xca\x15\xa3\xe0{\xf4\xa2N\x08b3\x8e\x80\x11\
S9\xcb\x15f;W\xd7\x91U\x09\x90\x16R\xbb\x97\
\xd0S\x11b\xc2\xf2\xe3N\xb8Y\xed\x02\xe79(\xdd\
\x18c\x18\xff\x00\xeb\xd7}\xa2j\xd0j\xd6\xbel@\
\xc6\xea\xc5^6<\xa9\x1f\xd2\xbc\xd5\x0b\x9d\xa5r\x08\
\xfb\xdb\xbbT\x82Im\xe5im\xa4\x92\x1b\x82\xa5K\
\xc7\x81\xc7\xa7JN7\x1ag\xacQX>\x1e\xf1\x04\
:\x88KyT\xc5t\xaa2\xa4\xe41\x1dp{\xd6\
\xf5AAE\x14R\x00\xa2\xb0\xfcX\xba\x8bYFt\
\xcf3*\xf9\x93\xcal>1\xdb\xd7\x9a\xe4\xef\x05\xfd\
\xbc\xc9\xf6\x99\xaeb\x90\xa6Wu\xc1/\x8f\xa2\xf4\xe8\
:\xe3\xf4\xa6\x906w:\xc6\xabm\xa4\xdb\xac\xd7[\
\xce\xe6\xda\xa8\x83,\xc7\xd8W\x11i6\x93\x05\xc5\xc5\
\xc5\xa5\xae\xa1\x1d\xe1W1\xc9!\x0c\x11\x98u\xeb\xc6\
3P\xcan\x1e@\xf3K4\xcc?\xe7\xa3\xe7\x8a\x15\
\x5c\xc1$\xf8\x0b\x026\x1d\xb8\xe0\xfa\x10Nq\xd3\xa5\
RD\xdc\x88\xee\xb8d33M)<\x17~\xfd\xfa\
\x9c\x0a\x89\xae\x0a0X7\x22\xab\x03\x94<\xe7\xdb\x1f\
Jm\xcc\x8d,\x81\xc1\x0a\xb8\xc7\x03\x93M\x09\xb65\
\x04\xe0t\xe2\xa9!\x5c\x8d\xbey\xa4\xb8\x90\x99ev\
\xcb3\x1c\x13\x9acH\xcc\xe4\xb7 \x9e\x80g\x02\xa4\
\x90DH\x04t\xeai\x0c\xa7\xcdE@v`\x968\
\xa6!v*\xe7\x95o@;U\xab+p\xce\xc3\xe6\
\xcfq\xe9L@\x08\x01v\xfb\x01W,\xc1+\x80G\
''$\xd2c\x1f\x0c\x1b\x9d$$\x0c1#\xf0\xab\
^X\xf2]\xc2nm\xbc{\xd4jr\xca\xa4\x80\xa1\
s\x9cT\xd20X\x08\xfe,\x0c\x0fjC)\xa3\xc9\
g$sB\xc6<`1\x07\x96\x19\xce\xda\xect-\
Y5([v\x16eb\xa5:\x1f\xadsS*\xb3\
C\x09\xe4\x9e\xa4\x1cb\x9b\xe4\xbcRo\xb7\x9bl\xa9\
\xc0<d\x1aM\x5c\x13\xb1\xde\xd1X\xba\x1e\xaa\xb3B\
`\xbb\x90\x0b\x88\xff\x00\x89\xc8\x1b\xd7\xb1\xad\xaa\x92\x82\
\x8a(\xa4\x01E\x14P\x01E\x14P\x01E\x14P\x01\
E\x14P\x01E\x14P\x01E\x14P\x01E\x14P\x01\
E\x14P\x01E\x14P\x01E\x14P\x01E\x14P\x01\
E\x14P\x01E\x14P\x01E\x14P\x01E\x14P\x01\
E\x14P\x01E\x14P\x01E\x14P\x01E\x14P\x01\
E\x14P\x01E\x14P\x01E\x14\x84\x809\xe0P\x02\
\xd1\x5c\x8f\x8b5K\xa8o\x85\xbd\xb5\xd1\xb7\x89a\xf3\
IU\xfb\xc7>\xb8<q\xd0WE\xa7\xca\xff\x00\xd9\
\x96\xf2\xdd\xcd\x13\xb9\x8c\x17\x95N\x14\xe7\xb8\xa7`.\
QU#\xd4\xacd8K\xbbv9\xc6\x04\x83\xadZ\
\xa4\x02\xd1E\x14\x00QE\x14\x00QE\x14\x00QE\
\x14\x00QE\x14\x00QE\x14\x00QEs\x8d\xe2\xcb\
5\xba\x96\x13ou\xb671\x996\x0cd\x1c\x1e3\
\x9f\xd2\x98\x1d\x1d\x15GM\xd5l\xf51'\xd8\xa6\x12\
yx\x0e6\x90W?QW\x1d\x95\x11\x9d\xd8*\xa8\
\xc9'\xa0\x14\x80u\x15\x8b\x0f\x8a4i\xa6\x11G\x7f\
\x11r\xdb@9\x00\x9f\xae1Z\x97w1Z[I\
qp\xe1!\x8cnf=\x850&\xaa:\xb9\xb3}\
6\xe1/\xa4U\xb6u\xd8\xe4\xb61\x9e\x95\xcdj\xbe\
%\xb3\xd4\xecnl\xe27V\xc2E\x01.L\x7f)\
\xe4z\x1c\xd6U\x86\x89s5\xb2\x5cYC\x0d\xc4G\
\xf8\x96\x5cd\x83\x8e\x8c\x07#\x9e\xb4\xec+\x97\xa0\xb4\
\xd1cFW\xd6\xdaF\x0aJ\x12F\x17\xd0\xf4\xe7\x15\
*Gk\xe5\x06\xb7\xd5\x0d\xd4\xa1\x8e\xe5e\x00\x1f\xa0\
\x02\xb2o\xe4]*c\x0b\xca\x93\x5c\xa9\xc3\xacq\x9c\
&Fz\x9e\x0f\x15\x05\xc6\xa6X\xe6\x02T\x91\xc4\xa7\
\x8f\xff\x00_jv\x15\xce\x92\xdc\xaa\x05\x8d\x8a\xab\x13\
\x80\x09\xeb\xf4\xcd]\x8aX\xd5\xf0$O5Npp\
\x09\xe2\xb87\xbb\x9aI\x1ft\xc4\xbb(F=\xfac\
#\xd3\xebN\xfbL\xca\xe1\xd5\xd9p\x02\xeeS\xc9+\
\xd3\xfaS\xe5\x0b\x9e\x90\xda\x95\xabA\xfb\xf9\x14\x10\xc1\
N\xd3\xd0\x9e\x9f\xce\x91>\xc7<@\xc1p2z6\
s^p\x0c\x98\x19\x91\xf2\x7f\xda\xedW \x9e\xe3\xc8\
h\x04\xad\xb4\x90\xdcpG\xd0\xfe4\xb9C\x98\xed!\
\x96[iH\x8d\x06\xcd\xd9a\xfd\xee\xddj\xfd\x95\xf2\
]3\xa1S\x1c\xab\xd5[\xb8\xf5\x15\xc8C\xad:+\
\xad\xcc\x0b*\xe3r\xb2\xb6\x18\x1e\x9f\x8dmh\xf7V\
\xdfk%c\x9c4\x80\x01\xbf\x18^zz\xd4\xb44\
\xcd\xdb\x80\xe6\x09\x04X\xf36\x9d\xb9\xf5\xae\x08\x08\xad\
cQ42E1\xe1\x94\x16\x07w^\xb9\xe6\xbb\x0b\
\xddQ-n|\x93\x0c\xae@\x04\x95\x03\xbf\xa6O5\
\x04:\xb4\x17\x12\xcc\xb2ZJ\x82$\xdf\xbd\xd4`\xf4\
\xe0s\xd6\x843\x99\x12\x87 \xda\xcd)`v\xa6\x1d\
\x8e\x0eq\xc68\xeej\xfc7z\x85\x8e\xa2\xf2\x5cG\
4\xbe`;\x94\xbf\xcb\x8c\xf0GQ\x90?\x1ej\xe7\
\xf6\xc4\xed\x8f*\xd5\x22\x8d\x87s\x92\x0f\xe1\xc7\xa5g\
\xc5\x16\xc4P\x9f1\xe4\xfc\xc4\x9c\x9fZb#\xf9<\
\xc9%\x0b\x22\xefv \xb6x\xef\x8c\xff\x00\xf5\xea;\
\xcb\xb4\xb5(\xeaG\x9f\xf7\x97\x0d\xc8\xfczu\xa2{\
\xa3l\xdb\x90\xee\x94\x8e\xc3\x80;g\xd6\xb1Y\x99\xc9\
.K\xbf|\xe4\xfa\x9ai\x0a\xe2\xdd1\xbb\xbc\x92\xea\
rZi0rOlt\x15\x04\xea\x1c\x80\xef\xb7\x8c\
\x8cT\xd9\xca\x86\xc98\xe3\x81N\x03\xe5\x04\x8c\x9cq\
\x81\xd7\xda\xa8\x92\xb7\x97\x81\xf7N1\xc7j\x96,*\
\x80\xa0\x92\x7f!R\x04\xcb`\xae\x17\xdc\xd1\xf2/\xcc\
~^\xdcw\xa6\x04l\x0e\xdcg\x8c\xf3\xde\x9c\xa8\x1b\
\x04s\xcf\xad?h\xf5\x05\x8f~\x95\x22\xe7\x0d\xb0\x0f\
\xa5!\x90Lq\x19\x1d[9\xc6qP\x8d\xb9\x5c\xed\
\xc8\xe3\xadX9f\xc0\x5c\x8e\xe4\x8a\x88\xab\xe3\x94\x1e\
\xc7\x19\xc5\x005\xdb\xe6\xf9\xb1\x901\x8a\x89\xf2\x83\xe7\
Q\x87=3\x92=\xea\xe4V\xfbW2\x1c\xb7\x5c\x1e\
\xb4\xcb\x84@\xea\xe7\x93\xdcP\x22\xab1s\x86N\x0f\
A\x9e\x94\xd7\x01K\x10{v\x19\xe6\xac\xcaC\x00\x14\
\xa0?^\x95BE\x0a\xe0\xbbd\x91\xf7H\x14\xc0\x8a\
vC\xcb6\xee;\xf1\x8a\x84o$\x0e\xb9\xf7\xa9\xc0\
R\xed\xd3#\x9c\x1ei \xdeX\xbe\xd0\x0es\xde\x98\
\x89\x11H@@\xc1\x1cc\xdf\xd6\x91\x14\xecc(\x04\
\x8fJ~\xceF\xe0\xc0\x9eH\x1c\x8aP\x87\x04\x90\x00\
a\x9e\x94\x00\xc8\xc32\xb0R\x14\x8e\xd9\xc5I\x1b\x95\
Q\x8c\x1cc\x8e\xbc\xd2\xa2g\x9e\x01\x5c\x0c`\xf3M\
]\xc9\x8d\xa40\xcf<P2\xc4[\xdfqB\xa0\x8e\
\xbcR\xae\xf0\x8c\x91`0\xef\x8atA|\x9d\xe4\xec\
\xf4\x19\xe8=:Q\x90X\xb1\xc1\xc1\xc7LqH\x0b\
1\xb1\x0a\xa5\x992\x07\xde=\xfd\xe9\xad\x95\x9d\x97\xa0\
\xc8 /\xff\x00\xae\x91\x15H\x0ar\xad\xdb\x81\xcdL\
\xe8\xcf\x1a\x96\x1c\xf4\xe0\x1e)\x0c\x89\xb7\x85\xde\xe0\x18\
\xc7\x19\xc7C\x9a\xb2a\x08\xea\xbce\xf8Q\x8e29\
\xa7\xc3\x18\x0a\x04\xacDx\x0d\xecM\x5cx\x81\x85\x9a\
5\xdc\xc0\xe7\x91\xd4R\xb8\x0dF3A\x97\x01d\x18\
5j?\x90\xa3\xa6\x0a\x9e\xe6\xabX\xe7(Xv\xda\
{\x00j\xcc\x09\xb4<nz\x1d\xcb\xc7\x14\x86=\xcf\
\x96\xacO\x0a\x0e\x7f\x03Y\xb2\xa0i2FJ\x9f\xc8\
\x1a\xbe\xc4\x14\xde~\xf2\xf0F{U9C(*y\
\x0c1\xc1\xefB\x02\xb3'\xcd\x80v\x906\xe75^\
a\xc2\x90FOS\xdcU\xbc1%\xf1\xd3\x07\x07\xb5\
C2\x86l\x02A\xe4\xe4\x0f\xd2\xa8E#\xb8\xe5\x9b\
\xd7\x9c\xd3\x94\xed\x03\x1c\x9a\x99\xd4\xe4\x81\xf2\x8e\x94\xc3\
\x10\xfb\xa7 {s@\x0c\x92-\xc3\x83\xb5\x87 \x83\
\x8a\xd6\xb2\xf1\x16\xab\x04\x06&0\xcd\x83\xc4\x8c\x09 \
\x7fZ\xa0\x98\xc1\x0c7c\x1d\xfa\xd3P\xeem\xbbx\
\x07\x1dhh\x136\x86\xaf\x7f$e\xe2\xd5 \x88\xb1\
\xff\x00\x96\xe9\xd3\xf2\x18\x02\xba\xdb\x0b\xeb{\xd5qm\
<s4d,\x85\x0e@5\xe7\x0c\x0aE\xbe \xbb\
\x94\xee\x1b\x86A\xc1\xe8Gq]\xd7\x875\x0b+\xcb\
@\xb6h\xb1\xc8\xa3\xf7\x91\x88\xf6\x15>\xa4\x0c\xe3=\
\xb9\xa8j\xc5&Z\xd6\xee\xa5\xb2\xd2n\xae-\xe3\xdf\
,hJ\x8cg\x9fS\xec:\xd7\x10\xf72^\xbf\xda\
nc\x86i\x80\xda\xc5K&Ga\x90{s]F\
\xb7\xab\xcd\x0a\x95\xd3DSm\xdc\xb2\xbf.\x22#\xd4\
\x0f\xc7\xf2\xaejy>\xd1\x0b<\xb3[N\xe4re\
\x1f7\xae\x14\xae\x08\xfaP\x81\x90\x88\x8a\xc6d\x01\xd2\
=\xd8\x0es\xc9\xe7\x81\x9cg\xf0\xaaS\x85%\x93q\
8\xe3\x93\xd4\xd4\xf7\x1be;T\xb9\xb7C\x95\x8fq\
\xc08\x00\x9f\xd2\xab\xbb*\xa9(U\xc0\xe0\x06\xedV\
\x89 \x8c6\xf0T\x0e:\x83R\xac[A.\xc4\x9e\
\xb84\xdd\xa5\x9co \xa8\xea}\xe8f\x06O\xbe\x1b\
\x8e\xa0P\x02\xaf\x0c\xa0\x95\x04\x93\xcd&\x188\xc0\x00\
c<\x0e\xb4\x8a\xb8`W\x90:\xe6\x9e\x99/\xb8\x96\
\x00\x8c`\x0ab'\xb7\x006N8\xe8\x00\xcd\x5c\x85\
\x7fs\xbc/\xcc\xc3\x9e\xf8\xaa\xd6\xc7\xe6)\x83\x80+\
J\x22|\xb4\xdb\xc2\x81\x9eFjX\xc8P\x08\xdd\x84\
\x99o\x97\xaa\x8e\x95h.\xe4V\xe0\x80G'\xbd1\
\xc0%\x81^\xac\x01\xc5X\xc2\xf9\x91\xc6\xa4pw\x1e\
:\xd2\x18\xd0\x00\x97\xcc\x95\x06\xecq\x81\xcd90c\
c\x82\x18\x9eI\xa7\xef\x06f8\x18Q\xc75\x1bJ\
Wi \x91\xbb\x8ez\xd0\x06^\xa2\xc03\xb98`\
\x01\x04\x1a\xd9\xf0\x86\xb8\xd3\xcf\xf6\x0b\x92\x06\x131\xb1\
c\x93\xcfN\x7f\xc6\xb1\xef\x1c\x91!\x8c\x0c\x13\x8d\xc4\
VX\x8aE\x9a9\x94\xe5\xa2p\xea\xb8 \x129\xa7\
k\xa0\xb9\xebtU]:\xf6+\xfbU\x9e\x03\x95<\
\x11\xe8}\x0f\xbdZ\xac\xca\x0a(\xa2\x80\x0a(\xa2\x80\
\x0a(\xa2\x80\x0a(\xa2\x80\x0a(\xa2\x80\x0a(\xa2\x80\
\x0a(\xa2\x80\x0a(\xa2\x80\x0a(\xa2\x80\x0a(\xa2\x80\
\x0a(\xa2\x80\x0a(\xa2\x80\x0a(\xa2\x80\x0a(\xa2\x80\
\x0a(\xa2\x80\x0a(\xa2\x80\x0a(\xa2\x80\x0a(\xa2\x80\
\x0a(\xa2\x80\x0a(\xa2\x80\x0a\xa3\xac\xde\xbe\x9f\xa7\xc9\
r\x90\x99\x8a\x11\x95\x07\x1cg\x93\xd0\xd5\xc7b\x11\x8a\
\x0d\xcc\x01\xc0\xcfS\xe9\x5c\xa2k\x1e\x22\xf3\xf6\xc9\xa4\
(Py\x18>\xdf\xc5\xbb\x1d\xe9\x81oL\xf1]\x9d\
\xf5\xe4v\xbeT\xb1\xcb!*\xa4\x90\xc0\x9cg\xb1\xfe\
\x95{X\xb6\xb5\xd6l$\xb3\xfbJ\x02\xc4\x10Q\x81\
9\x07#\x8e\xfd+\x9b\xb9\xf1R\x0b\xe1+h\xa3t\
yU\x95\xdc\x07\x1f\x8628\xa9-\xfc\x1f\xa6j\x16\
\x89{\x11\xbd\xb5\x9aa\xe6\x80\xcc\x01F>\xa3\x19\xeb\
\xcfZ\x00\xc8\xd4l\x8e\x9b9\xb3\x97Q\x82i9>\
Q\x0d\x85\xcfr\x0e@\xcf\xa5>\xe2\xebR\xba\xd3E\
\xac\xcb\x1d\xc5\x92\x05\xdcP(\x0a\x07#v\x0f\x1d:\
b\xae\xea_\xf0\x8e\xe9s-\xa6\xa9\x14\xd7w\x88\x83\
\xcc\xb8\x03\xe6$\xf3\xc9\xdc\x0e\x7f\xfa\xd5A\xaf\xec\xe3\
{\x884\x9b\x15\x92\xcex\xd7\xcd\x17\x0c\xc5\x9b\x19\xc6\
98\xc5R\x10iv\xba=\xe3Z\xa5\xd1\xba\x86\xe2\
G\xd8\x15yC\xe9\xce\xd1\x8c\xd7\xa4\x8ct\x1d\xab\xcb\
\xec\xedg\xd4.\x9a\xde\xc5\x16\x16\xc1\x91c\x9aV\x04\
\xa8=\x88\x1c\xd6\xd5\x85\xb6\xb3\xa1\xc7}{%\xbb\x5c\
\xb1\x89\x15 YY\xf76y=\xfa\x0aM\x02;z\
+\x90\xf0\xff\x00\x88\xf5;\xfd^;K\xab\x00\x91\xb2\
\x16wX\xdd|\xbe8\xce\xef\xca\xba\xfaC\x0a(\xa2\
\x90\x05\x14\x84\x802H\x03\xde\x80A\xe8s@\x0bE\
\x14P\x01E\x14P\x01Es\x9e,\x1a\x99\x10\xfd\x83\
\xed\x1fg\x00\xf9\xa2\xdf\x1b\xc9\xe3\x1e\xfe\xbd+\x99\x86\
}x\xdc\xa2Y\x9dAdV;\x12u;O\xae\xe2\
\xdd\xb9\xa7`\xb9\xe8\xb3\xcd\x15\xbcFI\xe4H\xe3\x1d\
Y\x8e\x00\xfck\x93\xd7\x8f\x87G\xfaI\x85n\xa7\x99\
\xb9[ip[\xd4\x9c\x101\xc7SZ\x1e1kC\
\xa3*j\x12K\x10w]\xbeR\xeem\xc3\x9cc\xa1\
\xe8z\xd7\x0b\x09\xd3\xa2\x84\xc9-\xdd\xfe1\x82#\x81\
\x17\x1f\x8e\xe2?\x0ai\x09\x9d\x9e\x87\xaah6\x90\x93\
\x0f\x97b\xf2\x92Y$<\xf03\xd7\xd0\x0e\x95\xbf;\
\xf9\xd6r\x9bm\xb2\xb1\x8c\xed]\xd8\x0d\x91\xc7>\xf5\
\xe7\xde\x22\xd2\x06\x94\xb0J\xd7-qo3\x10\x0b\xa8\
\x05x\xe3'\xbf\xe5Y\x96W/c8\xb9\xb1\x98$\
\xb1\x9c`r\x1cz\x11\x9e\x94\xed}B\xf6*\x0bY\
\x96/\x22h$\x0e\x8cVH\x86I%z\xf23^\
\x81\x1e\xb5%\xdf\x85\xefn\xb5\x0b\x07\x8c\xa8(b \
\xa8\x90\x10:dg\xbdr\x17\xb7\x92\xeaz\x94\xb73\
f%n<\xbd\xfb\xc7Lq\xf5\xf4\xa5\xf3nt\xf8\
m&\xb6\xbb\x9a0T\xba\x22\xb9*0\xd8\xe5rF\
)\xb5q&E\x18\x89\x89\xd8J\xc7\xc6\x01\x93y\x03\
\xbf8\xf5\xa7\x0dZKK\x19\xad\xf4\xd7\x923,\x81\
\xdeBz\x00\x06\x02\x8f\xe7\xebYW\x172\xdeK,\
\x97R3\xbb\xb1$\x80\x17\x9f\x5c\x0adJ\xea0\x9f\
0\xc6IaUbnY\xdc\xf2JZBX\xbb\x17\
,I\xc9$\xe4\xd4\xce\xc3\x00\x1c\x93\xf4\xe2\xa1\x8f\x06\
<\x02\xdc\xfa\xf7\xa7+9\x5c1\xca\x93\xdf\xad\x00=\
\xc9\x08\x08T-\xf5\xa7.\xf6P9C\xd8\x0alI\
&\xe1\xb5\xf8\xf7\x1c\xd5\xe8\x14\x86\xe4\x02h\x02\x14 \
\x95]\xc0\x1a\xba\xa4\x00\xc1Ha\xd74\x88B;e\
Tc\xad@\xeed'\x1f)#\x1f\x85!\x93\xbb\xaf\
!@lw\xa7\xd9\xdf5\xb4\x88|\xb5\x01J\xe7\x03\
'\x8c\xfe\xb5Q\x17j\xfc\xa3\x8c\xf5=M\x0a\x88\xf1\
1|\xf0zg\x19\xa0\x0e\xae)a\xba\x866\x13M\
#\xb8.\x190J\x03\xd8\x83\xfc\xa9\x92,FNZ\
p1\x82J\x03\xfc\x8dsiq%\xa8\xcd\xaf\x05z\
\x7f\x17\xe6+}uH%\xb1\x12\xdc2y\x87\x83\x1a\
\x8e\x87\xd2\xa6\xd6*\xe3\xbc\xcbh\xa2/uq2\x12\
@\x01b\xea\x09\xc7\x18\xc9\xac\xeb\x9b\xe1\x99\x12\xde`\
\xe8N\x15\x82\x91\xc7\xd0\xf7\xe2\x99,\xc1\xd8H\xf9T\
#\x8c\x9c\xed\xaa\xf28Q\xdb$\xf1\xc7\xebBBl\
\x85\xe7\xc3`)c\xdb\xb6~\xb4\x9eQ.YWh\
\xf6=i\xc3,\xcb\x9c\x90:\x90}\xaa\xc5\xb9\x0eO\
\x5c-P\x86\x08\xd5\x0eH \x93\xd8t\xa4a\x96\xe9\
\x93\xd7\x03\x8a\x9fc\x0c\x95\x19\xe38=\xa9\x83\xa8\xc0\
\x04\x9f\x98\xf1\xd2\x80+\x9ex\xda7\x1f\xe5O\xd8F\
6\x006\x9e\xbe\xd58^2\xb8\xc9\xed\xe9J\x87#\
c`\x91\xd4\x0a\x00\x8b$\x1f\x98\x03\xe8\x056Y\x00\
U\x18%\x9b\xde\xa7d\x00\x168\x0a9\xedP\xcb\x96\
\x94c\x8e3\x92z\xd0\x04!v\xb1\x1c\x90x\x035\
$\x7f2\xaa\x9eI=\x0faOT\xda\xa0\xaf\xccI\
\xfb\xd5f\x18\xca\xaeT1\xc0\xeb@\x10\xccv\x90\xc5\
Kr\x07\x02\xa0EM\xd9a\x92rp{\x0fz\xbb\
xH@H$/'\x1dEB\x99g\xdf\x22\x1d\xad\
\xca\xf64\x80\xadp\x89\xb0\x05\x0aI\xf4\xac\xeb\x90\xc3\
\xf8\x86G;Mk\xdc\xba\xe4(;q\xef\xc1\xac\xf6\
\x1f{\xe4\x0d\xc7\x04\xf4\xc7\xad4\x22\xa3\xe0\xcb\xf22\
\x82y$\xf3K\x1c`\x1f\x9b\xa0=\xc7\x06\xa6tR\
\x0e\x02\xa9\xe8\xb8\xe3\xf2\xa4\xf2\x8e\x17\xaes\xf7r1\
\x9f~\xf4\xc0c\x02\xd9\x0e\x0a\x8c\xf6\xf5\xa5!S\x1b\
\x8e\x0f\xb5=\xd5O\x0c\xa4>9\xefI0\x0b\x10$\
.1\x93\x83@\x10\x8f\x95\x98\xe39=\x05O\x02\xef\
#\x00\x82=\xbf\xcej\x04\xc9`Qr\xad\xd8v\xfd\
*\xd5\xba\x80\x1bq*\xa7\x81\x81\xff\x00\xd6\xff\x009\
\xa0\x07\x00J\xff\x00\x0a\x8f\xc74\xf4\xf9T\x9d\xe0\x83\
\xd7\x1e\xb4\xff\x00\x94\x8e\x1f\x8c\xf4a\xd7\xda\x94\xe3<\
\x9e\x18\x8e\x9d\xa9\x0cD\x97\xe4V\x08\xb9\x07\x04\x1fO\
QS[c{\x87\xe5\x98\xe4\x0f\xe7Q\x90\xdb\x80F\
8#\x04\x8e\xf5,Gb\xab\x13\x82\x08\xdc:\xe4w\
\x14\x01\xa1n\xca\xe9\xb7=\x1bkdU\x98\xe3\xe1\xb2\
\x01\xe3\x9c\x0c\x0c\x8a\x8a\xda6\x0eU\xb8\x0e*\xe7\x96\
\xd98\xc8\x1f\xe3R2\xa4\xa8\xa9 pJ\xab\x1c\x11\
\x8e\x0158\x19\x8c\x80\xc7\xccON\xf4\xbb7\xc4\x06\
2\xbc\x0e\xbf\x85&\xd2\x09g\x18pv\x9czv4\
\x01\x138\xf31\xd1Xv\xe0\xd4L\xa7$\xf4a\x9c\
\xfe\x15<\x91\xb0W\x0b\x9c\xf5\x5c\x9a\x8c\xf0s\x92s\
\xd7\xd0P\x04\x0e\xa4\x9c\x803P\xce3\x821\xbb\x1f\
\xadZe\xdc\xc7\x03n\x07'\xd6\xa2\xd8wq\xc6\x09\
\x1fZ`Q\x11\x06 o#\xbfN\xb4\xed\x8a2\x17\
\xafZ\xb2\xeaL\xa0(\x18\x03\xf5\xa6y|\xeeo\x5c\
\x7f\x91@\x8a\xea\xb9\xce\x079\xe3\x1d\xaa1\x13\xae\x09\
b8\xc5ZX\xf1\xf3\x068\x1c\x10OJa,\x1d\
\x83\xe0\x8e\xa3\xd6\x98\x0d \x94\x1b\x98\x90\xbf\xad \x12\
*\x19\x22\x96H]\xb0KF\xc4\x13S`\xe7\x0a\xdd\
9>\xf4\xbf1\x95Q\x0f\x00g\xa7j@Id\xf0\
ye\xae.e\xb5\x91r\xc1\x922\xe6BNz\xf5\
\x1c\xd4W\xd3y\x89\x0a\xab\xcaHR\xac\xd2\x00\x0b\xf3\
\x90{\x9fnj`y\xc6pGZ\xa2\xf8y\x1fv\
J\xe3\x8fz,1\x14\x22(\x0b\xf4\xebQ\xb1\xc0\x05\
@#8\xe4Tj\x19G\xeeIl\xe4\x0d\xc3\xa6)\
\xf1\x95\xeb\xb9\xb7t\xe0q\xf8S\x10\xf6b\xb1\x80q\
\xcf\x03\x1d*6\x1ba9\xdaXr\x05M\x18c\x97\
c\x91\xd0\x02?QM\xf2Xneo\xc1\xbaP\x05\
ugb\x10\xa0^9\xdbN\x04\x84%\x98g\xa0=\
\xea\xd0V\xf3H<\x93\x8f\xca\x9f\x1cfI\x9b(\x9b\
A\xc8\xf4&\x80\x12,\x08J+\x02\xcc0r+F\
\x1c*\x81 ,\x01\x1c\xd5TC\x92\xdbq\x93\x80;\
f\xae\xac<\x80\x1b\xbeN}i\x01%\xbf;\x98\x8f\
\x99\x9c\x91\x9a\x95A\x12\xa2\xf1\xb8\x82M2\xdf\x05\xd4\
0;T\x13\x9fZ\x95\x15M\xd1u\x1f\xc3Hb\x13\
\xb4?\x15Zw\x0a\x8aW\x1bGZ\x98\xb1(\xd9l\
\xe4\xfbU)IW\x01@\xc6\xdeNh\x02\xa9\x22H\
\xd9\x95p\x0b\x12\x7f\xc6\xabJ\xfbI\x0a\xb9\xf7\x15e\
\x88\x10g$\x06\xe7\x00Tl\x1f\x03v\x08\xc7\xe5T\
\x22\xd6\x8b\xa8K\xa6J\xcd\x0f09\xdd$du8\
\xe0\xe7\xb7j\xee\xb4\xcb\xd8\xef\xec\xd2x\x8f\x07 \x8f\
B:\x8a\xf3\x90\xe0|\xab\x9eFx\xe6\xb7\xfc\x1fy\
\xf6y\xe7\xb5}\xa29\x1c8lc\xe79\x04g\xbf\
AS$4\xce\xc6\x8a(\xa8((\xa2\x8a\x00(\xa2\
\x8a\x00(\xa2\x8a\x00(\xa2\x8a\x00(\xa2\x8a\x00(\xa2\
\x8a\x00(\xa2\x8a\x00(\xa2\x8a\x00(\xa2\x8a\x00(\xa2\
\x8a\x00(\xa2\x8a\x00(\xa2\x8a\x00(\xa2\x8a\x00(\xa2\
\x8a\x00(\xa2\x8a\x00(\xa2\x8a\x00(\xa2\x8a\x00(\xa2\
\x92\x80\x16\x99)e\x8d\xcck\xb9\xc0%W8\xc9\xf4\
\xcd8\x10FA\x04{R\xd0\x07\x9b\x8bmu^I\
\xbc\x8dJ\x19\x9eM\xec\x22|\xaeNz\x0c\x9e\x95\xd0\
F\x9a\x86\xa1\xe1\xcb\xa85\xa2l\x8cd\x0f=\xb1\x97\
E\x00\x92\xc38\xe7\x9c\xd7QT\xf5w\x82=.\xed\
\xee\xc6`\x111q\x9cdc\xa5;\x81\xc9\xe8\xd3i\
zT\xf7%\xb5_2F\x8ff#\x85\x82/\xbf|\
\x9a\xca\x87Z\xd5-`\xf3%\xd4\xdd\x9b\xaa\xac\x8a\xa4\
7~\xfc\xe2\xa0)k\xe60\x8bN(\x8d\xca\x97\xb9\
\x93\x81\xc7\x5c\x1e\x7fJ\x94\xcc\xe9#\x9b\x5cZ\xae\xd0\
\xaa\x91\x00\xc4\x0e3\xf3\x11\x93\xceMU\x89\xb9sW\
\xd7f\xbe6wV\x96v\xe5<\xa2\xce\xf2\xdb\x89H\
pH\xc6{\x0e\xe2\xb2]\xe5\x91\xc3\x5c\xc7\x04{\xb8\
\x06\xde\xdc!Or:\x9eO\xebV\xed4}B\xfc\
4\xd0B\x97(\xe5\xb3)\x94/>\x9c\x8c\x83\xf8S\
\xee\xb4{\xeb\x18\xe3Y\xac\xa4\x91[\x8c\xdb\xb1\x93i\
\xff\x00h\x01B\x01t\xc9\xed\xb4\x8f\x12y\x97\xd3I\
#@\xad\x16!\x88\xed\x0cq\xd7<\x9e=\x05t\x17\
\x1e*{\xa8\xa6\x8fD\xb2\x9a[\xc4\x01\x82\xcc\x98\x05\
s\x82p\x0eOoN\xb5\xc8\xc2`\xbb\xb8\xb4\xb0\x86\
\xd6X\xb5#)\x06Y\x89\xf9\xd4\x03\xf7\xc6\x01\x18\xe3\
\x07\x06\xaeA\x16\xad\xa6\xde2\xc3h\x0d\xcb&\xc2\x15\
\x90\xf0Ob\x0eGj\x0695\x0d~+\xd5\xb8#\
Pw\xce\xe3\x0bDB0\x1d@\x18\xc0\xe3\xbfZ\xed\
\xdb^\xd2\xe3\x91\xa3\x9bP\xb5I\x97\xef#J\x01S\
\xdcu\xae\x1fS\xd0o\xb4h\x16\xe5\xaf\x18\xdb\x96\x08\
\xcb\x13\xb8''\x1c\x8c\xe0\xf5\xac\xbf.(\xe2B>\
\xd0\x1f=>\xcc\xa4\x05=\xf3\xbb>\xb4Z\xe1{\x1e\
\xb1kymv\xa5\xadn\x22\x98\x0e\xa67\x0d\x8f\xca\
\xb9\xbdG\xc5\xadg\xabOi\xf6\x1f\x92\x1e\xaf$\xa1\
\x0b{\x81\x8e\x9e\xf5'\x834\xb8\xad\xed\xd7P\x8e\xe9\
\xa67\x11\x81\x81\x18\x8dG>\x9ds\xf8\xd7C4\x10\
\x5c\xa8\xf3\xa2\x8aQ\xdbr\x86\xa9\x19\xcc\xdc:x\xcb\
I)i#\xda\xc9\x04\xa0\xbaH2\x09\xc1\xe0\x90y\
\x1c\xd6;xkY\xb4s%\x98X\xddH\x00\xc1r\
Aa\xdf\xaf\xf5\xa2}KQ\x83P\xbc[\x0b\xa8\xd6\
8\xe5`\x11#E\x5c\x0c\x0c\x1c\x81\x93\xf8\xf6\xae\xbf\
\xc377WzR\xcd|\xf1<\xac\xcd\xccx\xc63\
\xc6q\xde\x9e\xc2.\xe9\xeb:X\xdb\xad\xe3\x87\xb9\x08\
<\xc6\x03\x82\xd8\xe6\xacR\x1aZ\x91\x85T\xd5Z\xe9\
4\xeb\x86\xd3\xd1^\xe8!\xf2\xd5\xbaf\xad\xd4W7\
\x11Z\xc0\xd3\x5cH\xb1\xc4\xbdY\x8e\x00\xa0\x0e\x09\xb5\
mf0\xc6[\x8b\xb5u;_6\xe3\x0a~\x98\xfe\
\xb5&\x9f\xe2k\xc8.\x90\xddO\xf6\x9bl\x90\xe0F\
\x03\x05\xecF;\xd6\x9c\xbe\x22\xb9\xfbT\x8do\x0d\xbc\
\xd6g;\x09$3\x0e\xc75R\xebX\xb7\xd4\xa6\x82\
\xda\xebM\x01$\x91WzI\xf3\xab\x13\x8e8\xe4u\
\xaa\x117\x88\xb5k\x0d^\xc9-lu\x0bu\xb9\xde\
\xac#\x95yoa\x91\xc1=3X\x17\x9af\xac\xbb\
\x03i\xad\x9eH\x09\x0a8\x1c\xe7\x9ez\xd4\xda\xf6\x9e\
4\xcdL\xc3\x01'(\x92D\xf3\xf2I\x07\x91\x9e3\
\xd0q\xefV\xef\xbcE\xa8\xdeY\xac\x08\xc9k0\x7f\
\xde\xc9\x11\xe7h\x00\x82\xa0\x9e9\xc8\xef\xd2\x9a\xf2\x17\
\xa9\xd0h\x97WRh\x0dq\xad\xda\xedx\x83\x1d\xa5\
0\xcc\xa0u+\xd8\xf1\xd2\xb8k\xcdN\xd2\xf6p\xf6\
Z|\x16\x8d\xbb$\x81\x92\xe3\xd0\x8e\x80\xfb\xd6\x9c>\
'\xd5<\x81\xe5\xcfi2\x83\x8d\xd2G\xdb\x1d\xf0k\
\x06\xf6\xeemBv\x9ad\xb7\x8d\xc3\x1f\xf5Q\x85\xdc\
q\xd4\xf7<z\xd0\x906$S\x95d\x0a\xaa\x09\xcf\
#\x82(rdV;@f$\xb1\x03\x04\xd4\x08\x87\
\xccV\xcf\x0b\xde\xad\xc4\xa6E\xcb\x11\x91\xdc\xd5\x92g\
*\xb1\x93f\xd3\xe9\xf4\xa9^2Q\xd7\xba\xfe\x82\xac\
D33\xaber\x01\xc60\x7f:\x90DRV\xc7\
\xdd4\xc4VB\x0e\xcd\xb9\xc8\x1d*\xc8P\xdf3d\
\x91\xdb4\x811 \x0aH^\xa7\x8ejX\xd0\xe3\x00\
g\xd3>\x94\x86:%\xf9\xfeP\x14\x8a\x952\x8ey\
'<\xd1\x0a\x80@\xc8\x18\xe7>\xbe\xd4\xe7\xe1\xc8\x04\
r94\x80\x8ey3\x8e\xf8#\xb5F\x80rF\xfe\
\x9cR\xb3\x1c\x94\xe4\xf3\x83M\x1c8D\x1dO_j\
`J\x8a9\x12}\xde\x99\xf5\xa9%l\xfc\xa4\x1d\xa0\
\x120=\x05\x12\x00\x84\x1d\xd8\xf4\xcf\xd2\x9b\x0e\xe2$\
b\xc39\xe3\xda\x90\xc6\xc406\xed\xcezT\xd0B\
\xb1\xae\xe9\x02\xed\x07\x828\xa9m\xa0F\x97\xbe:\x90\
y\xcd%\xc5\xc0Rp@\x07\xe5\xd9\xb74\x01\x14\xf2\
\xe3`\xc8<\xf3\xf4\xf4\xa6\xedfc\xb8\x1c7Bj\
\xbc\xd2\xb3\x00\xb1\x9f\x9d\x8e\x06\x05^\x89\x02/\xef\x08\
oC\xda\x80\x1d\x1c[\x0fC\xb7\xb9\xab\xc2/)\x02\
\xa7C\xdb\x14[\xc2q\x9c\xf0\x0f\xe7S\xed9\xc8\xc8\
>\x94\x86T!\xf6co\xcc\xd9\x1ct\xa4\xf2\xc0!\
\x88\xe3\x01r}*\xcb\xaf\xcc\x17#q\xa68\xf9\xc0\
$\x8f\xe1\x1cP\x04EUy\x07\x18\x19\x19\xa6\x80\x02\
\x0c\x03\x93\xd7\x8fZ\x98\xfbm\x0b\x8csC *\xa4\
\x1e\x7f\xbb\x9a\x00\x85\x93\xe4a\xc1'\xb0=j0\x9c\
\xab\x05S\xc1\xfc*\xd0\x8b\x13\x12I9'\xf0\xa9\x12\
\x0f\x9b\xa9\x03\xb8\x22\x80*\xa2.\xe5\xde\x01\x04\xe3\xd3\
\x15y\xa2\xdb\x10\x0e\xa0\xe7\x8e)<\x80\xa4\xb0\xe4t\
\x02\xa7L<[H\xed\xc7\xb5 *\xcaq\x9d\x9cF\
8b{T2\xaa\xecU\x1c\x020>j\xb7rH\
\x01x\xe4\xe3\x22\xab\xaa\xaa\x96\xda\xc0\x83\xcf^\x9fJ\
\x00\xcf\xb9F\x04\xe0\xae\x0f\x00c\x9a\xae\xe0\xed!\x83\
\x0e6\xa9\xc7Z\xbfq\x96\x90*\xb0\xe4w\xa6\xa0P\
v\x83\x80\xb9=\xea\x84f\xcb\x1f*Hm\x91\x9ev\
\x8cR\xcf\x192\x15\x0a\xc5\x98\x82j\xf4\x91\x8c\x85\xe7\
c\xf3\xc8\xcf=\xb9\xa6lQ\xb3\xcb\xce\xe2@$\xf5\
\xfcx\xa0\x0an\x81\x18\xbb\xfa~\x95R\x5cd\xb0\xce\
X\x808\xab\xd7@\xae@`F8\x07\xb9\xaa%N\
\xe1\x9d\xd8\xc79\xff\x00<S\x10\xd4\xdeK\xecU\x0b\
\xc0<t\xe7\xa9\x15gp\xe0\x12\x01U\x03+\x93\x9f\
z[8\x8e\xd7\xc0\x0c@\xc9\xc8\xc9\xa7\x93\xb5\x82\xaa\
\xa9W8\xfb\x83\x83\xd4\xd2\x02d.\xac\x06GM\xdc\
\xf5\xe3\xbdL\xb1\x92\xa3\x1c\x13\xea{R\xc0\x8d\x91\x89\
\x01\x1e\x9f\xca\xa6\x95LaOB\x08\x18=\xe8\x19\x18\
\x81\xce\xe5$`\x8c\x80;R\xc0\xbdK\x023\xeb\xc8\
\xe3\xb5^X\xdd\x87\xc9\xc1\xed\xefQ\xbc\x0ae\x00\x02\
w\x1c\x9eH\x19\x1d{R\x19z\xcdX\x85\xc8\xfb\xa7\
\x1d*\xf3 U \x8e9\xaazp]\xcc\xa0\x01\xb8\
u\xf5\xfd+H\x0c\xaeH\xe4\xe35,e@\x80D\
\x02\x8ei\xf2G\x86\xdf\x8e1\xc8\xf5\x15+)<\x8c\
\x0c\x8az\x01\xce}(\x02\x8b\xc2FNA\x0b\xd3\xdc\
TM\x10\xc3m\x1f/\xde\x15m\x01\x0d\x82I \xfe\
b\x96D\x01O\xe3\x9e;P\x06\x5c\xa9\x85\xc2\x8er\
\x0e{\xd4A>R[\xef\xe7?\xe7\x8a\xb6a\xf9\x82\
\xee8\x14\xa6%\xea\xc4\xf2:\x0ab*a\x96V\xdc\
8#\x8c\xd4EUN:\x83\xd8\x9e\xb5u\xe3\x1c\x12\
\x18\xe3\xb6zT2\xc63\xbc\x81\xc7\xdd\xcd0+\xc8\
6\xa7\x07>\x80w\xa8\x5cd\x96+\x8e3\x8fZ\xbf\
\xb4m\xecx\xc9\xa8\x0cA\xa4\xee6\xf2Oz\x00\x85\
\x82\xc5\x80\xe5\xb77=:\x9aF\x8f\xca\xc1=\x0b\x0c\
\xe3\xde\xadJ\xbel\x8c\xac\x9f*\x00s\xea}*\x09\
\xe1/\xc8o\x94\x1c\xfe4\x08\x8aB\xc7\x85\x1c\xe7\x19\
>\x95ZC\xb5\xf6.I<\xe0\x8e\xd5qF\xe2\xc5\
\x8f\xd3\x8e\x95\x15\xc9%\x97\x1f.\xef\xe4)\x81Y\x91\
\xb9P@\xe0\xed\xa8\xe2(\xaa\x8aI\x0cN\x07z\xb8\
\xc82\x1c\x81\xb7\xa6\xe23\x81Q\xec=Wi\xc9\xe3\
\xe5\xed@\x16\x10g\xe4\xc61\xfa\xd3\x1dw\xe4\x10@\
\x1e\xfdjku\xc8'9\x07\x85\xe3\xa5<\xc1\x9c*\
\x1d\xb8#4\x80\xad\xb0\x82\xcd\x93\xb9\x9bh\x18\xa9\xe3\
Bb\x09\x81\x9c\xf3\x9a|c\xe6\xdc}N>\x95-\
\xba\x05\x8dJ\x9c\x923\xfex\xa0\x04\x00+G\xfd\xd0\
\xdc\x0a\xb2p\x8aI\xeb\x82j\xb4\xaa|\xc8\xd6,\xf1\
\xc8\x15bF\x01\x19\xc9\xf9U:\x11@\xc7\xc7\xf2\xa4\
H\xbc\x829\xc9\xa7\xab\x11$\xa0\x0e\x00\xa6\xc7\x9d\x8c\
\xccGA\x81@<\xc8G;\x8e2)\x01\x0b\x82\xa9\
\xd0`\x9f\xca\xabM\x9d\xb2\x0e9\xef\xdf\x15x\x8f\xdd\
\xa8<v\xe2\xaa\xdd\x8d\xb1HS\xb0\xc6v\xe6\x80+\
2\x05\x896\x8f\x94\x0c\x1ak\xc6\x14\x1d\x8b\x8c\x91\x9c\
v\xfd*g\x1bv`\xfc\xa0Q\x22\xfc\xacA9&\
\x98\x8aaO\x96;\x16\xe7\x03\x83\x9a[Y\x1a\xde\xed\
.R\x11!\x89\xbePO|c>\x99\xe6\xa6\x9e<\
\xba\xaeO\xdd\xebQ1\xf2\xc0,Bd\xf4&\x98\x1d\
\xa6\x9d\xae\xda]&$\x90C.\xff\x00/k\x90\x0b\
\x1e9\x1e\xdc\xe2\xb5\xeb\xcb\xae\x11\x1c\x02\xc1\x5cdv\
\xcf5\xb1\xa5k\xd7\x16C\xc9\x99\x84\xb1\x8c\x9d\xce\xc4\
\x95\x00p?\xcf\xf35\x0e%&w4V-\x97\x88\
\xac\xa7PZP\x07w*T\x0eq\xcezv\xfc\xfa\
\xd6\xcdH\xc5\xa2\x8a(\x00\xa2\x8a(\x00\xa2\x8a(\x00\
\xa2\x8a(\x00\xa2\x8a(\x00\xa2\x8a(\x00\xa2\x8a(\x00\
\xa2\x8a(\x00\xa2\x8a(\x00\xa2\x8a(\x00\xa2\x8a(\x00\
\xa2\x8a(\x00\xa2\x8a(\x00\xa2\x8a(\x00\xa2\x8a(\x00\
\xa2\xb15\xadz\xda\xc9\xa5\xb5\x8d\xd8\xdeyd\xae\x10\
\xb0F#\x8d\xd8\xac/\x0dk\x9a\xa4\xba\xa4\x16\x92H\
\x97\x90\xbae\xd8\x80\xad\x1e:\x9e\xd9\xfac\xd2\x9d\x82\
\xe7k1q\x13\x98\xd43\x80v\x82q\x93\xe9^S\
uq5\xc5\xe4\xab\xaa\xcd+]$\x8c\x1a \xc4m\
#\xb0\x03\xb0\xc5z\xcdq\xfa\xef\x8a%\xd3\xb5y\xec\
\xe3\xb0\x8f\xe5PD\x92\xb6\xdf7#\xb7\x1c\xfaS@\
\xcc\x0d.\xfe\xf6\xc2;\xf6\xb2\x92_\xb3*\x80\xc5\xf2\
\xcb\x1b\x16\x03#=\x0f'\x8a\xb9\xa4\xea\xfa\x8d\x9e\xa1\
m\x10\xb9{\xbby\xa5\x01\xe3p\x1d\x86}\x1b\xadC\
\x07\x88u4\xb7\x92\x1b\x88\xad\xae\xa2\x91\x8f\x98\x0d\xbb\
\x1c\xe7\x19_\x97\x8f\xcf\xd6\x9b\x0e\x93\xaa\xa8\x89\xc5\x8c\
\x81\x1c\x06FF\xc3&{\x11\x91\x8ct\xf4\xa7\xeaI\
\xdcx\x87Q\xfe\xcc\xd2\xe5\x9dJ\x09\xbe\xeca\xbb\xb7\
\xf9\xcdq\xb3k\x1a\x9c\xf0yWR\xc7\x226w\xa7\
\x926\xb0#\xa1\xc9\xf7\xaa\x96\xc9q\xa9\x93h\xd7\xaa\
\x1d\x08x\x12i\xc1\xcb\x8e\x0a\x83\xcf\x1bsKs\x14\
\xd6wRZ]\xa9WP0J\x92\xad\xe8T\x9e\xa2\
\x84\x81\xb1\xa9\x13\x191\x81\xe5\xb6\x08\xc1$\x0e=\xcd\
5\xa4\x03\xcd?)t\xc6\x0es\xc7\xd2\xa7\x12\x8d\x92\
\xa9/#\xbal\xcaH\x00A\x90w{\x9e\x05D\xea\
\x8a\xeb\xf2v\x19\x03\xfa\xd3\x110\xb2\xb5\xb8\x98Ea\
\xab\x5cEu\xb3\x85\x98\x18\xe3\x95\xb3\xd8\x8e\x9f\x95C\
{\xa4\xdci\xd1\xab^\xcf\x0d\x93\x1e\xb2y\x8e\xec\xdc\
\x0e@^\xb4\x87\xf7f61\xc6]\x18:\xee\x19\x01\
\x81\xe2\x97Q\xbb\x96\xf2\xf5\xeen\x99|\xce\x01\x8dG\
\xca\xa0\x0e\xdf\x994Xb\xc7\x06\xa7w\x13\xe9\xf6\xf2\
E\xaa[9\xcf\x9b\xe7d\x8cs\x80\xc4\xee\x1d\xb89\
\x14\xfb\x8f\x0c\xcfm\x04s\xdeK\xa6\xd9\xa3\x15_\xde\
\x13\x90\xc7\xb6Gz\xcc\x90\xa0`\xd1\x82\x1c\x8e\x08\xf9\
H\xfcG\xd6\x9fo;-\x93@\xe3\xce\xb6\x0f\xbcE\
)b\xa1\xb9\xf9\x81\x04\x10r{\x1a,+\x9d,\xd6\
\xb7\x12xzKF\xd6\xed&\x9b\xce\x0e7M\xf2\xec\
\x1d\x17q\xc9\xea\x01\xac\x22\x9eT*\x8c\xd1Hz\x90\
\x8c\x1d:\xf7#\xb6*\xa2\xa0\xca\xb8D\x0d\xd8\x01\xc9\
\xa9b\x98\xc4|\xaf\x95\x8ewa\x87OaBAs\
\xb9\xbf\xd3l\xf5\xfd>\xd8X]F\x89n~P\x83\
r\x0e1\x82\xb9\x1e\xd5\xcc-\x8d\xce\x8d~\x00\x96\x18\
nUK\x0f*Pr=\xd4\xf6#\xb5fEs$\
w\x0c\xf0\x93\x04\xc4c\xe4b\xbf\xa8\xa1n\xdc\xcc\xef\
xe\x96i\x00\x02PF\xe1\x81\x81G+\x1d\xcbS\
\x05\x13<\x97\x96\xdb\x9eF$\xbcl\xf1\x969\xcfE\
\xf9I\xff\x00<\xf4\xae\xb3\xc0\xd0F\x96w3$7\
p\xb4\xb2|\xc9q\x8e\xdd\xd7\x81\xeb\xe9\xfc\xab\x8b\x86\
\xfe\xf6\xde@mf{s\xdfn0\xddG>\xfc\x9a\
x\xd65X\xd8\x91\xa9\xdc\xee#\x8d\xc1N\x06s\xdc\
P\xe2\x09\x9e\x89\xe2\x1b!}\xa6:5\xc7\xd9\xd5\x08\
\x90\xbe2>^y\xf6\xae>\xcc^Z\xdb\xaa\xda_\
\x86V;Uc\x9b\x18\x1e\xc1\xf1\x83E\xb7\x8bn\xfe\
\xcd\xf6[\xd8\xa0\xb8\x01v\x17\xe44\xa3\xa1\xc8\x1c\x0a\
~\x9f-\xad\xda\xedUx\x86HTYC\x90\x07^\
\x18\x7fZ\x9b4;\xdc\xec4'\xb8\x93L\x88\xde\xba\
\xbc\xe3!\x98\x10s\xcf\x19\xc7\x19\xac\xcf\x10j\x96f\
i4\xbb\xeb[\x86FP\xdb\x81\x0a\x0e9\xc8$\x8e\
\x95>\x86m--\xa7\xf2$.\xff\x00}\x94&\xc3\
\x81\xc7\x02\xac&\xa9o20\x9e\x22\x008 \x80\xc0\
\x8aC8\xf4kDR~\xd1w\x12\x8c\x96\xf3 W\
\xc2\xf5\x1c\xa9\xe9Wnt\xfb\xfb\x05\x86\xf5gYc\
B6\xb2/\x18#\xa9\x5c{\xfa\xf1V\xb5&\xb3\x9d\
\x91m-m\x92=\x85\xcb\xb4#r\x9e;\x11\x8e\x95\
\x08\xbd\xd4\x1aBa\xbd|\x13\x8cmS\x8f\xc0\x8f\xa5\
1\x14\xefn\xa7\xbf\x91^\xeah\xe4\x11\x93\xb0*\x80\
\x17?\xedzU\x05\xf2\x92e\x0f3(\xde\x1d\xa5\xf4\
\xc7N\x9c\xf5\xc5h\xea7V\xf1\xd9\xacf\xc2\xd5o\
\xdf\x22gT\x03\xcb9\xeax\xeaG\xe5X\xf2\x1d\xf2\
c\x86\xdd\xed\xc7\xd6\xa9\x09\x91^\xddM\x7f{=\xc4\
\xc0\x02\xcd\xb5UF\x02\x80N:w\xefU@V@\
\xac\x98\xc1\xeb\xfdj\xdc\x0b\xb1\x1cd\x0c\x1c\x82\x07\x14\
\xc7F\xf3\xd7'\x00\x8ej\x91#!\x8f'\x0b\xc5:\
(\x81\x19_\xba;\xe7\xad>\x04+\xf7A\xda\xc7\xa8\
\xa9\xc4x<\x0cz\x9a\x00\x89P\x12T\x01\xf5\xebN\
(\x08\xc1\x01W\xa0\xab>V\xee\x84\xe7\x8e\x94\xff\x00\
%\xb7\xaa\xe3\x8e\xc74\x86W\x8e6\x00\xf0w\x0e\x95\
c\xcb\x1c\x0ca\x87\xa75!P\xad\xb4u\x22\x94\x82\
\xab\xdc\x11\xd7=\xe8\x02\xb3(\x00\x1eI#\xd7\x18\xaa\
\xf2\x02\xc7\x81\x91\xd0\xf3\xcd[q\x96;\x80\xc68\xf6\
\xaa\xcev.\xd5P\x5c\xe7=\xa8\x02\x93>\xd9\x19A\
<\xfasV-UU\x0e\x1f9\xf9\x8f\x14\x864'\
 dd\xe7\x8c\x9a\x90G\xc8!\x03(\x19\xe2\x98\x89\
\xb6\x16 \x0d\xac\x1b\x8a\x93\xc9\x0aF\xf6\xc9\xc69\xe7\
uZM\xb1 /\x8e0zr8\xed\x8a\xabyx\
\xaa\x0a\x95\xc9<\x03\xdcT\x8c\x8eY\xb0\xea\x9f(\x1d\
\xc89\x22\xa9\xbb\x99\xca\x85l\x03\xc7NI\xaa\xee\xef\
\xbc\x8c\x05*s\x903\x9a\xd5\xd3-\xc0\x84J\xd1\x92\
s\xc1?\xe1Oa\x0c\x8d\x1a\x14\xdd\x81\xe6t\xe3\x90\
?Z\xb7\x0b\x84\x09\x1e\xdc\x93\xcf\x1d\xff\x00Zy\x8d\
@'\x0a\x07\xa2\xf3\x9fjt*\x02\x02\x06\xd3\x9es\
\xdb\xde\x90\xcd\x08\x93\xf7\x5c\xf28\xf9qN\x91\x14\x10\
\xbbI\x1dK\x0fZtN\xa4\x06\x03#\xb6;\xd3\x9a\
2\xd9n\x9e\xde\xb4\x86@\x17p\x0cx>\xbd*1\
\x9d\x87\x85-\x9e\xfe\x95o\xcb\x19\xe7\xeb\xcd @I\
\xe89\xea\x074\x01]S*U\x86\xe1AT\x11p\
\xb8\xe0\x80}*tF\x1f0<\x0c\xf5\xe2\x99(\xde\
\xcb\x8f\xba:\x8fz\x00\x85b\x19\x00/\xcb\xdc\xe7\xbd\
Z\x00\x06\x18\xf4\xa6,eI\xdb\x92:\xfd*uO\
\xdd\xe7\x1f7\xa5\x005\xd3 \x8c\x0e\xb9\xa1\x00\x0b\xf2\
\xe2\xa5\xc78\xa6\xacj\xa4\x90:\xd0\x04R\xa9a\x80\
F:\x9c\xd59\x10$\x85\xbel\x01\xc6;V\x89\xc1\
=2>\x95V\xe1\x15\xdb\x95\xe7\xb04\x01\x999b\
\xfb\xa3\xc99\xe4\x93\x8a\xaf*\xb6\xe0\x18\x02XrC\
r=\xbd\xebFe\xcb\x00\x0epz\x91\x9c\xd5r\x92\
9-\x83\xd3\x7f\xc8q\xdb\xbf\xad1\x0d`e\x90\xa8\
;BrI\x19\x19\xa4;V\x15bv\xe7)\xc8\xe3\
\xf9U\xf8\xe1\x91\x95F\x11P\xe38\x1dO\xaf\x1e\xf5\
\x9fs\x18\x13ns\xe5\xf3\xb5\x08\xc1\x03\x9e\xb4\x0c\xa4\
\xec\xabp\xcaz\x01\x959\xe9\xfe\x15\x1c\xd1((\xfc\
1\x07;\x7f\x1fZ\xb6\xcc\xb1\x9c\x88\xc6\xf3\xf2\x86+\
\xc9\xf5\xcf\xb5F\xe8#\xb8+\x22\xf0\x17''\x8ab\
\x1di\x0a\x91#\xa7\xcb\x83\xf2\xe3\xd3\xf2\xab0\xdb\x01\
\xf7[\xa9\xe8z\x9a\xb5ij\xe2\x14#n\xcc\x02\x0a\
\x80w{t\xab\xd1BL,V\x14\x1c\x802s\xc5\
+\x8e\xc6b!eTB<\xcf\xbcN8\x1c\xf4\xeb\
W\xe0\x01\xdc\x108\xc7L\xf4\xa6\xc7bB\x9d\xcb\x9d\
\xccx\x0d\xc7\xd7\xebW`\xb5\xf2\xdd\xb6\x93\x8e:\x9a\
W\x01\xb0\xc0\x13\x80O'5^D!$\x12 .\
\xa7(@\xebZq\x01\xb8\x82\xa34\xdb\x98\x89R[\
>\xd8\xa5q\x94\xe0]\x8b\x9003\x9f\xc0\xd6\x8c\x1c\
\xa0\x19\xe4\x13U S\x12\xe1\x89+\xd3\x9e\xbc\xd5\xc8\
T\xb1\xe7\x8c\x8a\x18\x0a\xdd1\x8aB\xbc{\xe0T\xbb\
pG\xe5H@'\x93\x9aC+\x94\xe1\xb29\x14*\
\x8d\x80\x1e\xa0b\xac\xe3\x9a\x83\x05e\xc7oJb+\
4Cvp7\x11Q\x84`Np@\xfd*\xfb/\
\x5c\x8c\x1a\x81\xe3\xc7L\xe0\xd0\x05fL\xa9\xeb\x8f\xad\
1\xa2\x05v\x82q\xebV\xc4y+\xe8=)\x8c\x98\
l\x8f\xce\x80)\x04\x09\x96;\xb0G\x19=)\x8e\x85\
\x078'\x19\xe2\xadO\x8d\xc3p\xe4r}\x0dU\x19\
i\xd8\x1cyc\x9c\xfb\xd3\x11\x0a\x8c\x92\xae=\xf2{\
\x9ak\x80\x18\xc6\x84\x06n~\x95a\xf3\xb9O\x1c\xf7\
\xc5C\xb4\x89\x19\xc2\xf5\xfd\x06i\x81X\xc4w\xf5 \
\x93\x96 \xf5\xa4e\x02M\xc0n\xdc;\xf6\x15a\xc8\
 \x03\x90O9\x07\x80(*\xa5}=>\x94\x08\xaa\
\xcb\xf2\xed\xe8\x09\xf9\xa9\xca\x998\xe7\x18\xe3\x9a\x90\xab\
\xe1X\x80\xc1\x8fO\xe5N\x09\x8c\x02\x02\x92}h\x01\
m\xcb\xbe\x03\x0e\xbd8\xefS\xba\x90\x111\x92NI\
\xf4\x14\xf8#\x00\xf1\x8c\x0f\xf3\xc5I\xb4\x10$q\xc9\
\x1c\x0aC*\x08\xc1\x1bG \x03\x9f\xa5H\x00E\x8f\
`\xe4\x80\x00\xc5I\x1c{-\xce\x07\xccW\xaf\xb5N\
\x91\x03\x82F\x02\x8e(\x02\x01\x1e\xd9S\x07\xe7*z\
\xd2\xce\xbb\x94\x81\xd0\x001R\x95\xfd\xe1q\x8f\xbb\x80\
(\xd9\xc6\x08\x04\x92(\x00\xc6\x14v\xc1\xfc\xea(\x8e\
!$t,\x7f\x9dY\xe1s\x921T\xc0\xf9\x13\x8c\
\xe3\xe6\x0c(\x01\xcc\xcb\xb9Cc\xaej)\xcf\xeep\
\x00$\xb61\xf8\xd3\xa5]\xd2\x06\xc18\xe9Mc\x90\
\x9f\xef\x0f\xce\x98\x15\xf7\x04<\xa0\xc9jr\xa6\xect\
(}\xba\xd3d\x03\xccfa\xd0sDRn+\xce\
G\xd2\x80$dS\xc3\x03\x8cc\xadB\xf0\x03\x08R\
[\x00\xfeu8%\x9eBA\x18\xc74\x0cm\xc08\
'\xf5\xa0\x0ao\x1b\x01\x8c~g\xda\xab\x05!\xdbp\
\xfa\xe0\xd6\x85\xc1\x0d\xb9F\x09=r:U'\x0d\x92\
;\xe7\x8c\xf3\xc51\x10\x88\xe2\xd8\xe0\xa9\x1c\xf4\xc7#\
\xf1\xad+}WR\xb7\xdac\xbc2\xb0P\xb8\x9b\x91\
\x8c\xf7\xf7\xf7\xff\x00\xf5\xd5F\x8fp\xe0w\xe4\x11J\
Wi\x00}pq\xcf\xd6\x90\x1d]\x8f\x89b\x91\x82\
]D\xd0\xb7\x1f9#o\xf3\xe2\xb7\xe3t\x91C#\
\x06S\xceA\xcdy\xcf\xc8\xc0\x86\x1fA\xebW\xb4\xed\
Rm>u\xc1-\x13cr6x\x1d8\xfc\xff\x00\
J\x97\x12\x93;\xaa*+k\x88\xeebY!m\xca\
\xc3#\x8cT\xb5#\x0a(\xa2\x80\x0a(\xa2\x80\x0a(\
\xa2\x80\x0a(\xa2\x80\x0a(\xa2\x80\x0a(\xa2\x80\x0a(\
\xa2\x80\x0a(\xa2\x80\x0a(\xa2\x80\x0a(\xa2\x80\x0a(\
\xa2\x80\x0a\xa3\xab\x1b\xa1l\x0d\x98%\x81\xcb\x05?6\
=\xbfJ\xbdE\x00s\x16Rj\xab}\x1c\x97M,\
V\xab\x93$\x93\x95U#\xd3\x19\xe0\xf4\xae\x82;\xcb\
i3\xe5\xdcB\xd8\xfe\xeb\x83Y\xfe*\x16\xff\x00\xd8\
\xd2=\xda\xca\xd1#+b>\xb9\xce=\x0f\x1c\xd7\x12\
M\xae\x10\xc9\x04\xc0c\xe5\xf3Tr}s\xb4S\xb5\
\xc5\xb1\xbf\xe2\x8bm*\x06k\x96f[\xcb\xaf\xb9 \
\x0c\xe9\x90:\x90\x0e+\x9b\xb4\xbd\x9bL\x96+\x98\x0c\
\x06T\x18b\xd1\xfd\xe5\xcf#8\xc8\xe9\xfaV\x8e\x91\
\xa3Z\xdd\xc2\xef%\xcc\xf6#\xce\xc2\xee\x0a\x9b\xfag\
n\x7f\x11\xd3\xbf\xe7\xbdq\xe1\xcd\x07Q\xb8\x93\x0a\x0c\
\xa4\x02\xeb\x0c\xe5x=\x0e\x01\xc7\xad=\x83sd_\
[\x0b\x18\xee\xe4\x9e$\xb7u\x0c$f\xc2\xe0\xf4\xe4\
\xd7\x0d\xaeK\xad4\x92\xcbyq\x0b\xe9\xb2\xb6!1\
\x98\xca2\xf5\x1drO\x1f\xfdj\xea5\xfd\x0du\x0d\
&++F\x8e\xddaud]\xbf&\x00<\x11\xe9\
\xcdr\x97\xbaci6\x82\x1b\xe6-$\xf7\x0b$\x11\
[\xb1\xc2mR\x09$\x8e\xe0\x8e?\x9d\x08\x19J\xd6\
\xe2\xee\xc9\xa5\xfb\x05\xec\x91\xb4\xccF\xc0\xb9\xcf\x00g\
\x04~\xb5\xb1\xa2\xf8\x92\xfdnb\xb5\xd5|\xb9m\xe4\
\xfd\xdf\x9a\x17\x0e\x09\xe8O8\xc7\xe1X\x8b\x82\xc5\xcb\
\xb6\xfc\xe3h\xec~\xb5\xb7\xe1\xab+K\xdf\xb7}\xbd\
\xd5\xb6F\x10v\xd8\x0e~l\xfa\xf1\xfaSbF?\
\xd9\xed\xd5\x8aE4\x17\x11)\xf9\x18#!#\xf9~\
\x22\xbak\x1dpZh\xd1\xad\xccr]]F\x07\xf0\
\x93\xb8\x16\xf5=\xc6Ef\xdfEi\xa6\xce`\x92\xf6\
y\x02\x15\xe2+pH\xcf|\xf4\xaaW\x0e^\x19#\
W;2\xc3=\x09\x19\xe3?\x95\x16\xb8lX\xd4o\
\xd6\xf9#K{[[b\xcaK\xc6\x0a\x892\x09\xe3\
\xa6q\x81\x9c\x8fZ\xa8\xb2*\xce\xb0\x8e\x18\xe3'\x19\
5\x17\x99\x92\x06?x\x14\xa7'\xa0\xa8B\x82\xc40\
\xc6y\xc8\xf4\xa6\x90\x9b&\x95T\x15D\x8e\xdc\xb0\x5c\
\xee\xf9\xb7\x1e}\xce?\xfdUM@~\x99\x0c\x7fJ\
\x90)h\xe4\xda\xb9\xfe\xef\xad:8\xb7\x0c`\xfb\xe7\
\xb50!X|\xc6\x04\x82\x18t\xf4\x15:!!\x0b\
\x10\x14\x0f\xd6\x968\xa6C\x9d\xa7gQ\xde\xa4P[\
\x0a\xa5\x94g\xa621\xe9@\x08\x22\xcf\xcc\x06]{\
\xe6\xa2+\xce\xc7@\xb99\xe7\x92kQa\x08\xa1\x94\
|\x99\x18\xe34\xc7TrC\x10OL\xf4\xcd\x17\x03\
1\xe3O1I;K\x0e\x9e\xf5\x1b\xa6\xec\x1d\xa7\xd8\
\x1a\xd2\x9e\x140\x14\x00\x8cw\x1e\xd5U\xb2y?u\
\x8e3\xdcb\x80+\xcf\x8d\x80\x8c\xfc\xa39\xaa\xc1\xf7\
m,N\xef\xafj\xb3t\xcb\x1b9u 7\x19\xf5\
\xaa\x8e\xf8\x91p\x9c\x01\x8d\xd9\xaa$Y\x10\xa4\xe81\
\x80\xb9\xfa\xd5\xd8\x91w)|\xc61\x92s\x80\x7fZ\
\xa1\xe53\xce\x88\x18\xf4\xdd\x9e\xb8\xad\xed6\xd0\xcb:\
\xb3\x8c(\xef\xc1\xff\x00=\x05&4nh\xb2\xc8\xec\
\xa4\xbb\xc4XmR{\x8f^\xf8\xc9\xff\x00<\xd7C\
\x04o\x1b\xee\xba\x99\x18\xff\x00t\xf3\xfd+\x1e\x18\xc2\
\xb0\x080Gz\xbb\x14\xe62\x03\x10@={\xff\x00\
\xf5\xeb6Z\x03\x11\x12,\x8e-\xdd\xb7q\xb9\x07n\
F;\xd6.\xa3z\xf2\x5c\xf9[\xa3\xca\x96.\xeb\x12\
\xee\xc6:g\x9c\x7f:\xb3\xaa\xea\x04\xac\x91\xdb\x86\xcb\
\x83\x8c\x8f\xa8\xff\x00?J\xc7\x99\xce\xc9\x0b\x00\x15~\
\x5c\xed\xeahH\x1b+\xce\x87\x1b#\x0c\xc0\xf7''\
=\xff\x003H\x90\xb48%w3u \xfe\x95g\
\x05\x09o\xe2c\xd7\x1d\x05\x22\xa9\x95\xc0\x19\x00w\x1f\
\xe7\x9a\xb2H!\xb4\x7f\x9b;v\x1e\xde\xf5\x0b\xfc\xcd\
\x91\xc0\xe7\x19\xad9\x95\xd9\x0aF@=3\x9cb\xa2\
\x8a\xd5Te\xce\xfc\xfeT\x5c\x0a0\xc6I\xd83\x8f\
\xce\xad\xad\xbe\xdcq\xc7CVD`G\xca\x85>\xd5\
3/N\xf4\xae\x05}\x81@*?Js\x82\x06z\
\x9ay\x5ct\x07\xad\x12\x0d\xab\x81@\xc8Jc\xa9\xe7\
\xad!\x04a\x8f\xa5J\xdcc\x8c\x9f\xe7M'\xe4\x01\
\xb9\xed\xd2\x81\x15\xd9\x15\xb0\xc5\xb9\x07\xb7j\x88\xc6:\
\xf7\xab<F~q\x9c\xf7\xc5A,\xe0\x0c \x1b\x94\
\xfaf\x98\x15\x98\x05|\x1c\xe3\xb8\xc5\x0a\xc5pUG\
\x5c\x82\xdd\x856`L\xacr\xdf\x88\xce\x0f\xe1R+\
\x1d\xe8\x17\x92=:\xd0\x04\xf3JX\xab\x9c\xed\x1c\x0c\
U9\xe1\x12\xca\x11\xf9'\x95\x19\xf6\xab@\x8d\xc1\x08\
#\xdb8\xcdJ\xb0\xf9\xd2\xa2t\x1b\xb9\xfa~\x14\x01\
\x05\xb5\x90\x96R\xf2\x01\xb0uR95\xacQT|\
\x98P\x08\xe0\xf6\x15\x22\xa6\xc1\xc7\x1bO_Ztq\
\xa9'\x18\xe7\x93\xcey\xa5q\x91\x05\x04.Xn\x19\
\xfc\xeax\xe1]\xa00\x1b}\xc5=#RO\x01F\
3\xd6\xa5E\xf9\xb1\x8c\xe7\xda\x90\x08\x91\x84|/q\
\xe9\xd2\xa5\x11\x8c\x1d\xc7\x1f\xd6\x9e\x91\x01\xc8\x5c\xfa\x9a\
\x7f\x966\xfc\xc0\x00zR\x19\x00R\x0fN}i\xe8\
\x9f6\xdc`u\xa9\x91\x07\xf7H\x18\xa4t\xd9\xc8\xce\
\xdf\xe5@\x10\xca\x00^\x08\x04\xfe5V\x10K\x10H\
\xdd\xebVe9a\xd4P\x88\xaa\x09\x1d\xceh\x01\x02\
7L\x0cS\xa3B:\xf7\xa9@\xe9\xe9J\x17\x04\xfb\
\xd0\x04{p\x0eiB\xf1N)\x901J\xab\x80\x00\
\x14\x01\x01_\xd2\xa1\x91\x06X\xb15m\xd7=:\xd4\
M\xf7\xf9\xc9\xc7LP\x055\x81I\xdaFA\xef\xeb\
S\xc5\x12\xb1\x19\xe3\x1d8\xa9\x82\x9e\xa4~u<@\
cq\xe0z\x8a.\x047i\x80\x11\x01$\xf3\xd3\xa7\
\xbde\xc9f\xae\x18\xf1\x86\x189\x19\xc9\xcekJf\
\xc1\xda7\x11\xeb\xedU\xa5r\xaaT.O\xa0\xa1\x01\
\x8dy\x12\xa3\xc7\x10V\xdc\xdf\xdd\x1d*\xc5\x95\x88\xb8\
\x04\xb3\x19\x08==\x07#\xbdY\x9a\x10\xf2w\x1f)\
_\x94\xf4\xadM*\x05\xce\xf2\x09m\xb8\xc9\xebN\xe2\
\xb0\xcb\x18\xd6<\xc2\xd8\xf9X\x94_a\xe9V6\xa8\
b\xaaTc\x92=>\xb5*Z\xc6\xae\x1cF\xbb\x81\
'8\xe7\x9aIaG\xe1\x80\xc6s\xe9\x9a\x92\xacA\
!/\x81\x1b\xaes\xceFx\xa9W\x0d\x91\x91\x91\xcf\
\x14\x15\xf9\x8b \x03\xb7J\x8a\xd6\x12\x9ea\x93\x92\xcd\
\x9f\xe9@\x8b(2O\x03\xebR\xf9BD\xe4})\
\xc8\x83o5<h\x00\xa0fL\xf1a\xb9\xc9\x19\xe6\
\xa6\xb6;\x88<\xf1\xcd[\xb9\xb5YP\xe3 \xe2\xaa\
\xd9\xa3\x06p\xc78\x18\xfch\x02c\xc8\xf7\xa8\x98\x13\
\x8e*w\xc0\x15\x11\x1cP\x00\xc3+P\x94\x19\xeb\xc8\
59\xfd*1\xd8w\xa0\x09\x1dC\xa0\xed\x9e\xb8\xa8\
\x84_)\x0d\x8cU\xc8\x94\x14\xc6(\xd8\x01\xe0P\x05\
B\x83\x22\x99 \x01Fz\x0eO\xb5^1\x8a\xa1r\
\xdb\xdbj\xe7\x8eM\x00R\xb9\x0a\x03I\xddz\x8a\xaa\
\x11\x81\xce\xec\x16\xe5\x88\x1d\xea\xfc\x85X\x8c\x81\xeax\
\xa8Y\x02\x92q\xefLE9\x06\xe1\xb4\xe7\x18\xc6q\
La\xb5\x82\x8e;\xe3\xda\xac\x0c\x99\x0b\xe7+\xdb\x22\
\xa2\x90o\xcf\x98\x80\xe7\xa7\xa6)\x88\x8bg\xcb\xb8q\
\x9ey\xf4\xa4\x90o\x1f' \xf5\xf4\x02\xa6\xe0B\x08\
\xe7\xda\xa3E\x004\xb8!\x9b\xf9S\x01\xc1\x14\xfd\xe1\
\x9c\x0c\x83\xd3\x14\xe8S\xe7$\x9e\xa4S\x80\xf96\x8f\
\xbc\xfc\x9c\xf1RG\x8cn$ex\xa4\x02\xc4\x87r\
\xa0\xe5G,jYT6r~P\x09\xa9m\xd3\x11\
\x96n\x19\x8eq\xe9I*mV\xe3\xb6M!\x918\
\xfd\xc7NH\x03\xa5H\xc9\xf7Tt\xefN*q\x9f\
R)\xc5O_\xe24\x01\x09\x19w+\xd1G\x1fZ\
\x14r\x09\xfe\xf6\x0dK\x1ar\xc3\xdf\x1f\xa55\x80W\
Ps\x8e[\x9a\x00\xaf8\x1b\x0eG\xcay\xa8\xc8\x01\
@\x07\x80;T\xf7*<\xa6\xe4\xf4\xa6L0@\xc7\
jb\x22\x90\x0d\xe4\x8fO\xca\xa1\x0a\xb9A\xc6\xee\xbd\
*}\xa0\x86\xeeG\x18\xcd5\xf6\x99G\x03\x01z\xd0\
\x04r\xa0m\xcd\xed\xcdVp\xab*\xe3\x1b\x87<U\
\x9e\x00`\x0f^9\xfa\xd3$\x8c\x19\x01\xdaO\xb8=\
)\x80\xd3\xf7\x1c\x83\x80x\xa7\x90\x07~j\x10\xcc\x01\
\x1e\xfe\x95b3\xfb\xb5\x001\xfa\xf3@\x10\xca\x8c\x09\
*G<f\xa0e\x00\x93\xc8\x06\xac\x99\x03p\xa0\x1c\
\xfaT\x0c\x19\xb00@\x07\xb5\x00Vq\xb6@\x84u\
5(Rx\xda=\x1a\x9e\xa9\xb5\x99\xb8\xcfJS\xb8\
\xe0\x81\xc1\xea}(\x11\x18\xceA\xe4\x00}jEM\
\xa5\x899\x04\x82\x09\xa7`oV\xeb\xc7\x5c\xd0\xcb\x85\
\xca\x1eI\xcf<\xd0\x04\xd672\xd9\x93%\xb99'\
\x91\xd4u\xf4\xfcMvvWp\xdeD^\xde@\xe0\
\x1c\x1cv5\xc3\xc46\x02\x06\x09\x07\xaez\xd6\x8e\x99\
}\xfd\x9fr\xc4\xeeh\x1ce\x95}q\xc5KE&\
u\xf4T6\xb7\x11\x5c\xc4$\x85\xb7\x03\xd7\xd4q\xd0\
\xfb\xd4\xd5#\x0a(\xa2\x80\x0a(\xa2\x80\x0a(\xa2\x80\
\x0a(\xa2\x80\x0a(\xa2\x80\x0a(\xa2\x80\x0a(\xa2\x80\
\x0a(\xa2\x80\x0a(\xa2\x80\x0a(\xa2\x80\x0aF\xce\xd3\
\xb4\x80q\xc6ii\x92H\x91F\xd2H\xc1\x11FK\
\x13\x80(\x03\x90\xbb\xb3\xf1\x09\x9c\x8f:V,N\xd3\
\x0b\x00\xa0\x13\xdf5\xd4i\x9fi6\x10}\xbc(\xba\
\xdb\xf3\xed\xe9\x9a\xa3o\xe2-:i\x0a\x89\xf6.8\
gR\xa0\xfe&\xb5\x04\xd1\x94V\x0e\xbb[\x90s\xc1\
\xa6\x07\x1b\xe2\x8b;U\xd5X\xe6Y'\x98\x07e8\
\xda\x8b\xd3\xaf_\xc3\xf1\xaaZ\x1b\x0b\x0df\xda[x\
\xd5c\x94\x88_\x8c|\xa4\x7fB\x05\x5c\xd5\xa2\xb7\x1a\
\xa5\xdc\x90\xcb<\x929\x0cN\xc5*8\x1c\x06\xceq\
\xf8\x1a\xab!\x8fyY2r\xbfw\xa8\x03\xdf\xdb\xfc\
*\x96\xc2\xeaK\xafY\x8b\xedN\xe6\xe2\xd2\xf2+\xb5\
 \x03\x00\x9fk\xa61\xc0\x1d\x08\xefT\xa3\x17n\xe9\
\x0d\xd5\xb5\xe5\xd5\x9eY\x8f\x9c\x842\x1cc\x87<\x8e\
p=9\xa7\xc9k\x0b\xc7\xb6H\x95\x94\xb6\x07\x0ay\
\xfc)\xd0=\xed\xb0\xf2,.$\x826\xc4\xa5%\xda\
\xa19\x1c\xe4\x8e>\x94\x01B\x19!\x964c\x03F\
\xa7\x90\xa8\xc7$\x7f\xbc}~\x954\x5c2\xf9h\x8b\
\x1bp\xca\xdf6W\x9cg=\xf9\xea1\xdf\xd6\x95\x14\
\xc7\x81\xf37',{\x9e\xff\x00\xadHF\x15T}\
\xd3\x9e\xa3\xad;\x12C\x22$L\xea\x8a\x02\x169\xf9\
}\xe9\x0e#R\xd8\x18\x03#\x159]\x98`2}\
\x07\xff\x00^\xa5\x11\x968\x93\x04\x11\xd3=i\x81H\
FK\x06\xc7-\xc9\xc5/\x92\xf2\x07\x0b\x95^\x99\x22\
\xae4X\x91H\xce>\xe8\x15*+d\x026\xfb\xd2\
\xb8\x19\xe6\xdc\xb2((F\xde\xe7\xa1\xab\x11\xdb\xa8@\
\x0bt\xeb\x81V\xe4\x87\xe6Q\x8f\x93\xa0\x5cSL_\
!1\xe5G\xa8\xee}(\x19Z\x08W\x0e\x81\x98\xae\
r\x0fJ\x9a;f\xdd\x81\xc2\xe7>\xc6\xac%\xbb\x82\
\xa5\x86\xec\x8c\x1c\x0e\x95e\xad\xc3\x86\x0f\xc2\x83\xc7\xfb\
T\xae\x05X\xadK\xf1\x85\x11u\xc5C|\x9eZ`\
\x06f\x03\xb0\xce?\xfa\xf5yeX\xb7\x15(I\xce\
\x0e\xea\xa5,\x81\xc3s\xd7\xa7\x7f\xca\x80(\x00cl\
r\xcb\xeb\x8f\xe7PI\xc6K\x0c\x8fB\xb5zl\xf0\
NA^\x95\x1b\xae\xc2\x1d\xd8\xab0\xdb\x8cc\xf15\
B2\xae\xe1-\x19q\x80\xbd}\xc5B\xc8J\xeds\
\xb4p\x01\xc5iH\x91\xa9\x93\xcb`I\xe7\x1d\xf3\xeb\
K\x0ce\x95\xb7\x92\x1f'+\x91\xf9S\xb8\xacW\xb5\
B\xac6\xb6\x069$rk\xa8\xb0\x88*\x9c\x00\xa5\
\xc0\xceG?\xe7\xade\xdbB\xf3H@\xce\xc0\xc3\x1d\
\x06>\x95\xd1[\xc1\xb5T\x96\xc3u\xc0\x1e\xfd*[\
)\x00$\x01\x8e\xa3\x8c\xe7>\xd5Z\xfa\xe1\x94\xf0\xdb\
@\xc8$\x8c\xf5\x1d}=}jk\x99\xfe\xcc\x8eB\
\x92\x18\xe1O\xa7\xa9\xfa~u\x8934\xa7)\xb8\xbb\
\x1d\xcc;\x03\xfd\x7f\xce)!\x91\xcb\x96]\xecX \
\x18\x18\xf5\xa5\x91\x0e\xc3\xc9t^Ol\x9fJ\x9c\x8f\
\xdd\xacD\x02\xc7\x92;\x0a\xa5u)-\xe4\xc4\x00A\
\xd7#\xad2F\xfd\xa4\xb4\x81@9\x1d{\xd5\xb5P\
\x02\xf9|\x90y\xcd@\xb1\xe1\x06\x0f'\x8ez\xd5\x8b\
p\x0a\xf2\x0e\xee\x84\x91@\x12\xa0\x1c\x80)\xea\x0e0\
\x07N)\xd1\x0d\xc0\xff\x00t\xf4\xa9p\x07\xdd\xce(\
\x19\x17\x968\xc7c\x9cS\x98c\xd8\xd3\xf0H\x1bs\
\x83\xd6\x95\xd4\x10s\xcd \x22\xe4\xae:\x1a\x8d\xd0\x0e\
\xb9=\xear\xbe\xc3\x22\x99*\x96\xc8\x04\x8a\x00\xae~\
\xf6;\xe3\x81Q\xfd\xd3\x96$\xe2\xa5\x91|\xb0[\x92\
\xc3\xb8\x15T\xcb\xe6I\xcbm=6\xfa\x1ab\x1b1\
a\x81\xc0\xc6*\xab\x190H\xces\x8c\xe2\xa7Vc\
\x13+\x10\xa789ls\x8ac'\xdc\xdb\x90W\xb6\
y\xfc\xe9\x81\x18W\xde\xc0\x12T\x9e\x0e84E\x85\
#*Kq\xce\x0f\x02\xa6\x0cI$\x06\xe7\x19\x1c\xe4\
\xfe\x152(\xc9\xc6\xe0=1\xda\x80\x1d\x1d\xbb9N\
~`H\x188\xad(\xa1\xf2\xd0\x02q\x9e\xf4\xdb(\
|\xb5%H#\xd4pj\xef\xb0\xe7\xd8\x9a\x962(\
\x907rW\x1d1R\x08\x8ev\x82\x14\x0ep8\xcd\
=\x15\x86\x09\x03'#\xf0\xab\x0d\xb7n3\xba\x90\xc8\
QH\x1bG\x5cz\xd3\xc2\xf0\x0b\x1ax\x00\x00O\xe6\
)v\x82G\xcb\xc7J\x00r\x90\x17=\xfd\xeaE\xe4\
\x0d\xc3\xf2\xa6F2H\xc7\x03\x8ejO\xe9H`\x87\
\xe6\xe4\x0cz\xd3g\xda\x00\xe3\x22\x9e\xc4\x0ez\x0a\xac\
\xee\x5c\x8e\xcb\xe9@\x11/\xcd\x9c\xfa\xe2\xa5\x0b\xdb\xb5\
\x0a\xb5\x22\x8e}\xa9\x88h\x07\xd2\x9c\x07\x22\x9c\x058\
\x01\xd2\x90\x0c\xdb@\x15.)\x08\xe3\x9a\x06W\x97\x0b\
\xcf$\xd4@)\x1e\xe4\xf1R\xce\xa7\xb0\xcf\xe1H\x8a\
\x00$u\xa0@\x8b\xb5H\xef\xcf\xb5Wy[<\x9d\
\xa3\xd3\xd6\xa5\x96R\x00\x1cm\xfa\xf3U\x9b\x05\xb7\x0c\
\xfap:S\x01\x5c\x92\xa0\xf28\xe8j\x05\xc3\x10v\
\xf3\xeb\xdc\xd4\x80\x13\x8e\x09\x1d\xfa\xd2:\x85Q\xf3\x10\
\x17\xd4S\x110\xc1lt=\xc5jX\xc5\x84-\xea\
p+%C\x0cr\x08\xf6\xe9[\x96O\xf2\x85'8\
\xa4\xc6\x85)\xf9\xd3Y=O\x15i\x90\x1ac/j\
\x91\x95\x8a\xe2\x94G\x93\xd2\xa6\xd9\xebNU\xedL\x06\
\xa2\xf6\xa9\x02\xe2\x9c\x06(\xa4\x02\x1a\xab\xe5\xed\xb9f\
\x00mu\xe7\xea*\xd1\xa65\x00A'oJ\x88\x9c\
(\xa9_\x9c\xe6\xa0<\x9fOZ`.F\x0ej5\
\xcej\x5c\x06S\xe9M_\xd6\x80,A\xd0\xd4\xd8\xa8\
-\xc8\xdd\x8fZ\xb2i\x01\x0c\x84)\xe5\xb1\xedY\xf2\
(\xc9~~n\x7f\x0a\xb1tK1\xc7\x1d\xaa'\xe4\
\x01\xd2\x98\x14\xde<\x86#\x82y\xe0\xd42d\x8ez\
\x9e\x07\x15jV\x0f!\x04p=\x0dD\x06K\x13\x9c\
\x0ab+H\x08\xca\xe3\xf2\x15\x1a\xa8\x93'\x81\x93\x9f\
\xc0U\x99W \xe0\x9ex\x04v\xaa\xd2a\x86\xe0p\
\xdd\xb7zS\x10\x93`\xe0\x0c\x8fS\xe9Q)\x04\x91\
\x9f\xea\x05L\xbc\x92X\xe7\xb0\xa6\x8e\x81Pg4\x00\
m\xcf9%\xbat\xefVB\xe5\xd12\x08\xea}\xbd\
*4P\x17$\x90\x14v\xab0G\x91\xc1$\x9e\xe6\
\x80&\x80\xee\xce\xef\xe1\xa2`J\x10\x07'\xaf\xe7R\
G\x10Lq\x82\x074\xe6\xe3$\xfbR\x19\x0b\x8c\x95\
Q\xd0\x10i\xe1Nw~\x14\xe6Lm\x03\xa99&\
\xa5\x1d)\x01\x02/,}\xea'\x00\x91\xec\x09\x150\
\xe8H\xeeI\xa8\xa4\x04\xfd\xdf\xee\x8fj`E6J\
\xf6\xec)\x92\x83\x91\x9eEJ\xe7\x95\x18\xeaGzk\
\x81\x93\x9e\x83\xa5\x02*\x80\xa4\x1c\x0e\xa6\x9b\x8f\xdew\
\xfb\xb4\xf4R\x07\xd0\xd2\xb0\x1b\x8e:\x0e)\x81\x5c\x8f\
\x93\xeai\xc0\x02\x87h\xce)v\x9e\x00\xe3\x93\xd2\x92\
\x22K\x10z\x0e\xa2\x80*\xba\xb0P2A8\xe9N\
RA\xc2\xe3\x83\x8ej\xc4\x89\xd3=\x00\xefU\x8f\xfa\
\xc5a\x8c\x0eG4\xc0\x94 \xda\x02\x8cs\xd0S\x0a\
\x9c\x81\x8c\xe3\xf3\xa5\x8f\x93\xd7\xdf \xe4T\x85T\xfd\
\xec\xf5\xa0\x0a\xce\xa4\x10y\xc5 \x0c;px\xab\x05\
9\xcf\xcd\x9acF7\x13\x90O\xbd\x00C\xc0\x00\x82\
H4\xbc\x12@9=jL\x85$t\xcd0\xb6\xd5\
`x\x06\x80\x1d\x19\xfd\xe0#\xb8\xeb\x8a\x93\x03\x1b\x81\
\xdeW\xbej$\x91Wq-\xd7\xb0\xa9\x07\xcd\x19\xdb\
\x8ez\x0fZ\x00\xd0\xd1\xee^\x0b\xe4\x1b\x80\x8a^\x1c\
\x1c\xfaq]Uq\x88\xbf&\x0a\x9c\xe3\x9a\xdc\xd2\xf5\
\x05[u\x8es\x86\x5c \xc0\xe4\xfb\xd4\xb1\xa3^\x8a\
@A\x19\x14\xb5#\x0a(\xa2\x80\x0a(\xa2\x80\x0a(\
\xa2\x80\x0a(\xa2\x80\x0a(\xa2\x80\x0a(\xa2\x80\x0a(\
\xa2\x80\x0a(\xa2\x80\x0e\xd9\xaen\xeb\xc4\x13\xad\xcc\xa9\
mo\x11\x8a6\xdb\xbd\xd8\xfc\xde\xa4`}+\xa1\x91\
\xd1\x06$e\x19\xe0\x02z\xd6\x14\xfe\x1b\x87%m\xae\
\xa4\x80\x1ev`0\xfc\xbf:h\x19Z\xd7\xc4W\x0a\
\x81n \x12\xb0<\xb4|d\x13\xd8\x1a\xbfz\x87]\
\xd1\xd1\xed\x18 o\x9bd\x9d\xfd\x8e*\x8c\xba<\x08\
\x18&\xa8\x8aS\x897\x048\xeb\xf9v\xfc\xaa\xcaj\
6z~\x97\xb3Me\x9c\xab\x14U\x04\x9c\x1c\xf5>\
\xdc\xd1\xe8\x06Dvw&F\x89\xac\xee\x10\xa8\xee\x01\
\x0c3\xeb\xd2\xa4\x9bM\x9a\xd4\x05\x966)\x82\xc2M\
\xc7\x0aOPq\xd2\xb4b\xd5\xef&\x896\xa4\x0a\xfc\
\x87\xe4\x9f\xc8~f\xaa\x80w\x8f5\x98\xbb\x93\x92O\
\x1d9\xc7\xa7ALE$\x8d \xc4y\xc60\x00\xab\
\xbaB\xdb\xc5ourHg\x04D\xc8\xf8P\x06F\
G\xaeNq\xcf\xb55\x92&\x0a\xc2DV\x0cH\x91\
\x8e\x17\x1d\x0f5\x03\x9btw_!\xdd\xdfk|\xc0\
2)\x19\xf9\x87\xb9\x07\x1d=\xe8\x03\x00\xc0Y\x00d\
\x8d0I\xda\x83\x1d\xfaq\xe9\x9cq\xe9S\xda\xf9\x8f\
\x90\x01U#\x0d\xce\x09\xc7\xf9\x15e\xe0%\xcb\xec)\
\xf3t\x19<zT\xcb\x17\x96\x06\x14 bI\xcf<\
\xd5\x08\x8c\xc0Y\x14\xb9\xc0\x07\x81\xebG\x942z\xe1\
s\x85=\xeais\x806\x82\xfdF;T\x85w\xed\
c\xc1\x1e\xf4\x01\x10FeP{`\xf1Ne%\x88\
98\xe6\xadD\x81G'\x81\xe8i%\x8d\x9c\x9d\xbc\
m=s\xd6\x90\x10\x88D\x88\xaaG\x00\xf3\xcdK*\
e\xb6\xa2\xe0\x81\x90})\xe8\xe5\x90\xe1pG\x04\x9e\
\x99\xa9#V-\x9e1\xdb\xde\x80\x19\xe5\x9c.\xec\x9c\
\x0e}\xe9\xe50\x0b\x1e;\xfd*V\x04\x02I\x19\xa6\
\x90\xc5y\x18\xf4\xcd!\x8fE\xc8\x0c~U\xfeuN\
y\xf2\xc4\xc6\xdf\xbb\xc6\x0dKz\xdbP\x05<\xe7\xa6\
z\xd6d\x84\x95\x04ps\xd8\xd3\x10\xc0K\x83\xfc*\
:g\xd6\x91K\x00\xdb\xceG@\x00\xa7s\xb78\x19\
>\x87\xf4\xa8\xf6\x1f;{u\x07\x18=\x051\x00r\
\x5c\x07\xe3i\xe3\x1d\xaa\x1b\xa8\xcb\xba\x0d\xa4\xa8\xe7#\
\xa7\xea*\x7f*G\x9d6\xc6\xcc\xed\x91\x8c\x9d\xab\xee\
Mh\xc3\xa6\xe1J\xcaI'\x9d\xcaq\xe9\x81\xefE\
\xc2\xc6Lp\x19\x1d\x14\xa8b\xcb\x82\xbf\x87Z\xd2\x8a\
\xc5\xcb\xb0a\xf2u \xf1\x92\x0dk[\xdb-\xba\xed\
\x89O9\xeazT\xbe[gq8\x1d1\x9aM\x8e\
\xc4\x10B#@\xa7\x92=\xff\x00\xcf\x14\xf9\xee\x968\
\xfe]\xa4\x9c\x1c\x1c\xaf^\x98\xaa7\xf7\xcbl\x0a(\
fa\xf3m\x1c\x9f\xc7\xf3\xef\x8a\xc9\xb9\xb92\xa9b\
\xe4.p\x06q\x92\x0f\x03\x8aV\x1d\xc9.\xeeE\xc4\
\xdb\xb7\x9c\xaf\xf1{\xf4\xff\x00?J\xb1m\x18\xb7\x85\
\xa4\x90\x92\xcd\xcf=\xbd\xaa\xa5\xbd\xb2\xbb\x86`p\x0e\
N:U\xb7\x906X\x91\xb59\xe3\xbdP\x8a\xf3:\
\xa2\x96\x1c\xcc\xff\x00tc\xa9\xf4\xaa\x91\xc0\xd1\xaf\x99\
!\xcb\x92zt&\xa5Eidk\x92\xa7h\x18U\
\xf6\xff\x00\x1a\xb1*\x928\x03wA\x9e\x80P\x22%\
A\x95';\xf1\x9f\xa5O\x16$!P\xe4\xf5\xa2(\
\x88<\x0c\xe7\xbf\xa5Z\x8c\x0d\x80\x95\xc1\xe8}\xe8\x18\
\xb1\x8c/<S\xc0\xf9s\xd0P\x17\x0a\xc5\x81\xc9\xed\
\x9a\x90E\x93\xb9\xbb\x0cR\x01\x80\x16\xe9\xd2\x95\xd4(\
\xc0\xe7\x9f\xca\x9f\xd7\x00\x0c\x0c\xd3\xfc\xb2z\xf1@\x15\
y\x04\xee\xc8\xf7\xa4e\xe1p\xd8\xe7\x9a\xb4\xe9\xc0\x00\
\x8f~)\xac\xa4\x91\xd4}h\x03:\xfd\x18\xaa\x9f\xe1\
\x07\x91T\xc29;\x97;Nz\x81\x9a\xd9x\xb8<\
d\x0fS\xd2\xabyaO$g\x9e\xf4\x01NH\xc6\
Ww\x05zd\xd3^2s\x9eps\xcfJ\xbc\xd1\
\x83\x80\x17\x800G\x5c\xe6\xa2X\xc9,z\xf1\xefL\
\x0a\xbeQ\x906\xe5\xc6\xe1\xd3\x07\x9f\xd2\xa6\xb5\x85\x96\
EM\xa4m\xe0\xb68'\xf2\xa9Q\x1b \x00\xd8<\
\x86\xcdM\x02\x9d\xca\x18\x13\x83\xd8\xd0\x05\xb0\x0a\x068\
\xc8\xed\xedS\xc4\xbc\x12H$\xf2=\xa8\x0aq\xc1\x1e\
\x80T\x91\xae\x01\x04\xf2{f\xa4`A\xc0#\x9c\xfa\
\xd3\xbe\xea\x0c\xe2\x8c\xf3\xdf\x03\xd2\x94\x81\x83\xces\xeb\
H\x06\xae0z\x8c\xfa\xd3\xc1\xc7\xad +\xd3\x07\xeb\
N\x19=G\x14\x00\x02A\xcf\xe9N\x19\xef\xebI\x8f\
Q\xd7\x9a\x8eI\x95s\x9f\xbd\xe9@\x05\xc1\xc7C\xd0\
\xf3Q\xaf'\xd4Th\xe6L\xb1\x5cT\xc8=)\x80\
\xf5\xc0\xa5\xc8\x04\x01H\xc7\x0bL'\x91H\x09A\xe6\
\xa4^\xb5\x12\x9eEL\xa34\x0c\x90-;fE9\
\x17\x8ax\x14\x80\x85\xa3\xe7\x91PM\x11(A\xce\x0f\
\xa5^$\x0e\xb5RV$\xed\x14\xd0\x19n\x8c\xad\x8c\
\xf1M#\x000\xe4\xe3\xd2\xae?\xcc\xbf0\xc7\xf4\xa8\
<\xbc\x0c\x8e2i\x88\x88\xe4\xe3\x9f\xc3\xd2\x90\x02I\
\xf9q\x9a\x95\xa3b\xc4`\xfdOCHA$ps\
\xees\x8a\x00Ul*\x8e=3Z\xf6X\xda\x07\xa7\
\x7fZ\xca\x89\x18\xb5i\xda\x1d\xab\xb4\x7f:Lh\xbf\
\x8aB(^E- \x1b\xb6\x8cS\xb9\xa2\x80\x12\x8a\
ZLP\x03Z\x98\xdd*F\x15\x1bt\xa0\x0a\xf2\x1e\
F\x09\xa8\xb1\xc9\xf7\xa9\xd9y\xa6m\xf5\xa6\x02(\xf9\
MG\x82\x09\x0d\xc7\xa5XQ\x80MB\xc0\x93@\x12\
C\xf2\x91\xd6\xadu\x1cU(\xf3\xbb\xda\xad!\x0c\x9e\
\xe2\x80!t\x01\x98\x9eOj\xa999\xc0\x1c\x9fJ\
\xb71!A5[n\x0e\xe2s\x8e\x82\x80!\xda\x15\
pO&\xa2 \xa9#\x1cz\xfa\xd5\xa7RH\xc8\xe9\
P\xc8\x099\x19\x18\x14\x08\xab)\xe0\xb7P8\xaar\
\xb3\x14*>L\xe3\xf0\xa9\xe5G2\xe7\xfeY\xa8\xe1\
{\xe7\xb9\xa8\x9d\x18\x97`1\x8e\x9c\xd5\x08b\xb7\xce\
\x00\xe0\x9cd\x0a\x99r\xaf\xe8\xa6\x98\xb1\xb3\x82\x00\xe3\
\xd0pj\xce\xdf\xc0\x01\x8a\x00h\x05\xc6\x17\xa7\x5c\xd5\
\xdbe$\x13\xd8v\xa8#L \x03;\x8d[\x86\x16\
R\xa3\x0d\x81\xd4\xe7\xad!\xa2A\x93\xf5\xefH\xe0\x12\
\x01\xe8\x0dI\x8cd\xfeT\x8c>\xe8\xf5<\xd2\x18\xdc\
e\x858\x8a\x5c|\xe2\x83@\x10\x85\xc4|g\xd6\xa3\
a\xb40'\x8e\x05N\xc0\xf9|u\xc5G\x8c\xe7>\
\xbd(\x02\x07\xc1(FA\xcdE&\x09oZ\xb1(\
\xdaq\x9f|T,F\xec\xe3\x821LEt\x05@\
\xef\xd6\x95\x06U\xb20}\xa9\xc7\x8003\x9aH\x86\
\x07'\xbd1\x11\x95\xdb\xceMG\x82pG\x1f\xd6\xac\
\x10J\x93\xedP\xcb\x9c\x0cw#\xbd\x000\x96=8\
>\x86\x994y<\x0e*u\xc6\xe2\xa7\xa0\x14\xd6\xe5\
\x88\x03\xdb&\x80+\xa3\xf2\x14\x1e:qR\xa8\xc1\xc6\
:s\xc7j\xab\x22\x90\xc7\x1c\x1e\xa4T\xd1\x96\xcbu\
\xc8\xf4\xcd0$e\xe7+\x93\x93\xd2\x91\x81\xe3\x03\x8f\
OZz\xe4F8\xc9\xc7\xaf4\xa4|\xa0\x0c\x8fz\
@Va\xc8\xcf\x03\x9c\xf3\x8a\x82F\xe4\xf2I\x03\x8f\
LU\xc6\x8bx$\x93\x8e\x9dj\xbb[1B\xb9`\
Oz`UW$\x93\x85\xe9\xdf\xbd[\xb3q*\x82\
\x01\x05x<\xf7\xa8&\xb5v\x19\xe5P{\xe2\x99n\
\xe6\x17-\x8f\x9b\xa1\x18\xe2\x805\xe3RX\xf3\xc7J\
z\xc7\x9e\x0f~\xf5\x1d\xa4\xd1\xc8\xbc\x10\x09\xed\x9a\xb7\
\x18;H4\x80\xbde\xa8,hV\xe3\xe5U\x00\x0c\
\x0e=\xea\xed\x95\xf4\x17\xaa\xc6\x06'n2\x08\xc63\
X\xbbx\xfa\xd6z4\xb6\x97\x1ee\xb0>a\x04\x1c\
\x1aV\x1d\xce\xd2\x8a\xab\xa7\xde%\xe4;\xd3\xa8\xe0\x8f\
C\x8f\xfe\xbdZ\xa9\x18QE\x14\x00QE\x14\x00Q\
E\x14\x00QE\x14\x00QE\x14\x00QP\xcfs\x05\
\xb9Q<\xd1\xc6[\xa6\xe6\x035\x14Z\x8d\xa4\xb7\x02\
\x08\xae#yH\xc8\x0as\xfa\xf4\xa0\x0btQHN\
\x05\x00r~\x22i%\xd5\xbc\xb9W\xf7H\x80\xa7\xa7\
'\x93\xd3\xafJ\xa9\x9b\x96\x11b\xe6f\xf2\xc8*\x19\
\xf1\x8e}jK\xdb\x94\xbc\xd4e\x97,\x80\x1f,\x09\
\x0e8\x07\xd0\xf4\xcf\xe1Q\xba\x87\xfb\xc4\xab\x15\xc8\xf5\
\xaaBc\x0d\x82,\xc5\x9a-\xc1\x8eC\x80\x1f'\xaf\
'\xb1\xad8\xed\xe1L1\x11\x86\x03\x1b\x80\xfd*\xd7\
\x87!pf\x97k$'\x01A\xc8\x07\x1e\xd5\x0e\xa3\
\xa9I\x14\xf3G\x00DD9\xca`\x9c\xf4 \xfa\x1e\
\x9f\x95\x00\x06h\xa0;w(a\xd4\x13\xc9\xf4\xaa\xa9\
5\xc4\xb1\x86\x91\x82d\x9e\x179\x1d\xa9\x837\x05\xa6\
\x91C\x179\xe4u\x15e\x17r\xe13\xb7\xa6\x00\xe9\
@\x14\xd2\x12\xa1\x99K\x10\xcd\xc8\x07\x03\xdf\x03\xf5\xa5\
T(=\x07@?\xc2\xad\x08\xbc\xbc\x8c\x9c\x1ey\xf5\
\xa8e;\x06s\xff\x00\xd6\xa6\x22\x1c\x03\xc6\xd2\x0ez\
\x91\x8a6\x9f\xe2\xe1Gn\xb4o\x01\xf2pG\xaf\xf8\
S\xc8\x07\xe6\x1c\xfad\xf4\xa0\x08\x1dp\xe1\xb3\x85\xef\
\xedSG\x9c\x01\xb7#\xb7\xf8\xd0B\xe0\xf3\x81\x8a\x92\
\x16m\xd9#\xe5\xed@\x0e\x8b8\xed\xb4w\xc7QR\
\x0eH\xdaH\xc7\x5c\xf7\xa6\xa7\xdd\x19\x1c\x0f~\xb5*\
\x8e\xdc\xd0\x02*\x82\x08#\x8c\xf0)\xf8\x0a:\xfdq\
@\x1d8\xceiH\x03\x8e\x84\x0e)\x0cN\xbc\x9e\x99\
\xe2\x87 .\xe3\x9c\x0e\xd4\xfc\x10\x14\xb7_jd\xd1\
\x96\xc1\x19\xfaP\x06m\xd4\x841|d\xb7 \x7f\xf5\
\xeb<\xcd\xfd\xfe\x0e\x0e\x18\x0f\xd2\xb4n#!\xdb\x05\
\xb7\x9e\x9c\x7f\xf5\xea\xa4vad;\xc9\xc6s\x80q\
T\x22HT\x08\xf7\x93\x96\xc6x\xabqZo\xdc\xec\
\x0bn\x1d\x08\xa9\xac\xed\x88\xf9\xd8|\xcc\x7f:\xd1\x8a\
,\x11\xd4\x8aM\x8e\xc5X-\x910\x11v\xfb\x8a\xb6\
\x22\xc7m\xdfQ\xd3\xe9S,`\x0c\x01\xff\x00\xd6\xa7\
c\x035#\xb1\x0fA\xd2\xaa^\xce\x88\xb9\xdc=:\
\xe2\x9f\x7ft\xa9\x11\x01\x87'\x1c\x8e\x9e\xbf\x8d`]\
\x5c;\xb1`H\x04\x8c\x82O?\x8f\x1f\xe4\xd3HL\
\xad$\xce\xd3\x9e\x84\xafE\xdd\x91\xf9}>\xb5\x1eL\
\xb2`\x03\x80w0\x15b\x18\x0c\x84\x96+\x92I\xe9\
\xd2\x89X+c\x0cH#'\xb6j\x89\x1e\xb9\x89q\
\xe69\xe3\x92\xcd\xd2\xab<\xa9v\xe1##\xcb\x07\x9c\
w\xf5\xa4\x9eO3rd\xb6{f\xa5\xb4\x85!M\
\x8a\xa1s\xd7\xde\x80,m\x19\x18\xe8\x07\x0b\xd2\xa4\x86\
,\xa0$\xf1\xdf5\x14xL\x8c\xe7\xb6z\x1a\x9c\x1c\
\x10\xa4\x1e\x9d{\x0a\x069\x14g\xa9#\xa0Z\x95F\
\xdcu-\xd3>\x94\xc5\x19\xdc\x14\x91\x9e\xf52n\x0a\
\x15Fs\xd4\xd2\x02T\xf9p[\x93\x8cS\xd5Y\xc9\
'\xee\xf4\xc1\xa4H\x86A=\xfd\xea\xc8\xe0\xe3\x1d:\
R\x19\x1f\x96\x07\xa0\xc55\x9bj\x0e\x1b\x19\xedV\x19\
v\xf4\x1di\x8c\x0f\xae9\xa0\x06\x01\x93\xc8\xea)\x0a\
\xfc\xa0\xe7\x22\xa5U\x00\x92;\xd0\xcb\x80O?\x85\x00\
V \xaeEF\xc3\x19\xdd\xc6}\xaa\xc3\xa9\xc63\x90\
z\xe4Td\x12C\x03\xc0\x1e\xb4\x01\x02\xa9B\x08\xfc\
\xb1\x9c\xd4&2\xc0\xa7\x1f6s\xed\xefV\xfc\x96\xe4\
\x13\xf2\x9e\xc3\xd2\x91\x86r\x01\xe9\xebLES\x18/\
\xc1\x0a3\xcdX\xb7\x84)\x04\xb6@\xeai\xea\x84\x0e\
\x87\xd7\x8a\xb0#\xdb\x12\xe0\x1fLR\x18\xe5\x00\x91\xb4\
p\x0dM\x1a\x05R@\xe7\xad9#\x00\xe4\x9c\x9aR\
v\xe7\x02\x90\xc6\xb7\x074\xc6\xc1\x03\xaf\x14\xe99l\
{g4m\x18\x1c\x1a\x00c\x0d\xb8\xe4\xfe&\x9a\xed\
\xc0\xf6\xefM~O'\x9c\xfa\xd4N\xdc\x05n=\xa9\
\x88\x91\xe6\x00\x1cu\x1d\xaa\xa0v,\xdb\x8eA4\xb8\
\xdc\x0f8>\xd4\xe5N\x7f\x95\x00M\x18\xcdI\x9c\x11\
MA\x80)\x8e\xf8`9\xcd\x00H\xcd\x93B\x9f^\
\xbe\xb4\x8a9\xcd=\x0ex\x22\x80%\x8csV#^\
i\x91/z\xb0\x83\x14\x868S\xc0\xa4\x02\x9e\x06)\
\x01\x1c\xc3\xe5\x1fZ\xa8\xf8'\x9e*\xd4\x98l\x0a\x82\
A\xd7\xde\x98\x15\xa4^\x08\x03\xadDW\xa0\xc0\xe2\xac\
\x91\xc7\xcczTG8\xfch\x02\x10\xa3\xb3`\xd22\
\xf5\xcfCR\xe3\x0d\x9c\x1fJ~=\x07\xe7LDi\
\xc0\xe9\x81\xedW\xadP\x92\x08\xe9U\x82\x82\xd8<\x9a\
\xbdm\xf2\xe0R\x19eF)h\xa2\x90\x05\x14Q@\
\x09\x8a1KE\x005\xaa3\xf4\xa9\x18qM\x22\x80\
\x22=)1R\x11I\x8a\x00cp*\x122s\xce\
j\xc3\x0c\x8an\xda\x00\x89@\xcdN\xb8QL\x0b\x8e\
i\x00\xe7\x92h\x02)2\x5c\xe7\xf2\xa0\xaeG\xae=\
\xaaP\x9999\xe2\x94\xaf\xbd0*\xbfO\xa1\xcdW\
\x94\xf7\xc75fPH\xe0\xf3U\xe4\xe9\xf2\xf5\xa0\x0a\
N6\xb9*\xc0\x8fJC\x1ep0\x00\x14>Y\xf0\
\x01\xc7^\xb5a\x17\xe5\xc9\xceq\xde\x98\x88R2\xa0\
\x93\x9e*\xcf\x95\xbb\x18\x04w\xebO\x8a<\x8e\xbc\x8e\
\xb5f<\x22\x92\x07\xcd\xd8\x1a\x00t\x11\x85@H\x19\
\x1d\xe9\xe4v\xa7\x81\xc7?\x8d&;\xd2\x18\xd29\xf6\
\x14\xccr*B;R\x11\x921@\x0c\xfe/\xc2\x86\
\x1c\x1a~9\xa6\x91\xc1\xa0\x06\x0f\xbbQ\xc9\x9c\xf1\xeb\
S\x91Le\xdc(\x02\xa9\x5c\xb52H\xc8F\xc8\xc1\
\xa9\x81\xda\xe7\x9e\xa2\x91\xfee\xa0E2F\xdc\xaf<\
u\x14\xc5 G\xb8g\x153 \x19P8\xefQl\
%}\x0f\xa8\xa6\x03\xf6\x82\xb8\x19\xc5G*\xe0\x0cc\
\xadL\x17\xe5\xef\x9fZV\x1d:\xf4\xe3\x8a\x00\xac\xa0\
\x8c\xf7\xa7\x05\xc9\xcd\x00\x0c\x93\x93\xcd8g\xaex\xf5\
\xa6\x22\xa5\xcc,\xd8`y\x1f\x85U\x08c t\xc9\
\xcdi\xb6\x07\x5c\x9e\xf4\xc9\xa2\xc0\xdc\xa0P\x05h\xcb\
g$\x83\x9f\xd2\xad\xaa\x83\xcej\x01\xd4\x8ep\xa2\xa7\
\x81\xf2>n\xb4\x00\x8c\x9d\x0f9\x1c\x91@BO\x04\
\xfeu+\x8c\xe3o8\xa5\x0aO\xf1\x0cP\x04Y$\
\x03\x83\x93\xe9M\x92\xde6\x1f0?Pq\x8a\xb2\x13\
\xd7\x9c~T\xd2\xa3\x90y\xa0\x0c\x9b\x9bv\x89\xb2\x9b\
\x8a\x01\xd6\xa5\xb4\xbdd\x5cH\x0b\x0c\xf5=kO`\
a\x86\x00\xa9\xedT\xe7\xb1Pw\xc42?\x88t\xe2\
\x80.B\xeb\x22\x06NEGq\x0e\xe0Yz\xf7\x15\
B\x07xd\x07$\xaeq\xd6\xb4\xed\xeec\x98q\xc3\
zz\xd2\x19\x9e\x93Ii \x96\x11\xf3\xfat\x15\xd3\
\xe9z\x84z\x84%\xd0mu\xe1\xd0\x9c\x95?\xe4W\
?v\x8c\x09=\xbdi\x9a]\xe3\xd8] \xc0)3\
\xaa\x10[\xa1$\x0c\xd0\xf5\x04v\x14R)\x0c\xa0\x83\
\x90y\xa5\xa9\x18QE\x14\x00QE\x14\x00QE\x14\
\x00QE\x14\x01\x81\xaeq\xa8F\xb8\xdd\xbd:\x108\
\xc7\xa5E\xa4C\x14\xba\xa0.\xac\xaf\x0a\x97P>\xe9\
\xcf\x19\xfe\x7f\x9do\xcdo\x0c\xf8\xf3\xa3G\xc7M\xc3\
8\xa4\x8a\x08m\x95\x8ch\xb1\x8f\xe2 u\xfa\xd3\xb8\
\x09y:\xdb\xdb\xc8\xe4\xe0\x81\xc7\x19\xe7\xa0\xe3\xeaE\
sq\xdc\xea\x05\xf2.\xe6n\x01*\xa8\x1b\x07\xf0\x1d\
*\xd5\xeaAy~Z\xd6\xf2?\xb40\xc7\x95 \xeb\
\x8fL\xd2\xc9\xf6\x9d:(\x02\x88E\xcc\x9b\xb7\xc9\xb0\
\x91\xd7\x81\xfa\xd0\x04)x\xad4\xbb\xacm\x19\xc3\x0d\
\xe1q\xbf=\xf3\xc7\xa8\xf7\xabS\xe9\xfalrG\xe5\
\xe1e\xc1h\xd7q\xc1\xff\x00\xebS\x04\x8d;\x99f\
\xb6\x85\x1dW\x0d\x22\x1e[\xd8\xf1\x9a\xa52\x86\xce\xdc\
\x05\xe7\x0b\xe8)\x88\xb7\x06\xa1\xe5\x90\xa2r\xfb[i\
\x01\xb3\x83\xef\xc5T\xb3\xb6-+4\x8aHbI$\
\xf5\xe7\xad>8\xc9\xc3\x03\x93\xf7\xb3\xda\xaf.U\x07\
\x1c\xd0\x04Ol\xa8\xa1Pp\xbd)a\x8c\x85\x04\xae\
\x09\xa9\x8e\xe6\x03$\xe2\x95\xb8\xeb\x9e(\x02\x19\x14\x9c\
\xe0\xf3T\xeea\xca\x92\x0e\xdczV\x83\xe7\x8cu\xa8\
\x1c\x1f\xc4\xfb\xf4\xa0\x0c\xc2\x85H\x18\xfc\xbbS\xca\xe5\
\xb89\xab2G\xce@%\x8f\xbfj\x87a\xdb\x9cm\
\xc7\xad1\x0c\xdb\xc9'p\x1d:S\x82\xb0<\x12\x17\
\xdb\xbd'\x05\xba\x1e:\xe6\xacA\x17\xccB\xf2G\xad\
\x00:?\xe1\xcf_J\x90c\xeb\xe9N\x00\x0c\x02\x0e\
O\xa5:5\x00\xe7\xae\x05!\x88Pdu\xa5U\xef\
\xde\x9f\xc1 \x1e\xb4\xed\xb8?5 \x18\xc3\x1c\x90\x0f\
\xb5\x04\x0c\x81\x80A\xfd*B\xbc\x009>\xb4\xd1\x80\
q\xde\x80 \x92\xddwg\x82i\x82\x05\x07\x91\x9a\xb5\
\xb4\xf3\xb7\x93RE\x0eO9\x1c\xd3\x01\x22\x8b\x80\x07\
#\x15a#\x0a\x00\x02\x9e\xab\xc6\x058\x0cg\xd2\x90\
\xc8\xca\xfa\x1ezUK\xdb\x94\x8b\x08\x5c\x07n\x06\x7f\
\x9f\xe5\x9f\xca\xa4\xbd\x9f\xca\x8d\xc8\xfb\xa0e\xbd~\x82\
\xb0n\xee\x1d\xf7s\xb7$\x83\x8a\x12\x06\xca\xd73\x09\
\x9d\xb0\xb8Q\xd3\xdb\xaes\xeeO4\xc8\xe2f`\x0a\
\xe0\x9fSMTf<g9\xc1\xf45i\x98G\xb4\
\x06 \xe3\x93VH\xc6p\x88T\x1c7~\x9f\x95Q\
\xbbb\xb1\xb1Ldr{\xd4\xf3\xb6\xe1\x80H'\xbf\
\x5c\xd3#\x84\xb9\x18\xc9\x07\xaezP\x22(\x06cW\
$s\xda\xac\xa2\xee\x01\x8f\xcb\x93\x80*\xd0\x842\xed\
\x03\x8e\x94\xe0\x84\x1d\xa3\xb0\xe9\x9a.2%\x1b\xa4\xc1\
\x18\x00u\xa7\xa2\x80\x07\x07h\xfcy\xa9UI\xe82\
}{f\x90G\xce\xee\x7f\x1a@*'\xcarp\x0f\
\xdd\x15f0P(_\xc6\x9b\x0a\x8c\xfc\xc3\xb7z\xb0\
\x00\x0b\x91\xd0\x9aC\x1c\x87<g\xa7_j\x93\xb6M\
5\x17-\xcfZ\x98t\xe9\xc5\x00*\x8f\x97\x9an\xd1\
\x8e\x05I\xe8)H\x04\x81\xd3\xde\x90\xc8\x08`\xc0\x91\
\x9f\xa5.\xdc\xb7\xd2\xa7+\x96\xc0\xe9HW\x8f\xa5\x00\
Ux\xc3q\xda\x91\xa3\x04\x11\xcdZ\xdb\x83\x91\x83H\
c,s\xc8\xc5\x00V(\xc7\xe5\x00\xe4\x0e\xf4\x08@\
\xc6T\x83WT\x1d\xbf7Zk.\x07L\xd0\x04\x0b\
\x11$`\xfc\xbd\xf8\xab\x09\x1a\xe78\xe6\x85\x07\xafn\
\xd5*\x821@\x09\xb7\x18\xc0\xa6\x95\xc8\xec\x05Js\
M#$\xd0\x04\x0e=;\xf6\xa6\x1c\x80jf\xe4\xf7\
\xa4\xe0\x0e(\x02\xb4\x9drpx\xe2\xa1#.7\x1c\
\x91V]I\x07\xaf\xe7L+\x9ei\x88\x83fI\xc9\
\xa7(\x00\xf4\xa7\xec\xc5!\x18\xe4\xd0\x02\x16\xea)\x9c\
\xe6\x97\x18\xc94\xa0dg\x18\xf4\xa0\x07(\xc8\xa9\xa3\
\x5c\x1cc\x8ad|\xf4\xab1\xaf\x14\x86K\x1f\x02\xa5\
\x1d)\x8a8\xa7b\x90\x12\x0ap\xc1\x14\xc5\x15 \x5c\
s\x8a\x00\x81\xc6[\x8f\xca\x98\xe2\xa5a\xcdF\xe34\
\x01ZA\xf3{Sq\xc7<T\xec\xbc\xf3QI\x81\
\x8c\x8fj`0\xe3\xdb\xda\x95W\xa7\xe5@_\x9b\xf1\
\xa9Tc\x1c\xfe\x94\x00\x05\xc1\xe2\xa7\x88\xf3\xd6\x9a\xab\
\x91\xcdO\x02\x0eI\xeb@\x12.{\xd3\xa8\xa2\x90\x05\
\x14Q@\x05\x14Q@\x050\xf5\xa7R\x11\xcd\x000\
\xd1\xda\x94\xd3M\x00\x06\x92\x96\x9aX\x0fs@\x0dn\
x\xa5E\xe9M\x883\xb1c\xd3\xb0\xab\x0a\x00\xe2\x80\
\x18\x01\x1c\x0ad\x9d\xeac\x81P\xc82h\x02\xb3\x93\
\xb38\xe6\xaaJ\xdc\x10\x07=zU\xcb\x92\x02\xe7\xad\
gN\x01#\x8eM4\x0c\x84.[\x04\x02O\xa0\xab\
\xd1\xc7\xf2\x83\x80MW\x85Il\x9a\xd1\x85N\xc03\
M\x82\x12\x18\xbd\xaau\x88\x0c\x13\xc9\xa7D\xb8\xefO\
\x22\x90\x0c\xc5!\x1d\xa9\xe6\x90\xd2\x01\x98\xa4\xc6\x08\xa7\
\x9aLP\x031\xcd\x0c2\x0d:\x90\x8e)\x80\xc6\x1d\
*6BI \x81SR7\x034\x01Y\xd0\x83\xd0\
SX\x10\xa3\x1d\x0dH\xd9g\xc0\xa4u#\xae(\x02\
\xa4\xa3\x93\x8e\xa3\xb1\xa1pS\xb1\xc5M0\x0e2x\
5\x5c)\x0d\x81\xf3g\xbd1\x0b\xb7p\x1c\xf1\x9aY\
W\x90}\xa9\xeb\x8e3D\x8b\x9eE\x00W+\xc8\xf4\
\xa4\xc0\x0aO$\x1e\xd5(\x19\xc1\x22\x82\x99 \x8a\x00\
\x8fh\xeb\x8aV\x1b\x97h\xedN#\x04\xd1\x1e2p\
:q@\x14]\x02\xb9\x1d\x8d*\x9d\x87\x01rEZ\
\x9e!\xcb\x01\xc9\xaa\xc4\x1c\x0cg\xf0\x1d\xa9\x88\xb3\x09\
\xde\x99$\x03R\xaa\xf65V&\xc2\xa9'\x8c\xf2*\
\xd8\xc1\x19\x14\x86\x00c\xad#{\x11\xefN\x0a\x0er\
h<\x9fz\x00\x14q\xc9\xc0\xa5\xc7\x1cR\x0c\x81\xb7\
\xb9\xa7\x00s\xdf4\x01\x9f{n\x06\xe6U;z\x9f\
\xadR\xb6\x93\x0e\xa7.\x008\xc6?^\x95\xbcW\xe5\
\xf9\xb0A\xe2\xb3/-\xc4R\xab\xaf*\xc7\x1fJi\
\x88\xb0\xed\xe6@Y\x0f\xcd\x8cqY\xaf\x0b\x13\x97+\
\x9c\xe7\x18\xcfzQq\xf6x\xdd\xd0n\x03\x19\xcf\x15\
`2J\x9b\xf9\xc1\xe7\x00\xf2(\x03CK\xd5%\x8e\
2\x97\xb2G\xf2\x9f\x95\xb0rG^\x9d\xbb\xf3[P\
N\x93)e\x0c\x00b\xbc\x8e\xa6\xb9m\x81\xb3\xc6@\
\xf7\xa7\xc1!\xb7u;\x98(bv\x86\xc7ZM\x0e\
\xe7YEe\x8b\xc9\x17i%v\xe0)\xc1\xcf<\x11\
\xf8\xe0\xd5\x98\xee\xc3;\x07]\xaa\x08\x00\xe79\xcf\xf2\
\xa9\x19n\x8a(\xa0\x02\x8a(\xa0\x02\x8a(\xa0\x0a\xf7\
\xc6\xe1m\xc9\xb3Ti\xb20\x1b\xa63\xcdGe\xf6\
\x99a\x91o\xd1\x06\xe3\x80\x14\xf6\xa5\xd4g\x92\xde\xdc\
\xbcH\xae{\x82pG\xbf\xbdP\xb4\xba\x9cH\xbb\x9d\
\x9d\x02\x85\xc1\xc1\xfcs\xebL\x06<1\xeeW\xb6W\
\x0e\x8d\x95/\x83\x8f\xebO\xf3\xa5\x9eTG\xf2\xddA\
\xe42\xe0\xf0{\x1a\xd1GW\x90\xb7B\x06\x05P0\
\x91+\x10~C\x9e1@\x11M\xbbf\xd0\x81y9\
Q\xc8>\x95\x0b\xc4F\x1b\x9e{U\xc2\xb89\xea1\
M\xc7\x19\xf7\xa6\x22(\xa3\x0aB\x8c\xfd*|c\x05\
I\xcf\xbd5\xb2\xb9\xcf\x7fzr\x9aC\x06\xea(\xc6\
I\xc9\xa7zb\x97o\xa5\x000\x82x\xa62\xfb\xe0\
\x8e\xb58PE/\x97\x9ex\xfaP\x05V\x8f\x91\xd7\
\xa5F\xd1u\xe3\x9e\x9fZ\xbc\xd1\x9e\xc4\xd2\x14\xcfJ\
\x02\xc5\x05\x84o9\x1cz\xe2\xa7\x8a \xaax9\xce\
j\xc6\xcfQ\x9av\xdc}h\x0b\x10<y\xe7\xb9\xa5\
\xd9\x80*C\xd3\x8e\xf4\x00@\xe7\xad\x003o\x1cu\
\x1e\xb4\x11\xe9\xd7\xbd<\x9e\xb4\x9fA@\x0d\xc1\x1cP\
G\xa7\x1e\xf4\xe2)0s\xed@\x0e\x8d\x0bc\x8e\xf5\
`(\x00\x11M\x8b\xa7Z\x94\xe3\x07\x22\x80\x12\xa0\xb8\
\x9cD\x8e\xc7\x1f(\xe6\x99up\x11[k\x0c\x8fl\
\xd6\x1c\xf3\xb4\x8eD\x9b\x88S\xf9\x9fZ\x12\x06\xc2\xe2\
fyN\x0e\x06s\xc0\xeb\xce{\xf3U\x1a2\xc7\x0c\
K\x0fCR\x11\x86,\xc4\xe0\xf3M\x5cI\xb5\x97\xee\
\xfb\xd5\x123f\xc0\xbb8\xc7j\x89\xfem\xc3'\x1d\
\xea\xc1\xe4\xf4>\xb4*`\xfa\xf3L\x08\x92\x13\xb3\xae\
\x0685f\xd5\x00\x04d\x121H\x00\xc8\xc7\xafL\
U\xa8\xd0\x01\xc7\x00\xd2\x00\x8dO\xa1\xa9\x11\x01\xe9\xf4\
4\xa3\x81\x91\xda\x9d\x9c\xaf\xd7\xf0\xa4\x03LX\xfb\xbc\
S\x15H\xc8\xdb\x91\xeajc\x9cq\x9a\x17\xa9\xc7\x02\
\x81\x91\xa2\x8e8\xf7\xc5N\x061\x9e\x95\x1a\x10\x1b<\
q\xc8\xa7\xa98\xcf \xfdh\x02A\x8d\xd9\xf4\xa9\xf8\
\xaa\xcb\xd7\xea:\xd5\x95\x1d\x09#\xd2\x90\xc7\x81\xcf\xb5\
)\x1e\x9dh\x07\x0b\xcdI\x12\xeel\x9a\x00Q\x1e\x17\
'\xa9\xa7\x04\xfaT\x98\xe6\x97oj@BP\x11Q\
\xec \xe795d\x8e\xd4\xd6Z\x00\x88 8\xcfJ\
B\x99\x00u\xa9\x08\xa5\xc7\x14\xc0\x8dP\x0fj~\xd0\
O\xbd8\x8c\x0cR\x01\xc9\xa4\x02\x1cSH\xe0\x9c\xd3\
\x9b\xad/j`B\x07'4\x84q\xd4\xd4\x8c:\x03\
\xd2\x98G9\xa0\x08\xc8\xceI\x14\xcd\xbf\x8dL\xd5\x1e\
y s@\x0c#\x02\xa1n\xa7\xbd>Bw{T\
\x0c\xe4\xf0)\x88R7\x1cc\x8e\xf5\x22\x8f^\xa6\x9a\
\x9c)\x1d\xead\x18\xc74\x00\xe5L\x91\xd8\x8a\xb2\x8b\
\x81Q\xc62ja\xd2\x90\xc7\x0az\xa9$b\x99\xe9\
R!\xe3\x8a@*\x8a\x90Tc\x93\xc5=I#\x9a\
\x00k\x8e\xf5\x169\xe9S\xb8\xc8\xa8\xe8\x02\x16\x5c\xe7\
\xd6\xa3d\x0d\xd7\xa8\xab$c\xb57h#\x18\xa0\x0a\
\xe19\xear*@\x9d\xea@\x83\xd2\x9d\x8a`5x\
\x152\xf1L\x0b\x9c\x11R\x8e\x94\x80Z(\xa2\x80\x0a\
(\xa2\x80\x0a(\xa2\x80\x12\x83\xd2\x96\x8a\x00a\x14\xc6\
 \x0c\x9a\x90\xf7\xaa\x92\xb1'\x02\x80\x19#\xe4\xf2i\
\xe9\x92\x06j\x03\x92\xe7\x83V\xa3S\x81L\x09b\x1c\
S\xd8P\xa3\x8aRi\x01\x194\xc6 f\x9e\xd5Z\
W9\xc5\x00C;\x029\xe9T\xa5\xd8\xc4\xf3\x92*\
y\x0f\x5c\x82j\xbb\x8d\xc4\x1cg\x1d\xfd)\x88\xb1n\
\xa0\xa8==\xaa\xea\xae\x00\xe2\xaa\xdb\xa8\xc0\x22\xaf \
\xc0\x14\x0d\x0fA\xc5)\xa1zqJi\x00\xd2))\
\xd4\x84P\x03H\xa2\x96\x8a\x00n)1N\xa4\xa0\x06\
\x9ak\xaeT\x81R\x11I\x8a\x00\x84'\xcd\xd7\x1e\xd4\
\xf2)q\xc194\xa3\xf9\xd3\x02\x19#W\x04\x81\x83\
\x9a\xaa\xf1\xe0\x8a\xbb\xd1\xc8\xecj7\x5c\xe4\x01\x9fj\
\x00\xae\x17\x8e:PT\xe3\xfc*@0q\x8f\xc2\x9c\
E\x00U\xdb\x9e\xb9\xa4\xc6GLT\xac:\xd4|\xe7\
\xfa\xd3\x11\x19\xc0\xeb\xc7n(\xc7\xcb\x81\x91\xf4\xa7m\
n3\xfc\xa9\xc5y\xcf\x5c\xd2\x01\x0a\xeeB\x0f9\xed\
U$R\x9f.1WF3\xc5$\xd1n\x1cu\xa6\
\x05\x03\x908'\xf3\xabV\xee1\x8c\xd4%y+\xfc\
C\xa8\xa7B0\xfc\x02=\xe8\x02\xe6\x06:P\x17\xda\
\x95A*\x004\xab\x8c\x1e\xe6\x90\x09\x8fzpNA\
\xa7\x0e\x94\xb8\xef@\xc6\xe3\xdb&\xa1\x99\x11\xd1\x91\xc1\
+S\xe79<\xf1H\xd8\x00\x0erh\x03\x9d\xba\xb3\
\x952X\x05A\xf7H9\xa6\xc3)V \x80\xc3\xbe\
?\xfdu\xbb:\x89\x14\x83\x90?\x91\xaci\xad\xde3\
\xces\xd8\xe6\xa9\x12]\x00`\x15=hd\x0c\xbc\x80\
s\xd8\xd5kG\xda\xa0;|\xa0w\x1d\xea\xf6:z\
u\xa0\x08\xd5\x02\xe5W\x83R\xab\xbe\xd27`\x9es\
\xd7\xa57\x07w\xbf\xf2\xa7w\xe7\x93Hf\x97\xdb\xc2\
\xc8\x067\x8cr\xd9\xc0\xcf\xd2\x8a\xcfP\xdb\x89$\x93\
\x9e\xb4R\xb0\xeetTQE \x0a*9d\xd9\x8c\
`\x9f\xafA\xebL\x9d\xff\x00t\xc0g=\x06(\x01\
'+*\xc8\x81\xb6\x90\x08'\x19\xc7\x1f\xfe\xaa\xa9\x14\
>Z\x0c\x90[\xb9\xa9\x93 \x1c\x0cg\xaf\xbd\x18\xf5\
\xa6\x04rd\x91\xdb\x1dhl\x1c`~\x14\xf6\x1cT\
Nq@\x08\x01\xe4\xe3\x02\x9ap\x07\x03\x8avI\xed\
\xc5F\xec\x00>\xb4\x00\xd2w\x1cg\x9ar\xfd\xdeG\
>\xf5\x11a\x9c\x8fJ\x95NGZ\x04;#'\x91\
\xc58\x10y\xa6\xe0z\x0aRpp\x07>\xd4\x0cx\
\xc18\x1djP\xa4\x1c\x1esI\x148\x1b\x88\xe4\xd4\
\xb8\xc5\x000\x8e(\xd9\xc8 sR\x1a\x01\xf6\xa4\x04\
DsMaR\xb0\x184\xce\xff\x00J\x00gn)\
\x00\xc8\xf6\xa7\xb7\x22\x9b\xd7\x90\x7f\x0a`\x18\xe2\x8cc\
\xe9N\xdb\x9a^\xdc\xf4\xa0\x06\x90qH\x14\x9e;S\
\xc9\xce3\xc59q\x9c\x9a\x00\x10c\x9a\x86\xee]\xa8\
UH\xdcx\xebN\xb8\xb8\x11\xa9#\xadb\xdc\xcf\xbd\
\xcf'$\xf23B@\xd8\xcb\x89\x0c\xa4\x9c\x903\xce\
j\x0d\xc0\x12\xc7'\x1e\xb4\xf6\xc9\xed\xd3\xb5E!\xcb\
\x05\x07\xebTH\x8e\xdf'\xcb\xc8\xf4\xf5\xa6\x0e\x13\x18\
 t\xa7\x91\x9c\x809\xa7\xaaq\xceO9\xebL\x06\
\x01\x85\xe0\xf3N\x09\xf3\x7f1O\x0b\xcf\xe1HT\x93\
\xed\xde\x90\x0cD\xda\xe5\x89\xfc*\xe2\x82\xa0zu\xe6\
\x9b\x0cy#\x18\xe3\xbdX\x1f{n\x0f>\x94\x00\xc1\
\xc9\xa7\xe4\x05 \x9c\xfd)\xa0\x00z\x1c\xd2\x00q\xf3\
pi\x0cq'\xb0\xebK\xf7s\x80H\xf6\xa1\x89\xcf\
s\x8aL\x8e\x06\xd2\x01<\x9a\x00\x5cs\xcey\xee)\
\x00\xce\xd3\xd8u\xe6\x97h\xdc9<\xf6\xcd8\x1d\xa4\
g\xa1\xf7\xa0\x09#\xf7#\x15:\x90\x07=\xea\xb8\xc9\
Q\x82qR\xa9\x1f\xfdz@N\xab\xbd\x87LU\xc8\
\xd7\x0a*\x0be\xc0\xcdYZ\x06-\x18\xa2\x96\x90\x09\
\x8e)\x8d\xcdK\xda\xa3#\xaf4\x00\xc0\x06ii3\
I\x91\x9e\xb4\x00\xe2)\xa4\xe0d\xd3^@\xbdzT\
[\xf7\x9e\xbfJ\x00\x93\x969\xed\xd8R\xd0N(\xed\
@\x0dn\xdc\xd3zdT\x9c{Tx\xebL\x060\
\xe3\x22\xa3\xe1y\x22\xa4n3\x8c\xd5wbH\xe3\xa5\
\x005\xceI\xe2\x99\x8ex\x1cQ\xbb-\xd0\xfeT\xed\
\xdc\xe0\xae\x051\x0eU\xe3\x9e\xb5\x22\xf5\xcd1:\xe3\
\xfa\xd4\xa80y\xa42h\xc1\x02\xa4\x03\x8aE\xc1\x14\
\xe0(\x01jD\xa6b\x94R\x01\xd9\xf9\xaaE\x18\x15\
\x12\x93R\x8a\x00Zf\xca}\x14\x01\x19Ri\xa1y\
\xa9qK@\x0c\xc6)@\xe74\xea(\x00\xa2\x8a(\
\x00\xa2\x8a(\x00\xa2\x8a(\x00\xa2\x8a(\x00\xa2\x8a(\
\x01\x92\x9c/\x15P|\xc7&\xae\x90\x08\xc1\xaa\xac\x98\
l\x0e\x94\x00\x22\xf3S-1\x06*U\x1c\xd0\x03\xba\
\x0aa4\xf3\xd2\xa3a\x9e\x94\x00\xd2x\xaa\x92\x82I\
\xcdK!\xc1\x19\xa8\x9f\x9e\x94\xc0\xa9(\xdc02N\
{S#\x007O\xccT\xec01H\x17\x8c\x00O\
>\x94\xc4On8\xc8\xabIU\xe0\x04u\xebVP\
R\x19\x22\x8e)h\xa2\x90\x09E\x14P\x02b\x93\xbd\
:\x92\x80\x1bI\x8av(\xa0\x06\xd1KF(\x01\xbc\
\xd1\x8a\x5cPh\x02'\x1c\xd0\xa7\x074\xf7\xe9P\xf7\
_s\xd2\x98\x13\xb2F\xc7\x90:\xe4\xd4\x05G S\
\xe5\xecG~)\xab\xcf\x14\x01\x03\xae:Tx\xeej\
\xc4\x8b\xcej2\xbc\xe3\xb5\x00B\xe3\xb7>\xf4\x89\xe8\
jVZh\x1dq\x9a\x047h#\xa5H:\xd2\x0e\
\x06\x05(\x5cv\xa0\x0a\xf3\xc7\x86\xdf\x8e\xbc\x1aj\xae\
?\xfa\xd5sh`A\xa8Bm|\x1c\x01\xda\x98\x12\
F8\x07\x9av1\x9cR\xa7R\x0fN\xd4\xad\xf2\x9f\
\xad!\x8a\x07\x1c\xd2\x91H\xa4\x81N\xdc(\x011\xc7\
\x15\x19\x04\x11\x92*q\x8ct\xa8\x99z\x9f\xd2\x80\x22\
a\x91\xdb\x8fZ\xafq\x1f\x9b\x19\x00\x8cU\xad\xb8\x0b\
\xc9\xa6\xed\xf9\xb1\xda\x81\x18\x12\x13\x136\xe3\xc8\xe3\x15\
~\xcaP\xd1\xa8ln=\x06h\xd4 \x1c\xba\x8e}\
k97/+\x8f\xadP\x8d\xad\xb9\xec3\xe8E\x1f\
Q\x8fZe\xac\xc2d9\x1f0\xe0\xe3\xf9\xd4\xc3\x93\
Hc\x07\x5c\x0e\xf4S\xc6\x7f\xc9\xa2\x807\x09\x03\xad\
\x00\x83Ls\xd6\x9b\x96'\x93R1\x1cn\x0c3\xc7\
\xd6\x9a3\xb3\x81\xde\x94\xf5\xa4\x03\x22\x80\x1aG\xe5K\
\x81\x8aR(\xa0\x08\xdb=\xaa\x19\x0f\xadN\xfd\x0d@\
\xde\xb9\xa6\x04%\x81<\x8c\xd3I\x18\xc1\xcf>\x94\xe2\
\x00>\x83\x14\x8a\xbf.9\xa0CT\xfc\xb8\x18\xe0\xd3\
\xd0c\x074\xd0@'\x9e\x94\xdd\xdc\xf00s@\x16\
2\x0fN\x95,1|\xd9\xc9\xc7j\x8e\x05\xdcz\xfe\
5yA\x03\x1d\x85\x03\x14t\xa5\x03\xda\x81KH\x06\
m\x1c\xf1H:\xe2\x9e\xdd)\xaa?\x0a\x00\x08\x15\x19\
\x1995)\x1d\xb3M\x03\x9e\x94\x00\xd0=)\x92\x02\
\x07\xadJi\xa6\x80\x22ZS\xfaS\xbat\x14\x98\xe3\
\x93@\x0c'\x06\xa0\x9aV\x18\xc7?\xd2\xa7p\x02\xd5\
I3\x9e\x0f\x1d\xb1L\x0aw\x0eI\xc1nq\xd4\xd5\
v\x1csO\x94fW$rz\xf3Q6q\x81\x9c\
U\x124\xb1g\xf4\x18\xa5\x0a2OzU\x8fp\xc0\
\xedS,y<\xd0\x04)\x18'8\xa7\xed\x18\xe7\xa5\
LS\x9aM\xb9\xe8p(\x02-\xa7\xa8\xe9J\x88r\
\x08\xa9\xb6\x82\xd9\xa5\xdb\x86\x18\xe0R\x01\x15B\xb6\x0f\
CN\xdb\xcfS\x9aQ\xd4\x83\x9f\xad)\xe0\xf0\x094\
\x0ci\xceJ\x9e{\xf5\xa3o\x0c2\xdf\x95?\x04q\
\x9e=\xe9\x15@\x1cds\xde\x80\x18\xaa\x00\xfb\xc7\x14\
\xe08<\x1e\xbcR\xe3\x00\x823\xf8R\x90X\x81\x8e\
\xfd(\x01\xa4\x03\xd3\x14\xf4\xe0\x8c\xe4\xf6\xa5\x08\x18\x9f\
Z\x95S\x038\xc6;P\x03B\xf1\xc7\x03\xd2\xa6\x8d\
~`1\xf8\xd2\x05\x07\xbdX\x85~n\xbcR\x19<\
k\xf2\x8cT\xabMQO\x14\x80(\x14\xb4\x84\xe2\x80\
\x10\x9cTN\xfc\xd2\xc8\xd8\xaa\xce\xf94\x01!~\x09\
\xa8^Nr)\x18\xe7\xa7\x06\xa2c\xf4\xa6\x02\xee\xce\
x\xc1\xa7'\x079\xe6\xa0\xce0y?\x875,-\
\xc9\xcfJ\x00\xb6\x0ez\xfe\x94\xa7\xda\xa3Bs\xedR\
\x91\xc7\x14\x80a\xfdi\xa7\xa7\x14\xec\xfe\x15\x1b\xf44\
\xc0d\x8d\x8e\xb5Y\x8frO\xe5N\x91\x8f;\xf9\xf4\
\xa8\xc8\xed\xea;\xd0\x04a\x8eM;;\x86y\xf4\xa4\
\x04n\xe9\x9aE\xc6I\xf4\xa6\x22x\xc7\x22\xac\xa7\xbd\
V\xb7RW\x83\x9c\x9a\xb4\x9e\xf4\x86H\xa7\x19\xa7\x86\
$\xf4\xe2\xa3\x04g\x93R'\xe7H\x07\x9awZh\
\xfd)\xd8\xe34\x00\x0a\x91\x0f\xad3\x14\xf5\xc8\xa0\x07\
QHN\x0fN)h\x00\xa2\x8a(\x00\xa2\x8a(\x00\
\xa2\x8a(\x00\xa2\x8a(\x00\xa2\x8a(\x00\xa2\x8a(\x00\
\xa2\x8a(\x00\xa6\xba\x86\x1e\xf4\xea(\x025\x5cT\x94\
Q@\x0djcp\x094\xf6\xa8\xa4\xc9\xe2\x80\x22\xc6\
w1\xefQ\x91\x8e\x05N\xa3\x8ei\xac\xb94\x01\x5c\
\xad _QS\x85\xf4\xa5\x09\xcei\x80D\xb8\x152\
\x0ei\xaa\xb5*\x8e)\x00\xb4Pz\xd1@\x09IJ\
h\xa0\x04\xa4\xa5\xa2\x80\x10\xd1\x8aZJ\x00B(\xa5\
\xa2\x80\x1b\xda\x93\x1cw\xa7b\x8cP\x03\x18\x8c`u\
\xa4\xf2\xf8\xcf\x03\x15&)H\xf9q@\x15\xd87\x95\
\xd3\x9c\xf3\x8e\xd4\xc1\xd7\xd2\x9d);\xbd\x8fZL\x1c\
g\xbd0\x09\x0f\x18\xa8\xc0\xc5J>a\x8cc\x14m\
\xcf4\x01\x0b\x0e*\x1f\xe29\x15i\x97\x03\x9ej\x17\
Q\xc94\x00\xd0y\x03\x9a\x93<qI\x18\xcd<\x8c\
\xf4\xa0\x06\x8f\xaeM2p\x0e\x09\xe2\xa4#\x1d:\xd2\
8\xf9\x08\xa0\x08\xd0\xf3\x80sO\x04\xf4#5\x11\x07\
\xa8\xa9\x14\x90G\xa1\xa0\x091\xcf\x07\xad=H\xc6\x1a\
\x85\x00\xd3\xf6\x8e\xc3\x9a\x00`\x5c\xaf\x19\xa0\x0aqR\
9\x14\x9d\x0fJ@0\xafZ\x89\x97\x9f\x96\xac\xe2\xa3\
*2M0+\xb8\xdc\xa5Yr\x0db\xddZ\xf9O\
\x82\xd9\xcfN;V\xfb(\x18\x02\xa2\x9a!,eH\
S\xe9\x91\x9ahV1l%\xd9#\x13\x8d\xa7\x83\x9e\
\xd5\xb4:d`\x8a\xc5\x95<\x99\x08l\xf5\xc0\xe3\x18\
\xab\xd62\xefA\x199\xc0\xe0\xf1\xcf\xe1C\x04[#\
\xb8\xa2\x95A\xcfRh\xa43S\x1e\xf4c\x8c\xd2\xe2\
\x80)\x00\xdcq\x9aJq\x1e\x94w\xe6\x80\x1b\x8aP\
\xb4\xeaL\xd0\x042\x8c\x03U\xdb\xaej\xcc\xbd0y\
\xaa\xae1L\x066\x06}*-\xc1\xb3\x82jF\xc9\
\xe0\xd4epx\xa0B\x1e\x09\xc61\xfc\xe9\xca\x99q\
\xfc\xf1J\xab\xfd\xdcb\xad[\xc5\xcd\x03$\xb6B\x06\
OZ\xb1@\x1cS\x80\xa4\x02\x01Hx\x14\xea(\x01\
:\xd1Ji(\x01;\xd2\x1au4\xd0\x03OZN\
\xf4\xe3L<P\x00E4\xe6\x9fM8\xc5\x00D\xeb\
\x9c\x1a\xac\xe0\xe751\x9c\x17\xc0\xe9\xebU\xee\xa5U\
\x04)\x1b\xbf\x950)\xdc\x9f\x9b\x03\xb7Z\x85\x06z\
\x0e)q\x9es\x93RD\xb9>\xd4\xc9\x16$\xeeE\
L\x13\x83R\x84\x00`b\x8d\xa7\xb6(\x19\x01C\x9e\
M \x5c\x1e\x05NW\x8fSHW\xa5\x00G\x81\x9f\
J\x00!\xb3N\x00\x81\xcfz_~\xde\x94\x00\xd6\x18\
\x1d\x099\xe9H\xb9\xe7?\xca\x9d\x93\x92\x07_\xa5\x0c\
1\xc1?\x95\x00\x07\x81\xd7\x07\xda\x93 \x1d\xa7?\x85\
;9\xe4/JP8\xce1\xech\x021\x90p\x06\
G\x5cT\x83w\xf1\x11\xfdi\x00\xcfAR\x0e\x0fJ\
@\x22\x83\xbb&\xa6\x1e\x98\xfc)\x98\xe0\x91\xd6\x9f\x1f\
#\x07\xb5\x03\x1d\x18\xedV#\x5c})\x88\x80\x90j\
\xc2\x0c\x0cP\x03\x92\x9fH\xa3\x145 \x02j6j\
q\xa6\x1a\x00\x86BrMFG\xcb\xd2\xa5aQ\xbf\
\x1dM0 \x92L\x13\x80MB\xcd\x91\xcfZ\x95\xc6\
\xe3\xc6=\xea\x06\xcflg4\x08PI\xe3\xa5O\x02\
\x82j\x14\xf9\xb9j\xb3\x02\xe3\xa9\xcf\xa5\x03, \xe3\
\x02\x9cz\x1aP1\xd6\x91\x8d \x18\xddj\xbb\xf7\xa9\
\xceO\x15\x04\x83\x9es\x9a`B\xdc\x9c\x03\x9aa\x01\
\xbbT\x8d\xf4\xe3\x14\xd20h\x11\x0f<\xe3\xb7Jz\
)$g\xaf\xb0\xa7\x15\x07\xb5I\x1f\x03\x04S\x00\x8f\
\x83\xc0\xa9\x80\xc8\xc8?\x9d1W\x9c\xf6\xa9G4\x86\
9y\xe4\xd3\xc7\x14\xc01\xd2\x9e\x83\x22\x80$\x1c\xe2\
\x9e3L\x1cS\xc7=)\x00\xe4\xc5>\x98\x07<\xd3\
\x80\xa0\x04Zu \x18\xa5\xa0\x02\x8a(\xa0\x02\x8a(\
\xa0\x02\x8a(\xa0\x02\x8a(\xa0\x02\x8a(\xa0\x02\x8a(\
\xa0\x02\x8a(\xa0\x02\x8a(\xa0\x02\x8a(\xa0\x044\xc6\
^*J(\x022\xb8\xe9L+Sb\x82(\x02\x00\
9\xe6\x9f\x8ayZ\x00\xa0\x06\xa8\xa7\xd1\x8a\x0d\x00\x06\
\x9b\xda\x9c);\xd0\x02QE\x06\x80\x12\x8aZJ\x00\
(\xa2\x8a\x00J)h\xa0\x04\xa2\x96\x81@\x05\x06\x97\
\xb5&(\x02\x09FEG\xce\x00=3V\x19x\xa6\
l\x14\x00\x91\x03\xe9N\xc1\xcd9\x06)\xf8\xa0\x0a\xd2\
df\xab\xb0 \x80\xd5nq\xc7\x15\x5c!8-\xcd\
0\x1a\x83\xe6\xe0\xf4\xa9i\x9b1\xc8\xe2\xa6A\xc7\xe3\
@\x11\x85;\xb3H\xeav\xf4\xa9\xf0)\x18n\x06\x80\
*\xa89\xa7\x81\xebO\x11\xfa\xd2\xed\x18\xe9@\x08\x95\
(\xa6\x85\xebO\x02\x90\x0b\x8ai\x00\xd3\xb1A\x14\x01\
\x1e2:\xd3q\xce)\xe4\x1c\xd2\x11\x83L\x08\x9ds\
\xd2\x9aA\xcdHz\xd2\x11@\x14\xaf\xa0\xf3#,:\
\x8fN\xe2\xb2C\xf9N\x0a\xf0A\xf5\xae\x81\x97*G\
\xadb\xdc\xc2\xd0\xca\xd9\xc0\x1d\x8d4&iZ\xcb\xe6\
\xa6\xe3\xc3w\x14V]\xb5\xc0\x8d\xb7!\xfdsE\x16\
\x04\xce\xb2\x92\x8aZ\x91\x89HG4\xb4\xb4\x00\x98\x1d\
1H})h\xa0\x08f\xeb\xc7Z\xac\xe3\xf1\xab\xae\
2*\xb3D\xdb\xb8\xe3\xebL\x08v\x9fl\xd2m\xfa\
U\x9f*\x94G@\x15\xd1>l\x9a\xbd\x0a\xfc\xb5\x1a\
\xc6\x01\xcdN\x83h\xa4\x03\xb1\x8a(\x07\xd7\xad\x07\xa5\
\x00\x14\x94\x0eih\x01(\xa0\x8a(\x01\x0d4\xd2\xf7\
\xa4>\xb4\x00\x87\xa5!\xa54\xd6`\xa0\xb3\x1c\x01@\
\x08k6\xf2\xf0\x83\xb59Rq\xc7Z}\xe5\xee\x01\
HG\xccGSX\xb2L\xc1\xc8r3\x8e\x0e9\x07\
\xf3\xf4\xa6\x90\x9b.\xc5!V%\xb2qP\xc8\x0bJ\
X\x12I\x1c\x83\x8a\x8c\x99\x0c{\xa4\x07\x19\xce\x07\xa5\
573\xaf\xa9\xf4\x15B,\xc6\xa6B@\x035z\
(D`\xe7\x92h\xb3\x80\xa2\x12\xc8\x01?\xca\xacc\
\x9fAH\xa4\x88\xc2sI\xb7\x0d\x80jBy\xc54\
\xe0\x1a@4\x8e\xd4\xdcq\x8asu\xe2\x9b\xdf\xf4\xa0\
\x06\x90@\xa6\x80\x01>\xf5!\xebH\xdbW\x93\x8f\xc6\
\x81\x0cn\x01\xc7\xe5M\xce\x0f~O\xa5;<t\xe3\
\xd6\x83\x86\x07\xb8\xf5\xa0\x04\xeaO\xcasJ\x0798\
\xc7\xbd)\x1f)\xe0\x92h\x04\x85\xe3\xb5\x00*\xf3\xfe\
\x14\xee\xf9\xe9MNNM<rA\x1c\x8a\x00U\x5c\
\xe4\x03\x83R\xc4\x9c\xd3\x10\xe0\x80pMN\xa3\x1e\xf4\
\x0c|@\xe7'\xa5X\x0b\xc5C\x18\xf4\xe0U\x85\xe9\
H\x00R\x1e\xb4\xeaC@\x11\x9ai\xa7\x9ai\x14\x01\
\x1br8\xaa\xf2\xb1\x1c\x0a\xb2\xc0\x1e\xa2\xab\xba\x86n\
\xdcS\x02\x0cv?\xa50''\x00\x11V\x02g\xb5\
;f\xd1@\x10\xa2\x10q\xdb\xebV\xa3^\x07\x02\x98\
\x80\xe7\x9a\xb0\xa2\x80\x10\x8e(\xc5?\x14\xd3H\x08\xd8\
s\x9a\x85\xb3\x9e\xe4T\xe7\xd6\xa3q\xc7NE0+\
\xb2\xfa\x0ei\xa5q\x92jR\xa4\xfa\xd3H\xcf\xa5\x00\
G\x1a\x9crI\xa7\xa0\xc3r\x7f\x0ap^3\x9cb\
\x9e;\xf1\xf8\xd0\x03@\xf7\xa7\x81\x8f\xe9@\x19\xe0\xe2\
\x9e\x06\x07J\x00\x01#\x808\xa9\x10\xd3EH\x83\xae\
i\x00\x01\x9f\xadH\x14\xf0hQ\x83O\xa0\x00\xd0=\
\xe9h\xa0\x02\x8a(\xa0\x02\x8a(\xa0\x02\x8a(\xa0\x02\
\x8a(\xa0\x02\x8a(\xa0\x02\x8a(\xa0\x02\x8a(\xa0\x02\
\x8a(\xa0\x02\x8a(\xa0\x02\x8a(\xa0\x02\x8a(\xa0\x02\
\x8a(\xa0\x02\x8a(\xa0\x02\x8a(\xa0\x02\x93\x14\xb4P\
\x03M%>\x99\xd2\x80\x0a)qI@\x09E8\x0c\
\xd2b\x80\x12\x8a\x5cQ\x8a\x00@3O\xc5\x03\xa5-\
\x00!\xe9M\x03\x8a}!\xa0\x06\x91I\x8aq\x1c\xd2\
P\x01E-\x14\x00\xc9\x17#\x8a\x81\x86\x07\x02\xadb\
\xa1q\xcd\x00B~\x82\x9c\x83\xa9\xf5\xa3\x14\xe0(\x01\
@\xc0\xe2\x94\x0ar\x8e)q@\x0c\x22\x9a\x14\xd4\xb8\
\xa3\x02\x80\x19\x8aP)\xf8\xa3\x14\x00\xdcQ\x8au\x14\
\x00\xdd\xb4\xc6\x18\xa9qL#\x9cP\x04F\x90\x8c\xf5\
\xa9J\xf1\xcd \x1e\x94\x01\x161\xc5V\xbb\xb7\x12\xa1\
'$\xa8\xab\xa4R\x01\xcfJ`r\xf2Dw6\xd2\
I\xee\x0e?\x91\xa2\xac\xdfB\x05\xcb\x18\xf0\x06O \
b\x8a\xa2N\xa0\x8a\x004\xbd\xa8\x1e\xd5\x05\x09\x8fZ\
B)\xf4\xd2{P\x02Q\x8a1\xcd;\x02\x80\x1a}\
\xa9\x84S\xc8\xe6\x8cP\x03\x00\xe7\xda\x94-8/4\
\xecP\x036\xd3\x80\xa5\xa5\xa0\x02\x8a(\xa0\x02\x90\xd2\
\xd1@\x09A\xe9E\x07\xa5\x007\x1c\xd0E(\xcd4\
\x9e=\xe8\x01\xa4V~\xa3+\x02\x11[\x8f\xebW\xe6\
$F\xdfJ\xc5\x99I\xcey\x04\xfe4\xd02\xb4\xce\
\xceN\xd6\xf9\xbe\xbd)\xb1\xc0\xe1\xb2\x5cm\xef\x91\xcf\
\xf3\xfaU\xeb[r\xd9\xdd\xd3\xd3\x154\xf0\xee$\x83\
\x81\xe9\x8aw\x15\x8c\xce\xaf\x8d\xdbA\x1cU\x8bH\x01\
t\x0cx\xcfLT\xb1\xc3\x8e1\x93W\xed\xe2\x11\xa8\
\x18\xc1\xa2\xe1aJ\x81\xf4\xa6\x10rs\xd2\xa5=i\
\xac8\xe7\x9aC#8\xa6\x9cn\xe4\xd3\xc8\x19\xa67\
z\x00ozA\x82)O$\x00i\x0f\x1c\x13\xf8P\
\x03H\x03\x9c~\x94\xd7\x03\xf8\x86~\x94\xf6\xe0\x8e(\
\xef\xd0P\x04|\xed\xc0\xce:\xe3\x14\xb8]\xdd\xc1=\
\x8d<\xaf\xa7CM*3\x81\x8f\xc6\x81\x08z\xf1\xd2\
\x90}\xdcsN\x01\x889\xcd\x01I\x1f\x8d\x00\x18\xe8\
}\xeadRH\xe3\x14\x81}:\x8a\x98\x0c\xe0\x9c\xd0\
1\x159\xa9\x91\x08\x07\xde\x94g\x14\xf1\xd7#\xf1\xa4\
\x02\x01\xb7\xff\x00\xafR\xad \xed\x9ap\x18\xa0\x05\xa2\
\x8a(\x01\xa4SqO4\xd2(\x02\x19F\x06\x07S\
MX\xc0\x1c\xf2jm\xbd\xfb\xd2b\x80#\xda3\xdb\
4\xa1\x7f:~)p(\x01\x819\xe9O\x03\x8aP\
){\xd0\x02b\x98E<\xd3M\x00FG\xe5L\xc7\
\x15)\xe6\xa39\xa0\x08\xc8\xa6\x90{S\xc8\xf5\xebF\
8\xa6\x03\x00\xc5.;\xf6\xa9\x113\xdb\x9cPS\x93\
\x9a\x00`\xfc\xeaT\x8d\x8fl\x0a#\x1c\xd5\x80:\x1f\
\xd2\x90\x10\xec*\xdd8\xf6\xa9\xa3\x5c(\xf5\xa0\xa6{\
\xd3\x87\x02\x80\x0aZ(\xa0\x02\x8a(\xa0\x02\x8a(\xa0\
\x02\x8a(\xa0\x02\x8a(\xa0\x02\x8a(\xa0\x02\x8a(\xa0\
\x02\x8a(\xa0\x02\x8a(\xa0\x02\x8a(\xa0\x02\x8a(\xa0\
\x02\x8a(\xa0\x02\x8a(\xa0\x02\x8a(\xa0\x02\x8a(\xa0\
\x02\x8a(\xa0\x02\x8a(\xa0\x02\x8a(\xa0\x02\x93\x19\xa5\
\xa2\x80\x0a(\xa2\x80\x0a(\xa2\x80\x0a(\xa2\x80\x0a(\
\xa2\x80\x10\xd2b\x9dI@\x06(\xa2\x96\x80\x12\xa2p\
A\xa9\xa9\xac(\x02\x0284\xa3\x91\xc5?\x14\x01\x8a\
\x00\x14S\xb1J\x05.(\x01\xa2\x97\x14\xb8\xa3\x14\x00\
\x94\x94\xea(\x01\xb4S\xa91@\x0d\xc74S\xb1F\
(\x0223K\xb7\x8aq\x184s@\x0c\x22\x9b\xb4\
\x83Rb\x93\x14\x01\x9b}\x09\xc9bx\xcf\x18\x14V\
\x93(a\x83\xc8\xa2\x9d\xc0{R\x8aZ)\x00\x9c\xd0\
E-\x14\x00\x80b\x96\x8a(\x01)h\xa2\x80\x0a(\
\xa2\x80\x0a(\xa2\x80\x0a(\xa2\x80\x0a(\xa2\x80\x0aB\
)h\xa0\x04\x07\x8aa\x1d\xfbS\xc6( P\x04l\
8\xc1\xe9U\x9a\xd9Y\xb3\xda\xad6)8\x02\x80#\
TT\x18Q\x8aI#\xc8\xe0T\xa4dSI\xc5\x00\
D#\x00\x83\xde\x9c\x074\xec\xf3E\x001\xbd\xba\xd4\
l8\xe7\xadJi\x8d\xc8\xe6\x80#o\xbd\xedHi\
\xddI\xe6\x93\x92q\xd2\x98\x0c\xe9\xda\x9a@\xcezT\
\x87\x8aa\x14\x00\x84g\x8a\x00\x00\x0e)OC\xd3\x8a\
Q@\x0d\xe0\xff\x00LPTu\x22\x94\x8eh\x03'\
\x8a\x00;t\xcd\x0a:\xe7\xf5\xa7.G\x18\xe2\x9c\xa3\
\x07=\x0fz\x00E\x1cu\xa9\x93\x81\xf8\xd3\x82\x81\x8e\
\xe2\x97h\xc6y\x02\x80\x15z{\xd2\xaa\x90\xdc\x9ar\
\xa8\xea:S\xf1\xc5 \x17\xad- \xe2\x96\x80\x0a(\
\xa2\x80\x0am:\x8a\x00e!\x14\xfczQ\x8a\x00`\
\x14\xa4sN\xc5\x04f\x80\x19K\xceE>\x93\x14\x00\
\x84f\x98EHE!\x1cP\x04X\xa6\xc8\x09S\x8a\
\x90\x8aLf\x80\x22\x0aH\xe7\xaf\xad.\xccu\xa9\x14\
d\xe3\xf5\xa7\x149\xf6\xa0\x08\x952z\xe2\xa5*2\
\x063\x8a\x15y9\xa9(\x026\x046i\xe3\x81\x8a\
Z(\x00\xa2\x8a(\x00\xa2\x8a(\x00\xa2\x8a(\x00\xa2\
\x8a(\x00\xa2\x8a(\x00\xa2\x8a(\x00\xa2\x8a(\x00\xa2\
\x8a(\x00\xa2\x8a(\x00\xa2\x8a(\x00\xa2\x8a(\x00\xa2\
\x8a(\x00\xa2\x8a(\x00\xa2\x8a(\x00\xa2\x8a(\x00\xa2\
\x8a(\x00\xa2\x8a(\x00\xa2\x8a(\x00\xa2\x8a(\x00\xa2\
\x8a(\x00\xa2\x8a(\x00\xa2\x8a(\x00\xa2\x8a(\x00\xa2\
\x8a(\x00\xa2\x8a(\x00\xa2\x8a(\x00\xa2\x8a(\x010\
(\xc0\xa5\xa2\x80\x0a(\xa2\x80\x0a(\xa2\x80\x0a(\xa2\
\x80\x0a(\xa2\x80\x0a(\xa2\x80\x10\xf4\xa2\x96\x8a\x00N\
\xf4\x85y\xe2\x9dE\x007m\x14\xea(\x00\xa2\x8a(\
\x00\xa2\x8a(\x00\xa2\x8a(\x00\xa2\x8a(\x00\xa2\x8a(\
\x00\xa2\x8a(\x00\xa2\x8a(\x00\xa2\x8a(\x00\xa2\x8a(\
\x01\xa7\xad\x06\x9dI\xdf\xa5\x00Fz\xd3\xc0\x18\xa0\x8c\
\x9e\xb4\x1e\x94\x00\xd2:b\x9b\x83\xde\xa4\x034\x11@\
\x11\x00h#\x22\x9ezSh\x01\x85i\xac\xb5%4\
\xf7\xa0\x08\xc0\xe7\x81\xcd4\x8c\x9e\xd9\xa7\x9e\x0d!\xe9\
\xed@\x11\xb0\xe7\xb5&\xc3\x9e:\xd4\x84f\x93\xa7N\
\x94\xc0\x88\xaf\xd0\xd3\xb6\xf3\xc0\xe2\x9f\x8fQ\x8aN\x83\
\xa5\x007i=\xa9\x11G$\xe7\xf0\xa96\x9e\xf4\xa0\
\x00:u\xef\x8a\x00j\xa9#\xaf\xe9O\xf2\x88\x15*\
\xaeEJ\x05 \x22\x89H_\xf1\xedR2\x8cR\x95\
\xe4b\x9cFF(\x02$\xe1\xbaT\xd4\xd0\xb8\xf7\xa7\
P\x01E\x14P\x01E\x14P\x01E\x14P\x01E\x14\
P\x01E\x14P\x01E\x14P\x01E\x14P\x02`Q\
\x81KE\x00&)h\xa2\x80\x0a(\xa2\x80\x0a(\xa2\
\x80\x0a(\xa2\x80\x0a(\xa2\x80\x0a(\xa2\x80\x0a(\xa2\
\x80\x0a(\xa2\x80\x0a(\xa2\x80\x0a(\xa2\x80\x0a(\xa2\
\x80\x0a(\xa2\x80\x0a(\xa2\x80\x0a(\xa2\x80\x0a(\xa2\
\x80\x0a(\xa2\x80\x0a(\xa2\x80\x0a(\xa2\x80\x0a(\xa2\
\x80\x0a(\xa2\x80\x0a(\xa2\x80\x0a(\xa2\x80\x0a(\xa2\
\x80\x0a(\xa2\x80\x0a(\xa2\x80\x0a(\xa2\x80\x0a(\xa2\
\x80\x0a(\xa2\x80\x0a(\xa2\x80\x0a(\xa2\x80\x0a(\xa2\
\x80\x0a(\xa2\x80\x0a(\xa2\x80\x0a(\xa2\x80\x0a(\xa2\
\x80\x0a(\xa2\x80\x0a(\xa2\x80\x0a(\xa2\x80\x0a(\xa2\
\x80?\xff\xd9\
\x00\x01?\x01\
\xff\
\xd8\xff\xe0\x00\x10JFIF\x00\x01\x01\x00\x00\x01\x00\
\x01\x00\x00\xff\xe1\x00\xbcExif\x00\x00II*\
\x00\x08\x00\x00\x00\x06\x00\x12\x01\x03\x00\x01\x00\x00\x00\x01\
\x00\x00\x00\x1a\x01\x05\x00\x01\x00\x00\x00\xa4\x00\x00\x00\x1b\
\x01\x05\x00\x01\x00\x00\x00\xac\x00\x00\x00(\x01\x03\x00\x01\
\x00\x00\x00\x02\x00\x00\x00\x13\x02\x03\x00\x01\x00\x00\x00\x01\
\x00\x00\x00i\x87\x04\x00\x01\x00\x00\x00V\x00\x00\x00\x00\
\x00\x00\x00\x06\x00\x00\x90\x07\x00\x04\x00\x00\x00023\
1\x01\x91\x07\x00\x04\x00\x00\x00\x01\x02\x03\x00\x00\xa0\x07\
\x00\x04\x00\x00\x000100\x01\xa0\x03\x00\x01\x00\x00\
\x00\xff\xff\x00\x00\x02\xa0\x03\x00\x01\x00\x00\x007\x04\x00\
\x00\x03\xa0\x03\x00\x01\x00\x00\x00@\x05\x00\x00\x00\x00\x00\
\x00`\x00\x00\x00\x01\x00\x00\x00`\x00\x00\x00\x01\x00\x00\
\x00\xff\xe1\x05\x07http://ns.a\
dobe.com/xap/1.0\
/\x00<x:xmpmeta xml\
ns:x='adobe:ns:m\
eta/'>\x0a        <\
rdf:RDF xmlns:rd\
f='http://www.w3\
.org/1999/02/22-\
rdf-syntax-ns#'>\
\x0a\x0a        <rdf:D\
escription rdf:a\
bout=''\x0a        \
xmlns:dc='http:/\
/purl.org/dc/ele\
ments/1.1/'>\x0a   \
     <dc:title>\x0a\
        <rdf:Alt\
>\x0a        <rdf:l\
i xml:lang='x-de\
fault'>\xe7\x81\xb0\xe6\xa3\x95\xe8\x89\xb2\
\xe4\xb8\xad\xe5\x9b\xbd\xe9\xa3\x8e\xe5\x8f\xa4\xe9\xa3\x8e\xe8\
\xa1\xa8\xe7\x9b\x98\xe5\xa3\x81\xe7\xba\xb8 - 2<\
/rdf:li>\x0a       \
 </rdf:Alt>\x0a    \
    </dc:title>\x0a\
        </rdf:De\
scription>\x0a\x0a    \
    <rdf:Descrip\
tion rdf:about='\
'\x0a        xmlns:\
Attrib='http://n\
s.attribution.co\
m/ads/1.0/'>\x0a   \
     <Attrib:Ads\
>\x0a        <rdf:S\
eq>\x0a        <rdf\
:li rdf:parseTyp\
e='Resource'>\x0a  \
      <Attrib:Cr\
eated>2024-09-08\
</Attrib:Created\
>\x0a        <Attri\
b:ExtId>cfec1fea\
-174e-46ab-8f05-\
1b305370aafc</At\
trib:ExtId>\x0a    \
    <Attrib:FbId\
>525265914179580\
</Attrib:FbId>\x0a \
       <Attrib:T\
ouchType>2</Attr\
ib:TouchType>\x0a  \
      </rdf:li>\x0a\
        </rdf:Se\
q>\x0a        </Att\
rib:Ads>\x0a       \
 </rdf:Descripti\
on>\x0a\x0a        <rd\
f:Description rd\
f:about=''\x0a     \
   xmlns:pdf='ht\
tp://ns.adobe.co\
m/pdf/1.3/'>\x0a   \
     <pdf:Author\
></pdf:Author>\x0a \
       </rdf:Des\
cription>\x0a\x0a     \
   <rdf:Descript\
ion rdf:about=''\
\x0a        xmlns:x\
mp='http://ns.ad\
obe.com/xap/1.0/\
'>\x0a        <xmp:\
CreatorTool>Canv\
a (Renderer)</xm\
p:CreatorTool>\x0a \
       </rdf:Des\
cription>\x0a      \
  \x0a        </rdf\
:RDF>\x0a        </\
x:xmpmeta>\xff\xdb\x00C\x00\x06\
\x04\x05\x06\x05\x04\x06\x06\x05\x06\x07\x07\x06\x08\x0a\x10\x0a\
\x0a\x09\x09\x0a\x14\x0e\x0f\x0c\x10\x17\x14\x18\x18\x17\x14\x16\
\x16\x1a\x1d%\x1f\x1a\x1b#\x1c\x16\x16 , #&\
')*)\x19\x1f-0-(0%()(\xff\
\xdb\x00C\x01\x07\x07\x07\x0a\x08\x0a\x13\x0a\x0a\x13(\x1a\
\x16\x1a((((((((((((((\
((((((((((((((((\
((((((((((((((((\
((((\xff\xc0\x00\x11\x08\x05@\x047\x03\x01\x22\
\x00\x02\x11\x01\x03\x11\x01\xff\xc4\x00\x1f\x00\x00\x01\x05\x01\
\x01\x01\x01\x01\x01\x00\x00\x00\x00\x00\x00\x00\x00\x01\x02\x03\
\x04\x05\x06\x07\x08\x09\x0a\x0b\xff\xc4\x00\xb5\x10\x00\x02\x01\
\x03\x03\x02\x04\x03\x05\x05\x04\x04\x00\x00\x01}\x01\x02\x03\
\x00\x04\x11\x05\x12!1A\x06\x13Qa\x07\x22q\x14\
2\x81\x91\xa1\x08#B\xb1\xc1\x15R\xd1\xf0$3b\
r\x82\x09\x0a\x16\x17\x18\x19\x1a%&'()*4\
56789:CDEFGHIJST\
UVWXYZcdefghijst\
uvwxyz\x83\x84\x85\x86\x87\x88\x89\x8a\x92\x93\
\x94\x95\x96\x97\x98\x99\x9a\xa2\xa3\xa4\xa5\xa6\xa7\xa8\xa9\xaa\
\xb2\xb3\xb4\xb5\xb6\xb7\xb8\xb9\xba\xc2\xc3\xc4\xc5\xc6\xc7\xc8\
\xc9\xca\xd2\xd3\xd4\xd5\xd6\xd7\xd8\xd9\xda\xe1\xe2\xe3\xe4\xe5\
\xe6\xe7\xe8\xe9\xea\xf1\xf2\xf3\xf4\xf5\xf6\xf7\xf8\xf9\xfa\xff\
\xc4\x00\x1f\x01\x00\x03\x01\x01\x01\x01\x01\x01\x01\x01\x01\x00\
\x00\x00\x00\x00\x00\x01\x02\x03\x04\x05\x06\x07\x08\x09\x0a\x0b\
\xff\xc4\x00\xb5\x11\x00\x02\x01\x02\x04\x04\x03\x04\x07\x05\x04\
\x04\x00\x01\x02w\x00\x01\x02\x03\x11\x04\x05!1\x06\x12\
AQ\x07aq\x13\x222\x81\x08\x14B\x91\xa1\xb1\xc1\
\x09#3R\xf0\x15br\xd1\x0a\x16$4\xe1%\xf1\
\x17\x18\x19\x1a&'()*56789:C\
DEFGHIJSTUVWXYZc\
defghijstuvwxyz\x82\
\x83\x84\x85\x86\x87\x88\x89\x8a\x92\x93\x94\x95\x96\x97\x98\x99\
\x9a\xa2\xa3\xa4\xa5\xa6\xa7\xa8\xa9\xaa\xb2\xb3\xb4\xb5\xb6\xb7\
\xb8\xb9\xba\xc2\xc3\xc4\xc5\xc6\xc7\xc8\xc9\xca\xd2\xd3\xd4\xd5\
\xd6\xd7\xd8\xd9\xda\xe2\xe3\xe4\xe5\xe6\xe7\xe8\xe9\xea\xf2\xf3\
\xf4\xf5\xf6\xf7\xf8\xf9\xfa\xff\xda\x00\x0c\x03\x01\x00\x02\x11\
\x03\x11\x00?\x00\xfa\x8e\x8a(\xacK+]\xeea\xb1\
{\xd5\x03\xa3G1&c\xc1\xec+\x5c\x8fJZ\x00\
\xa7g\xa7Z\xda\x7f\xa8\x85U\x8fS\x8ej\xe5\x14P\
\x01E\x15\x0d\xcd\xc4v\xd0\xb4\x92\x9c(\xfdh\x02V\
!A,@\x03\xa95\x976\xbbe\x1c\xeb\x10\x90\xbb\
\x1e\xeb\xc8\xfc\xeb\x9a\xd6u\x8b\x8b\xb7(\x0e\xc8\xbb \
?\xcf\xd6\xb1\x033Mo\x9c\xe4\xb8\x1di\x81\xea\x8a\
\xc1\x940\xe8y\xaes\xe2\x05\xd7\xd9\xbc3q\xcf.\
B\x0f\xce\xb7\xadT\xad\xbcj{(\xae\x0b\xe2\xed\xe7\
\x97ggl\x0e7\xb1cB\x03\xceD\xa1_.\xc1\
S\x8c\xd6\xfc\xff\x00\x10uI^\x1d\x13\xc2\x96>}\
\xc0@\x9b\xf1\x90\xa7\xd6\xb9H\xe1\x92\xf6\xf2\x1bH9\
y\x5c.1\xeb^\xdf\xe0\x8f\x09\xda\xf8f\xc9\x82\x05\
{\xc9y\x96^\xe7\xd8{Sb9\x0d'\xe1\xe6\xb1\
\xa8\x91w\xe2\x9dbW\x9d\x8e\xef%\x0eB\xfbz~\
U\xb1q\xe0\x96\xb3\x8b62\x19F9S\xc1\xae\xf6\
\x8aW\x1d\x8f#\x92\xca{y6\xc8\x8c\x8c\x0fzL\
>FX\x9f\xc6\xbdN\xf2\xc2\xde\xf1\x08\x9a0O\xf7\
\xbb\x8a\xe65/\x0dK\x18-l|\xc5\xf4\xef@\x1c\
\xdd\xbd\xe4\xf6\xed\xba9\x19\x7f\x1a\xe84\xff\x00\x13N\
\x98\x13\x0d\xeb\xebX\xb3\xd8\xbcLD\x8aT\xf7\x06\x9a\
#\xdb\x8cP\x07\xa0Xj\xd6\xf7`\x05p\x1b\xd0\xd6\
\x87Z\xf3\x8b|\xa3\xe5O5\xd0i\xba\xb4\xb1\x10\xb2\
fD\xe9\x9e\xf4\x01\xd4QQ\xc12O\x18x\xdb*\
jJ@\x14QE\x00\x14QE\x00\x14QE\x00\x14\
QE\x00\x14QE\x00\x15\x8f\xe2\x1dG\xec\x90yQ\
\x9f\xde\xb8\xfc\x85i\xddN\xb6\xf04\x8ep\x14W\x9f\
\xea\x17out\xd2\xbfs\xc7\xb0\xa6\x03\xedQ\xa6\xb9\
\x8a1\xf7\x9d\x80\xaf@E\x08\x8a\xa3\xa0\x18\xaeO\xc2\
\x96\xbem\xe3N\xdc\xacC\x8frk\xae\xa0\x02\x8a)\
\xae\xca\x8aY\xc8U\x1dI4\x80uAsu\x15\xba\
\xe6F\xe4\xf4^\xe6\xb1\xf5=~8\xc1\x8e\xcf\xe7~\
\x9b\xfb\x0f\xa7\xad&\x85g4\xd2}\xb6\xf0\x92O(\
\x0f\xf3\xa6\x06\xecd\xb2\x02\xc3i=\xbd)\xf4QH\
\x02\x8a(\xa0\x02\x8a+\x17U\xd7\x22\xb6&+r$\
\x97\xa6{\x0a\x00\xd8.\xa1\x82\x92\x01=\x05:\xb9\xfd\
\x06)\xee\xe6\xfbu\xd36\x07\xdc\x1e\xb5\xd0P\x01E\
\x14P\x01E\x14P\x01E\x14P\x01E\x14P\x01E\
\x14P\x01E\x14P\x01E\x14P\x01E\x14P\x01E\
\x14P\x01E\x14P\x01E\x14P\x01E\x14P\x01E\
\x14P\x01E\x14P\x01E\x14P\x01E\x14P\x01E\
\x14P\x01E\x14P\x01E\x14P\x01E\x14P\x01E\
\x14P\x01E\x14P\x01E\x14P\x01E\x14P\x01E\
\x14P\x01E\x14P\x01E\x14P\x01E\x14P\x01E\
\x14P\x01E\x14P\x01E\x14P\x01E\x14P\x01E\
\x14P\x01E\x14P\x01E\x14P\x01E\x14P\x01E\
\x14P\x01E\x14P\x01E\x14P\x01E\x14P\x01E\
\x14P\x01E\x14P\x01E\x14P\x06^\x87\xacC\xaa\
\xc1\x95\xc2L\xa3\xe7\x8f=>\x9e\xd5\xa9^Im4\
\xb6s-\xc5\xb3\x94\x91y\x185\xe8\x9e\x1e\xd6c\xd5\
m\x81 $\xea>e\xfe\xa2\x98\x1a\xf4QE \x0a\
(\xa2\x80\x10\x9c\x0c\x9e\x95\xcax\x92\xf7\xcc\x90\x22\x9c\
\x81\xc0\xf6\xad\xfdN\xe0Cny\xe4\xd7\x0dz\xe5\xe4\
,\xddI\xa6\x05\x092NX\xf3\xed\xcdI\xa5[\x9b\
\xadf\xc6\x15\xe4y\xbb\xcf\xd0sL=3\xc0\xcdu\
^\x0a\xd3\xf6\xa3\xdf\xca\x98y\x06\xd8\xf3\xd9h\x03\xa9\
\x1c\x0cW\x8c|Y\xbd3x\x9b\xc8\x04m\x82%\x1f\
\x89\xe6\xbd\x9c\x9c\x02Oj\xf9\xdf\xc5wf\xfb\xc5\x1a\
\x9c\xfdW\xce\xd8>\x80P\x81\x9b\x7f\x0b\xec\x05\xdf\x89\
\xe2\x95\xd7\x22\x152{dt\xfeu\xed\xd5\xe6\x7f\x07\
-\x0e\xdb\xeb\xb28\xe21\xfc\xcdze\x0c\x10QE\
\x14\x80(\xa2\x8a\x00\x86{hg\x5cM\x1a\xb7\xd4V\
E\xdf\x87\xa1pM\xbb\x14>\x87\x91[\xb4P\x07\x1d\
&\x89s\x01'f\xf1\xea\xb4\x89n\xea0A\x07\xde\
\xbb*c\xc6\x8f\xf7\x94\x1f\xc2\x98\x1c\xed\x8bK\x0b\x86\
\x8c\x90;\x8fZ\xdf\xb6\x9cL\x80\xf4n\xe2\x98l\xe2\
\xfe\x10G\xd2\x98-Z2\x0cm\xd2\x90\x17(\xa6\xa1\
%~a\x83N\xa0\x02\x8a(\xa0\x02\x8a(\xa0\x02\x8a\
(\xa0\x02\x8a)\x18\x85RO@3@\x1c\xbf\x8c/\
YB[Fz\xf2\xd5\xcb!\xdc\xe0w'\x15>\xb5\
{\xf6\x9b\xe9\xa4\xceF\xec\x0f\xa5X\xf0\xbd\xa9\xbc\xd4\
\xa3\xf9s\x1c\x7f;g\xda\x98\x1d\xa6\x89g\xf6-=\
##\xe7o\x99\xbe\xb5~\xa1\xbb\xb9\x86\xd2\x06\x96\xe1\
\xc2 \xeek\x8e\xd5\xfcA=\xda\x95\xb7\xdd\x05\xb1\xe3\
 \xe1\xdf\xfc(\x03\xa0\xd4\xf5\xdbk6h\xa3\xfd\xf4\
\xe3\xaa\xa9\xe1~\xa6\xb9]GR\x9e\xfaC\xe7HJ\
\x8e\x888\x03\xf0\xac\xa9'\x05HQ\x81\xda\xb7\xbc7\
\xa2\xbd\xdb-\xc5\xc8+n:\x0e\xef\xff\x00\xd6\xa0\x0b\
^\x1e\xd1\xcd\xc3\x0b\x8b\xa5\xfd\xc89E\xfe\xf7\xff\x00\
Z\xba\xd000:P\xaa\x15B\xa8\x00\x0e\x00\x14\xb4\
\x80(\xa2\x8a\x00)\xae\xca\x8aY\xc8U\x03$\x9e\xd4\
\x93J\x90\xc4\xd2H\xc1QFI5\xc3\xeb\xba\xe4\x97\
lR0R\x00x\x5c\xf5\xf74\xc0\xb9\xae\xeb\xa6r\
\xd0Z\x12\xb1wn\x85\xbf\xfa\xd5[B\xd3\x1bP\x9b\
s\x82\xb0)\xf9\x9b\xd4\xfa\x0a\xa7\xa2\xe9\xf2j\xb7;\
y\x11/.\xfe\x9f\xfdz\xef\xed\xa0\x8e\xda\x04\x8a\x15\
\x0a\x8a0\x00\xa0\x07\xc6\x8b\x1a* \x0a\xaa0\x00\xed\
N\xa2\x8a@\x14QE\x00\x14QE\x00\x14QE\x00\
\x14QE\x00\x14QE\x00\x14QE\x00\x14QE\x00\
\x14QE\x00\x14QE\x00\x14QE\x00\x14QE\x00\
\x14QE\x00\x14QE\x00\x14QE\x00\x14QE\x00\
\x14QE\x00\x14QE\x00\x14QE\x00\x14QE\x00\
\x14QE\x00\x14QE\x00\x14QE\x00\x14QE\x00\
\x14QE\x00\x14QE\x00\x14QE\x00\x14QE\x00\
\x14QE\x00\x14QE\x00\x14QE\x00\x14QE\x00\
\x14QE\x00\x14QE\x00\x14QE\x00\x14QE\x00\
\x14QE\x00\x14QE\x00\x14QE\x00\x14QE\x00\
\x14QE\x00\x14QE\x00\x14QE\x00\x14QE\x00\
x\xdd\x9d\xc7\xdam!\x95H\x1b\xd0\x1c{\xd5\xad6\
\xf6K\x0b\xd8\xee\x228e\xfb\xc0\x1e\x08\xaeg\xc2\x17\
>n\x98#\xcf\xcd\x13\x14\xfc+m\xc0\xfe\x11\x9c\x0a\
\xa1\x1e\xb7\xa7^G}h\x93\xc2AV\x1c\xfb\x1a\xb5\
^w\xe0\xcdP\xd9\xdd\xfd\x9eF\xfd\xcc\x9e\xbd\x8dz\
\x18\xe4qR1h\xa2\xa3\x9d\xb6\xc4\xc4\xd0\x06\x06\xbd\
8v\xda\x0f\xbdr\xf3\x91\x92OQ\xcdk\xeaR\xf9\
\x92\xbb\x0e\xfd*\x9d\xb5\x9c\x973*F2\xef\xc0\xff\
\x00dz\x9a`3H\xd3\x1fQ\xbdX\xf1\x88S\xe6\
\x95\xbd\xbd+\xd0cE\x8e5D\x00*\x8c\x00;U\
m2\xc6->\xd1a\x88t\xe5\x9b\xbb\x1fZ\xb7@\
\x15uI\xc5\xb6\x9bs3\x1c\x04\x8d\x8f\xe9_4G\
8\x99\xe5\x9b\xa9\x96Vl\xfe5\xee\x9f\x14o\xbe\xc3\
\xe0\xdb\xd6\x07\x0d \xd8?\x1a\xf0\x8bH\xb1\x0c(\x07\
\xcc@\xfc\xcd4&{\xbf\xc3\x0bo#\xc2p\xb9\x18\
3\xbbI\xfa\xe0\x7f*\xebj\x8e\x87h,tk+\
P1\xe5B\xaa~\xb8\xe7\xf5\xab\xd5#\x0a(\xa2\x80\
\x0a(\xa2\x80\x0a(\xa2\x80\x0a(\xa2\x80\x0a(\xa2\x80\
\x0a(\xa2\x80\x0a(\xa2\x80\x0a(\xa2\x80\x0a(\xa2\x80\
\x0a\xcb\xf1%\xd7\xd94\x89\x9c\x1c3\x0d\x83\xeaj\xf5\
\xd5\xc4V\xb0\x99gp\xa8={\xd7\x15\xe3[\xb9\xee\
\xad\xad\xd5\x95\xa1\xb7v\xdc\xa9\xfcM\x8e\xe7\xd0S\x03\
\x9ci7I\xb7\xaf\xa5v\x9au\xc5\xae\x81\xa4\x89\xae\
2n&\x1b\x84c\xef\x11\xd8W\x05\x05\xc4pJ\xa7\
hi:*z\x9a\x9ey\xe5\x96G\x96\xe5\xcc\x92\xbf\
,\x7f\xcfj\x04i\xea:\x9c\xda\x8c\xc6k\xa20>\
\xe4`\xfc\xab\xfe&\xb3\xe7\x98\x95;\x9b\x93\xebUZ\
Ny\xc9\xed]\x17\x84\xf4\x16\xd4d\x17W@\x8bu\
<\x0f\xef\x1a\x00\x9f\xc2\xda\x09\xbde\xb8\xba\x04[\xa9\
\xc8_\xef\x1f\xf0\xae\xf5T\x22\x85P\x02\x81\x80\x07j\
H\xd1cEDP\xaa\xa3\x00\x0e\xd4\xeaC\x0a(\xa2\
\x80\x0aB@\x04\x93\x80)k\x96\xf1\x8e\xae!\x88\xd9\
\xc0\xd9v\x1f\xbc#\xb0\xf4\xa0\x0a^&\xd6\xc5\xd3\x9b\
{v\xfd\xc2\xf5?\xde?\xe1Y\x1ae\x84\xba\x8d\xc8\
\x86\x11\xee\xccz(\xf5\xa84\xcb\x0b\x8dJ\xe8G\x02\
\x93\xfd\xe6\xec\xa3\xd4\xd7\xa3\xe9:t:m\xaa\xc3\x08\
\xc9\xfe7=X\xd3\x02M>\xce+\x1be\x86\x05\xc2\
\x8e\xa7\xb9>\xa6\xac\xd1E \x0a(\xa2\x80\x0a(\xa2\
\x80\x0a(\xa2\x80\x0a(\xa2\x80\x0a(\xa2\x80\x0a(\xa2\
\x80\x0a(\xa2\x80\x0a(\xa2\x80\x0a(\xa2\x80\x0a(\xa2\
\x80\x0a(\xa2\x80\x0a(\xa2\x80\x0a(\xa2\x80\x0a(\xa2\
\x80\x0a(\xa2\x80\x0a(\xa2\x80\x0a(\xa2\x80\x0a(\xa2\
\x80\x0a(\xa2\x80\x0a(\xa2\x80\x0a(\xa2\x80\x0a(\xa2\
\x80\x0a(\xa2\x80\x0a(\xa2\x80\x0a(\xa2\x80\x0a(\xa2\
\x80\x0a(\xa2\x80\x0a(\xa2\x80\x0a(\xa2\x80\x0a(\xa2\
\x80\x0a(\xa2\x80\x0a(\xa2\x80\x0a(\xa2\x80\x0a(\xa2\
\x80\x0a(\xa2\x80\x0a(\xa2\x80\x0a(\xa2\x80\x0a(\xa2\
\x80\x0a(\xa2\x80\x0a(\xa2\x80\x0a(\xa2\x80\x0a(\xa2\
\x80\x0a(\xa2\x80\x0a(\xa2\x80>i\xf0t\xbeE\xfd\
\xd4\x18\xe5\xd7p\x1fJ\xeb\xa3\x90\xb1\x00q\x91\x8a\xe6\
\xedmJ\xf8\x8a\xceH?\xe5\xaf\xcaW\xeb]+\xa3\
@\xf8\x0b\x82\xa7\xa1\xabb\x1e\x5c\xc6\xc0\xa1\xe4s\xe9\
^\x99\xe1\x8dG\xfbCMB\xc7\xe7O\x94\xd7\x99\x06\
\x0f[\xfe\x0f\xbf\xfb\x1e\xa0\x22f\xfd\xdb\xf1\x8a\x91\x9e\
\x8dY\xba\xc4\xc5b(\x0e29\xad\x02p\xb9\xack\
\x98\xde\xee}\xab\x9cg\x92)\x01\x95\x1d\xb3\xdc\xcf\xb5\
\x175\xd2i\xf61\xd9\xc6p\x01\x91\xbe\xf3z\xd3\xec\
\xedR\xd90\xbc\x93\xd4\x9a\xb3L\x02\x8a(\xa4\x07\x94\
\xfcv\xbe\x22\xcfN\xd3\x90\xf33\xefa\x9e\xc3\xfc\x9a\
\xe0\xfc5j\xf7\xbe\x22\xd3\xad\x80\x04<\xe8\x0f\xd0\x1c\
\x9f\xd2\xb7~.\x5c\xfd\xb3\xc7\x11\xc4\xa71\xda\xc03\
\xcfs\xff\x00\xeb\xa9>\x14[,\xde/\x89\xfa\x88\x22\
w\xc7\xa1#\x1f\xd6\xab\xa0\xba\x9e\xe1KE\x15#\x0a\
(\xa2\x80\x0a(\xa2\x80\x0a(\xa2\x80\x0a(\xa2\x80\x0a\
(\xa2\x80\x0a(\xa2\x80\x0a(\xa2\x80\x0a(\xa2\x80\x0a\
\xa9\xa8\xdfEc\x0e\xf9\x0eX\xf0\x88:\xb1\xf4\x14\xfb\
\xdb\x95\xb5\x80\xbb\x02\xcd\xd1Tuc\xe9Y\xf6Ve\
fk\xfdRD\xf3\xdb\xee\x868X\xc7\xa0\xa0\x05\xb3\
\xb1\x9a\xeaqw\xa9\xe0\xb0\xe68{'\xff\x00^\xb8\
\xef\x89\xba\xacv\x971\xab\xf5E\xc0\x1d\xc9=\x05w\
GV\xb0\x0d\xb4]\xc2N3\x80\xe0\xd7\x92\xf8\x8a\xf6\
=s]{\xc1\x18\xf2\x22;b\x07\xf8\xb1\xde\x9a\x02\
\x85\x82<c\xed\x17$}\xa6^\xa3\xfb\xa3\xd2\xac\x17\
w8A\x9c\x9a\x92(\xa5\xb9\x99\x12%\xdc\xecp\x14\
s]\xff\x00\x86\xfc+\x1d\x98Y\xef\x80y\xba\x88\xfa\
\x85\xfa\xfa\xd3\x11\x91\xe1\xcf\x0b\xcby\xb2\xe2\xf4\x18\xe0\
\xcev\x9e\xad]\xfc1$\x11,q(H\xd4`(\
\xe8)\xe3\x8e\x05-H\xc2\x8a(\xa0\x02\x8a(\xa0\x06\
\xbeB\x9d\xbc\xb7j\xe4\xe3\xf0\xdc\xd7w\xcf5\xf3\xed\
\x8c\xbe\xe2\x01\xe5\xab\xae\xa2\x80+\xd9ZAe\x0f\x95\
m\x18\x8d:\x9cw\xfa\xd5\x8a(\xa0\x02\x8a(\xa0\x02\
\x8a(\xa0\x02\x8a(\xa0\x02\x8a(\xa0\x02\x8a(\xa0\x02\
\x8a(\xa0\x02\x8a(\xa0\x02\x8a(\xa0\x02\x8a(\xa0\x02\
\x8a(\xa0\x02\x8a(\xa0\x02\x8a(\xa0\x02\x8a(\xa0\x02\
\x8a(\xa0\x02\x8a(\xa0\x02\x8a(\xa0\x02\x8a(\xa0\x02\
\x8a(\xa0\x02\x8a(\xa0\x02\x8a(\xa0\x02\x8a(\xa0\x02\
\x8a(\xa0\x02\x8a(\xa0\x02\x8a(\xa0\x02\x8a(\xa0\x02\
\x8a(\xa0\x02\x8a(\xa0\x02\x8a(\xa0\x02\x8a(\xa0\x02\
\x8a(\xa0\x02\x8a(\xa0\x02\x8a(\xa0\x02\x8a(\xa0\x02\
\x8a(\xa0\x02\x8a(\xa0\x02\x8a(\xa0\x02\x8a(\xa0\x02\
\x8a(\xa0\x02\x8a(\xa0\x02\x8a(\xa0\x02\x8a(\xa0\x02\
\x8a(\xa0\x02\x8a(\xa0\x02\x8a(\xa0\x02\x8a(\xa0\x0f\
\x9f[u\xbc\xb6w)\x90`\x91[\x9fc^\xad\xaf\
\xe8+}\x02\xdd\xd9(\xde\xca\x09Q\xde\xbc\xb2\xea2\
\xd6\xae\xbdx\xcd{?\x84n\x0d\xcf\x87,$?{\
\xcaP\x7f*\xa6$y\x8d\xc4/\x0c\x85X\x14 \xe3\
\x07\x8aXn\x0cr\x06\x1c:\x9c\xd7\xa3x\x87@\x8b\
P\x8d\xa4\x84\x05\x9cs\xec\xd5\xe7w\xf6SZ\xcc\xd1\
\xca\x85\x5cz\xd2\x19\xeaZ=\xda\xdf\xe9\xd1\xb8<\xe3\
\x06\xae\xc5\x12\xc40\xa2\xb8\x8f\x00_\xed2[;\x0e\
\xb9\xc5wt\x00QE\x14\x80)\x18\x85R\xc7\xa0\x19\
\xa5\xaaZ\xd4\xbeN\x95t\xfd0\x86\x80>y\xd7n\
>\xd7\xaf\xea\xb7l\x7f\xd6NT}\x05w\xdf\x05\xed\
\xf7^jw%~\xe2$`\xfdr\x7f\xa0\xaf5\x95\
v\xb3\xe4\x92Y\x8b\x1f\xa95\xec\x9f\x07\xed\xbc\x9f\x0d\
K1\x183NO>\x80\x01\xfe5oa#\xbb\xa2\
\xa1k\xabu$4\xf1\x02:\xe5\xc5'\xda\xed\xbf\xe7\
\xe2\x1f\xfb\xecT\x0c\x9e\x8aj\xba\xbf\xdd`\xdfC\x9a\
u\x00\x14S]\x95\x14\xb3\x10\x00\xeaMr\xda\xa7\x8b\
\xd2\xdavKx<\xc5S\x82\xccq\x9a\x00\xea\xe8\xae\
b\xcf\xc5\xf6\xb2\x81\xf6\x98d\x88\xfa\xa9\xdc+j\xcf\
T\xb2\xbc\xe2\xde\xe26o\xee\x93\x83\xf9\x1a\x00\xbbE\
\x14P\x01E\x14P\x01Ef\xeaZ\xde\x9b\xa6\xf1y\
y\x14o\xfd\xcc\xe5\xbf!\xcd`M\xe37\xb9s\x1e\
\x87\xa5]^?\xf7\xdcl_\xf1\xfeT\xc0\xecj\x0b\
\xbb\xbb{8\xfc\xcb\xb9\xe2\x85?\xbd#\x05\x1f\xadr\
Mg\xe2\xbd[?i\xbb\x8bM\x84\xff\x00\x0c#\xe6\
\xfc\xfa\xfe\xa2\x9b\x1f\x82\x00\x90Ksp/%\x1d\xe7\
,s\xfa\xd0\x06\x8d\xdf\x8c\xf4\xa8\x8e\xdbg\x96\xeeN\
\xc2\x14$\x1f\xc4\xf1P.\xb5\xaf_c\xec:@\x81\
\x0f\xf1\xdc7\xf4\xe2\xaf[Y\xdd\xe9\xea>\xcda`\
@\xed\x1eT\xfef\xac\xae\xae\x228\xbf\xb6\x9a\xd8\xff\
\x00x\x8d\xcb\xf9\x8a\x00\xcd]\x1bY\xbc!\xf5\x0dP\
\xc6{$\x0b\x8c~5b\x1f\x0a\xd8\x07\x0fpf\xb9\
~\xb9\x95\xc9\xad\xc8\xa4IcW\x89\xd5\xd1\xb9\x0c\xa7\
 \xd3\xe9\x01\xc9x\xba\xce\x1bM+\xc8\xd3\xad\x14M\
1\xdb\x94^@\xae_N\xf0\xa6\xa3rQL>T\
\x7f\xde~1^\xa6T\x13\x92\x06i\xd4\xc0\xc2\xd2\xfc\
1\xa7X\xc0\x14\xc5\xe6J~\xf4\x84\x90O\xf8T\xed\
\xa0\xd9\xe71\x99\xa3?\xecHEkQH\x0cV\xd1\
g_\xf8\xf7\xd4\xee\xd0\xff\x00\xb4\xdb\x87\xebH-\xb5\
\xbb|\x18\xef`\xb9\x03\xf8e\x8f\x19\xfcEm\xd1@\
\x18GQ\xd5\xa0\xff\x00\x8f\x9d/\xcc\x1d\xcc\x0f\x9f\xd0\
\xd3\xe2\xf1\x1d\x89\xe2\xe3\xcd\xb5~\x85fB1\xf8\x8a\
\xda\xa8\xe5\x86)\x97\x12\xc6\x8e=\x18f\x80\x12\xde\xe2\
\x1b\x84\xdf\x04\xa9\x22z\xa3f\xa5\xack\x8f\x0fY\xb3\
\x17\xb6\xf3-e\xfe\xf4-\x8a\xa7s&\xb3\xa4F\x5c\
\xcd\x05\xed\xba\xff\x00\xcfC\xb1\xc0\xfa\xf7\xa0\x0e\x96\x90\
\x90\x06I\xc0\xae\x1e\xef\xc4M\x7f\xb0Cr\xf6\x0cF\
6\xc9\xf2\xa9>\xcd\x8a\xadu\xa7\xea\x92(w\x12\xdc\
\xa9\xe8\xca\xfb\xc1\x14\xc0\xee\xde\xee\xdd>\xfc\xf1/\xd5\
\xc0\xa8\x1fV\xd3\xd3\xad\xe4\x1f\x83\x83^s-\xa5\xc4\
G\xf7\xb0\xba\x1fB\x84T,\x1b\x18\xc1\x18\xed@\x1e\
\x8e\xda\xee\x9a\x0e>\xd4\x99\xf6\xcd\x03]\xd3OK\xa4\
\xfc\x8dy\xc2\xe4\xf6\xcd8\x0c\xe3<\x13@\x5c\xf4\xa8\
\xf5}>O\xbbw\x0f\xe2\xd8\xab1\xdcC'\xfa\xb9\
c\x7f\xf7X\x1a\xf2\xc2\x0e23\xf4\xa4M\xc3<\x11\
\xf4\xa2\xc1s\xd6h\xaf5\xb1\xb9\xbf\x8d\x87\xd9d\x9f\
'\x8c\x03\x9f\xd2\xbbM\x0a{\xe9 o\xed\x18\xca\x11\
\x8d\xacF\x09\xa0\x0dj*\xbc\x97*\xbfw\x93U\xde\
wq\xd7\x02\x90\xec]gU\xeaED\xd7H:\x02\
j\x93ry\xa4\xc5\x03\xb1d\xdd\x9e\xc0\x0f\xad7\xed\
2\x13\x8e*\x0f\xad(<\xf1@\xecHg\x97\xfb\xd4\
\x9e|\xbf\xdf?\x95F\x0ey\xa5\xef\x83@\x12\x0b\x89\
\x7f\xbdN\xfbD\x83\xb8\xa83\xcd)4\x05\x8b+v\
{\x81R-\xca\x1e\xa0\x8a\xa3\x9e(\xcf\x1cP\x164\
\xd6En\x84S\xeb$\x92\x0eA\xa9c\xb8u\xef\x91\
\xef@\xach\xd1U\xe3\xb9S\xc3pjpA\x19\x07\
4\x08Z(\xa2\x81\x05\x14Q@\x05\x14Q@\x05\x14\
Q@\x05\x14Q@\x05\x14Q@\x05\x14Q@\x05\x14\
Q@\x05\x14Q@\x05\x14Q@\x05\x14Q@\x05\x14\
Q@\x05\x14Q@\x05\x14Q@\x05\x14Q@\x05\x14\
Q@\x05\x14Q@\x05\x14Q@\x05\x14Q@\x05\x14\
Q@\x05\x14Q@\x05\x14Q@\x05\x14Q@\x05\x14\
Q@\x05\x14Q@\x05\x14Q@\x05\x14Q@\x05\x14\
Q@\x05\x14Q@\x05\x14Q@\x05\x14Q@\x05\x14\
Q@\x05\x14Q@\x05\x14Q@\x1e\x13{\x0b#8\
\xcf\x18\xea9\xafJ\xf8k)\x7f\x0dB\x84\xe7fW\
\xf55\xc3\xfd\x8d\xa3\x80o\x19Q\xef\x9c\xd7i\xf0\xe4\
\x04\xd3\xe6\x8ct\x0eMS\x12;\x0a\xa5\xa8\xe9\xb6\xf7\
\xf1\x95\x9d\x01=\x9b\xbd]\xa2\xa4g\x0b\x1e\x81s\xa6\
j\xa2[|\xbcY\xed\xe9]\xad\xb3\x97\x81\x18\x8c\x12\
*Z(\x00\xa2\x8a\xc2\xd5.u\x86\x91\x92\xc2\xd9Q\
:ob\x094\x01\xafss\x0d\xacfK\x89R4\
\xf5c\x8a\xe3|a\xe2\xbb\x13\xa4\xcfolZW\x90\
m\x0d\xf7T\x7fZ\xaf6\x83\xad^\xc9\xbe\xe3,\xc7\
\xbb\xc9X~(\xf0\xd5\xd5\xbc\x10\xa3\xc9\x00g9\xe0\
\x93\xc0\xfc=\xe9\x81\xc2<\x89<\xea\x14\x15F8\xc8\
\x18\xc5u\xd6r\x5cZX%\xb0\x9aO)3\xc6\xf3\
\x8c\xe7=+?N\xf0\xdc\xb7\x17V\xf1y\x88\x0b\xb8\
^\x87\xd6\xbb\x9dC\xc3\xd6Z\x5cA\xef\xafX\x93\xd1\
\x11r\xcd\xfa\xd3b9u'\x92z\x9ei\xe5\xd8\xf4\
\xfa\xd3\xa6Ui?r\xa4&N\x01<\xfe4\x8d\xfb\
\xb1\xeaOoJ\x00\xb7\xa6\x5c\x5cGs\x1f\xd9]\xd6\
R\xc0.\xd3\x8c\xfbW\xa7]\xde\xc7el\xb2\x5c\x1f\
\x9c\x80\x02\x8e\xac}\x05q\x9e\x1e\xb2\x8a\xd2\xd9um\
@`g0G\xdd\x8f\xae+\xa2\xd2\xed&\xbb\xb8\x1a\
\x86\xa0>c\xfe\xaa#\xd1\x07\xf8\xd2\x19b\xd2\x09\xee\
\xdc\x5c_\xfc\xa0s\x1c \xf0=\xcf\xa9\xaf9\xf1\x0c\
f-V\xe1:e\xcdz\xd5y\xcf\x8em\xbc\xadd\
8\x03\x12\xaes\xfc\xe8@r\xf1\xcaa\x91C\x7f\xab\
n\x14\xfa\x1fJ\xb4Y\xd4dv\xefPI\xb3\xec\xe4\
J@N\xe4\xf1Y_\xdb\xf0\x80\xd0[\xa4\x97s\xa1\
\xc7\xee\xfa\x11\xeb\x9ab;='^\xbd\xb1`V_\
23\xfc\x0f\xc8\xae\x96?\x1a\xe9)\x187\xd3\xad\xb4\
\x98\xce\xc2s\x9f\xa69\xaf$0kZ\x8f\xfa\xc9\x05\
\x9c$\xfd\xd4\xe1\x8f\xf5\xad-3A\xb3\xb5`\xf2\xa3\
M'\x5c\xbf4X\x0e\xfeO\x17\xdd\xdf?\x97\xa0i\
SNO\xfc\xb5\x9b\xe5_\xc8\x7f\xf5\xa9?\xb1|A\
\xab\x1c\xea\xda\x97\xd9\xa1=a\xb7\xe3\xf0\xe3\xfcj-\
\x13U\x92\xcdU\x13\x06\x1e\x9b;\x0f\xa7\xa5vV\xb7\
1\xdc\xc4\x1e3\xf5\x1e\x94\x86a\xe9\xde\x0f\xd2l\x88\
s\x01\x9eN\xbb\xa59\xad\xf8\xa2\x8e%\xdb\x12*/\
\xa2\x8cS\xe8\xa4\x01E\x14P\x01H\xca\x18a\x80#\
\xd0\xd2\xd1@\x14\xe3\xb1\x8e\x09L\x96\xb9\x8f?y\x07\
\xdd?\x85\x5c\xa2\x8a\x00(\xa2\x8a\x00(\xa2\x8a\x00\xcb\
\xd4\xb5\x984\xf9\x969\x92C\x91\x9c\x81\xc5%\xae\xbd\
\xa7\xdc\x90\xa2q\x1b\x1e\x82A\xb7\xf5\xe9V\xb5\x1b\x18\
\xaf\xe01L>\x84u\x15\xc5j:<\xf6\x0eI\x05\
\xe3=\x08\xe9L\x0e\xfc\x10@ \x82\x0fqK^w\
g\x7fsd\xfb\xad\xe6uQ\xfc\x07\x95?\x85u\x9a\
V\xb9\x05\xe6#\x94y3z\x13\xc1\xfa\x1a\x00\xd8\xac\
\xfdv\xd4\xdeiW\x11/\xdf\xd8J\xfdkB\x8a@\
x\x92O<Ro\x89\xf66p\xca\xcb\xb9\x0f\xb1S\
\xc1\xae\x8b\xc3\xba\xbc+0\x8eFm6\xe4\x9e\x1a2\
Z\x09>\xaa~\xedE\xe3\x1d3\xec\x1a\x9c\xaf\x1a\xe2\
\x19O\x980:g\xaf\xebX1\x90\xf9\x18\xcdP\x8f\
W\x17\xf70(\xfb}\xb0\x92#\xd2h>`G\xb8\
\xa9\xe0]:\xfd7\xc4\x90J;\xfc\xa3#\xeb\x5c/\
\x86\xbcH\xda\x5c\x8bov\xcc\xf6'\x82O&?\xfe\
\xb5w3\xe9\xb6\xb7ag\x84\xf9r0\xca\xcb\x09\xc6\
}\xf8\xebHb\xb6\x8d\xa7\xb7[d\xfc2*\x16\xd0\
4\xe2s\xe4\x91\xf4cPM}\xa8id\x9b\xd8~\
\xd5l?\xe5\xacC\xe6\x03\xdcV\x96\x9f\xa8Z\xea\x11\
y\x96\xb2\xab\x8e\xe3\xb8\xfa\x8e\xd4\x01H\xf8sN=\
c\x7f\xfb\xec\xd4\xd0\xe8\xba|'+n\xa4\x8f\xef\x12\
kA\xd8 \xc95Ni\x99\xf8^\x05!\xa4?t\
0\x0d\xb0\xc6\x8b\xfe\xe8\xc5A$\x8c\xe7\x93L\x07\x8e\
\x94g\x14\x15a\x0d-\x1dy4\xbcP1>\xb4\x9d\
\xe9\xdd:\xd1\xde\x81\x07\x03\x93M^O\xd6\x9ci(\
\x18c\xb0\xa4#4\xa3\xd2\x8cP\x02c\x14R\xf3\x8a\
Lb\x90\x07\x14\x9fZ\x00\xe6\x97\xb50\x1b\xf5\xa7s\
H:f\x94\x1a\x00\x01\x00\xe7\x15$s2t<T\
\x5cc\xde\x97\x8cf\x80/\xc5p\xad\xc3pjj\xca\
\xfa\xf4\xa9\xe2\x9c\xa0\x19\xe4PKE\xfa)\xa8\xe1\xc6\
E:\x81\x05\x14Q@\x82\x8a(\xa0\x02\x8a(\xa0\x02\
\x8a(\xa0\x02\x8a(\xa0\x02\x8a(\xa0\x02\x8a(\xa0\x02\
\x8a(\xa0\x02\x8a(\xa0\x02\x8a(\xa0\x02\x8a(\xa0\x02\
\x8a(\xa0\x02\x8a(\xa0\x02\x8a(\xa0\x02\x8a(\xa0\x02\
\x8a(\xa0\x02\x8a(\xa0\x02\x8a(\xa0\x02\x8a(\xa0\x02\
\x8a(\xa0\x02\x8a(\xa0\x02\x8a(\xa0\x02\x8a(\xa0\x02\
\x8a(\xa0\x02\x8a(\xa0\x02\x8a(\xa0\x02\x8a(\xa0\x02\
\x8a(\xa0\x02\x8a(\xa0\x02\x8a(\xa0\x02\x8a(\xa0\x02\
\x8a(\xa0\x0eqtE\x97D\xf2\xca\xe2f\x1b\x815\
_\xc1v\xd2ZMw\x14\x80\x8e\x86\xa0\xbf\xf1\x8e\x06\
\xdb\x08\x00\x1d\x03\xc9\xfe\x15\xcf\xb6\xbf\xa8\xa4\xef,w\
\x05Ku\x0a\xa0\x0f\xe5L\x0fR\xa2\xbc\xb1\xb5\xddN\
@s{0\xef\x80q\xfc\xa8\x8b\x5c\xd4\xe2pE\xe4\
\xc4\xe7\x8c\xb6G\xeb@\x1e\xa7Eexv\xe2\xf2\xe6\
\xc4K|\x06\xe2~\x5c\x0c\x1c{\xd6\xad \x0a(\xa2\
\x80\x0a\xf3\xcf\x1c]\x87\xd6\xfc\xa0x\x85\x02\x9e{\x9e\
\x7f\xc2\xbd\x05\xd8\x2237@2k\xca.@\xb9\xbb\
\xb8\xbc\x9f,\xd3H\x5c'\xa0\xed\x9f\xc0S@K\xa4\
\xdc\xb5\xb4\xa2\xec ,\x99)\x9f\x5cU{\xbb\x89.\
\xa7i\xae\x1c\xbb\xb1\xceM$\xd3\x020\x0f8\xe9K\
e\xa7\xdcj\x13*D\x84\xe4\xf5\x02\x81\x10\xe5\xa4;\
c\x04\xe4\xf1\x8a\xea4]\x06+h>\xdf\xab\xe0D\
\x83+\x19\xef\xf5\xad\x9d\x1b\xc3\xd6\xdal~u\xce\xd7\
\x90\x0c\x92z-V;\xfcI\x7f\x8eWM\x81\xbf\xef\
\xe1\xa0d\xda]\xbc\x9a\xbd\xd8\xbf\xbb]\xb6\xc9\xc4\x11\
c\x8f\xadt\x95Z\xe6\xe6\xd7N\xb6\xdfq,pB\
\x83\x00\xb1\xc0\x02\xb9;\xbf\x17]jR\x1bo\x0c\xd9\
\xbc\xecN>\xd3\x22\xfc\x83\xdc\x0f\xf1\xa0\x0e\xba\xf2\xee\
\xde\xca#-\xdc\xf1\xc3\x18\xfe'`+\xcc\xbcs\xe2\
%\xd5R?\xecKI\xae\x1a6\xdafa\x84\xe7\xdb\
\xadt6^\x0dk\xb9\xc5\xd7\x88\xae\xe4\xbc\x9f\xa8L\
\xfc\xab\xfe}\xab\xa2\xb9\xd3-\x97K\x9a\xd6\xde\x14\x8d\
\x0a\x9e\x14c\x9a\x00\xf0\xd4\xd1\xaeo_\xcc\xd5\xeeK\
s\xc4I\xc0\x15\xa7g\x1d\xb6\x8dsmu\x04*#\
\x8d\xc0\x93\x8eJ\x1e\x0f\xf8\xfe\x15\xb1=\xb6\xc7`G\
\x22\xa9\xdc@\x1a6F\x1c0\xc51\x1d\x9e\xb1\xa0y\
\xb1y\xd6xl\x8d\xc3oF\x15\xcb\xb8h_k\x82\
\x1c\x1c`\x8a\xed|\x03xn\xfc;\x0cR6e\xb6\
&\x07\xcf^:~\x98\xab:\xde\x83o\xa8\x82\xe3\xe4\
\x9b\x1c0\x14\x86qv\x8e\x03u\xe0\x0a\xe8t\x9b\xc3\
\x0c\x99Rq\xdcz\xd6\x05\xd5\x85\xc6\x9d6\xc9\xd0\x81\
\xd9\x87CV\xed%\xe8I\xcd\x00w\xd0\xca\xb3F\x1d\
\x0eA\xa9+\x9f\xd2\xae\xc4D\x02r\x87\xado\x82\x08\
\x04t4\x80Z(\xa2\x80\x0a(\xa2\x80\x0a(\xa2\x80\
\x0a(\xa2\x80\x0a(\xa2\x80\x0ak\xa2\xba\x95p\x19O\
cN\xa2\x8005/\x0fG.^\xd4\x84o\xee\x9e\
\x86\xb9\x9b\xbb9\xadd+4l\xbe\xf8\xe3\xf3\xafE\
\xa6I\x1aH\xbbdP\xc3\xd0\x8a`s:\x0e\xbaA\
K{\xc6\xca\x1e\x12C\xd4{\x1a\xeak\x16\xf3\xc3\xd6\
\x93d\xc4\x0cLy\xe3\xa5]\xd3`\x9e\xda!\x0c\xae\
$U\xe1[\xbe(\x02\x87\x8bl\x05\xe6\x9a_\x19h\
\xb9\xfc;\xd7\x99K\x18G`;W\xb42\x86R\xac\
2\x0f\x04W\x9ax\x93K\xfb\x1d\xf4\x8b\xb7\xe4?2\
{\xaf\xff\x00Z\x84\x06\x169\xcflW{\xe0]H\
Ill%o\x9e>c\x07\xba\xfaW\x0aS\x1dz\
T\x9au\xd4\x96W\xd1\x5cF\xc4\x14 \xe3\xd6\x81\x1e\
\xc2FF\x0dbj\xba-\xb4\x8en-\x99\xad\xae\xc0\
\xf9d\x88\xe0\xfe5\xa5my\x1d\xcd\x9cW\x11\x90V\
E\xc8\xf6\xf6\xa8\x9c\x9794\x8aH\xe2.<K\xab\
\xe9\x97\x22-V\x08\xe5F\xe1$Q\x8c\xfdi\x13\xc6\
nX\x91n\x84\x03\x827sW<sl^\xd6\x19\
\x14\x03\xb5\xb0k\x85\xbaO+\xf7\xc8\x09#\xef\x01\xdc\
S\x19\xe86~)\xb3\x94\x81:\xb4G\xd7\xa8\xad\xc8\
g\x8au\xdd\x0c\x8a\xeb\xea\xa75\xe4q0t\xdc\xbd\
\x0fz\xb9gy=\xa4\x82Heh\xdb\xbe\xd3\xfc\xc5\
\x16\x0b\x9e\xa9\xf8Q\xf8W3\xa3\xf8\x9d%+\x0e\xa1\
\x84rp%\x1ft\xfd}+\xa6R1\x9c\x82;R\
\x18\xa4r\x0d!\xeb\xebA4{\x0a\x06)\xe9I\xde\
\x97\x14\x82\x80\x13\xa5\x14\x11\xcfZZ@'~(\xe9\
@\xe4\xd2\xe3\x06\x98\x09A\x1cR\xd2t4\x00\x83\x8e\
\x94\x1cR\xd1\xf8P\x001\x8aLr\x06(\xc5\x0d\xfa\
\xd0\x00\x0f\x5c\xfeTg\x8e)z\x9ai\xc60(\x02\
X\xe5)\xc85z)\x04\x83\x8e\xb5\x98zt\xa9#\
r\xa7\x8e\xb4\x09\xa3N\x8a\x8e\x19\x04\x8b\xefRPH\
QE\x14\x08(\xa2\x8a\x00(\xa2\x8a\x00(\xa2\x8a\x00\
(\xa2\x8a\x00(\xa2\x8a\x00(\xa2\x8a\x00(\xa2\x8a\x00\
(\xa2\x8a\x00(\xa2\x8a\x00(\xa2\x8a\x00(\xa2\x8a\x00\
(\xa2\x8a\x00(\xa2\x8a\x00(\xa2\x8a\x00(\xa2\x8a\x00\
(\xa2\x8a\x00(\xa2\x8a\x00(\xa2\x8a\x00(\xa2\x8a\x00\
(\xa2\x8a\x00(\xa2\x8a\x00(\xa2\x8a\x00(\xa2\x8a\x00\
(\xa2\x8a\x00(\xa2\x8a\x00(\xa2\x8a\x00(\xa2\x8a\x00\
(\xa2\x8a\x00(\xa2\x8a\x00(\xa2\x8a\x00\xf1\xe2B\xe4\
u=\xaa<\xb3aT}\xe1]\xd4\x1e\x0f\x88\x11\xe7\
\x5c\xb3\x01\xd9W\x15\xabi\xe1\xfd:\xd4\x0d\x96\xe1\xc8\
\xee\xfc\xd3\x03\x82\xd3\xf4\x9b\xbb\xb6\x02\x18\x99\x81\xee\x06\
\x07\xe7]\x0f\xf6E\x96\x8bl.\xf5F\x128\xfb\xb1\
/s]y\xd9\x0cG\x00*(\xe8\x05y\xb7\x8b\xaf\
\xda\xee\xfc\xe5\xf3\x1c|\x05\xcf\xe7@\x1bz\x7f\x8b\x1a\
{\xe8\xa20G\x1d\xbb`q\xd4Wc^C\xa5\x8d\
\xda\x8d\xa8P0fU\xfdEz\xf5\x00\x14\x94\xb5\xcb\
x\x93[\xc16\x96\x8d\x96\xe8\xec\xbf\xc8R\x01\xbe&\
\xd7\xd1\x15\xed-\x08fo\x95\xd8\x7f*\xe2\xa6\x92L\
\x0d\x83\xa8\xebZR\xd8\xc9\x04>u\xdb\x08\x94\xf2\xa0\
\xfd\xe6\xfc+6G\x12K\x140\xa1\xfd\xe4\x80\x0f|\
\xd3\x03s\xc3\xde\x1b\x96\xf9\x16\xe2v\x09\x09\xfc\xcdw\
v6PYD\x12\xdd\x02\x8e\xe7\xb9\xa7Y\xdb\xa5\xad\
\xb4qF8U\x03\xf4\xac\x1f\x19\xf8\x8a=\x1a\xc4\xa4\
?\xbc\xbd\x97\xe5\x8e5\xeb\xcd\x00E\xe2\x0b\xf6\xbe\xb9\
:u\xac\x8a\x90\xaf\xcdq18\x0a\xbe\x99\xac\xf9\xbc\
N\xb0\xa2\xe9\x9e\x14\xb4k\xb9Tm\xf3H;\x01\xf5\
\xf7\xac\xfd\x0b\xc1\xfa\x86\xa2<\xfdvf\x8a';\xcc\
\x0ay?_\xfe\xbdw\xfav\x9dk\xa7B\x22\xb3\x85\
cP1\xc0\xe4\xfdM\x00rv\x1e\x10\x9fP\x99/\
<Or\xd73\x8eD@\xfc\xab\xfd\x07\xe1]\x85\xa5\
\xac\x16\x90\x88\xad\xa2H\x90vQ\x8a\x9e\x8a@\x14\x86\
\x96\x8a\x00\xe0\xb5\xcb\x7f&\xfaU\xe3\x92qXS\xa9\
\xdc:\x11\x9a\xee\xbcMk\xbbd\xc1s\xc6\x09\xaeJ\
\xe2,\x023\xd2\x98\x16<\x03s\xf6}~\xe2\xdc\x9c\
%\xd4[\xd4\x7f\xb4\xbf\xfdb\x7f*\xf4Z\xf23)\
\xb1\xd4\xac\xafW\x81\x0c\xcaI\xff\x00d\xf0\x7fC^\
\xb7C\x02;\x8bx\xae#)2+\xa9\xecEs\x1a\
\x97\x87\xe4\x84\x99lIe\xcevw\x15\xd6QH\x0e\
\x16\xdaf\x89\xca8*\xc3\xa8\x22\xbaM&\xf40\x11\
9\xfa\x1a\xb7ya\x05\xd0\xf9\xd0\x06\xec\xc3\xadc\xcd\
a=\x9bnL\xbau\xc8\xea)\x81\xd1\xd1Ut\xfb\
\x8f\xb4[\x86o\xbc85j\x90\x05\x14Q@\x05\x14\
Q@\x05\x14Q@\x05\x14Q@\x05\x14Q@\x05\x14\
Q@\x05\x14Q@\x05d\xf8\x8fO\xfbu\x891\xa8\
3\xc7\xf3'\xbf\xa8\xadj(\x03\xc9.\xa1\xee\xaa@\
c\xd0\xf6>\x95Q\xe3\x0a\x0bs\x9a\xed\xbcQ\xa6\x08\
dk\x88\xd7\x10\xc9\xcb\x7f\xb2\xde\xbfC\x5ce\xd0%\
\x8a\xb0\xe4\x1e@\xaa\x03\xa5\xf0M\xf3mkG9\x1c\
\xb2\xfd{\xd7[^a\xa5\xdc5\xa5\xe4r+\x1c\xa9\
\xc8\x15\xe9\x90\xca\xb3D\x92!\xca\xb0\xc8\xc5K)\x14\
u\xd8D\xdat\xa0\x8c\xe0f\xbc\xea@\x06r?:\
\xf5+\x85\xdf\x0c\x8b\x8e\xa2\xbc\xe6\xf6\xdf\xcb\xb9\x90\x10\
z\xe2\x9a\x06b\xc4\x86\xde\xe1\xa3b6>Y=\x8f\
qR8o\x9b\xbdl\xc1\xa5\xbd\xfclbPd\x8b\
\xe6\xdaz\x91T\xe5\x80\xc6\xc5[\xe59\xe4\x11LE\
\x15bx\xc7\xb5oh:\xf4\xdaq\x11\xcd\x99m\x7f\
\xbaz\xa7\xd3\xfc+\x19\xe3\xe3\x8e\xa0\x1af\xec\xae\x18\
\x0c\xd0\x07\xac\xda\xcd\x15\xd4\x094\x0e\x1d\x18pEI\
\xce8\xaf8\xd0u\x894\xa9\x87,\xf6\xef\xf7\xd3\xd3\
\xdcW\xa2[\xcd\x1d\xcc\x09,,\x1a6\x19\x04T\xb4\
Rc\xfb{\xd1\x8e)H\xe2\x8cb\x80\x1az\xf1J\
s\x8eM)\xc5&?*@!\xe0qE/\xe1@\
\x1c\xf3@\x09\x8a3\x8fz^\xb9\xa4\xdb\xc5\x00\x03\xa5\
\x04\xd0A\xcf\x14`\xf7\xa0bg'\xa5!\xeaqK\
\xdf\xda\x90\xe2\x80\x01\x93@\xeb\xcd\x19\xc0\xe0P\x074\
\x00\x1aQ\xcf4\x84\x0e\x82\x83\xc5\x00I\x1b\x94l\x83\
Z\x11\xb8u\xc8\xac\xcfz\x9e\x09\x0a0\xf4=i\x89\
\xa2\xf5\x14\x80\xe4dR\xd0@QE\x14\x00QE\x14\
\x00QE\x14\x00QE\x14\x00QE\x14\x00QE\x14\
\x00QE\x14\x00QE\x14\x00QE\x14\x00QE\x14\
\x00QE\x14\x00QE\x14\x00QE\x14\x00QE\x14\
\x00QE\x14\x00QE\x14\x00QE\x14\x00QE\x14\
\x00QE\x14\x00QE\x14\x00QE\x14\x00QE\x14\
\x00QE\x14\x00QE\x14\x00QE\x14\x00QE\x14\
\x00QE\x14\x00QE\x14\x00QE\x14\x00QE\x14\
\x00QE\x14\x01\x91\xe2;\xcf\xb2\xd96\x0f&\xbc\xce\
\xea`\xce\xe4\xf2k\xa6\xf1\x9d\xd9\x92\xe4\xc4\x0f\x00\xe6\
\xb9\x09\x18\xee\xc0\x1c\x9fZ`l\xf8Z\xdc\xddk\xd6\
\xc8\xa3\xe5F\x127\xe1\xcf\xf3\xafS\xae#\xe1\xc5\x99\
\xc5\xcd\xe3\x81\x8e#O\xe6\x7f\xa5v\xf4\x01\x1c\xd1\xf9\
\xb12n+\xb8c#\xade\xe9\xfa\x0d\xa5\x94\x8d+\
fY\x09\xc8/\xda\xb6+?\x5c\xbb[=:W'\
\x0c\xc3j\xfb\x93H\x0f=\xf1-\xdb\xdd\xea\xd20-\
\xb1N\x07\xa6)\x9e\x14\x80]x\xa2\xd8I\xfe\xae\xdd\
\x0c\xcd\xc7\x04\x8e\x07\xeaj\x85\xe4\xe1\x5c\x9271\xe4\
\x0a\xe9>\x18\xd9\x19b\xbc\xd4\xa7\xce]\xfc\xb4\x07\xb2\
\x8e\xbf\xad0:\xfd^\xf5m,d\x99\xdbb(\xea\
\x7f\x95`xWK\xfbm\xe3\xebW\xe9\xbaF8\x81\
[\x9d\xa3\xd6\x99z_\xc4\xba\xe0\xb3\x8f#N\xb69\
\x91\x87\xf1\x1fJ\xeccE\x8d\x15\x10\x05U\x18\x00v\
\x14\x00\xea(\xa2\x90\x05\x14Q@\x05\x14Q@\x15\xef\
\xa1\x13\xdb:\x1e\xb8\xe2\xb8\xbb\xb8\xb6\xb3\x0cs\xd2\xbb\
\xca\xe6u\xdb\x7f*r\xca\xbc?\xe5L\x0e;T\x87\
}\xbc\x88\x00\xe5{\xfa\xd7\xa1xV\xe9\xaf|=a\
;\x9c\xb9\x88\x07?\xed\x0e\x0f\xea+\x8e\xb9\x87 \x82\
3\x9e\xd5\xb3\xf0\xe6rt\xdb\xbb6\xebm;\x01\xfe\
\xebr?\x5c\xd0\x07[E\x14R\x00\xa4'\xd6\x96\x90\
\x80F\x0d\x005cE$\xaa\x80O\x5cS\xe9\x00\xc7\
JZ\x00(\xa2\x8a\x00(\xa2\x8a\x00(\xa2\x8a\x00(\
\xa2\x8a\x00(\xa2\x8a\x00(\xa2\x8a\x00(\xa2\x8a\x00(\
\xa2\x91\x8e\x06h\x02\xbd\xf2$\xf0\xb42\xa8dq\x82\
\x0dy\xc6\xb7\xa7\xb5\x9d\xc3#\xf3\xdd[\xfb\xcb\xfe\x22\
\xbd\x15\x89$\x9a\xcf\xd5\xec\x13P\xb5h\x98\xedq\xca\
8\xea\xa6\x82\xacy\x99P\x1b\xde\xbb\x8f\x08]\xac\xd6\
\x06\x1c\xfc\xf1\x9c\xe3\xd8\xd7){i%\xbc\x8c\x92\xa6\
\x1dxa\xfd~\x95k\xc3\x97_c\xd4c'\x85s\
\xb5\xbf\x1aoQ#\xd0\x05q\xbe!\x80%\xe18\xe0\
\x9a\xec\x85`\xf8\xa2\x1c\xc4\xb2\x81\xf5\xa4\x86\xcc\x8d\x02\
S\x0e\xa3\x16:1\xd8G\xd6\xba]GJ\xb6\xbd\x19\
t\x0b'g\x1dk\x95\xd38\xbc\x84\xf7\xde\x0f\xeb]\
\xd5\x0c\x11\xc0\xea\x9a<\xf6D\x92\x9b\xa3'\xef\x0e\x95\
\x8a\xd0\x02\x0ex5\xea\xee\x8a\xeaU\x80*{\x1a\xc1\
\xd5<=\x1c\xa1\x9e\xd7\x08\xddv\xf64\xee\x0d\x1c\x0b\
E\xb7\xa7OJ\xd6\xf0\xde\xb6\xfal\xc692\xd6\xac\
~e\xcf\xdd>\xa2\x9bwe-\xbb\x94\x99\x08#\xd6\
\xb3\xa4\x88\xa1\xe0`\x9ab=^)\x12h\x96H\x98\
20\xc8#\xb8\xa7\x1e\x06k\x86\xf0\xae\xb6m\x1cZ\
\xdc\xb1\xf2\x18\xe0\x13\xfc\x07\xfc+\xba\xe0\x8c\x8ejl\
4\xc4\xedHi\xc4Q\xda\x90\xc4\x22\x83\xc5-!\x14\
\xc0CF}i\xd4\x84\x11@\x0d\xcd4\x9c\x9e\x94\xf3\
\xc7z1H\x06\x91@\x00v\xa7}i?\x0a\x00L\
\x0e\xe7\x9aB\x07\x5c\xd1\x8ezRw\xa0a\x81\xd74\
\xa3\x06\x97\x81M\xfaP\x02\x9c\x81J\xa7<R\xe0w\
\xa6\xf3\x9a\x00\xb9k'\xf0\x93\xf4\xab5\x9b\x1ba\x81\
\xad\x04m\xca\x08\xa6KC\xa8\xa2\x8a\x09\x0a(\xa2\x80\
\x0a(\xa2\x80\x0a(\xa2\x80\x0a(\xa2\x80\x0a(\xa2\x80\
\x0a(\xa2\x80\x0a(\xa2\x80\x0a(\xa2\x80\x0a(\xa2\x80\
\x0a(\xa2\x80\x0a(\xa2\x80\x0a(\xa2\x80\x0a(\xa2\x80\
\x0a(\xa2\x80\x0a(\xa2\x80\x0a(\xa2\x80\x0a(\xa2\x80\
\x0a(\xa2\x80\x0a(\xa2\x80\x0a(\xa2\x80\x0a(\xa2\x80\
\x0a(\xa2\x80\x0a(\xa2\x80\x0a(\xa2\x80\x0a(\xa2\x80\
\x0a(\xa2\x80\x0a(\xa2\x80\x0a(\xa2\x80\x0a(\xa2\x80\
\x0ad\x87\x11\xb1\xf6\xa7\xd5mE\xfc\xbb9[\xd1I\
\xfd(\x03\xccu\xa9\x8c\xfa\x8c\xcf\xd4\x16\x22\xb2]I\
l\x05\xe4\xe3\x1fZ\xbbp\xdb\x9c\x9c\xf5&\xb6<\x1d\
\xa7-\xee\xa8\xaf*n\x8a\x1f\x9c\xe7\xa1=\xa9\x88\xed\
\xfc?b4\xed\x22\xde\xdf\x1f8]\xcf\xfe\xf1\xe4\xd6\
\x8d\x14R\x18W\x07\xe3\x8dHK~\xb6q\x1c\xf9+\
\x96\xff\x00x\xff\x00\xf5\xbf\x9dv\x97\xd7\x0bkk,\
\xcep\xb1\xa9b}\x00\xaf!\x135\xd4\xb3]\xc9\x9d\
\xd7\x0e\x5c\xff\x00Jh\x0a\xb7{\xd2\x22\xe7\x99O\x03\
\x9e\xf5\xdc^N\xda\x1f\x85\xect\xbb^o\xa7@8\
\xea\x09\xea\x7fZ\xe5\xf4\xb8\x92}^\x0f;\x8bxA\
\x9aL\x9e\xb8\xed]\x7f\x85\xad\x9bV\xd4\xa6\xd6\xee\xd4\
\xed\xc9H\x14\xf6\x1e\xb4\xc0\xd4\xf0\xfcv:M\x8a[\
\x1b\x98>\xd0@iIq\x92\xd5\xb8\xac\x19AR\x08\
=\xc1\xae\x17\xc4\x1aK\xd9\xca\xd2\xa7\xcd\x03\x1c\xe7\xd2\
\xb3\xecu\x0b\x8b)\x03[L\xca3\xca\x93\x95?\x85\
 =.\x8a\xc6\xd1u\xc8\xaf\xf1\x1c\xa0Eq\xfd\xdc\
\xf0\xdfJ\xd9\xa4\x01E\x14P\x01E\x14P\x01Tu\
h<\xebR@\xf9\x97\x9a\xbdHFA\x07\xa5\x00p\
\xf7\x10\x92\xc4\xfe\x94\xbe\x09&\x1f\x10\xea0\xff\x00\x0c\
\xb1,\xbf\x888\xfe\xb5\xa5\xa8[\x18\xae\x18s\x8c\xe4\
}*\x86\x94\xbfg\xf1E\xab\x01\x81,o\x19\xfe\x7f\
\xd2\x98\x1d\xad\x14QH\x02\x8a(\xa0\x02\x8a(\xa0\x02\
\x8a(\xa0\x02\x8a(\xa0\x02\x8a(\xa0\x02\x8a(\xa0\x02\
\x8a(\xa0\x02\x8a(\xa0\x02\x8a(\xa0\x02\xa1\x9c\xe7\x81\
R\x9e\x05U\x90\xe4\xe6\x81\xa13Hi)h(\xca\
\xd6\xf4\xc5\xbe\x8bz\x00'Q\xc1\xf5\xf6\xae1\xedL\
Sm|\xa9\x07#5\xe9\x03\xaf5\x91\xadib\xed\
\x0c\x91\x00$\x1d}\xe9\xa14\x5c\xd2\xe6\xfbE\x842\
u%p~\xa2\xa3\xd5\xed\xcd\xc5\x84\xaa\xbfx\x0c\x8a\
\xce\xf0\xc9\x9a\x19&\xb6\x95X(\xf9\xd75\xd0\x1ei\
\x01\xc1Y#\x0b\xd8\x94\x8c\x10\xe3?\x9dw`W?\
yja\xd6!e\x1f+0\xae\x86\x80BQK\x8e\
h\x1d(\x19^\xf2\xce\x1b\xb8\xcaJ\xa0\xfb\xd7'\xaa\
\xe82\xdb\x86hG\x99\x1f_q]\xafjB\x06=\
h\x11\xe4w1H\x8ex WW\xe1={\xe5[\
+\xd6\xc1\xe9\x1b\x9f\xe4kgV\xd0\xe1\xbcVh\x80\
I{z\x1a\xe1/\xace\xb4\xb8dt!\x94\xd3\xdc\
[\x1e\xa5\xda\x83\xedX\x1e\x18\xd5\xcd\xdc\x22\xda\xe4\xe2\
\xe1\x07\x04\xff\x00\x10\xff\x00\x1a\xdf=)\x14&;\xd1\
\xd6\x94\xd2P\x00h4\x1a\x0f\xb5\x00&(\xefJ\x00\
\xa0\xe0P\x02\x1aN\xf9&\x94\xd1\xc1\x14\x80N\xfc\xd2\
\x11\xcfJP)\x09\xe6\x80\x10\x8c\x1aN\xfcqJN\
hQ@\xc4\xe9\xc1\xa0R\xe3<\xd1\x8c}(\x01;\
\xf1V\xac\xe4'\xe55X\x8ei\xd1\xb1R\x0f\xa5\x02\
f\x95\x14\x8ar\x01\xa5\xa6@QE\x14\x00QE\x14\
\x00QE\x14\x00QE\x14\x00QE\x14\x00QE\x14\
\x00QE\x14\x00QE\x14\x00QE\x14\x00QE\x14\
\x00QE\x14\x00QE\x14\x00QE\x14\x00QE\x14\
\x00QE\x14\x00QE\x14\x00QE\x14\x00QE\x14\
\x00QE\x14\x00QE\x14\x00QE\x14\x00QE\x14\
\x00QE\x14\x00QE\x14\x00QE\x14\x00QE\x14\
\x00QE\x14\x00QE\x14\x00QE\x14\x01\x1c\x12\xac\
\xd1+\xa1\xc8#5\x9f\xe29<\xad&v\xf5\x18\x15\
\x8f\xe1mGk}\x9eS\xd7\x80MZ\xf1\xb4\x854\
\xb5\x03\xf8\x9c\x0a`pC\xe6lw\xe9^\x93\xe1\xad\
8i\xdaj\xab\x01\xe6\xc9\xf3?\xf8W5\xe0\xfd-\
nn\xfe\xd3\x22\xfe\xee\x13\x91\x9e\xed]\xdd\x0c\x02\x8a\
):R\x03\x8d\xf8\x95\xa8\x184\xd8lclIt\
\xf8o\xf7Eq\x80*.3\x85Nq\xedQx\xc3\
V\xfe\xd0\xf1M\xd4\x81\x81\x86\xd8yq\xfa}\x7f\x9d\
R\x97P\x89\xad\xb0\xed\xf3\xbf\xc9\xc7\xf3\xaa\x11\xb3\xa2\
[I\xa8\x5c-\xad\xb8\xc3\x5c6do\xee\xa0\xafY\
\xb4\xb7\x8e\xd6\xda8!\x18\x8e5\x0a\x05s?\x0f\xb4\
\x8f\xb1i\xdfk\x94\x0f:q\xf2\x9e\xe1k\xac\xa4\xc6\
Es\x02\x5cB\xd1H2\xac0k\x81\xd6\xb4\xa94\
\xf9\x8e\x011\x13\xc3W\xa1\xd47V\xf1\xdc\xc4c\x95\
AS@\x1eg\x1b\x10r>\x5c\x1c\x82;\x1a\xef4\
\x0dL_[\xec\x94\x8f\xb4 \xf9\xbf\xda\x1e\xb5\xcc\xeb\
Z,\x96.d\x8f-\x17P}+:\xca\xe2[k\
\x94\x9a6\xc3\xa9\xe3\xfc(\x03\xd3h\xaa\xf67)y\
k\x1c\xd1\xf4a\xd3\xd0\xd5\x8a@\x14QE\x00\x14Q\
E\x00S\xd4`\xf3\xa1\xdc\x07\xcc\xb5\x85\x1c8\xd4\xed\
$\xc7)'\xf3\xe2\xba\x8e\xb5\x8f-\xb9\x8fQC\xfc\
$\xe4~t\x01\xb3E\x14P\x01E\x14P\x01E\x14\
P\x01E\x14P\x01E\x14P\x01E\x14P\x01E\x14\
P\x01E\x14P\x01E\x14P\x01E\x14P\x03$?\
-@\xd5,\xc7\x90*\x16\xa0\xa4'j)qF(\
\x01\xb4\xa2\x8cR\xd0\x02m\x00\xe7\x034b\x97\x14\xb8\
\xf4\xa0\x08\x9e$r\xa5\x97%y\x14\xee\xf4\xea(\x01\
\x00\xa3m(\x14\x01\xeb@\x09\x8e(\xc7\x14\xee\xd4\x98\
\xa0\x04\xc7\x15N\xfe\xc2\x0b\xe8\x8aL\xbc\xf6a\xd4U\
\xecqHG\x14\x01\xc1j\x1ae\xc6\x97p%\x8c\x92\
\xaar\xae\xb5\xd6\xe9\x17\xcb}h\xaf\xfcc\x86\x15r\
h\x92X\x8aH\xa1\x94\xf65\x82\x96siW\xc2[\
u/n\xe7\x0c\xbe\x94\xc3c\xa0\xc5!\xe9K\xd8R\
\xe3\x8aC\x19\x8a\x0d8\xd2\x1a\x00oN\xd4w\xa5>\
\xf4b\x90\x08h\xc5)\xc6)\x0d\x00\x18\xa6\x91\xcd;\
\x07\xb5\x1d\x0d\x004\x8ei\xb8\xa9\x08\xa6\x81\xcd\x00 \
\x18\xce(\xe7\xbd8\xd3q\xe9@\x09\x83\x92OJU\
\x19\x14\xa7\x18\x19\xa1q\xeb@\x17m\xdb1\xe3\xd2\xa5\
\xaa\xd6\xa7\x0cEY\xa6K\x0a(\xa2\x81\x05\x14Q@\
\x05\x14Q@\x05\x14Q@\x05\x14Q@\x05\x14Q@\
\x05\x14Q@\x05\x14Q@\x05\x14Q@\x05\x14Q@\
\x05\x14Q@\x05\x14Q@\x05\x14Q@\x05\x14Q@\
\x05\x14Q@\x05\x14Q@\x05\x14Q@\x05\x14Q@\
\x05\x14Q@\x05\x14Q@\x05\x14Q@\x05\x14Q@\
\x05\x14Q@\x05\x14Q@\x05\x14Q@\x05\x14Q@\
\x05\x14Q@\x05\x14Q@\x05\x14Q@\x1ep\x99\x81\
\xc3/\xdeS\xc5t\x17\xf1\xcb\xadiV\xeb\x0e\xd2\xe1\
\xb0\xf9\xed\xc5e\x98s\xc6+W\xc3\xecm\xe7T\xe7\
k\xf1\xf8\xf6\xa6\x06\xee\x9di\x1d\x8d\x9cpD8Q\
\xc9\xf5=\xcdY\xa2\x8a@\x15\x8b\xe3\x0dLi^\x1f\
\xbb\xb8\xc8\x12m\xd8\x9fS\xc5mW\x99\xfcI\xbd\xfb\
~\xafk\xa6F\x7fw\x07\xefe\xf4\xcfaM\x01\xc1\
L\x9eD\x08\x1f>c\x8d\xc7=\xc9\xaa\xbad\x12j\
\x1a\xb4P\x8c\xf9Q\x9c\xb6\xde\xd5\xa3\xe2VX\xe3\x0e\
\xc7\x18\x07\x1cU\xff\x00\x05i\xed\x16\x96\xb3\xb2\xfe\xfa\
v\xcf\xbe*\x84vZ^\xb9=\x81H\xf7\x16\x85~\
P\x84\xf1\x8foJ\xed\xb4\xedB\x0b\xf8D\x907=\
\xd4\xf5\x15\xe6N\xa4pF\x08>\x9c\xd5\x8b9\xe5\xb2\
\x90<,\xd9\x07?Z\x91\x9e\xa1Edhz\xc4z\
\x82\x08\xdc\x85\x9c\x0eG\xadk\xd2\x01\x92\xc6\xb2\xa1I\
\x142\x9e\x085\xc8k\xba\x03@Zk0Lg\x92\
\xbd\xd6\xbb*B\x01\x18=(\x03\x96\xf0\x9d\xc9\x8d\xde\
\xd9\xf3\x83\xc8\xcf\xaduU\x9et\xb8\x05\xd2\xcf\x18\xd8\
\xc3\xd2\xb4(\x00\xa2\x8a(\x00\xa2\x8a(\x00\xa8\xde5\
vRG+\xd0\xd4\x94P\x01E\x14P\x01E\x15\x1c\
\x92\xc7\x18\xcc\x8e\xaa=\xcd\x00IEU\x17\xf6\x84\xe0\
\x5cFO\xfb\xd5\x22\xdc\xc2\xdfvT?C@\x13Q\
M\x0e\xa7\xa1\x06\x9d@\x05\x14Q@\x05\x14Q@\x05\
\x14Q@\x05\x14Q@\x05\x14Q@\x05\x14Q@\x10\
I\xd4\xd3\x08\xa7\xb7Zk\x0a\x0a\x01Gz\x07ZP\
(\x01\xb8\xe6\x97\x14\xbcP(\x01\xa0S\xb1K\x8a(\
\x01\xa2\x828\xa5\xa5\xc7\x14\x00\xda\x0d-\x03\x9a\x00n\
\x0d/oz\x5cRc\x8a\x00;R\x01N\x03\x8aC\
@\x08G\x14\x84S\xbbPzP\x031JiH\xa0\
\x8e(\x01\xb4\x1a\x0d\x14\x00\xd3F)M)\xa41\xb8\
\xa4#\x9au\x04S\x01\xa2\x83KHz\xf1H\x00R\
\x1e\xb4\xb8=h\xa0\x06\xe4\x93G\xd6\x97\xbd\x04v\xa0\
\x04\x22\x9a8=1N\xe81GQ\x93@\x12\xc0~\
qW*\x8apj\xe8\xe9LLZ(\xa2\x82B\x8a\
(\xa0\x02\x8a(\xa0\x02\x8a(\xa0\x02\x8a(\xa0\x02\x8a\
(\xa0\x02\x8a(\xa0\x02\x8a(\xa0\x02\x8a(\xa0\x02\x8a\
(\xa0\x02\x8a(\xa0\x02\x8a(\xa0\x02\x8a(\xa0\x02\x8a\
(\xa0\x02\x8a(\xa0\x02\x8a(\xa0\x02\x8a(\xa0\x02\x8a\
(\xa0\x02\x8a(\xa0\x02\x8a(\xa0\x02\x8a(\xa0\x02\x8a\
(\xa0\x02\x8a(\xa0\x02\x8a(\xa0\x02\x8a(\xa0\x02\x8a\
(\xa0\x02\x8a(\xa0\x02\x8a(\xa0\x02\x8a(\xa0\x0e{\
U\xb3\x10\xdc\x07A\xf2\xb5A\x02\xb22\xb0\xea0k\
\xa4\x9e%\x9a2\xac3X\x8c\x85\x1fcq\x8e(\x03\
u\x1br+z\x8c\xd3\xaa\xbd\x89\xcd\xb2g\xa8\xe2\xac\
P\x05mF\xe5l\xec\xa6\xb8s\x85E&\xbcv\xdd\
\xda\xf2\xe2{\xe9\x892\x5c9a\xec\xbd\x85v_\x12\
o\xc9\x8a\x1d2&;\xa69|v^\xf5\xca\x22\x8d\
\xaa\x13\x01Tv\xa6\x06&\xbdl\xd7\xb7vV\x889\
i2\xd8\xec;\xd7_`\x04\x0d\x08Q\x85B0>\
\x94\xcf\x08i\x9fm][P\x913\xe5\x8f.#\xef\
\xd4\xfe\x95,jA`;u\xa6#\xa5\xd7\xf4/0\
\x9b\x9b1\xc9\xe5\x90\x7fJ\xe5YY\x1b\x0e\x08#\x83\
^\x9d\x03\x8f\xb3\xc4X\x8eTu\xfaV^\xb3\xa2\xc5\
|\xa5\xe2\xc2M\xea:\x1aC8dv\x8d\xf7\xc4\xc4\
\x11\xd0\x8e\xd5\xd7\xe8z\xfa\xcf\xb6\x0b\xc2\x16^\x81\xfb\
7\xd6\xb9\x1b\xfb9\xad&d\x9dH\xc1\xf4\xa8\xd5\xfa\
c\x9a\x00\xf5Z+\x03\xc2\xda\xa1\xbb\x80\xdb\xce\xd9\x9a\
1\xc1'\xef-o\xd2\x00\xa2\x8a(\x00\xa2\x8a(\x00\
\xa2\x8a(\x00\xa2\x8a(\x00\xa8n\xeea\xb4\x81\xa6\xb8\
p\x91\xafRing\x8e\xde\x17\x96V\x0a\x8a2M\
y\xbf\x88u\x895K\x92\x01\x22\x04?*\xff\x00Z\
`]\xd5\xfcaq32i\xe8b\x8c\x127\x91\xc9\
\xac&\xbb\xba\xb9;\xa6\x95\xdf\xaf\x19\xa8\xe1\x82Y\xa4\
\x09\x0co#\xb7EPI\xae\x93J\xf0\xa5\xdc\xaa\x0d\
\xd1[t\xcepyj\x00\xc1R\xdf\xc2jh\xfc\xdd\
\xdf)}\xd8\xed]\xd5\x9f\x86\xec-\xf9ti\x9b\xd5\
\xcf\x1f\x95jCio\x0f\xfa\xa8c_\xa2\xd0\x07\x01\
n\x9a\x91\xc0\x80\x5c\x1c\x8e\xd9\xad{?\xed\xc4 \xfc\
\xe4z8\xae\xb8q\xd2\x96\x80)i\xf2]\xba\x7f\xa5\
\xc6\xaa\xde\xd5v\x8a)\x00QE\x14\x00QE\x14\x00\
QE\x14\x00QE\x14\x00R\x1e\x86\x96\x90\xf44\x0c\
\x84\xd2\x11\xc58\xd2\x11@\xc0QJ\x05\x18\xe6\x80\x1b\
\xfcT\xb4c\x9a\x5cs@\x05%8\x0a1@\x0d\xc5\
\x1d\xe9\xc4sHi\x00\x98\xe6\x8e\xd4\xa0sJ\x050\
\x1a(\xc7\x14\xe1I@\x09HG\x14\xee\xd4\x98\xa0\x04\
\xa3\xb5/j\x08\xc8\xa0\x06\xd0zR\xe3\x02\x8a\x00i\
\x1cR7AN#\x8a\x08\xa0\x06\xe2\x82)H\xa54\
\x00\xc29\x14\x1aq\x14\x84~t\x00\xda1K\xf5\xa4\
\x22\x81\x89Hz\xd3\xe91\xcd \x1bI\x8ei\xd8\xe6\
\x8f\xa5\x00!\x18\xa4\x04f\x96\x97\x03\x14\xc0U\xabk\
\xf7ET\x15n?\xb8\xbfJ\x04\xc7QE\x14\x12\x14\
QE\x00\x14QE\x00\x14QE\x00\x14QE\x00\x14\
QE\x00\x14QE\x00\x14QE\x00\x14QE\x00\x14\
QE\x00\x14QE\x00\x14QE\x00\x14QE\x00\x14\
QE\x00\x14QE\x00\x14QE\x00\x14QE\x00\x14\
QE\x00\x14QE\x00\x14QE\x00\x14QE\x00\x14\
QE\x00\x14QE\x00\x14QE\x00\x14QE\x00\x14\
QE\x00\x14QE\x00\x14QE\x00\x14QE\x00\x15\
R\xf6\x0d\xeaYG\xcdV\xe8\xa0\x0a\x9ax\x22&\x07\
\xd6\xad\x13\x80I\xed@\x00t\xaeS\xc4\xbe T\xb6\
\x9a\xde\xd8\x10\xc4\x95/\x9e\x9fJ\x00\xe2u\x8b\x93\x7f\
\xaf^]3p\x1b\xcbA\xec:\xd2H\xdeU\xb4\x98\
\xeb\x8e?\x11T\x91v\xb0\xc6?\xc6\xb4t\xf8~\xd9\
\x7fgk\xb7>d\xaa\x0f\xd0rj\x84z'\x84\xb4\
\xe1c\xe1\xdbh\x1dp\xce\xbb\xdc\x1fV\xe6\xb0\xf5\x9b\
D\xb3\xbap\x83\x01\xc6+\xb6\x1c\x0c\x0a\xe7<U\x03\
\xca\xd1\x8bt2J\x7f\x84R\x19\x17\x89D\x87@\xb5\
\x9d\x1d\x97b\xae\xec\x1e\xc4T>\x12\xf1\x08\x98\x8b;\
\xa92\xe3\x84s\xde\xb4\xef\xa0y<(\xf1\xc8?x\
 \x04\x8ct W\x97\xc5!\x86\xe1$\x8c\x1d\xeb\xd2\
\x80=\x8a\xfa\xc6\x0b\xe8\xcaN\x80\xfa\x1e\xe2\xb8\xed_\
\xc3\xb3Z\x13$\x03\xcc\x8b\xd8r+\xa0\xf0\xc6\xac\xba\
\x95\x98\x0cG\x9c\x83\x9fz\xd2\xbd\xba[X\xb7\xb4r\
I\xec\x83&\x80<\xde\xd6im.\x16X\xd8\xab\xa9\
\xc8\xafE\xd2\xefR\xfe\xcd&\x5c\x06\xe8\xcb\xe8k\x99\
\xd4\xef\xb4\xab\x9c\x99mg\x89\xff\x00\xbc\xa0\x03\xfc\xea\
\x0d\x17R\xb6\xd3\xee\xf2\xb7\x0c`q\x86VNh\x03\
\xb9\xa2\xb3a\xd6\xf4\xf9H\x02\xe1T\x9e\x9b\xc1_\xe7\
Z\x08\xea\xea\x0a0`{\x83\x9a@:\x8a(\xa0\x02\
\x8a(\xa0\x02\x90\xf1\xd6\x96\xa1\xba\x8d\xa5\x81\xe3F\xda\
Xc>\x94\x01\xc4\xf8\xb7Vk\xcb\x93gjIE\
\xe0\xed\xfe#F\x89\xe1Y\xa6\x22K\xfc\xc3\x1f\xf7\x7f\
\x89\xbf\xc2\xba\x8d3E\xb4\xb0%\xd1\x03\xcay.\xdc\
\x9a\xd4\xa6\x05k+\x1bk(\xc2[D\xa9\xeaq\xc9\
\xfa\x9a\xb3E\x14\x80(\xa2\x8a\x00(\xa2\x8a\x00(\xa2\
\x8a\x00(\xa2\x8a\x00(\xa2\x8a\x00(\xa2\x8a\x00(\xa2\
\x8a\x00)\x0fCKHzP\x04f\x82)h\xa0b\
\x0a\x5cR\x8a)\x0cozZ1K@\x09E-\x18\
\xa6!;\xd2\x1e\xb4\xea)\x0ch\x1c\xd2\xd2\xd1@\x0d\
\x02\x8cqN\xa4\xa0\x04\x1d(\xedJ:Q\xda\x98\x0d\
=(\xedK\xda\x8cq@\x09\xda\x90\xf1N\xa4\x22\x80\
\x12\x90\xe6\x9d\xda\x90\xf4\xa4\x02b\x83A\xa1\x87J`\
!\xa0\xd0FM\x04\x1c\xd0\x00Fi\x87\x8ay\xa6\x9e\
\xb4\x00\x83\xad/z1\xcd\x1d\xe8\x01\x08\xa4\xefK\xd4\
\xd2\x1a\x06\x18\xa6\x9aQ\xc5.E\x00(\x15i>\xe0\
\xfaUU\xabk\xd0P&-\x14QA!E\x14P\
\x01E\x14P\x01E\x14P\x01E\x14P\x01E\x14P\
\x01E\x14P\x01E\x14P\x01E\x14P\x01E\x14P\
\x01E\x14P\x01E\x14P\x01E\x14P\x01E\x14P\
\x01E\x14P\x01E\x14P\x01E\x14P\x01E\x14P\
\x01E\x14P\x01E\x14P\x01E\x14P\x01E\x14P\
\x01E\x14P\x01E\x14P\x01E\x14P\x01E\x14P\
\x01E\x14P\x01E\x14P\x01E\x14P\x01E\x14P\
\x05\x1df\xf94\xed:[\x87<\x81\x85\x1e\xaczW\
\x99\x5c1\x90\xe5\x8fS\x93\x9e\xf5\xab\xe2\xcdW\xfbK\
R\xf2\xa1l\xdb[\x1cq\xfcM\xebX\x8f\xf3\x0c\x03\
\xb5\xb3\x90i\x81\x1f\x94H\xe3\x8e}+\xa6\xf0%\x97\
\x9b\xa9\x9b\x97\x04\x88P\xe0\x9fS\xc7\xf8\xd77e/\
\xda\xb5\x08\xec\xa1\x22[\x87l\x00\x9d\x14{\xd7\xa7\xda\
\xc1o\xa1i\xa7\x9e\x07,{\xb1\xa0\x0b7\xf7b\xdd\
B\xa0\xdd3\xf0\xabKelaR\xf2\x9d\xd3?,\
\xdf\xd2\xa9\xe915\xc3\xb5\xf4\xe0\xee\x7f\xb8\xa7\xf8E\
s\xda\x86\xaf{\x0e\xab!I\x88X\xd8\xa8N\xc7\x9e\
\xe2\x90\x1d\xa4\xc8$\x89\xd0\xf4`Ex\xe6\xa3\x11\x86\
\xf5\xd1\x81\x041\x18\xc5z\xbe\x93\xa9\xc3\xa8\xc0\x1a2\
\x04\x83\xef\xa7p\x7f\xc2\xb8\x0f\x1c\xda}\x9bUy\x06\
B\xc9\xf3\x0c\x0a`S\xf0\xfe\xa4\xf6\x17i2\x9c\x05\
8e\xf5\x15\xea\x96\xf2\xc5wl\x92\xc6CF\xe3\x22\
\xbcV\x0c\x06\xc8\xef]\xff\x00\x80\xaf\xc9Ild=\
?y\x1f\xd3\xb8\xa0\x0e\x86\xf7J\xb7\xbaR\x19\x06k\
\x9c\xd4<4\xca\x0b@s\xed]\x9d\x14\x80\xf2\xe9\xec\
\xae-\xd8\x89\x10\x80)\x91\xcb4D\x98\xe6\x922\x0e\
~V\x22\xbd>[x\xa6R$\x8dX\x1fQX\xf7\
\x9e\x1d\xb7\x9b&\x22Q\xbfJ`s\xb6\x9e\x22\xd4m\
\xf6\x86q:\xff\x00\xd3A\xce>\xb5\xd0\xe9\x9e%\xb4\
\xbb*\x93\x83o)\xe3\x0d\xca\xe7\xeb\xfe5\x87y\xa0\
\x5c\xc1\xc8]\xe0w\x15\x97-\xb3F~`A\xfaP\
\x07\xa6\x82\x08\x04\x1c\x83\xdcR\xd7\x0d\xa3\xea\xf7\x16;\
P\xe6[q\xfc\x04\xf2>\x86\xba\xfb\x0b\xf8/c\xdd\
\x0bs\xddOQ@\x16\xa8\xa2\x8a@\x14QE\x00\x14\
QE\x00\x14QE\x00\x14QE\x00\x14QE\x00\x14\
QE\x00\x14QE\x00\x14QE\x00\x14QE\x00\x14\
QE\x000\x8a1Jh\xa0bQKE\x00%\x14\
\xb4P\x02QJh\xa0\x04\xa2\x96\x8a\x00A\xd6\x8aQ\
E\x00%\x14\xb8\xa4\xa0\x03\xb5!\xe9N\x14\x94\x00\x80\
PE-\x14\x00\x84PE-\x14\x00\xdaB)\xd4P\
1\x84t\xa0\xd3\x98Rb\x80\x13\x14\x11N\xa44\x00\
\xd2)\xa4T\x94\x87\x14\x00\xc29\xa4#\x9au\x18\xe6\
\x80\x1b\x83IN=i(\x011IKK@\xc5P\
2*\xd5V\x88e\xc5Y\xa0\x96\x14QE\x02\x0a(\
\xa2\x80\x0a(\xa2\x80\x0a(\xa2\x80\x0a(\xa2\x80\x0a(\
\xa2\x80\x0a(\xa2\x80\x0a(\xa2\x80\x0a(\xa2\x80\x0a(\
\xa2\x80\x0a(\xa2\x80\x0a(\xa2\x80\x0a(\xa2\x80\x0a(\
\xa2\x80\x0a(\xa2\x80\x0a(\xa2\x80\x0a(\xa2\x80\x0a(\
\xa2\x80\x0a(\xa2\x80\x0a(\xa2\x80\x0a(\xa2\x80\x0a(\
\xa2\x80\x0a(\xa2\x80\x0a(\xa2\x80\x0a(\xa2\x80\x0a(\
\xa2\x80\x0a(\xa2\x80\x0a(\xa2\x80\x0a(\xa2\x80\x0a\xe7\
\xbcg\xaa\xfd\x83M0B\xdf\xe9W\x00\xaa\x0fA\xdc\
\xd6\xe5\xd4\xf1\xda\xdb\xc9<\xcd\xb68\xc6\xe6>\xd5\xe5\
z\xc5\xf3\xdf\xdf=\xd4\xb9\xdc\xc7\xe4_\xee/aL\
\x0ac\xf7ch\xe7\x8e\xbdsX\x9a\x86\xa54\xf7\x89\
ad\xac\xd21\x00\x95\xe4\x93\xe9W\xb5+\x81kk\
$\x84|\xd8\xc0\xae\x8f\xe1?\x86\xc8\x07Y\xbe\x5c\xbb\
\x13\xe4\x82?6\xfe\x9f\x9d1\x1d'\x82<-\x16\x83\
h'\xb9\xda\xf7\xee2\xef\xfd\xc0{\x0a\x9er\xda\xce\
\xac!S\xfe\x87\x01\xcb\x9fSW|G|mmD\
q\x02f\x94\xedP*\xce\x91f,\xac\x911\xfb\xc6\
\xf9\x9c\xfb\xd2\x19u@U\x01@\x00p\x00\xaf9\xd7\
\x8e\xddf\xe5G\xdd\xdek\xd1\xeb\xcb\xf5\x99\x84\x9a\x9d\
\xcb'\xdd2\x1eh\x00\xb4\xba\x92\xceu\x9a\x17!\xd4\
\xf1\xefZ^ \xbc\x87Y\xd2\x92u\x01nb\xe1\xd0\
\xfaz\x8fj\xc2V\xe2\x9a\xc0\x85;I\xdcs\x82(\
\x11\x96r\x87\x18\xfc\xabSA\xd4Z\xcbQ\xb7\x9f\x90\
\x15\x86\xefu=\x7fJ\xc7-\xbevW]\xb2\x0e\xbe\
\xfe\xf5b\xdc\xed\xe3\x82\x050=\xb1X2\x86S\x90\
FA\xa5\xac\x9f\x0b\xdc\x9b\xad\x16\x02\xc7,\x83\xcb'\
\xe9\xff\x00\xd6\xc5kT\x8c(\xa2\x8a\x00*\xb5\xc5\x95\
\xbd\xc0>djO\xae*\xcd\x14\x01\x87q\xe1\xf8\x98\
\x13\x03m>\x86\xb2d\xd3\xee\xecfY\x100*x\
e\xae\xca\x90\x80F\x08\xc8\xa6\x06^\x97\xaa\x8b\x8cG\
p\x02M\xeb\xd9\xabV\xa9\xcd\xa7\xc1)\xce\xdd\xa7\xd4\
T\xf0Fb]\xa5\xcb\x0e\xd9\xa4\x04\xb4QE\x00\x14\
QE\x00\x14QE\x00\x14QE\x00\x14QE\x00\x14\
QE\x00\x14QE\x00\x14QE\x00\x14QE\x00\x14\
QE\x00!\x14\x86\x96\x92\x81\x80\xa2\x8a(\x00\xa2\x8a\
(\x00\xa2\x8aZ\x00J)h\xa0\x04\xa0\xd2\xd2P\x01\
E\x14P\x01A\xa2\x8a\x00\x05!\xa5\xa2\x90\x09E-\
\x06\x98\x09E\x14\x1a\x00CF)h4\x80B)1\
\xcd-\x06\x81\x89\x8ai\xa7\x9ai\x14\xc0LPG4\
\xb4\x8d\x9a\x00a\x1c\xd1\xde\x96\x8a\x00JJu\x03\x9a\
\x00\x92\x11\xd4\xd4\xb4\xd4\x18QN\xa0AE\x14P \
\xa2\x8a(\x00\xa2\x8a(\x00\xa2\x8a(\x00\xa2\x8a(\x00\
\xa2\x8a(\x00\xa2\x8a(\x00\xa2\x8a(\x00\xa2\x8a(\x00\
\xa2\x8a(\x00\xa2\x8a(\x00\xa2\x8a(\x00\xa2\x8a(\x00\
\xa2\x8a(\x00\xa2\x8a(\x00\xa2\x8a(\x00\xa2\x8a(\x00\
\xa2\x8a(\x00\xa2\x8a(\x00\xa2\x8a(\x00\xa2\x8a(\x00\
\xa2\x8a(\x00\xa2\x8a(\x00\xa2\x8a(\x00\xa2\x8a(\x00\
\xa2\x8a(\x00\xa2\x8a(\x00\xa2\x8a(\x00\xa2\x8a(\x03\
\x85\xf1\x96\xb5\xe7Llm\x9b0\xc6\x7fzG\xf17\
\xf7~\x82\xb9%%\x8eX\xf5\xebD\x8cs\x83\x92=\
\xfa\xd5MB\xe8[\xda\x80\xb8\xde\xe3\x00U\x08\xb5\xa3\
\xe9\x8d\xe2=~;e\xcf\xd8\xe1;\xe5#\xb0\x1f\xe3\
^\xc9\x14q\xdb@\xb1\xc6\xa1\x22\x8dp\x00\xe8\x00\xae\
w\xc0:1\xd2tEi\x87\xfaM\xcf\xefd\xf6\xf4\
\x1f\x95ix\x8a\xef\xec\xbak\x91\x9d\xed\xf2\x8cRc\
(X\x0f\xedMr[\x87\x19\x86\xdc\xe13\xd3ut\
u\x87\xa3f\xd6\xca+h\x00{\x86\x1b\xe4=\x94\x9f\
_z\xd9\x8dJ\xae\x19\x8b7sH\x08\xb5\x09\xc5\xb5\
\x8c\xf2\x93\x8d\xa8O\xe3^Uq\x96r\xcd\xdc\xf5\xaf\
A\xf1t\xbb4\xbf,u\x91\x80?A\xcdp\x12{\
\x1c\x8ah\x0a\xf6\xec\xc2@z\xd5\xdc\x12\x01\xf6\xaa\xdf\
w\x1d\xfd*x\xa4\x1bF>\x98\xa0E\x0dF\xdc\x96\
\x12G\xf7\xc7O\x7fj\xad\x04\x91\xb1c\x8f\x98pT\
\xf6\xadk\x98\xf7)\x19\xf7\x15\x83\xa8+\xc2\xff\x00h\
\x8c\x12G\xfa\xc5\xc7Z`zG\x80n\x0e.m\x8f\
L\x09\x17\xf9\x1f\xe9]\x85y7\x875\xd9,\xae\x22\
\x96$GWR\xbf1\xed\xfeEw\x9aw\x89l\xae\
\xb6\xac\xc4\xdb\xcax\xc3}\xdc\xfdi\x0c\xdd\xa2\x90\x10\
@ \xe4\x1aZ@\x14QE\x00\x14QE\x00\x14Q\
E\x00\x14QE\x00\x14QE\x00\x14QE\x00\x14Q\
E\x00\x14QE\x00\x14QE\x00\x14QE\x00\x14Q\
E\x00\x14QE\x00\x14QE\x00\x14\x94\xb4\x86\x81\x85\
%-\x1d\xe8\x00\xa4\xa5\xc5\x14\x00QE\x14\x00Q\xde\
\x83Gz\x00(4R\xd2\x01(\xa2\x8a`%\x14\xb4\
P\x02QE\x14\x00Ph\xa2\x80\x12\x96\x8a(\x004\
\xd3N\xa0\x8a\x00J(\xa0\xd0\x02\x1a\x0d\x06\x83Hb\
w\xa4\x22\x94\xf1Hh\x01\x87\xad.)O\x06\x8a`\
4\xd2\xc22iq\x93RF\xb8\x14\x80}\x14QL\
\x90\xa2\x8a(\x00\xa2\x8a(\x00\xa2\x8a(\x00\xa2\x8a(\
\x00\xa2\x8a(\x00\xa2\x8a(\x00\xa2\x8a(\x00\xa2\x8a(\
\x00\xa2\x8a(\x00\xa2\x8a(\x00\xa2\x8a(\x00\xa2\x8a(\
\x00\xa2\x8a(\x00\xa2\x8a(\x00\xa2\x8a(\x00\xa2\x8a(\
\x00\xa2\x8a(\x00\xa2\x8a(\x00\xa2\x8a(\x00\xa2\x8a(\
\x00\xa2\x8a(\x00\xa2\x8a(\x00\xa2\x8a(\x00\xa2\x8a(\
\x00\xa2\x8a(\x00\xa2\x8a(\x00\xa2\x8a(\x00\xa2\x8a(\
\x00\xa2\x8a(\x03\xc5\xb7\x1edn\x00\x19>\x95/\x82\
4\xc7\xf1\x07\x88\xbe\xd1:f\xc6\xd4\xee9\xe8\xc7\xb0\
\xff\x00>\x95\x9f\xa9\xc9$\xcd\x1d\x9d\xb0f\x96R\x06\
+\xd6\xfc'\xa3G\xa1\xe8\xb0\xdb \xfd\xe67H\xde\
\xadT#c\xa0\xae?\xc4S\xbe\xad\xac[i\x96'\
;N\xe9d\x1d\x14\x0e\xb5\xa3\xaaj2\xdd\xcf\xf6\x0d\
3\x97<<\x83\xa2\xd5\xed/O\x8a\xc3\xe4\x8ce\xf1\
\x97s\xd4\x9aC-YZ\xc7i\x08H\xc7=\xcfs\
V(\xa2\x90\x1c\xb7\x8dd\xe2\x18\xc1\xe8\x0bW\x1az\
\x9fz\xe9\xfcb\xc5\xaf\x80\x1d\x94\x0a\xe6\x1c\x85\xc9b\
\x00\x1d\xe9\x81:ZK&\x9e\xf7`\x1d\xaa\xfbO\x15\
R6elz\xd7U\xa0\xeaZr\xe8\x9fg\x90\xc9\
!\x98\xb1;P\xfd:\x9f\xa5s\xba\xad\xbb[\xceU\
Q\xbaer(\x01\xbb\x89#\xd2\xa2\x96$b\xd9\x5c\
\x829\xa6\xc6\xd2\xc9\x0a\xe3\x0a\xe3\xa8\xa0@\xdeaf\
\x95\x88=W\xb0\xa6#'M\x1fd\xbd\xb8\x82VU\
\x8dH\x962Ol\xf2+BK\xfbT\xc8\xfbD_\
@\xc0\xd6G\x8blU\x91nps\x19\xf9\xb1\xdcT\
\xdan\x97in\x81\xd6-\xf1\xc8\x01\xc1=(\x03\xa2\
\xd2|`\xbai\xda\x97\x22hGX\xc8'\xf2\xf4\xae\
\xc6\xc7\xc6ZM\xe4A\xa2y7\x7f\x12l\xe5My\
\xfb\xd8A\x16\x0a\xc1\x1a\xe7\x91\xf2\xf5\xa9-\x87\xd9\xe6\
Y`\x0a\x8e\xa7!\x80\xe8i\x0c\xf4?\xf8I\xecO\
H\xee\x7f\xef\xdf\xff\x00^\x9a|Qi\xfc6\xf7L\
=B\x0f\xf1\xaa\x9a\x17\x88\xe0\xb8\xdb\x0d\xfa$R\xf4\
\x12m\xc2\xb7\xf8WP\x151\x90\xab\x8fa@\x18C\
\xc5\x16\xb8\x19\xb7\xba\xe7\xfd\x81\xfe4\xbf\xf0\x93\xdag\
\x98.\x80\xf5\xf2\xc7\xf8\xd6\xe6\xd5\xfe\xe8\xfc\xa8\xd8\xbf\
\xdd\x1f\x95 1\x97\xc4\xb6-\xd4N\xbfT\xa9W\xc4\
\x1ay?\xebX}P\xd6\x99\x8a3\xd5\x14\xfe\x14\xd3\
m\x01\xeb\x0cg\xfe\x02(\x02\xa4z\xc6\x9f'K\xa8\
\xc7\xfb\xdc\x7f:\xb7\x15\xc42\x8c\xc5,o\xfe\xeb\x03\
Q>\x9ff\xff\x00z\xda/\xfb\xe4TGI\xb2=\
 \x0b\xf4$P\x05\xfa*\x80\xd3\x22_\xb9$\xc9\xf4\
sR\xa5\xb4\xb1\xfd\xdb\xa7#\xd1\xc04\x01j\x8a\xaa\
\xc2\xeb\xb4\x90\xe3\xfd\xd3\x9a\x81\xed\x1e\x5c\xfd\xa2Y\x98\
z#`P\x05\xb9\xaea\x84fYQ>\xa6\xaa\xb6\
\xadh>\xeb\xb3\x9fERi\xd0i\xb6\x88\x01\x10\x82\
\x7f\xdb\xe4\xd5\xb4\x8a4\xfb\x88\xab\xf4\x14\x01\x98u\x90\
I\x11\xd9\xdc\xbf\xfc\x07\x14\x9f\xda\x97g\xee\xe9\xb3~\
-\xff\x00\xd6\xadz(\x031/\xee\xd8s\xa7H?\
\xe0_\xfdj\x9e;\xd68\xf3-\xa6O\xc3\x22\xaeQ\
@\x0cYQ\xba7>\x87\x8a}W\xbd\xb6[\xa8\x1a\
6f\x5c\xf7S\x83\x5c\x8d\xe2j\x1al\xa4\x19g\xd9\
\xfc,\x18\xe2\x98\x1d\xb5\x15\xc6\xdb\xf8\x86\xf2!\xfb\xcd\
\xb2\x8f\xf6\x87?\xa5m\xd9k\xd6\xb7\x1bVRas\
\xd9\xba~t\x01\xafE  \x8c\x8eE- \x0a(\
\xa2\x80\x0a(\xa2\x80\x12\x96\x8a(\x18\x94\xb4Q@\x05\
%-\x14\x00\x94R\xd1@\x05\x14Q@\x05\x14QH\
\x02\x8a(\xa6\x02QE\x14\x00RR\xd1@\x09E-\
%\x00\x14QE\x00\x14\x86\x96\x83@\x09HiM\x14\
\x00\xd3A\x14\xa6\x83HcH\xe6\x8csN\xc74\x1a\
`\x0a9\xa9)\x00\xa5\xa0AE\x14P \xa2\x8a(\
\x00\xa2\x8a(\x00\xa2\x8a(\x00\xa2\x8a(\x00\xa2\x8a(\
\x00\xa2\x8a(\x00\xa2\x8a(\x00\xa2\x8a(\x00\xa2\x8a(\
\x00\xa2\x8a(\x00\xa2\x8a(\x00\xa2\x8a(\x00\xa2\x8a(\
\x00\xa2\x8a(\x00\xa2\x8a(\x00\xa2\x8a(\x00\xa2\x98\xce\
\x05F\xceM\x00JX\x0e\xf4\xdf0TD\xe6\x92\x80\
%2\x1aab{\xd3h\xa0\x07\x06#\xbd.\xf3M\
\xa4\xa0\x09\x95\xe9\xc1\xb3P\x03J\x0d\x00OKQ+\
S\xc1\xcd\x00:\x8a(\xa0\x02\x8a(\xa0\x02\x8a(\xa0\
\x02\x8a(\xa0\x02\x8a(\xa0\x02\x8a(\xa0\x02\x8a(\xa0\
\x0f2\xf8e\xa3\x1b\xab\xa7\xd6.\x90\x95_\x96\x10\xdf\
\xce\xba\xedsQ\x92I\xd7N\xb0\xf9\xa6\x93\x87a\xfc\
\x22\xa6\xbb)\xa2\xe8\xd1\xdb\xda\xaf*\xbb\x13\xeb\xebU\
\xb4\xb4\xb5\xd1\xed\x8d\xce\xa12\xfd\xaa^[<\xb7\xd0\
\x0e\xb4\xc0\xd3\xd24\xe8\xf4\xebp\x883!\xe5\xdb\xd4\
\xd5\xde\x01$\xf1Xm\xac\x5c\xdd\xfc\xbae\xa30?\
\xf2\xd2N\x07\xe5I\xfd\x8fyzwjw\x8cW\xfe\
y\xc7\xc0\xa0\x0b\xd7\x9a\xc5\x8d\xa9\xc3\xcc\x19\xff\x00\xbb\
\x1f\xcc\x7fJ\xa2\xfa\xc5\xed\xd1\x0b\xa6\xd8\xb6\x0f\xf1\xcb\
\xd3\xfc\xfe5\xa3i\xa5Y\xda\x81\xe5\xc2\xa4\xfa\xb7&\
\xae\xf0\x07\x1c\x0a@y\xd6\xaa\xb7\xb2^\xcf\xf6\xf9\x14\
\xbe@\x01\x06\x00\xac\xe4\xb3\x12\xba\xc5\xcbnlb\xb6\
\xb5G\xf3/&s\xfcNMI\xe1\xabF\xb8\xd5Q\
\xc8\xf9\x22\xf9\x8f\xf4\xa6\x07Y\xa7\xe9\xd6\xd6V\xb1C\
\x0c1\xae\xc5\x03;y\xaa>%\xd3\x05\xe5\xb7\x9b\x18\
\xfd\xecc\xf3\x15\xb7IH\x0f%d\xd8\xe7#\x188\
\xc5H\xa4`c\x15\xbf\xe2\xad'\xec\xf3\x9b\x88\x81\xf2\
\xdf\x92=\x0dsh\x0a1\x07\xf0\x14\xc4%\xf5\xb8\xb8\
\xb6\x92#\xd1\x86*\x96\x9e\x8f\x15\x8cI)\xcb\xa6S\
\xeb\x83Z\xa3\xee\x9eG\x1c\xd2\xda\xd9\x9b\xcd:\xf7\xcb\
\xe2[w\xf38\xee\xa7\xaf\xf2\xa6\x06\xa7\x87^\xda\xf9\
\x7f\xb3\xef@?\xf3\xc9\xfb\x83\xe9Rj\x9e\x1a\xb9\xb6\
\xcb\xc0|\xd8\x81\xce\x00\xe4W5n\xe69\x01R\xc1\
\x87 \xe7\xbdzo\x87\xf5\x11\xa9X+\xb6<\xe4\xf9\
d\x1e\xfe\xbf\x8d!\x9em4M\x1b\x05*A\x07\xa1\
\x15\xb1\xe1\xef\x11M\xa7\x15\x86\xe7t\x96\xa4\xe3\x07\x92\
\x9fO\xf0\xae\xd3R\xd1\xedo\xd4\xf9\x88\x15\xfb2\xf0\
k\x8d\xd5\xbc5sg\x99\x22\xfd\xecc\xd3\xad\x00w\
\xb6\xb7\x11]@\xb3[\xc8\xb2F\xdd\x0855y~\
\x8b\xaa\xdc\xe9\x17\x04\xa6Z\x22~x\x98\xf0\x7f\xc0\xd7\
\xa4X]\xc5}j\x93\xc0\xd9F\x1f\x88\xf64\x01b\
\x8a(\xa4\x01E\x14P\x01E\x14P\x03YU\x86\x18\
\x02=\xea\x06\xb3\x8c\xf2\xa5\xd0\xff\x00\xb2\xc4U\x9a(\
\x02\x93At\x83\xf779\xf6\x91s\xfa\xd4f\xf2\xea\
\xdc\x7f\xa5[n_\xefDs\xfaV\x8d\x14\x01^\xda\
\xf2\x0b\x91\xfb\xa9\x01=\xd4\xf0G\xe1V*\xa5\xd6\x9f\
\x05\xc1\xdcWd\x83\xa3\xa7\x04Sa76\xe7l\xe7\
\xce\x8b\xb3\x81\xc8\xfa\x8a\x00\xbbE\x14P\x01L\x964\
\x95\x0aH\xa1\x94\xf5\x06\x9fE\x00s\xd7\xfa\x08\xc9{\
^\x9f\xdd5\x8dqc$\x5c:\x10EwT\xc9\x22\
IF\x1dC\x0fz`r:f\xa1sa\x84?\xbc\
\x87\xba\x93\xd3\xe9]M\x9d\xd4Wq\x07\x89\xbe\xa0\xf5\
\x15N\xe3G\x89\xc9h\x89C\xe9\xda\xa8\x8bK\x8b9\
\x83\xa0 \x8e\xe3\xa1\x14\x01\xd1QU\xac\xee<\xf4\xf9\
\x86\xd7\x1dEY\xa4\x01E\x14P\x01E\x14P\x01E\
\x14P\x01E\x14P\x01E\x14P\x01E\x14P0\xa2\
\x8a(\x10QE\x14\x0c(\xa2\x8a\x00))h\xa0\x04\
\xedGj(\xa0\x02\x92\x96\x8a\x00J(\xa5\xa0\x044\
\x11E\x06\x80\x10\xf1F(4t\xa4\x00i@\xa0\x0c\
\xd3\xa9\x80QE\x14\x08(\xa2\x8a\x00(\xa2\x8a\x00(\
\xa2\x8a\x00(\xa2\x8a\x00(\xa2\x8a\x00(\xa2\x8a\x00(\
\xa2\x8a\x00(\xa2\x8a\x00(\xa2\x8a\x00(\xa2\x8a\x00(\
\xa2\x8a\x00(\xa2\x8a\x00(\xa2\x8a\x00(\xa2\x8a\x00(\
\xa2\x8a\x00(\xa6\xb3\x01Q\xb4\x99\xe9@\x12\x16\x03\xad\
F\xd2\x13\xd2\xa3$\x9a(\x01sIE\x14\x00QE\
\x14\x00QE\x14\x00QE\x14\x00QE\x14\x00\xa0\xd3\
\x83S(\xcd\x00N\xadN\xa8\x01\xa7\xab\xd0\x04\xb4R\
\x03\x9aZ\x00(\xa2\x8a\x00(\xa2\x8a\x00(\xa2\x8a\x00\
(\xa2\x8a\x00(\xa2\x8a\x00\xe6\xa4\x83R\xd5\xe7I\x1c\
-\xa4\x0b\xf7G\xf1}j\xfd\x9e\x85i\x03o\x91L\
\xd2\x9e\xad!\xcdkQ@\x08\xaa\x14\x00\xa0\x00;\x0a\
Z(\xa0\x02\x99)\xc4l}\x8d>\xa3\xb88\x82O\
\xf7M\x00pw\xab\xfb\xd3\xd7$\xf4\xae\xaf\xc3\xb6_\
d\xb0R\xc3\x12I\xf3\x1a\xcc\xd3\xac\xbe\xd5~\x19\xc7\
\xc9\x19\xdck\xa8\xa6\x01E\x14R\x02\x1b\xbbt\xb9\x81\
\xa2\x90d\x11\xf9W\x9dj\xf6\x12X\xdd\x14\x91N\xdc\
\xf0q^\x97X\xfe#KG\xb6\x0bu\x22\xc6\xe4\xe1\
\x09\xe4\x93L\x0f>\x04\xe6\xb5\xfc#\x88\xf5\xb9#~\
Rx\xb0G\xae\x0dS\xba\x80\xdbL\xd1\xbfQ\xc6*\
\xc6\x94\xdeV\xa7k \xc8\xda\xd8?\x8d\x02(\xf8\x83\
N\xfe\xcc\xd4\xa4\x8c\x12#<\xa7\xd2\xa7\xf0\xd6\xa8\xd6\
7\xc8\xff\x00\xf2\xc5\x8e\xc9\x07\xb7\xadu\xde.\xd2\xc6\
\xa1\xa7\x97\x8c~\xfa/\x98c\xb8\xf4\xaf5\x8aF\x86\
B\x089\xce\x0d\x03=\xa1H`\x089\x07\x90h<\
\xf5\xae\x7f\xc1\xba\x81\xbb\xb00H\xd9\x92\x1e\x01\xf5^\
\xd5\xd0\xd2\x03\x1bV\xd0-o\x81uQ\x1c\xdd\x98W\
1\x01\xd4|7{\x96Fh\x18\xe1\xbf\xba\xc3\xfck\
\xd0)\x92\xc6\x92\xa1I\x142\x9e\xa0\x8a`Eeu\
\x1d\xe5\xb2M\x09\xca\xb0\xfc\xaa\xc5V\xb3\xb3\x86\xd02\
\xdb\xae\xc4c\x9d\xa3\xa5Y\xa4\x01E\x14P\x01E\x14\
P\x01E\x14P\x01E\x14P\x01E\x14P\x01E\x14\
P\x01E\x14P\x01E\x14P\x01Hy\xa5\xa2\x80!\
\x16\xf1\x897\xa8\xc3{T\xd4Q@\x05\x14Q@\x05\
\x14Q@\x05\x14Q@\x05\x14Q@\x05\x14Q@\x05\
\x14Q@\x05\x14Q@\x05\x14Q@\x05\x14Q@\x05\
\x14Q@\x05%-\x14\x86%\x14\xb4\x9d\xa9\x80\x94\xa6\
\x8a(\x01(4Q@\x01\xa3\xad.3E\x00-\x14\
Q@\x82\x8a(\xa0\x02\x8a(\xa0\x02\x8a(\xa0\x02\x8a\
(\xa0\x02\x8a)\xa5\x80\xa0\x07Rg\x15\x19\x92\xa3-\
@\x13\xee\x14n\xa83Fh\x02}\xd4\xb9\xaa\xfb\xa9\
CP\x05\x8a* \xd4\xf0\xd4\x00\xea)3K@\x05\
\x14Q@\x05\x14Q@\x05\x14Q@\x05\x14Q@\x05\
\x14\xd2\xc0Tl\xf9\xa0\x09\x0b\x01Li\x0fj\x8c\x9a\
J\x00RI\xa4\xa2\x8a\x00(\xa2\x92\x80\x0a(\xa2\x80\
\x16\x8a(\xa0\x02\x8a(\xa0\x02\x8a(\xa0\x02\x8a(\xa0\
\x02\x92\x96\x8a\x00)sIE\x00H\xad\x8a\x906j\
\xbd9[\x14\x01b\x8ab\xb6i\xd4\x00\xb4QE\x00\
\x14QE\x00\x14QE\x00\x14QE\x00\x14QE\x00\
\x14\x84\xe0\x13KU\xb5\x19\x85\xbd\x85\xc4\xa4\xe0\x22\x13\
\xfaP\x06^\x91\xab\x9b\xcdV\xea\xdc\xb6Q~\xef\xb6\
+b\xe5K\xc0\xea\xbdH\xc5y\xb7\x82\xef\x09\xf1\x04\
{\x8e<\xc2G\xd7\x83^\x9dM\x81V\xc2\xdc[\xc3\
\x8c|\xc4\xe4\xd5\xaa(\xa4\x01E\x14P\x04\x17\xb71\
Y\xda\xcbq;\x05\x8e5\xdcI\xaf6\x96\xf6M[\
X\x17\x12\x93\xf30X\xd3\xfb\xa35{\xc7z\xbf\xda\
\xef\x06\x9bn\xff\x00\xb8\x84\x86\x98\x83\xd5\xbb-U\xf0\
\x8d\xb8\xb9\xd7!\x07\x90\x83\xcco\xc3\xa7\xebL\x0d/\
\x1e[\xbc3\xdb\x5cD\xa7\x1bp\xc0w\xc5d\xd9N\
\x1d\x91\x81\xe8A\xae\xd3\xc5\xf6\xfev\x99\xbcu\x8d\xb3\
\xf8W\x02\xb1\xbaJ\xad\x02g\x9e@\xfdh\x03\xd5`\
a$\x08\xc7\x90\xca+\xcf\xbcg\xa2\xfd\x92\xeb\xed0\
\xaf\xeed<\xe3\xb1\xae\xefK\xdc,!\x0e0\xdbj\
K\xdbX\xef-\x9e\x19\x97(\xc3\x14\x01\xe6^\x16\xd4\
\x8d\x96\xa7\x0b\xbb|\x9fq\xb1\xfd\xdf\xfe\xb5z\x98 \
\x80A\xc85\xe5\x9a\xb6\x97&\x9fv\xf1\x9e\x99\xca\x9f\
Q]\xdf\x85o~\xd9\xa5 c\xfb\xc8~F\xfe\x94\
\x01\xb3E\x14R\x00\xa2\x8a(\x00\xa2\x8a(\x00\xa2\x8a\
(\x00\xa2\x8a(\x00\xa2\x8a(\x00\xa2\x8a(\x00\xa2\x8a\
(\x00\xa2\x8a(\x00\xa2\x8a(\x00\xa2\x8a(\x00\xa2\x8a\
(\x00\xa2\x8a(\x00\xa2\x8a(\x00\xa2\x8a(\x00\xa2\x8a\
(\x00\xa2\x8a(\x00\xa2\x8a(\x00\xa2\x8a(\x00\xa2\x8a\
(\x00\xa2\x8a(\x00\xa2\x8a(\x00\xa2\x8a(\x18QE\
\x14\x00Rv\xa5\xa2\x80\x12\x8cR\xd1@\x05\x14Q@\
\x82\x8a(\xa0\x02\x8a(\xa0\x02\x8a(\xa0\x02\x8a(\xa0\
\x02\x92\x82qQ;\x93@\x0a\xef\xe9Q\x93\x9ai4\
P\x01E\x14P\x01E\x14P\x01E\x14P\x02\xe6\x94\
56\x8a\x00\x94=85AN\x06\x80'\x06\x9dP\
\x06\xa9\x15\xa8\x01\xf4Rf\x96\x80\x0a)\xa4\xe2\x98\xcd\
@\x0f,\x051\x9e\x98Z\x934\x00\xa4\xd3h\xa2\x80\
\x0a(\xa2\x80\x0a(\xa2\x80\x0a(\xa2\x80\x0a(\xa2\x80\
\x0a(\xa2\x80\x0a(\xa2\x80\x0a(\xa2\x80\x0a(\xa2\x80\
\x0a(\xa2\x80\x0a(\xa2\x80\x0a(\xa2\x80\x14\x1a\x91^\
\xa2\xa5\xa0\x0b\x00\xe6\x96\xa0V\xc5H\xad\x9a\x00}\x14\
Q@\x05\x14Q@\x05\x14Q@\x05\x14Q@\x05s\
\xfe9\xb9\xfb7\x87\xa7 \xe0\xb9\x08?\x1a\xe8+\x89\
\xf8\x9d.,-\xa2\xcf\xde|\xd3@q\xbe\x19\x98\xc5\
\xadZ>p\x04\xab\xfa\x9a\xf6\x8a\xf0\xcd0\x95\xd4m\
\xbf\xeb\xaa\x83\xff\x00}\x0a\xf7!\xd2\x86\x08Z(\xa2\
\x90\x05ex\x97S\x1aV\x935\xc6\x7fy\x8c \xf5\
n\xd5\xab^y\xe3+\xb3}\xa9\x88T\x93\x0d\xb8\xe8\
:\x16\xa6\x073\x18l\xee\x94\x96y\x0e\xe69\xceI\
\xae\xe7\xe1\xed\x91[{\x8b\xe7\x1c\xcav'\xfb\xa2\xb9\
m6\xc5\xaf\xae\xe2\x821\xf7\xba\x9ct\x1d\xeb\xd4\xac\
\xad\x92\xd2\xd68\x22\x18T\x18\xa0\x04\xbf\x8b\xce\xb3\x96\
23\x955\xe6\x8e\xad\x04\xcc\xa3\x82\xa6\xbdK\xadp\
\xbe%\xb26\xd7\xcc\xe0|\x8d\xd2\x80:O\x0c^\xfd\
\xb3MPO\xcf\x11\xd8\x7f\xa5k\xd7\x17\xe0\xdb\x91\x15\
\xf3\xc2~\xec\xab\xc7\xd4\x7f\x93]\xa5\x00d\xf8\x83N\
\x17\xd6\xa4\xa0\xfd\xear+\x9d\xf0\xbd\xcbY\xea\x86\x19\
~U\x97\xe4?^\xd5\xdcW'\xe2]8\xc30\xba\
\x80\x1cg'\x1d\x8d\x00u\x94UM*\xe8^X\xc5\
/\xf1\x11\x86\xfa\xd5\xba@\x14QE\x00\x14QE\x00\
\x14QE\x00\x14QE\x00\x14QE\x00\x14QE\x00\
\x14QE\x00\x14QE\x00\x14QE\x00\x14QE\x00\
\x14QE\x00\x14QE\x00\x14QE\x00\x14QE\x00\
\x14QE\x00\x14QE\x00\x14QE\x00\x14QE\x00\
\x14QE\x00\x14QE\x00\x14QE\x00\x14QE\x03\
\x0a(\xa2\x81\x05\x14Q@\x05\x14Q@\x05\x14Q@\
\x05\x14Q@\x05\x14Q@\x05\x14Q@\x05!8\x14\
\x8c\xc0\x0a\x85\xdb&\x80\x07|\x9ae\x14P\x01E\x14\
P\x01E\x14P\x01E\x14P\x01E\x14P\x01E-\
%\x00\x14QE\x00.iA\xa6\xd2\x13@\x13\x07\xc5\
)z\xaf\xba\x945\x00JM74\x80\xe6\x96\x80\x0a\
JZ(\x01(\xa5\xa4\xa0\x02\x8a(\xa0\x02\x8a(\xa0\
\x02\x8a(\xa0\x02\x8a)h\x01(\xa2\x8a\x00(\xa2\x96\
\x80\x12\x8a)h\x01(\xa5\xa2\x80\x12\x8aZ(\x01)\
h\xa2\x80\x12\x8aZ(\x01)h\xa2\x80\x0aQIK\
@\x0fV\xa7\x83\x9a\x86\x9c\x0e(\x02j)\x8a\xd4\xea\
\x00Z(\xa2\x80\x0a(\xa2\x80\x0a\xe0>&\xb02Z\
'\xb15\xdf\xd7\x9f|MBn-\x9b\xb6\xccc\xf1\
\xa6\x81\x9c\xa6\x83nn\xb5\xbd>\x05\xfe)\xd4\x9f`\
9?\xca\xbd\xb2\xbc\xc3\xe1\xb5\x99\x9f]\x9a\xe4\x82c\
\xb6\x8f\x00\xff\x00\xb4\xdf\xfdl\xd7\xa7\xd0\xc1\x05\x14Q\
H\x0a\xf7\xd2\xf96\x92\xbf\xa0\xaf5\xba\xf9\xa5-\xdd\
\x89f\xfa\x9a\xee<Kq\xe5\xdb\x08\xc1\xe5\xab\x99\xd2\
\xb4\xe7\xd4/\xd5\x0e|\xa59\x90\xfbzS\x03o\xc1\
zh\xb7\xb4k\xb9\x13\x12K\xc2g\xb2\xff\x00\xf5\xeb\
\xa5\xa6\xa2\xaa\x22\xaa\x00\x15F\x00\x1d\xa9\xd4\x80+7\
]\xb2\x17\x96L\x00\xcb\xa8\xc8\xad*C\xcd\x00y\xc5\
\x93\x9bK\xe8d\xc6<\xb7\x04\xd7\xa3\xa9\x0c\xa0\xa9\xc8\
<\x83\x5c\x7f\x884\xe3op\xd2\xa0\xfd\xd3\xf3\xc5n\
\xf8v\xeb\xed\x1aj\x03\xf7\xe2\xf9\x0f\xf4\xa6\x06\xa5G\
q\x12\xcd\x0bF\xe3!\x86*J)\x01\x89\xa2F\xf6\
wSZ?\xdd\xfb\xe9[u\x0c\xb0\x87\x91$\x1c:\
\x1e\x0dM@\x05\x14Q@\x05\x14Q@\x05\x14Q@\
\x05\x14Q@\x05\x14Q@\x05\x14Q@\x05\x14Q@\
\x05\x14Q@\x05\x14Q@\x05\x14Q@\x05\x14Q@\
\x05\x14Q@\x05\x14Q@\x05\x14Q@\x05\x14Q@\
\x05\x14Q@\x05\x14Q@\x05\x14Q@\x05\x14Q@\
\x05\x14Q@\x05\x14Q@\x05\x14Q@\x05\x14Q@\
\x05\x14Q@\x05\x14Q@\x05\x14Q@\x05\x14Q@\
\x05\x14Q@\x055\x8e\x05\x0cqP;d\xd0\x00\xcd\
\x93M\xa2\x8a\x00(\xa2\x8a\x00)i(\xa0\x02\x8a(\
\xa0\x02\x8a(\xa0\x02\x8a(\xa0\x05\xa4\xa2\x8a\x00)3\
Hi(\x01M!\xa2\x8a\x00J\x05\x14P\x03\x81\xa9\
\x01\xa8i\xc0\xe0\xd0\x04\xb4\x94\x80\xe4S\xa8\x01(\xa2\
\x8a\x00(\xa5\xa4\xa0\x02\x8a(\xa0\x04\xa5\xa2\x8cP\x01\
E\x14\xb4\x00\x94R\xd2P\x01KE\x14\x00\x94R\xd1\
@\x09E\x14\xb4\x00\x94R\xd1@\x09E-%\x00-\
\x14Q@\x05\x14Q@\x05\x14P(\x00\x14\xb4\x94\xb4\
\x00S\xc3S)h\x02Ph\xa8\xc5\x14\x01-\x14Q\
@\x05p\x7f\x13C\x7f\xa22\xa9 g8\xae\xf2\xa9\
_i\xf1^K\x0bL\xa1\x84m\xbb\x07\xbd02\xfc\
\x0d\xa6\x9d;\xc3\xf0y\x8b\x89\xe7\xfd\xf4\x9e\xbc\xf4\x1f\
\x80\xc5t5\x9b\xabkzv\x91\x11{\xeb\xa8\xe2\xc0\
\xe1s\xf3\x1f\xc2\xb8\x0dc\xe2{\xcf'\xd9\xbc7b\
\xd3\xccx\x12H\x09\x03\xf0\x14Z\xe0z\x818\xebK\
^k\xa3\xe8~*\xd5\xaeb\xbd\xd65)-\xd5X\
:\xc6\xa7\x1f\xa0\xafI\xc1\xdb\x8c\xf3@\x1c\xc6\xb4\x86\
\xefQ\xf2\x94d\xf4\x02\xb7t\xdb4\xb2\xb5X\xd0\x0c\
\xf5c\xeai\xb6\xd6\x22+\xa9'r\x19\xdb\xa7\xb5]\
\xa0\x02\x8a(\xa4\x01E\x14P\x047v\xe9s\x03D\
\xe3 \x8a\xe7\xb4_3O\xd5\x9a\xd6@vJ0\x0f\
\xb8\xe9]=1\xa2Fuv@Yy\x07\x1d(\x01\
\xf4QE\x00\x14QE\x00\x14QE\x00\x14QE\x00\
\x14QE\x00\x14QE\x00\x14QE\x00\x14QE\x00\
\x14QE\x00\x14QE\x00\x14QE\x00\x14QE\x00\
\x14QE\x00\x14QE\x00\x14QE\x00\x14QE\x00\
\x14QE\x00\x14QE\x00\x14QE\x00\x14QE\x00\
\x14QE\x00\x14QE\x00\x14QE\x00\x14QE\x00\
\x14QE\x00\x14QE\x00\x14QE\x00\x14QE\x00\
\x14QE\x00\x14\xd6`)\x1d\xb0*\x02s@\x0a\xed\
\xba\x9bE\x14\x00QE\x14\x00R\xe2\x8a(\x01(\xa5\
\xa2\x80\x0a(\xa2\x80\x0a)(4\x00Pi(\xa0\x03\
4QE\x00!\xa4\xa7\x1a(\x01\xb4\xb4\xb8\xa4\xc5\x00\
%\x18\xa2\x96\x80\x12\x8a(\xa0\x00\x1cT\x8asQ\xd2\
\x8e(\x02Z)\xaa\xd4\xe1@\x05\x14\xb4\x98\xa0\x02\x8a\
Z(\x01(\xa2\x8a\x00(\xa5\xa2\x80\x13\x14R\xd1@\
\x09E-\x14\x00\x94R\xe2\x8a\x00J1KE\x00%\
\x14\xb4P\x02b\x8aZ(\x01)h\xc5.(\x01(\
\xa2\x8a\x00JZ(\xa0\x02\x8aZ(\x00\xa2\x8ak6\
:P\x03\xb2\x05\x15\x119\xa2\x80-\xd1HN\x06M\
s\xbe$\xf15\xae\x93\x0be\xd4\xbe8\x19\xa0\x0d\x8b\
\xfb\xfb{\x18ZK\x89\x15UFy5\xe5\x9e.\xf8\
\x98\xea\xd2[\xe98\x07\x90\x1f\xa9\xfc+\x91\xd7\xbcE\
\xa9x\x8fP6\xd6BG2>\x15S\xbdz/\x81\
>\x1c[ij\x97\xda\xd0[\x9b\xe6\x01\x84g\x95\x8c\
\xff\x00SUkn#\x8b\xf0\xd7\x825\xbf\x14^}\
\xbfX\x92X-\x5c\xee\xdd)\xf9\x9f\xe8+\xd8<?\
\xe1\x9d3B\x81R\xca\xddw\x8e\xb20\xcb\x1a\xda\x00\
\x01\x81\xc0\x14\xb4\x9b\xb8\xec\x14QE \x0a(\xa2\x80\
\x0a(\xa2\x80\x0a(\xa2\x80\x0a(\xa2\x80\x0a(\xa2\x80\
\x0a(\xa2\x80\x0a(\xa2\x80\x0a(\xa2\x80\x0a(\xa2\x80\
\x0a(\xa2\x80\x0a(\xa2\x80\x0a(\xa2\x80\x0a(\xa2\x80\
\x0a(\xa2\x80\x0a(\xa2\x80\x0a(\xa2\x80\x0a(\xa2\x80\
\x0a(\xa2\x80\x0a(\xa2\x80\x0a(\xa2\x80\x0a(\xa2\x80\
\x0a(\xa2\x80\x0a(\xa2\x80\x0a(\xa2\x80\x0a(\xa2\x80\
\x0a(\xa2\x80\x0a(\xa2\x80\x0a(\xa2\x80\x0a(\xa2\x80\
\x0a(\xa2\x80\x0a(\xa2\x80\x0a(\xa4$\x0a\x00*7\
\x93\xd2\x91\xdf=*:\x00\x09&\x8a(\xa0\x03\x14Q\
E\x00\x14\x94\xb4\x94\x00R\xd1E\x00\x14QE\x00\x14\
QI@\x05\x14Q@\x05%-\x14\x00\x94v\xa5\xa2\
\x80\x0aJZ(\x01(4\xb4P\x03h\xa5\xa2\x80\x12\
\x92\x9dHh\x01(\x14\xb4P\x01NV\xa4\xa2\x80%\
\x074\xb5\x108\xa9\x15\xb3@\x0b\x8a1KF(\x01\
\xb4R\xd1@\x09E-\x14\x00QE-\x00%\x14R\
\xd0\x02b\x8cR\xd1@\x09\x8a)qE\x006\x8aZ\
(\x00\xa2\x96\x8cP\x02QK\x8aZ\x00m\x14\xb4\xb4\
\x00\xdaZZ(\x011IN\xa8\x9d\xb3\xc5\x00\x0c\xd4\
\xcc\xd1E\x00%\x14\xb4P\x07!\xe3\x0f\x19Ed\xad\
\x05\xa1\x0f.1\xc1\xe9^I<\x9a\x87\x88u\x15\x82\
%\x92Ydl\x05^sR[\xc1u\xab^\xac0\
\xabM<\xa7\x00\x0a\xf6\x9f\x04\xf8R\x0f\x0f\xda+\xc8\
\x16K\xe7_\x9d\xff\x00\xbb\xec*\xb6\x16\xe4>\x04\xf0\
m\xbf\x87m\x84\xd2\xaa\xbd\xfb\xaf\xcc\xd8\xfb\x9e\xc2\xba\
\xfa(\xa40\xa2\x8a)\x00QE\x14\x00QE\x14\x00\
QE\x14\x00QE\x14\x00QE\x14\x00QE\x14\x00\
QE\x14\x00QE\x14\x00QE\x14\x00QE\x14\x00\
QE\x14\x00QE\x14\x00QE\x14\x00QE\x14\x00\
QE\x14\x00QE\x14\x00QE\x14\x00QE\x14\x00\
QE\x14\x00QE\x14\x00QE\x14\x00QE\x14\x00\
QE\x14\x00QE\x14\x00QE\x14\x00QE\x14\x00\
QE\x14\x00QE\x14\x00QE\x14\x00QE\x14\x00\
QE\x14\x00QE5\x9b\x14\x001\xc0\xa8X\xe6\x95\
\x8eM4\xd0\x02QE\x14\x00QE\x14\x00QE\x14\
\x00QE-\x00%\x14\xb4P\x02QKE\x00%\x14\
\xb4\x94\x00QE\x14\x00QE\x14\x00QE\x14\x00R\
v\xa5\xa2\x80\x12\x8a\x0d\x14\x00QE\x14\x00RR\xd1\
@\x05%-\x14\x00\x94b\x96\x8a\x00J\x01\xc5-\x14\
\x01\x22\x9e)\xf5\x00\xa9\x15\xa8\x01\xd4b\x96\x8a\x001\
E-\x18\xa0\x06\xd2\xd2\xd1@\x09E-\x14\x00\x94b\
\x96\x8a\x00J)h\xa0\x04\xa3\x14\xb4P\x02b\x8cR\
\xd1@\x09\x8a)h\xa0\x03\x14\x98\xa5\xa2\x80\x0aJZ\
\x8d\xdb\xd2\x80\x07oJ\x8c\xd1\xde\x8a\x00J)h\xa0\
\x02\x8a(\xa0\x0c\x1f\x04xV=\x02\xd0I>$\xbe\
q\xf3\xb7P\xa3\xd0\x7f\x8du4Q@\x05\x14Q@\
\x05\x14Q@\x05\x14Q@\x05\x14Q@\x05\x14Q@\
\x05\x14Q@\x05\x14Q@\x05\x14Q@\x05\x14Q@\
\x05\x14Q@\x05\x14Q@\x05\x14Q@\x05\x14Q@\
\x05\x14Q@\x05\x14Q@\x05\x14Q@\x05\x14Q@\
\x05\x14Q@\x05\x14Q@\x05\x14Q@\x05\x14Q@\
\x05\x14Q@\x05\x14Q@\x05\x14Q@\x05\x14Q@\
\x05\x14Q@\x05\x14Q@\x05\x14Q@\x05\x14Q@\
\x05\x14Q@\x05\x14Q@\x05\x14Q@\x05\x14\x84\xe2\
\x98\xc6\x80\x15\x9b\xd2\xa3&\x82i(\x01(\xa5\xa2\x80\
\x12\x8aZ(\x01(\xa5\xa2\x80\x13\x14R\xd1@\x09F\
)h\xa0\x02\x8a(\xa0\x02\x8a(\xa0\x04\xa2\x96\x8a\x00\
LQKE\x00%\x14R\xd0\x02QE\x14\x00\x94R\
\xd1@\x09E.(\xc5\x00%\x14R\xd0\x02b\x8aZ\
(\x01(\xa5\xa2\x80\x12\x8cR\xd1@\x09IN\xa2\x80\
\x1bJ)h\xa0\x05V\xedR\x0a\x8a\x9c\xad\x8a\x00\x92\
\x8a\x01\xa5\xa0\x04\xa2\x96\x8a\x00J)h\xa0\x04\xa3\x14\
\xb4P\x01F(\xa2\x80\x0a(\xa2\x80\x0cQE\x14\x00\
QE-\x00%\x14\x13\x8a\x8d\xdf=(\x00v\xec*\
3E\x14\x00\x98\xa2\x96\x8a\x00J)h\xa0\x02\x8a(\
\xa0\x0bU\x14\x97\x10\xc6\x7fy*)\xf7`*Z\xe4\
\xf5\x9f\x0f\x5c\x5c\x5c\x19`n\xa4\x927u\xa0\x0e\x82\
]J\xd2/\xbd:~\x075V_\x10i\xd1\xfd\xe9\
\xc0\xae\x1fP\xd0\xb5\x08\x14\x9c>}\x8dq\xfa\x9d\xad\
\xca\xc8|\xd4\x90\x9e\xe4\xe6\xaa\xc1s\xd7\xa4\xf1f\x98\
\x9d&C\xff\x00\x03\x15\x17\xfc&\x1aww\x1f\xf7\xd8\
\xaf\x16#g\x0d\x90:t\xa4\x93\x906\x9a,+\x9e\
\xf3e\xe2\x0d6\xf1\xb6\xc5u\x18oB\xc2\xb5T\x86\
\x00\xa9\x04\x1e\xe2\xber\xcb\x02\x0a\x9c\x11]\x07\x87\xbc\
c\x7f\xa5:\xabHf\xb7\xcf(\xe7<{zQ`\
\xb9\xed\xd4VO\x87\xf5\xdb=r\xd7\xcd\xb5|8\xfb\
\xf1\xb7U\xadj\x91\x85\x14Q@\x05\x14Q@\x05\x14\
Q@\x05\x14Q@\x05\x14Q@\x05\x14Q@\x05\x14\
Q@\x05\x14Q@\x05\x14Q@\x05\x14Q@\x05\x14\
Q@\x05\x14Q@\x05\x14Q@\x05\x14Q@\x05\x14\
Q@\x05\x14Q@\x05\x14Q@\x05\x14Q@\x05\x14\
Q@\x05\x14Q@\x05\x14Q@\x05\x14Q@\x05\x14\
Q@\x05\x14Q@\x05\x14Q@\x05\x14Q@\x05\x14\
Q@\x05!8\xa5\xa6\xbd\x004\x9ai\xa54\x86\x80\
\x12\x8a(\xa0\x02\x92\x96\x8a\x00J1KE\x00\x14\x98\
\xa5\xa2\x80\x0a(\xa2\x80\x0a(\xa2\x80\x0a(\xa2\x80\x0a\
(\xa2\x80\x0aJZ(\x00\xc5%-\x14\x00\x94b\x96\
\x8a\x00LQ\x8aZ(\x01(\xa5\xa2\x80\x12\x8aZ(\
\x011E-'z\x00(\xa2\x8a\x001E-\x14\x00\
\x94R\xd1@\x09E-\x14\x00\x94R\xd2P\x01E\x14\
\xb4\x00\x0axje\x14\x01-\x14\xc0i\xc0\xd0\x03\xa8\
\xc5\x14\xb4\x00\x94R\xd1@\x09\x8a)h\xa0\x04\xa2\x96\
\x8a\x00J)h\xa0\x04\xa6\xb3b\x86lTd\xe4\xd0\
\x00X\x9am\x06\x8a\x00J)h\xa0\x04\xa5\xa2\x8a\x00\
J)h\xa0\x02\x8a(\xa0\x0b4QE\x00!\x00\xf5\
\x19\xaa\x97:m\xa5\xc0\x22XT\xe7\xda\xaeQ@\x1c\
\xbd\xff\x00\x83\xacn\x07\xc8\xa1Ns\xd2\xb9\xab\xff\x00\
\x01J\x80\x98\x08`+\xd3h\xa7p\xb1\xe1\xd7\xbe\x1c\
\xb9\xb6b]\x08#\xa9\x22\xb1\xe7\xb1x\x8f\xa0\xaf\xa1\
&\x82)\x94\xac\xa8\xac\x0f\xa8\xac\x0dO\xc2vWy\
1\x8f)\x8f\xa7Jw\x15\x8f\x1d\xd2o\xee\xf4\xab\xd4\
\xb8\xb4r\x8e\xbe\xfc\x11\xef^\xd1\xe1_\x11A\xae\xda\
\x021\x1d\xd2\x8f\x9e\x22y\xfa\x8fj\xe2\xb5o\x04\xdd\
Z\x86x6\xc8\x83\xfb\xa3\x9a\xc6\xb0[\xbd&\xf69\
\x904r!\xeb\xeb\xedC\xd46=\xb2\x8a\xa1\xa2\xea\
\x0b\xa9X$\xe0mc\xc3.z\x1a\xbfR0\xa2\x8a\
(\x00\xa2\x8a(\x00\xa2\x8a(\x00\xa2\x8a(\x00\xa2\x8a\
(\x00\xa2\x8a(\x00\xa2\x8a(\x00\xa2\x8a(\x00\xa2\x8a\
(\x00\xa2\x8a(\x00\xa2\x8a(\x00\xa2\x8a(\x00\xa2\x8a\
(\x00\xa2\x8a(\x00\xa2\x8a(\x00\xa2\x8a(\x00\xa2\x8a\
(\x00\xa2\x8a(\x00\xa2\x8a(\x00\xa2\x8a(\x00\xa2\x8a\
(\x00\xa2\x8a(\x00\xa2\x8a(\x00\xa2\x8a(\x00\xa2\x8a\
(\x00\xa2\x8a(\x00\xa6?J}1\xfbP\x03(\xa5\
\xa4\xa0\x02\x8a(\xa0\x02\x8a(\xa0\x02\x8a(\xa0\x02\x8a\
(\xa0\x02\x8cQE\x00\x14QE\x00\x14QE\x00\x14\
QK@\x09E\x14P\x01F(\xa2\x80\x12\x8aZ(\
\x00\xa2\x8a(\x01(\xa5\xa3\x14\x00\x94\xb4b\x8cP\x01\
IKE\x00%\x14\xb8\xa2\x80\x12\x96\x8a(\x01(\xa5\
\xa2\x80\x12\x8aZ(\x00\xc5&)h\xa0\x04\xa2\x96\x92\
\x80\x0aZ(\xa0\x02\x81E\x14\x00\xf0i\xc0\xd4t\xa0\
\xd0\x04\x94SA\xa7P\x01E\x14P\x01E\x14P\x01\
Lv\xa4f\xa8\xcfZ\x00\x09\xc9\xa2\x8a(\x01)i\
)h\x01(\xa5\xa2\x80\x0a(\xa2\x80\x0a(\xa2\x80\x0a\
(\xa2\x80,QE\x14\x00QE\x14\x00QE\x14\x00\
QE\x14\x00\x84g\xadP\xbf\xd2mo\x10\x89\x22P\
\xde\xa0V\x85\x14\x01\xca\xc5mq\xa2NL\x0b\xba#\
\xd4v\x22\xbaKI\xd6\xe6\xdd%P@a\xd0\xf6\xa9\
H\x07\xa8\x06\x85P\xa3\x0a\x00\x1e\x82\x80\x16\x8a(\xa0\
\x02\x8a(\xa0\x02\x8a(\xa0\x02\x8a(\xa0\x02\x8a(\xa0\
\x02\x8a(\xa0\x02\x8a(\xa0\x02\x8a(\xa0\x02\x8a(\xa0\
\x02\x8a(\xa0\x02\x8a(\xa0\x02\x8a(\xa0\x02\x8a(\xa0\
\x02\x8a(\xa0\x02\x8a(\xa0\x02\x8a(\xa0\x02\x8a(\xa0\
\x02\x8a(\xa0\x02\x8a(\xa0\x02\x8a(\xa0\x02\x8a(\xa0\
\x02\x8a(\xa0\x02\x8a(\xa0\x02\x8a(\xa0\x02\x8a(\xa0\
\x02\x8a(\xa0\x02\x9a\xfd\xa9\xd4\xd6\xa0\x06\xd2S\xa9(\
\x01(\xa5\xa2\x80\x12\x8a(\xa0\x02\x8aZ(\x01(\xa5\
\xa3\x14\x00\x94R\xd1@\x09\x8a\x0d-\x14\x00\x94R\xd2\
P\x01E-\x14\x00\x94R\xd1@\x09E-\x14\x00\x94\
R\xd2P\x01E\x14\x0a\x00(\xa2\x8a\x00J){Q\
@\x09E(\xa5\xa0\x06\xd1K\x8a(\x01(\xa5\xa2\x80\
\x0a)h\xa0\x04\xa2\x96\x92\x80\x0aJZ(\x01(\xa5\
\xa2\x80\x12\x96\x96\x92\x80\x0a)h\xa0\x04\xa0R\xd1@\
\x00\xa7\x03M\xa0P\x03\xf3KL\xa5\xce(\x01I\xa6\
3PM0\xd0\x01E\x14P\x01IKE\x00%\x14\
\xb4P\x01E\x14P\x01E\x14P\x01E\x14P\x01E\
-\x14\x015\x14Q@\x05\x14Q@\x05\x14Q@\x05\
\x14Q@\x05\x14Q@\x05\x14Q@\x05\x14Q@\x05\
\x14Q@\x05\x14Q@\x05\x14Q@\x05\x14Q@\x05\
\x14Q@\x05\x14Q@\x05\x14Q@\x05\x14Q@\x05\
\x14Q@\x05\x14Q@\x05\x14Q@\x05\x14Q@\x05\
\x14Q@\x05\x14Q@\x05\x14Q@\x05\x14Q@\x05\
\x14Q@\x05\x14Q@\x05\x14Q@\x05\x14Q@\x05\
\x14Q@\x05\x14Q@\x05\x14Q@\x05\x14Q@\x05\
\x14Q@\x055\xa9\xd4\x8d@\x0d\xa2\x8a(\x00\xa4\xa5\
\xa2\x80\x0aJZ(\x00\xa4\xa5\xa2\x80\x0a(\xa2\x80\x0a\
(\xa2\x80\x0a1E\x14\x00\x94b\x96\x8a\x00J)h\
\xa0\x04\xa2\x96\x8a\x00J)h\xa0\x04\xa2\x96\x8a\x00J\
1KE\x00%\x14\xb4P\x02QKHh\x00\xa2\x8a\
Z\x00J)h\xa0\x04\xa2\x96\x8a\x00J)h\xa0\x04\
\xa3\x14\xb4P\x02QKE\x00%\x14\xb4P\x02QK\
E\x00%\x14\xb4P\x02QKE\x00%\x14\xb4\x86\x80\
\x0c\xd3I\xa54\xd3@\x05\x14R\x8a\x00(\xa5\xa4\xa0\
\x02\x8aZJ\x00(\xa2\x8a\x00(\xc5-\x14\x00\x94R\
\xd1@\x09E\x14P\x01E\x14P\x04\xd4QE\x00\x14\
QE\x00\x14QE\x00\x14QE\x00\x14QE\x00\x14\
QE\x00\x14QE\x00\x14QE\x00\x14QE\x00\x14\
QE\x00\x14QE\x00\x14QE\x00\x14QE\x00\x14\
QE\x00\x14QE\x00\x14QE\x00\x14QE\x00\x14\
QE\x00\x14QE\x00\x14QE\x00\x14QE\x00\x14\
QE\x00\x14QE\x00\x14QE\x00\x14QE\x00\x14\
QE\x00\x14QE\x00\x14QE\x00\x14QE\x00\x14\
QE\x00\x14QE\x00\x14QE\x00\x14\x86\x96\x90\xd0\
\x02QE\x14\x00QE\x14\x00QE\x14\x00\x94R\xd1\
@\x06(\xa2\x8a\x00\x05%-\x14\x00\x98\xa5\xa2\x8a\x00\
(\xc5\x14P\x01\x8a1E\x14\x00\x94QK\x8a\x00J\
)qE\x00%\x14Q\x8a\x00(\xa5\xc5\x18\xa0\x04\xa2\
\x97\x14P\x02QKF(\x01(\xa5\xc5\x14\x00\x94R\
\xd1@\x09E-\x14\x00\x94b\x96\x8a\x00))h\xa0\
\x04\xa2\x96\x8a\x00J)M\x14\x00\x94R\xd1@\x09E\
.(\xc5\x00%\x14\xb4v\xa0\x04\xa6\x9au%\x006\
\x8aZ1@\x0d\xc5-.(\xa0\x04\xa5\xa2\x96\x80\x10\
QKE\x00%\x14\xb4P\x02Q\x8aZ(\x01)h\
\xa2\x80\x12\x8a)h\x01(\xa5\xa2\x80$\xa2\x8a(\x00\
\xa2\x8a(\x00\xa2\x8a(\x00\xa2\x8a(\x00\xa2\x8a(\x00\
\xa2\x8a(\x00\xa2\x8a(\x00\xa2\x8a(\x00\xa2\x8a(\x00\
\xa2\x8a(\x00\xa2\x8a(\x00\xa2\x8a(\x00\xa2\x8a(\x00\
\xa2\x8a(\x00\xa2\x8a(\x00\xa2\x8a(\x00\xa2\x8a(\x00\
\xa2\x8a(\x00\xa2\x8a(\x00\xa2\x8a(\x00\xa2\x8a(\x00\
\xa2\x8a(\x00\xa2\x8a(\x00\xa2\x8a(\x00\xa2\x8a(\x00\
\xa2\x8a(\x00\xa2\x8a(\x00\xa2\x8a(\x00\xa2\x8a(\x00\
\xa2\x8a(\x00\xa2\x8a(\x00\xa2\x8a(\x00\xa44\xb4P\
\x03h\xa5\xa2\x80\x12\x96\x8a(\x01(\xa5\xa2\x80\x12\x96\
\x96\x8a\x00J)h\xa0\x06\xd1KE\x00%\x14\xb4P\
\x02QKE\x00%\x14\xb4P\x02QKE\x00%\x14\
\xb4P\x02QK\x8a1@\x09E.(\xa0\x04\xa2\x97\
\x14b\x80\x12\x8a\x5cQ\x8a\x00J)qF(\x01(\
\xa5\xa2\x80\x12\x8aZ(\x01(\xa5\xa2\x80\x12\x8aZ(\
\x01(\xa5\xa2\x80\x12\x8aZ(\x00\xa2\x96\x8a\x00m\x14\
\xb4P\x02RS\xb1F(\x01\xb4\x94\xfc\x0a0(\x01\
\x94S\xf0(\xc0\xa0\x06b\x8cS\xf0(\xc0\xa0\x06b\
\x8cS\xf0(\xc0\xa0\x06\xd1N\xc0\xa3\x02\x80\x1bE;\
\x02\x8c\x0a\x00m%?\x02\x8c\x0a\x00m\x14\xec\x0a0\
(\x01\x94S\xf0(\xc0\xa0\x06\xd1N\xc0\xa2\x80\x16\x8a\
(\xa0\x02\x8a(\xa0\x02\x8a(\xa0\x02\x8a(\xa0\x02\x8a\
(\xa0\x02\x8a(\xa0\x02\x8a(\xa0\x02\x8a(\xa0\x02\x8a\
(\xa0\x02\x8a(\xa0\x02\x8a(\xa0\x02\x8a(\xa0\x02\x8a\
(\xa0\x02\x8a(\xa0\x02\x8a(\xa0\x02\x8a(\xa0\x02\x8a\
(\xa0\x02\x8a(\xa0\x02\x8a(\xa0\x02\x8a(\xa0\x02\x8a\
(\xa0\x02\x8a(\xa0\x02\x8a(\xa0\x02\x8a(\xa0\x02\x8a\
(\xa0\x02\x8a(\xa0\x02\x8a(\xa0\x02\x8a(\xa0\x02\x8a\
+\x17W\x7f\x10Gp\xcd\xa5C\xa6\xcbn\x00\xc2\xcc\
\xee\xb2\x13\xdf\xa0\xc5\x00mQ^{/\x8f5-&\
\xe5a\xf1\x1e\x85%\xb0n\x92E  \xfd3\xc1\xe3\
\xde\xba\xe4\xd7\xf4\xa7\xd3c\xbf\xfb}\xba\xdaH\x09W\
g\x038\xea0y\xcf\xb7Zv\x03R\x8a\xe3.>\
#\xf8~ <\xa9n.\x18\xf4X\xe19\xff\x00\xc7\
\xb1Wt\xdf\x17[\xdc\xea\x10Y^Xj\x1at\xf3\
\x92!\xfbT;VC\x8c\xe0\x10O4Y\x85\xce\x9a\
\x8a(\xa4\x01E\x14P\x01E\x14P\x01E\x14P\x01\
E\x14P\x01E\x14P\x01E\x14P\x01E\x14P\x01\
E\x14P\x01E\x14P\x01E\x14P\x01E\x14P\x01\
E\x14P\x01E\x14P\x01E\x14P\x01E\x14P\x01\
E\x14P\x01E\x14P\x01E\x14P\x01E\x14P\x01\
E\x14P\x01E\x14P\x01E\x14P\x01E\x14P\x01\
E\x14P\x01E\x14P\x01E\x14P\x01E\x14P\x01\
E\x14P\x01E\x14P\x01E\x14P\x01E\x14P\x01\
E\x14P\x01E&E-\x00\x14QE\x00\x14QE\
\x00\x14QE\x00\x14QE\x00\x14QE\x00\x14QE\
\x00\x14QE\x00\x14QE\x00\x14QE\x00\x14QE\
\x00\x14QE\x00\x14QE\x00\x14QE\x00\x14QE\
\x00\x14QE\x00\x14QE\x00\x14QE\x00\x14QE\
\x00\x14QE\x00\x14QE\x00\x14QE\x00\x14QE\
\x00\x14QE\x00\x14QE\x00\x14QE\x00\x14QE\
\x00\x14QE\x00\x14QE\x00\x14QE\x00\x14QE\
\x00\x14QE\x00\x14QE\x00S\xd5\xb4\xebmV\xc2\
[;\xd8\xc4\x90\xc80Gq\xee=\x0dyW\x84|\
\x0b\x0d\xe6\xb7\xa9\xc3\xaa\x0b\x91oc.\xc4R\x85<\
\xeeN\x09>\x98\x03\x81\xea+\xd8h\xa6\x9d\x82\xc5;\
\x1d2\xc6\xc2\x14\x8a\xce\xd2\x08Q>\xe8D\x03\xf5\xab\
L\x8a\xcc\xac\xca\x09S\x95$t\xfaS\xa8\xa4\x01E\
\x14P\x01E\x14P\x01E\x14P\x01E\x14P\x01E\
\x14P\x01E\x14P\x01E\x14P\x01E\x14P\x01E\
\x14P\x01E\x14P\x01E\x14P\x01E\x14P\x01E\
\x14P\x01E\x14P\x01E\x14P\x01E\x14P\x01E\
\x14P\x01E\x14P\x01E\x14P\x01E\x14P\x01E\
\x14P\x01E\x14P\x01E\x14P\x01E\x14P\x01E\
\x14P\x01E\x14P\x01E\x14P\x01E\x14P\x01E\
\x14P\x01E\x14P\x01E\x14P\x01E\x14P\x01E\
\x14P\x06^\xb3\xe6C\xe5\xcf\x09 \x83\x83R\xe9\xda\
\x82\x5c\x8d\xaf\x85\x94v\xf5\xabWQ\x09\xe0x\xcfq\
\xc5ro\xbe\x19\x88\xe5dC\x8a`v4Vf\x95\
\xa8\x8b\x80#\x94\x81(\xfdkN\x90\x05\x14Q@\x05\
\x14Q@\x05\x14Q@\x05\x14Q@\x05\x14Q@\x05\
\x14Q@\x05\x14Q@\x05\x14Q@\x05\x14Q@\x05\
\x14Q@\x05\x14Q@\x05\x14Q@\x05\x14Q@\x05\
\x14Q@\x05\x14Q@\x05\x14Q@\x05\x14Q@\x05\
\x14Q@\x05\x14Q@\x05\x14Q@\x05\x14Q@\x05\
\x14Q@\x05\x14Q@\x05\x14Q@\x05\x14Q@\x05\
\x15\xcex\xd7_\x9f\xc3\xd6\xb6\xb70\xdb\xac\xd1<\xbb\
%\xdd\xb8\x05\x18\xeb\x90\x0e?#Qx\x7f\xc6\xfaN\
\xb1?\xd9\xd6Cos\xd9%#\x0f\xfe\xebt?N\
\x0f\xb5;\x01\xd4QE\x14\x80(\xa2\x8a\x00(\xa2\x8a\
\x00(\xa2\x8a\x00(\xa2\x8a\x00(\xa2\x8a\x00(\xa2\x8a\
\x00(\xa2\x8a\x00(\xa2\x8a\x00(\xa2\x8a\x00(\xa2\x8a\
\x00(\xa2\x8a\x00(\xa2\x8a\x00(\xa2\x8a\x00(\xa2\x8a\
\x00(\xa2\x8a\x00(\xa2\x8a\x00(\xa2\x8a\x00(\xa2\x8a\
\x00(\xa2\x8a\x00(\xa2\x8a\x00(\xa2\x8a\x00(\xa2\x8a\
\x00(\xa2\x8a\x00(\xa2\x8a\x00(\xa2\x8a\x00(\xa2\x8a\
\x00(\xa2\x8a\x00(\xa2\x8a\x00(\xa2\x8a\x00(\xa2\x8a\
\x00(\xa2\x8a\x00(\xa2\x8a\x00(\xa2\x8a\x00(\xa2\x8a\
\x00(\xa2\x8a\x00(\xa2\x8a\x00(\xa2\x8a\x00\x82K\x94\
\x89\xf6\xcb\x95\xcfBz\x1a\x95\x1d\x5ce\x18\x11\xeci\
\xb3D\x93FRA\x955\x85uis`\xc6H\x1d\
\x8cy\xea;}h\x03\xa1\xa2\xb9\xe8u\xb9\x94\xe2D\
Y\x07\xb7\x06\xb4 \xd5\xedd\x03{\x18\x8f\xfb]?\
:\x00\xd1\xacmz\xcbr\xfd\xa21\xf3\x0e\x1c\x0fO\
Z\xd7GY\x1420e=\xc1\xcd)\x01\x81\x04d\
\x1e\x08\xa0\x0e!\x5c\xa3\x86\x5c\x829\x15\xd3\xe9\x17\xe2\
\xea=\xacG\x98\xbd}\xeb\x0f[\xb26\x93\xe5\x07\xee\
\x9f\x91\xed\xedT\xec\xeeM\xb5\xc2\xc8\xbdGZ`w\
4TV\xd3,\xf0\xa4\x88r\x18f\xa5\xa4\x01E\x14\
P\x01E\x14P\x01E\x14P\x01E\x14P\x01E\x14\
P\x01E\x14P\x01E\x14P\x01E\x14P\x01E\x14\
P\x01E\x14P\x01E\x14P\x01E\x14P\x01E\x14\
P\x01E\x14P\x01E\x14P\x01E\x14P\x01E\x14\
P\x01E\x14P\x01E\x14P\x01E\x14P\x01E\x14\
P\x01E\x14P\x01E\x14P\x01E\x14P\x020\x0c\
\x08`\x08<\x10k\xcf\xbcY\xf0\xe6\xd6\xf1Z\xe3B\
\x09gp\x01&\x1e\x91\xc9\xf4\xfe\xef\xe1\xc5z\x15\x14\
\xd3\xb0\x1eU\xe0\xef\x19^iW\xe3F\xf16\xf4U\
\x224\x96n\x1a#\xe8\xe7\xba\xf4\xe7\xf9\x8e\x9e\xa8\x18\
\x15\xdc\x08+\x8c\xe6\xb9O\x1f\xf8V/\x10i\xcd,\
\x08\xab\xa9B3\x1b\xe3\x97\x03?!>\x87\xb7\xa1\xfc\
k\xcc\x7f\xe1-\xd4\xdf\xc3\x0b\xa0\x83)\x9b\xcc\xf2\xb7\
\x82K\x98\xfa\x08\xf1\xd7\xaf\x1fN)\xda\xfb\x0bc\xd1\
\xbcC\xf1\x0fJ\xd2\xa4x-\xc3\xde\xdc!\xc3\x08\x88\
\x08\xa7\xdd\x8f\xf4\xcde\xe9\xda\xc7\x8d|B\xeb%\x8d\
\xad\xae\x9ff\xdf2\xcb*\x1e\x9f\x8eK~\x03\x14\xff\
\x00\x03\xfc?\x86\xc8E\x7f\xad*\xcdu\x80\xc9\x01\x1f\
,_\xefz\xb0\xfc\x87\xbdz-\x1a-\x86r\x16\xde\
\x18\xd5\xe6\x05\xb5o\x13_;3n)j\x04J=\
\xb3\xf4\xf6\x15\xb1\xa6x~\xd3O\x92)R[\xc9\xa6\
\x8f8\x92{\xa9\x1f9\x18\xe4goOj\xd7\xa2\x95\
\xc0(\xa2\x8a@\x14QE\x00\x14QE\x00\x14QE\
\x00\x14QE\x00\x14QE\x00\x14QE\x00\x14QE\
\x00\x14QE\x00\x14QE\x00\x14QE\x00\x14QE\
\x00\x14QE\x00\x14QE\x00\x14QE\x00\x14QE\
\x00\x14QE\x00\x14QE\x00\x14QE\x00\x14QE\
\x00\x14QE\x00\x14QE\x00\x14QE\x00\x14QE\
\x00\x14QE\x00\x14QE\x00\x14QE\x00\x14QE\
\x00\x14QE\x00\x14QE\x00\x14QE\x00\x14QE\
\x00g\xea2\x5c\xdb\xb7\x9d\x16\x1a >e\xf4\xa8\xad\
\xb5\x98\x5c\x8101\x9f^\xd5\xa8y\xebX\xfa\x96\x90\
\x1f2Z\x80\x1b\xbaz\xfd)\x81\xad\x1c\x89\x22\xee\x8d\
\x83/\xa84\xfa\xe3\x22\xb9\x9e\xd2b\x11\x99\x18u\x07\
\xfa\x8a\xdc\xb2\xd6c\x93\x0bp\x027M\xc3\xa5\x00k\
\xd1MVWP\xcaAS\xd0\x8au \x0a(\xa2\x80\
25\x1d!%\x06K`\x12N\xa5{\x1a\xe6\xe7Y\
m\xe4)*\xb2\xb0\xea\x08\xae\xee\xab\xdd\xdaCw\x1e\
\xc9\xd00\xec{\x8a`q\xb0\xdd</\x98\x9d\xa3>\
\xaaq\x9f\xc2\xb5\xedu\xd9c\xc0\xb9A*\x7fy8\
#\xea+?U\xd1\xe6\xb3\xcb\xc7\x99\x22\xecGQ\xf5\
\xac\xd5\x97\x1e\xa0\x8a\x00\xed\x9d\xadukFH\xddX\
\x1f\xcdO\xd2\xb9\x1b\xdbg\xb4\x9d\x92A\x82?Z\x81\
fe\x90:1G\x07\xef\x0e\x0dX\xba\xd4\x1e\xe6 \
\x97\x8a\x1fo\xdd\x94\x0eG\xd7\xd4P\x06\xaf\x86\xaf\xb6\
\xcb\xf6w?+\xfd\xdfc]=y\xa2>\xd9\x15\xa2\
r\x0a\x9c\x86S]\xb5\xad\xec\xe2\xd69\x9d<\xe8\x98\
d\xb2\x0c0\xfa\x8a\x00\xd5\xa2\xa1\xb7\xb8\x8a\xe17B\
\xe1\xbdGq\xf5\x14R\x02j(\xa2\x80\x0a(\xa2\x80\
\x0a(\xa2\x80\x0a(\xa2\x80\x0a(\xa2\x80\x0a(\xa2\x80\
\x0a(\xa2\x80\x0a(\xa2\x80\x0a(\xa2\x80\x0a(\xa2\x80\
\x0a(\xa2\x80\x0a(\xa2\x80\x0a(\xa2\x80\x0a(\xa2\x80\
\x0a(\xa2\x80\x0a(\xa2\x80\x0a(\xa2\x80\x0a(\xa2\x80\
\x0a(\xa2\x80\x0a(\xa2\x80\x0a(\xa2\x80\x0a(\xa2\x80\
\x0a(\xa2\x80\x0a(\xa2\x80\x0a\x8b\xec\xf0\xf9\x9eg\x93\
\x1e\xfc\xe7v\xd1\x9c\xfdjZ(\x00\xa2\x8a(\x00\xa2\
\x8a(\x00\xa2\x8a(\x00\xa2\x8a(\x00\xa2\x8a(\x00\xa2\
\x8a(\x00\xa2\x8a(\x00\xa2\x8a(\x00\xa2\x8a(\x00\xa2\
\x8a(\x00\xa2\x8a(\x00\xa2\x8a(\x00\xa2\x8a(\x00\xa2\
\x8a(\x00\xa2\x8a(\x00\xa2\x8a(\x00\xa2\x8a(\x00\xa2\
\x8a(\x00\xa2\x8a(\x00\xa2\x8a(\x00\xa2\x8a(\x00\xa2\
\x8a(\x00\xa2\x8a(\x00\xa2\x8a(\x00\xa2\x8a(\x00\xa2\
\x8a(\x00\xa2\x8a(\x00\xa2\x8a(\x00\xa2\x8a(\x00\xa2\
\x8a(\x00\xa2\x8a(\x00\xa2\x8a(\x00\xa2\x8a(\x00\xa2\
\x8a(\x00\xa2\x8a(\x02\x9e\xa1\xa7\xc3z\x9f8\xdb \
\x1c8\xeb\x5c\xa5\xed\x9c\xf6R\xe2Q\xc1\xe8\xc3\xa1\xae\
\xde\xa3\x9a(\xe6\x8c\xa4\xa8\x1dOcL\x0eSL\xd4\
\xe4\xb4l7\xcd\x11\xea\xbf\xe1]M\xad\xccWQ\xef\
\x85\xc3\x0e\xfe\xa3\xeb\x5c\xe6\xa9\xa1I\x16d\xb4\xcc\x91\
\xff\x00w\xf8\x87\xf8\xd6]\xa5\xd4\xd6S\x86\x8c\x95a\
\xc1\x07\xbf\xb1\xa0\x0e\xf6\x8a\xa9\xa7_G}\x0e\xf4\xe1\
\x87\xdeS\xda\xad\xd2\x00\xa2\x8a(\x01:\xd6\x1e\xb1\xa0\
\xa5\xca\x99-\x02\xc77\xf7z\x03\xfe\x15\xbbE\x00y\
\xbd\xc5\xbc\xd6\xce\xcb22\x90y\xcdB\xb2\xf4\xafI\
\x9e\x08\xae\x10\xa4\xd1\xab\xa9\xf5\x15\xcf\xea>\x19I2\
\xd6o\xb4\xff\x00q\xbf\xc6\x98\x1cd\xa8\xf11\x9a\xd7\
\x93\xfcQ\xf6\x22\xbb\x0f\x03\xeab\xf2\xd5\xe2!\x81N\
pG#\xda\xb9\xdb\xbbi\xac\xa5):\xec#\xd6\xa1\
\xb6\xb8\x9a\xce\xe5nm\x1bl\xa3\xa8\xec\xe3\xd0\xd0\x07\
\xa2\x5c\xd8E+\xf9\x88Z)\x7f\xbe\x87\x04\xd1Y\xf6\
7\x97\xda\x9c\x02kY-\xe3N\x85YI \xd1H\
\x0d\xca(\xa2\x80\x0a(\xa2\x80\x0a(\xa2\x80\x0a(\xa2\
\x80\x0a(\xa2\x80\x0a(\xa2\x80\x0a(\xa2\x80\x0a(\xa2\
\x80\x0a(\xa2\x80\x0a(\xa2\x80\x0a(\xa2\x80\x0a(\xa2\
\x80\x0a(\xa2\x80\x0a(\xa2\x80\x0a(\xa2\x80\x0a(\xa2\
\x80\x0a(\xa2\x80\x0a(\xa2\x80\x0a(\xa2\x80\x0a(\xa2\
\x80\x0a(\xa2\x80\x0a(\xa2\x80\x0a(\xa2\x80\x0a(\xa2\
\x80\x0a(\xa2\x80\x0a(\xa2\x80\x0a(\xa2\x80\x0a(\xa2\
\x80\x0a(\xa2\x80\x0a(\xa2\x80\x0a(\xa2\x80\x0a(\xa2\
\x80\x0a(\xa2\x80\x0a(\xa2\x80\x0a(\xa2\x80\x0a(\xa2\
\x80\x0a(\xa2\x80\x0a(\xa2\x80\x0a(\xa2\x80\x0a(\xa2\
\x80\x0a(\xa2\x80\x0a(\xa2\x80\x0a(\xa2\x80\x0a(\xa2\
\x80\x0a(\xa2\x80\x0a(\xa2\x80\x0a(\xa2\x80\x0a(\xa2\
\x80\x0a(\xa2\x80\x0a(\xa2\x80\x0a(\xa2\x80\x0a(\xa2\
\x80\x0a(\xa2\x80\x0a(\xa2\x80\x0a(\xa2\x80\x0a(\xa2\
\x80\x0a(\xa2\x80\x0a(\xa2\x80\x0a(\xa2\x80\x0a(\xa2\
\x80\x0a(\xa2\x80\x0a\xaducmu\x9f:%f?\
\xc5\x8c\x1f\xce\xac\xd1@\x14,t\xc8\xec\xe5/\x13\xb9\
\x04t5~\x8a(\x00\xa2\x8a\xab{}\x05\xa2\xfe\xf5\
\xfes\xf7Qyc\xf8P\x05\xaa\x82\xe6\xea\x0be\xdd\
<\xaa\x9e\xc4\xf2\x7f\x0a\xa2\x1fP\xbe\xfb\x8a,\xe0=\
\xcf.\x7f\xc2\xa7\xb5\xd3-\xad\xdb~\xd3$\xbd\xdeC\
\xb8\x9a\x00\x88_\xdc\x5c\x9cYZ\xb6\xd3\xd2I~Q\
\xf9S\x85\x8c\xf3\x7f\xc7\xe5\xd3\xb0\xfe\xe4\x7f(\xad\x1a\
(\x02\xb2X\xdb$e\x04(T\xf5\xdc3\x9a\xce\xb8\
\xf0\xe5\x8c\xaeYC\xc7\x9e\xcax\xad\xaa(\x037L\
\xd2b\xd3\x9d\xda\x19\x1c\xef\x1c\x83\xd2\x8a\xd2\xa2\x80\x0a\
(\xa2\x80\x0a(\xa2\x80\x0a(\xa2\x80\x0a(\xa2\x80\x0a\
(\xa2\x80\x0a(\xa2\x80\x0a(\xa2\x80\x0a(\xa2\x80\x0a\
(\xa2\x80\x0a(\xa2\x80\x0a(\xa2\x80\x0a(\xa2\x80\x0a\
(\xa2\x80\x0a(\xa2\x80\x0a(\xa2\x80\x0a(\xa2\x80\x0a\
(\xa2\x80\x0a(\xa2\x80\x0a(\xa2\x80\x0a(\xa2\x80\x0a\
(\xa2\x80\x0a(\xa2\x80\x0a(\xa2\x80\x0a(\xa2\x80\x0a\
(\xa2\x80\x0a(\xa2\x80\x0a(\xa2\x80\x0a(\xa2\x80\x0a\
(\xa2\x80\x0a(\xa2\x80\x0a(\xa2\x80\x0a(\xa2\x80\x0a\
(\xa2\x80\x0a(\xa2\x80\x0a(\xa2\x80\x0a(\xa2\x80\x0a\
(\xa2\x80\x0a(\xa2\x80\x0a(\xa2\x80\x0a(\xa2\x80\x0a\
(\xa2\x80\x0a(\xa2\x80\x0a(\xa2\x80\x0a(\xa2\x80\x0a\
(\xa2\x80\x0a(\xa2\x80\x0a(\xa2\x80\x0a(\xa2\x80\x0a\
(\xa2\x80\x0a(\xa2\x80\x0a(\xa2\x80\x0a(\xa2\x80\x0a\
(\xa2\x80\x0a(\xa2\x80\x0a(\xa2\x80\x0a(\xa2\x80\x0a\
(\xa2\x80\x0a(\xa2\x80\x0a(\xa2\x80\x0a*\x0b\x9b\xa8\
m\x973\xc8\xa9\xecO'\xf0\xac\xab\x9f\x10D\x84\x8b\
x\xdaC\xea\xc7\x02\x807)\xac\xca\xa3,@\x1e\xe6\
\xb9\x1b\x8db\xf2bq'\x96\xa7\xb2\x0c~\xb5BI\
\x1eC\x99\x1d\x9c\xfb\x9c\xd3\x03\xb5\x93P\xb4\x8f\xef\x5c\
G\xf8\x1c\xff\x00*\xab&\xb9b\x9d$g\xff\x00u\
O\xf5\xaeEU\x99\x80\x00\x93\xe9Z\x16\x9aE\xd5\xce\
\x0e\xcd\x8b\xea\xdcP\x06\xc1\xf1\x0d\xbex\x86S\xf9\x7f\
\x8dIo\xad\xc53\x1c\xc6\xd1\xa0\xea\xee@\x02\xa8\xff\
\x00f[Y\x95\x12\x16\xb9\xb8=\x22^\x07\xe3\xedX\
:\xa5\xe9\x96S\x12\xb2\xbe\xd3\xc8A\xfb\xa4>\x83\xfb\
\xc7\xde\x80:\xaf\xb7\xdcj\x0cSMM\x90\xe7\x0d;\
\x8f\xfd\x04U\xbb=>\x1bc\xbc\xe6I\x8f\xde\x91\xf9\
&\xb2<\x1aK\xc3;\x1e\x81\x82\x8a\xe9)\x00QE\
djz\xb8\x81\x9a\x1bp\x1aA\xc1c\xd1\x7f\xc6\x80\
4n.\x22\xb6M\xd3\xc8\xa8=\xfb\xd4VW\xd1^\
\x16\xf2C\x10\xbd\xc8\xaeY!\x9a\xfa\xe4\x0c\xb3\xb9\xea\
Mu\x966\xcbin\xb1\xaf8\xea}M0,Q\
E\x14\x80(\xa2\x8a\x00(\xa2\x8a\x00(\xa2\x8a\x00(\
\xa2\x8a\x00(\xa2\x8a\x00(\xa2\x8a\x00(\xa2\x8a\x00(\
\xa2\x8a\x00(\xa2\x8a\x00(\xa2\x8a\x00(\xa2\x8a\x00(\
\xa2\x8a\x00(\xa2\x8a\x00(\xa2\x8a\x00(\xa2\x8a\x00(\
\xa2\x8a\x00(\xa2\x8a\x00(\xa2\x8a\x00(\xa2\x8a\x00(\
\xa2\x8a\x00(\xa2\x8a\x00(\xa2\x8a\x00(\xa2\x8a\x00(\
\xa2\x8a\x00(\xa2\x8a\x00(\xa6\xbb\xach\xce\xec\x15T\
d\x93\xda\xb0\xb5MW\xcc\x0f\x05\xa1e\xec\xd2\xe3\x1f\
\x80\xff\x00\x1a\x00\xd8{\xbbh\xdc\xa3\xcf\x12\xb8\xec\x5c\
\x03Yo\xaf)r!\xb7wPH$\xf1\x9fLV\
<q\x22\x8c\xa2\x02s\x82z\x9a\x95I\xc1\xc8\x18\xfe\
\x11\xd2\x98\x1b\x0b\xae\xda\x88CJ\x1d\x1f\x19\xd8\x14\x93\
R\x0dj\xcb\x04\x99J\xe0g\x955\x82I\xda\x14\x92\
O\x07>\xf4\xacwgr\x80O\x19\xceh\x03\xab\x8a\
h\xa6\x19\x8aDq\xfe\xc9\xcdI\x5cj\xa2\xc1&\xf8\
\xf0\x8c:\x15\xe0\xd6\xad\x8e\xaf\x22|\x97\xc01'!\
\x90t\x18\xee(\x03v\x8a\xa9k\xa8\xda\xdd6\xd8\xa5\
\x05\xb1\x9c\x11\x83\xfa\xd5\xba@\x14QE\x00\x14QE\
\x00\x14QE\x00\x14QE\x00\x14QE\x00\x14QE\
\x00\x14QE\x00\x14QE\x00\x14QE\x00\x14QE\
\x00\x14QE\x00\x14QE\x00\x14QE\x00\x14QE\
\x00\x14QE\x00\x14QE\x00\x14QE\x00\x14QE\
\x00\x14QE\x00\x14QE\x00\x14QE\x00\x14QE\
\x00\x14QE\x00\x14QE\x00\x14QE\x00\x14QE\
\x00\x14QE\x00\x14QE\x00\x14QE\x00\x15CV\
{\xb5\x89V\xcd\x09f\xeaGQW\xe8\xa0\x0e6k\
\x0b\xe9\x5c\xbc\x91H\xcez\x93\xcd4iW\x8c\x7f\xd4\
?\xe21]\xa5\x14\xc0\xe5\xa0\xd0\xae_\x1ef\xc4\xfa\
\x9c\xd6\x85\xbe\x83\x0a\x01\xe7;9\xf4\x1c\x0a\xd9\xa8\xae\
n\x22\xb6\x85\xa5\x9d\xc2\xa0\xeeh\x01\x90\xda[[\x8c\
\xc7\x12.;\x9f\xf1\xa8\x1a\xe2[\xa61\xd9\xfc\xb1\x8e\
\x1ab8\xff\x00\x80\xfa\xd4\x10\x89\xf56\x12L\xa6\x1b\
?\xe1\x8c\xfd\xe7\xf7>\xd56\xb3s\xf6\x0d2G\x84\
\x00\xf8\xda\x83\xb0&\x90\x1c\xfe\xbbx\xb0o\xb2\xb2n\
O\x13\xcb\x9c\xb1>\x99\xaexap\xa3\xa0\xf4\xa99\
\xc9$\x92z\x92{\x9fZt\x11\x86\x94g\xd6\x98\x1d\
\x9f\x85\xa0\xf24\xb0q\xcc\x8c[\xfaV\xc5Ac\x1f\
\x95g\x0aw\x0a3Qj\x97\x7fd\xb5f\x1f\xeb\x0f\
\x0a=\xe9\x01KZ\xd4LY\x82\x03\xf3\x11\xf30\xed\
\xedX\xd6\x96\xb2\x5c\xca\x15\x06s\xd7\xda\xadYi\xb3\
]\xbe\xf92\x91\x9eI=MtV\xb6\xf1\xdbF\x12\
%\xc0\xf5\xeei\x81\x1d\x85\x9cv\x91\xe1FX\xf5j\
\xb5E\x14\x80(\xa2\x8a\x00(\xa2\x8a\x00(\xa2\x8a\x00\
(\xa2\x8a\x00(\xa2\x8a\x00(\xa2\x8a\x00(\xa2\x8a\x00\
(\xa2\x8a\x00(\xa2\x8a\x00(\xa2\x8a\x00(\xa2\x8a\x00\
(\xa2\x8a\x00(\xa2\x8a\x00(\xa2\x8a\x00(\xa2\x8a\x00\
(\xa2\x8a\x00(\xa2\x8a\x00(\xa2\x8a\x00(\xa2\x8a\x00\
(\xa2\x8a\x00(\xa2\x8a\x00(\xa2\x8a\x00(\xa2\x8a\x00\
(\xa2\x8a\x00(\xa4<u\xaa7Z\x82G\x95\x88\x17\
o^\x80P\x05\xb9%\x8e!\x99\x1dT{\x9cVK\
k\x84\xb3\x84\xb5r\x07B\xcc\x06k>Wi~g\
Q$\x8d\xc9cP\x17\x07\x95\xcf\x1d\x00\xa6\x05\xab\xa9\
\xa5\xb9wy\x9c\xed\xc7\x11\x03\x85\x1e\xd5O\xa6rF\
q\x9e\x9cR\x96\xc9\x00\xb1\xeb\x9e\x94\x0c\x11\xb87A\
\x81\xc6\x05\x02\x1f\x12\xee\xc1\xc2\x84\xc9\x1b\x8f\x02\x90|\
\xac\xc1\xb6\x92i\x15_\x04/\x00\x9e\x84S\x94;\xca\
\xdfx\x13\xc9\xcf\xd3\xeb@\x02\xe3\xcc<\x0f\xa78\x14\
\xbc1`\xa0\xe3\x1d\x861A\x00\x8c\xb6\x03w9\xfe\
t\xaa\x80\x11\x82I\x1dy\xe2\x80\x13\x04\x96\x1f.G\
!NjL\x14#\xe5\xc1\xcepz\x8e\x94\xc4'\xa7\
\x01H\xeb\xebB\x13\xc9\xc8 `s@\x0d\x91##\
\x1b\x8a\xe3\x90A=k{M\xbfY\x94G)\x02E\
\x1c\x9c\xe0\x1a\xc7\x0d\xc1R\x07\x1c\xe4Tec\x90\x0d\
\xc38\xe0\x1a\x06u\x80\x83\xd0\x8aZ\xe6\xad\xc8\x85\xe3\
\x91\x0bn\x00\xf7\xeb\xed\x9e\xc2\xb7\xedei\xa0Gu\
\xda\xc7\xa8\xa4\x04\xd4QE\x00\x14QE\x00\x14QE\
\x00\x14QE\x00\x14QE\x00\x14QE\x00\x14QE\
\x00\x14QE\x00\x14QE\x00\x14QE\x00\x14QE\
\x00\x14QE\x00\x14QE\x00\x14QE\x00\x14QE\
\x00\x14QE\x00\x14QE\x00\x14QE\x00\x14QE\
\x00\x14QE\x00\x14QE\x00\x14QE\x00\x14QE\
\x00\x14QE\x00\x14QE\x00\x14QE\x00\x14QE\
\x00\x14QE\x00\x14QHH\x00\x92p\x07z\x00Z\
\x8ai\xe2\x81wM\x22\xa0\xf75\x87\xaa\xeb\xea\x9b\xa3\
\xb3\xf9\x8fC'o\xc2\xb9\x9b\xab\x99$&IX\xb3\
{\x9a`u\xf7\xbe \xb3\xb7\x8f(\xc6g<\x04N\
\xa4\xd2X\xdbI~\xeby\xa8\x0c\x10s\x1c=\x93\xfc\
MrVQ\x95\x9e\x02\xff\x003\x06\x06\xbd\x15~\xe8\
\xa0\x03\xa5s\x1e0\xba\x01\xe1\xb6\x07\x8co?\xc8W\
Q\x5c\x0e\xb5?\xdau)\xd8r\x03m\x1fA@\x14\
\xb0M_\xd1\xad\x8c\xd7\xb1/$\x16\xe7\xe9\xd6\xa9 \
9\xc5t\xde\x18\xb7\x1el\x92\xe3\x84\x1bA\xf7<\x9f\
\xe9@\x1d\x15E%\xbcrH\x1eA\xb8\x8e\x80\xf6\xa9\
\xa8\xa4\x02\x0e:R\xd1E\x00\x14QE\x00\x14QE\
\x00\x14QE\x00\x14QE\x00\x14QE\x00\x14QE\
\x00\x14QE\x00\x14QE\x00\x14QE\x00\x14QE\
\x00\x14QE\x00\x14QE\x00\x14QE\x00\x14QE\
\x00\x14QE\x00\x14QE\x00\x14QE\x00\x14QE\
\x00\x14QE\x00\x14QE\x00\x14QE\x00\x14QE\
\x00\x14QE\x00\x14QE\x00\x14\xc6p\xa2\x91\xdc\x01\
T\xe7\x9c\x0e\x061@\x05\xdd\xc1+\xb4p\x0f^+\
2i3\xf2\xae\xef\xa8\xefE\xc4\xc0\xe4\x0f\xbd\x9e\x82\
\xa9H~S\x9c/\x1c\xe4\xd3\x00f;\x88g<\x1c\
`SL\x84\x1e?<\xf1HHbJ\x9c\x03\xdb\xd2\
\x95s\xce3\x8f]\xb9\xfaP!P\xe0\x93\xbb>\xbc\
\xe2\x80:u\xf7\xc9\xa0gi<\xe3=v\xf6\xa5\x0a\
O\xcc\x0f=9\x19\xa0\x05\x07?x\x0cu\xc6jD\
\x0a\x01\xc1\x19\x03\xd3\xfa\xd2D\xac\xd2`\xa8\x07\xda\xa5\
\x1f6\x00<\x1e3\x9a\x00\x87\x80\x0e=\xa9\xc8I?\
tu\xec9\xa4\x5c\x13\x86?0\xcfzq\x07\x1bH\
\xdd\x80\x01\x1d\x0f\xf9\xeb@\x08\x00\xed\x9c\x02s\xc7J\
Pr\xca\x5c\x91\xed\xef\xc5\x00\x02\xc4\x92Y\xfd\x01\xc5\
\x07\xaf\x0a(\x00\x07\x9f\x97q\xe3\xd3\xfa\xd4\x84s\x90\
\x0a\xe3\xad00,O\x07\xf0\xe6\xa4U\x18\x01rO\
?\xe3@\x0c\x18\x03\x04\x123\xcej\xcc2\xb4eV\
)\x19ps\x8c\xf1\xf9Ug\xc0'\xb0\xf5=i\xea\
\xe4c\x1d}1@\x1b\xb6w\x1fh\x8f$ma\xc1\
\x15b\xb2l\xe41\xca\xa4\xf3\xb8\xed9\xadjC\x0a\
(\xa2\x80\x0a(\xa2\x80\x0a(\xa2\x80\x0a(\xa2\x80\x0a\
(\xa2\x80\x0a(\xa2\x80\x0a(\xa2\x80\x0a(\xa2\x80\x0a\
(\xa2\x80\x0a(\xa2\x80\x0a(\xa2\x80\x0a(\xa2\x80\x0a\
(\xa2\x80\x0a(\xa2\x80\x0a(\xa2\x80\x0a(\xa2\x80\x0a\
(\xa2\x80\x0a(\xa2\x80\x0a(\xa2\x80\x0a(\xa2\x80\x0a\
(\xa2\x80\x0a(\xa2\x80\x0a(\xa2\x80\x0a(\xa2\x80\x0a\
(\xa2\x80\x0a(\xa2\x80\x0a(\xa2\x80\x10\x90\x01$\xe0\
\x0e\xf5\xc9kz\xb9\xbaf\x86\x02D\x03\x82G\xf1\xff\
\x00\xf5\xaao\x12j\x85\xd9\xad-\xdb\xe4\x07\x12\x11\xdf\
\xda\xb9\xd6\xdd\xd3\xbd0\x1d\x9c\x9ej\x06M\xf71\xa1\
\xe8\x06\xe3\xfd*tN\x9d\xeaX`#\xcd\x90\xe7\x04\
\xe3\xa7\xb5\x00Ob\x07\xdac\xfa\x8a\xee\xd7\xee\x8f\xa5\
q\x16\x09\xfe\x95\x1e=G\x15\xdb\xaf\xdd\x1fJ\x00\x8e\
\xeaO*\xdaW?\xc2\xa4\xd7\x9f\xc9\xcc\xc4\xfb\xd7i\
\xafK\xe5\xe9\xce\x07W!\x7f\xcf\xe5\x5cf\x09<\xd0\
\x04\xb6\xea\x0b\xf4\xce9\xe9]\xa6\x97o\xf6k(\xd0\
\xfd\xe3\xf37\xd4\xd7;\xa1Zy\xd7)\xb8|\xab\xf3\
\xb7\xf4\x1f\xe7\xd2\xba\xda\x00(\xa2\x8a@\x14QE\x00\
\x14QE\x00\x14QE\x00\x14QE\x00\x14QE\x00\
\x14QE\x00\x14QE\x00\x14QE\x00\x14QE\x00\
\x14QE\x00\x14QE\x00\x14QE\x00\x14QE\x00\
\x14QE\x00\x14QE\x00\x14QE\x00\x14QE\x00\
\x14QE\x00\x14QE\x00\x14QE\x00\x14QE\x00\
\x14QE\x00\x14QE\x00\x14SK\x01\xd4\xd4R\xcc\
\x07\x02\x80%f\x03\xadC$\xc0w\xaas\x5c\xe3\xd6\
\xa9\xcbp\xe4\xae\xcc\xe4\x9c`\x9a\x00\xb7=\xc8\xce\x05\
f\xdcJ\xcd\x9c0\x03\xddI\xa6\xcc\x8c\x14y\xacD\
\xdf\xc4\xbb\x86\x00\xc7\xb7z\x84\x02\x5c\x8d\xa7=\xb2\xd8\
\x14\xc0RCv\xed\x96\xe2\x9a\xaa\xc0/\xcf\x8c\xe7\x82\
(\x0b\xb40+\xc9\xeas\x9ai\xc3\x8c\xf0\x09\xfa\xf3\
@\x85\x0c\xc4\x92\xa3;Nrx?\x85 ^K\x0c\
g=CP\xa5\x8e\x01\x03=8\x06\x95B\x1e\xbb\xb9\
\xe9\x9e(\x01\xdbp\xed\x80\x0f<\xf3\x9f\xc2\x95T\x0d\
\xaa\xa7\xf0\xc6\x01\xa4\xd82@_\x98\x9e\xbds\xe9S\
\xa2\x80\x00\x03'\xd4\x0c\x8a\x00Q\xc2\x91\xc6;\x8fZ\
T\x07\x9c\x9e\xbd\x0e)H\xc9\xc7\xe5J\xc4\x8eq\x9c\
\x0f\x5cP\x04=FB\xe3\xb1+\xc8\xa5\x07+\x923\
\x83\xe9\xd6\x9f!8\xf9w\x8c\xe3\x8e0i?\x87\x90\
O\xb9<\x8a\x00n\x09\x0aq\xf9\x8ar\xa1\xe7\xd39\
\xc5\x05\x14\x03\xd7#\x9e\xbf\xe7\x8aW\x00\x02IP\x17\
\xd6\x80\x14\x12r00y\xe9J\x09U\x04\xb3\x0c\xf1\
\xd2\x9aNH \x8fl\x0a\x08\xdb\x8d\xd9\xcf\xe8(\x01\
\x5cc\xee\xfc\xdfCL\xc9'\x0c\x0f^\x09\xa9OB\
\x14\xe3\x8f\xce\xa2b3\x82K\x1f\xee\x8e1@\x16\x10\
\xa9\x002\xe4\x83\x9cf\xb4\xadn\x9c\xb0I\xb1\xcfF\
\xe9\x93X\xf1g#\x03\xa7|u\xabjr\x06I\x14\
\x80\xdb\xa2\xa9\xd8N\x1dJ3\x12\xe3\x9c{U\xca\x06\
\x14QE\x00\x14QE\x00\x14QE\x00\x14QE\x00\
\x14QE\x00\x14QE\x00\x14QE\x00\x14QE\x00\
\x14QE\x00\x14QE\x00\x14QE\x00\x14QE\x00\
\x14QE\x00\x14QE\x00\x14QE\x00\x14QE\x00\
\x14QE\x00\x14QE\x00\x14QE\x00\x14QE\x00\
\x14QE\x00\x14QE\x00\x14QE\x00\x14QE\x00\
\x14QE\x00\x15\x99\xaf_\xfd\x8a\xcc\x84lM'\x09\
\xed\xefZ.\xeb\x1a3\xb9\xc2\xa8\xc9>\x95\xc1\xea\xd7\
\xad}|\xf2\x1c\xec\x1f*\x0fAL\x0a\x85\x88bz\
\x93\xceM:\x14-\x92~\xb4\xe8\xe2\x07\x93ZZn\
\x9f%\xdc\xb8PB\x0e\xad\xd8P\x03t\xdb\x09.\xa4\
\x0a\x83\x0b\xfcM\xe9Z\xfa\xc5\xbcv\xd6pC\x18\x00\
d\x92}kf\xda\x08\xed\xe2\x11\xc40\x07\xebT5\
\xf8\xf7[\xc6\xde\x8d\x8a\x00\xc3\xb0_\xf4\xa4\xfa\xd7^\
:\x0a\xe54\xe1\xfe\x99\x18\xae\xb2\x800\xbcU!\x16\
\xf1F;\x92k\x9c\x8dr}\xabg\xc4\xecZ\xf24\
\xec\x16\xa3\xd0\xec\xfc\xfb\x80X|\x8b\xf37\xbf\xa0\xa0\
\x0d\xbd\x12\xd4\xdb\xd9\xa9q\x89\x1f\xe6ooAZ\x14\
QH\x02\x8a(\xa0\x02\x8a(\xa0\x02\x8a(\xa0\x02\x8a\
(\xa0\x02\x8a(\xa0\x02\x8a(\xa0\x02\x8a(\xa0\x02\x8a\
(\xa0\x02\x8a(\xa0\x02\x8a(\xa0\x02\x8a(\xa0\x02\x8a\
(\xa0\x02\x8a(\xa0\x02\x8a(\xa0\x02\x8a(\xa0\x02\x8a\
(\xa0\x02\x8a(\xa0\x02\x8a(\xa0\x02\x8a(\xa0\x02\x8a\
(\xa0\x02\x8a(\xa0\x02\x8a)\x09\x03\xad\x00-\x15\x1b\
H;To0\x1dM\x00L\xcc\x05C$\xb8\xcdU\
\x96\xe5G~\xb5R[\x86m\xc1y\x22\x80-Mq\
\x8c\x8a\xab<\xf8\x00\x921\xedU\x9aM\xc78\xe3\xdc\
qL#$c8\xc50\x1d!88\xe1G~\xb9\
\xaa\xec\x01R\xd8\x1bs\xc8=\xaaQ\x91\xc1\xcf\x1c\xf3\
\xda\x9acl\x80\x09\xc0\xef\x9a\x04#\x106\x82B\xb7\
rE3\xa68\xcf\xe1Rcn\xec\x93\x82G$\xf2\
\x7f\x0aB\x17\x93\xf3s\xe9@\x0d\x08\xc39P\x01\x18\
\xe9\xef\xde\x9b\x8e~R\xc4\x8ezt\xa7\x85q\x96\x18\
_}\xc7\x9f_\xa57\x1d@\xc1\xc7\x19\xcfA\xeb@\
\x0a\x87\x19\xfb\xc1y\xcd9F\xe3\x80I\xcf\x00\x13H\
\xa8:\xe1\x7f\x1ejE$6\x019\xcf\x7f\xf0\xed@\
\x04h\xbb\xb7m9\xe9\x9a\x98\x1c\xa9\xf9\x18\x0f\xad\x0b\
\x80F\xec\xe3=\xc7\x14\x9d\x07$\xe2\x80\x05\x03\xb8>\
\xc7\xa1\xa1z\xfc\xd8\x1f\xad;\xdb8\x1e\xf4\x8a\x00\x04\
\x02p:\xe7\xfaP\x02\x8cc\x9d\xbc\x1cd\x0a8 \
\xfa\xf68\xa4\x1c\x8c\xe7\x8e\x984\xe0\x00\xc19\xear\
s@\x03\x1f\xee\xe7\x91\xd8S\x18\x059\x01\x87\xa1\xc6\
A\xf6\xa7\x11\xc9\xdb\x8e\x07\x1c\xe0\xe6\x92D\xc7s\x9e\
\x98\xcfz\x00i8\xc0\x00\xb2\x9e\xfb\xbaR\x12Oo\
\x94\x0e1\xfe4\xad\xd3\xae\x07\x19\xcf\x19\xfci\xb8\xf9\
~\xf7\x1d(\x02H\xf2\x07\xf2<S\x1f\x921\x92@\
\x1d\x7f\xad*>:\xf0;\x93\xde\x95\x88\xc8\xf7\xf4\x1f\
\xe7\xd2\x80\x18N\x18g\x00\xe7\x07\x9a\x9a&\xe3\x18'\
\xd3\xd2\xab\x8eC\x0d\xc0\xfa\x12*El\x1c\x10>\xa0\
f\x80,\xa9`C\xa9\xc1\x07\x83W-o\x8ev\xcc\
A\x07\xa3\xff\x00\x8dP#\x80y\xca\xf5=3N\x1b\
\xb01\x9e\x99'8\xa43t\x1c\x8c\x8e\x94\xb5\x9f\xa7\
O\xb4\x18\xa4`9\xf92\x7fJ\xd0\xa0\x02\x8a(\xa0\
\x02\x8a(\xa0\x02\x8a(\xa0\x02\x8a(\xa0\x02\x8a(\xa0\
\x02\x8a(\xa0\x02\x8a(\xa0\x02\x8a(\xa0\x02\x8a(\xa0\
\x02\x8a(\xa0\x02\x8a(\xa0\x02\x8a(\xa0\x02\x8a(\xa0\
\x02\x8a(\xa0\x02\x8a(\xa0\x02\x8a(\xa0\x02\x8a(\xa0\
\x02\x8a(\xa0\x02\x8a(\xa0\x02\x8a(\xa0\x02\x8a(\xa0\
\x02\x8a(\xa0\x02\x8a(\xa0\x02\x8a*;\x89R\x08^\
Y\x0e\x15FM\x00bx\xa6\xf7\xcb\x80[!\xf9\x9f\
\x96\xfazW1\x12n9\xc74\xfb\xbb\x97\xbb\xbb\x92\
W\x1c\xb1\xfc\xabWJ\xd3\x9a\xe5\x81#\x11\x83\xc9\xa6\
\x02i\x9as]\xc8\x09\xf9c\x1dMupB\x90F\
\x125\x01E\x10\xc4\x90\xc6\x121\x80*J@\x15S\
T\x8f\xcc\xb1\x90\x0e\xa0f\xad\xd3]C)S\xd0\x8c\
P\x073\xa4\xc6\xcf|\x84\x0e\x14\xe4\xd7QYZD\
%%\x94\xb7PqZ\xb4\xc0\xe65rf\xd4\xdd\x17\
\xd9kwO\xb6\x16\xd6\xe1\x7f\x88\xf2j8t\xf8\xe3\
\xb9y\xc9,\xcc\xc5\xb9\xedW\xa8\x00\xa2\x8a)\x00Q\
E\x14\x00QE\x14\x00QE\x14\x00QE\x14\x00Q\
E\x14\x00QE\x14\x00QE\x14\x00QE\x14\x00Q\
E\x14\x00QE\x14\x00QE\x14\x00QE\x14\x00Q\
E\x14\x00QE\x14\x00QE\x14\x00QE\x14\x00Q\
E\x14\x00QE\x14\x00QE\x14\x00QMwU\xea\
j&\x9b\xd3\x8fs@\x13\xd3\x1aE^\xa7\x9a\xae\xce\
H\xe1\x8f>\xf5\x0b>=\xff\x00\x1a\x00\xb2\xf7\x18\x1c\
\x02>\xb5^I\xfe\x5c\x96\xe9\xefP<\x83\xa8#\x03\
\x8a\x88\xc8\x1b \xb2\xf4\xef\xc5\x00N\xf3\x9e\x06\xee\xb5\
\x0b\xcf\xbb\x80pEB\xecC\x1e\x07\xd0\x1ak\x03\xd4\
\x0f\xa2\x9c\xd0\x02\xc8\xec\xcd\x82\xdf.:\x11\xd4}*\
1\xbc\x82\x0b\xb2\x8f\xf6M40\xe4\x9c\x9e:\xd0\xf8\
*A<q\x90F\x09\xfc\xff\x00\x0ab\x02p\xdc\xb0\
=\x86\xeanIB{g\x00v\xa5\x18'\xe5\xc7\xa0\
#\xfci@2\x10K\x03\xd7<P\x04AF\xd3\x85\
\x1c{\xd0p[\x04\xaeA\xe3\x9a~\xdd\x9ft0\x18\
\xc8#\xb5)\x7f\x97\x1b\x81\xfcq\x9fZ\x00\x886\xe5\
\x18\xc7N\x9f\xfdzq\x04\xe0\xa89\xc8\xe7\x02\xa4Q\
\xc0\x00\x8cg=)0OL\x10\xbdNE\x000r\
\x088,9\xe4rE\x01~bI\x01q\xd7\x15 \
RJ\x80\xd8\x18$\x8c\xe7?J\x1a=\xa4q\xc1\xe7\
\x93\xd6\x80\x18\xa5\x89\x19\x19R>l\xff\x00Z\x99I\
\xdf\x82\x098\xfb\xd9\xe6\x9a\x89\x86\xeb\x93N%\x7f\x87\
\x97\x1dx\xcd\x00?q\xd8J\x1d\xe7<\xe6\x85\xfb\x87\
=EG\xb9\x0e\xe2\x08=\xb0E<\x9c\xe0\xe0\x06\xe4\
w\xa0\x05S\xc1\x00t\xeb\xcd4\x8e\x9cv\xe0\xf7\xa3\
\x9e\xfd\x7f\xbc\x16\x94\x16bA\xdc@\xf5\x1d\xe8\x01\xc5\
\xb7`\x17\x18\x1e\xd4\x9d\xb9\xc3\x1c\xd1\x83\x9070?\
\xa5+\x0d\xa9\xf3\x13\xbb\x8e\xfcP\x01\xd7\xbe\x1b\xde\x85\
\xdd\x9eNG\xa5&>UR\xdc\x9e\x9fJ]\xc1\x81\
\xces\x9e0h\x02\x16\xeb\xf2\x83\x93\xc6}h.y\
\xe1H\x1e\xfd)\xdd\x0e22z\x9eN)X\x10\xa3\
\xdct4\x00\xd5\xe86\x82[\xf9R\xb2\x93\xd7\xd7\xaf\
\xb5\x19\x07\x04\x1d\xa7\x1d\x8d(\x1cq\x82\x08\xec(\x01\
\xa5H\xe4`v\xc61A9pX`\xf6\xc1\xef\xf5\
\xa7\xbeG\xa7\x5c\x91\xd7\x14\xd8\xd9I\x01\x1b\x91\xc1\xef\
\x9a\x00\x93\x86\xce6\x92\xa4\x1fZ\x08\x1b\x8e\xdcw\xc6\
iW\xd7\x19\xf7\xc59\x95\xb0\x19O#\x9ex\xa0\x08\
\xc9f\x1b\x81\xc7\xa1\x07\x9a\xd6\xb2\xbb\x8eH\x91ZA\
\xe6\x01\xc8<t\xac\xcc\xb0\xc9-\x93\xf5\xc5\x1bU\xc1\
\x00\x82G=zR\x19\xb8\x92#\x80Q\xd5\xb3\xe8i\
\xf5\x83\x1cEYYN\xd2=\x0f\xadiY\xcd\x85\xd8\
\xe4\xe7\xaeI\xcd\x00\x5c\xa2\xab\xad\xe4\x0d<\x91y\x80\
:}\xe0x\xc5R\xba\xd5\xd4\x06[4\xf3\x5c\x12\x03\
\x13\x85\xcf\xd7\xbd\x00j\xd2\x16\x00\x12H\x00r}\xab\
\x9cv\xb8\x9f\x0d$\xae\xae:\xecb\x07\xe5\x9a\xac\xf6\
\xd1\xb3\xee\x94\x17'\x81\xb8\x93\xfc\xe9\x85\xce\x8ek\xfb\
XX\xac\x93\xa0`3\x8c\xe4\xd5\x1b\xad\x5c2*\xd9\
\x0c\xc8\xc7\x96q\x80\xb5\x9c\x91\xa2\x9c\xa2\xe0\xfa\x90}\
=\x7f*P\x14\x10\x07>\xbcf\x80%\x17\x17\x8d \
?k=?\x84\x0c\x0aak\x99Xy\xb7R\xb7o\
\x91\xb6\xff\x00*w$\x10H\x1cdR\xb2\xe0\x92\x01\
>\xb8\xa0C\x17\xcd\x8c\x92\x973.z\xfe\xf0\x9f\xe7\
SZj\x13[J\x16\xe2_6\x02@.\xddV\x99\
\xbbnrO\xb8=\xbf*U\xc3d\xf1\x93\x90{\xd0\
\x07@\x8c\xae\xa1\x90\x82\xa4d\x11\xde\x9d\x5c\xfd\xa4\xd3\
\xda\xca6\x13$'\x83\x19n\x9e\xe2\xae\x9dYF\x7f\
q(\x03\xaeH\x1f\xd6\x81\x9atU\x01\xa9'\xccZ\
)\x02\xa9\x1c\xe2\x98\xda\xb4ar\xb0\xca\xc7\xd3\x14\x80\
\xd2\xa2\xb3\x1bV\x8c\xc7\x85\x8d\xc4\xc4p\xac?\xadR\
Y&$\x16\xb9\x9499\xf68\xf6\xa0\x0e\x82\x8a\xc6\
\x8a\xf6\xe5\x01\xdcc\x95G \x90A5f=M\x0e\
\x04\xb1\xc8\x8c}\x06\xe1@\x1a\x14Ux\xaf-\xe5\x19\
YT\x7f\xbd\xc7\xf3\xa9\xe8\x01h\xa2\x8a\x00(\xa2\x8a\
\x00(\xa2\x8a\x00(\xa2\x8a\x00(\xa2\x8a\x00(\xa2\x8a\
\x00(\xa2\x8a\x00(\xa2\x8a\x00(\xa2\x8a\x00(\xa2\x8a\
\x00(\xa2\x8a\x00(\xa2\x8a\x00+\x98\xf1]\xe9g[\
H\xdb\x81\xcb\xfd{\x0a\xe8n\xe7\x16\xf6\xef+\x7f\x08\
\xfc\xeb\x91\xb6\xb6\x93Q\xbb'\xa9f\xcb1\xedL\x07\
h\x9ak]>\xe6\xc8\x8cu5\xd7C\x12C\x18H\
\xc0\x0a)\xb6\xb6\xf1\xdbB#\x88`\x0f\xd6\xa6\xa0\x02\
\x8a(\xa4\x01E\x14P\x02\x05\x00\x9c\x0cg\xad-\x14\
P\x01E\x14P\x01E\x14P\x01E\x14P\x01E\x14\
P\x01E\x14P\x01E\x14P\x01E\x14P\x01E\x14\
P\x01E\x14P\x01E\x14P\x01E\x14P\x01E\x14\
P\x01E\x14P\x01E\x14P\x01E\x14P\x01E\x14\
P\x01E\x14P\x01E\x14P\x01E#0PK\x10\
\x00\xeej9.\x22\x8d\x03<\x8a\x14\xf4\xe6\x80%\xa2\
\xb3\x8e\xa4\x18~\xea&#\xd5\xb8\xa8K\xbc\xac\xcf#\
\x9ez(<\x0a\x00\xbf5\xca\x81\x88\x8a\xb3g\x1fJ\
\x88\xcd!\xea\xc0}\x05U\x07\x1cc\x03\x1d@\xa7n\
\xc0\xce\x0d\x00M\xbb\x07\xde\x9b\xbf>\x95\x19nGr\
i\x8cH\x00e\xb3\xdf\x14\x00\xf6~x\x06\xa3$z\
\x9c\xe7\xd2\x93\xb7>\x9d\xa9:\x8e\xb9\xcf\xa9\xa0@\xed\
\x9e\x01\xfc\xa9\x9b\x89\x5c\x0c\x81\xd3\x04\xd3\xf1\xc0\x03\xf2\
\x14\xc6\xdb\xd7\x1d:\xe2\x80\x22e!~R1\xdc\x1e\
H\xc55T\x0ez\x8fu\xe6\xa6a\x8e\x8aO\xb0\xa6\
0a\xca\xe7h\xef\x9a`1X\x1d\xa1\x15\xf0\x0fR\
;SHR\xf9\xe4\x81\x91\xd7\x06\xa5PI\xdc\xdd\xba\
\x13M\x5c\x11\xdb\x9cu\xeb@\x0b\xd7*\x02\x91\xee\xd5\
\x1a\xf29\xe4\x03\x8e\x18\xe0S\xca\xabe\x89\xe3\xd0R\
>\x08\xf9\x82\xe0\xf48\xa0\x06\x15\x04\x8e@#\xa9&\
\x9d\x90c\xf2\xc8?Q\x93\x9aR\x80\x0c\xed\xff\x00?\
Jz\x03\xbb\xee7_\xca\x80\x11\xc7\x96\xb8\xc1\xc9\xe0\
qL*\xbd\xb6\x03\xea{S\x9b-\x8d\xdc\x81\xc7\x02\
\x8d\xb8\xdd\xd4\x909\xc8\xeb\xf4\xa0\x00\x80\x83\x01s\xc5\
'9\x19\x07\xdb\x1d\xa9\xc0\x1e\x08\x07\xea\xdd\xa8RT\
|\xc3\xe6'\xb5\x00&\x08\x1cs\xc79\xebR\x02p\
\x1b\x18>\xe7\x14\x83\x04\xfd\xdcs\xd8\xd2\x80\x08\xf5\xcf\
rh\x00\x1c}\xde\x0f\xd74\xdct\xe3\xf5\xa5''\
\x81\x93\xfc\xa8e\x04\x9c\xe7\x8fN\xd4\x00\x87p\x1f\xfd\
zPH\x1c\x96\x14\xa0n8\x18\x03\xd7\xd2\x93-\x8e\
\x00<\xfaP\x03H\xf9G+\xea1\x9ap8#\xee\
\x9fZr\x80=\xdb\xe9A#i\xe7\x9e\xe2\x80\x1a\x0e\
[\x9e\x0f\xa6h8\xeb\xc9#\x9eG\xf3\xa7\x059\xce\
z\x1e\x80\xe2\x90\x1c\x11\x82v\xfa\x8eh\x022\x14\x93\
\x9d\xdf\xf0\x1aB;\x8d\xc3>\xd56\xd2q\x83\xc7\xbd\
3\x07#\x19\xcfN(\x019\x1d\x17#\xeb\xda\x98A\
-\x81\x9e\x7f\x874\xfc`7\xd3\xd2\x95T\x87$\x80\
}\xcfz\x00\x89Wo\xde\xc0 \xf0\x09\xa7\x14\x03\xee\
\x91\xc7L\xd4\x9b2\xc3\x07\x18\xedM(\xd8$\x8d\xd8\
\xfc\xc5\x00,g\x9c\xe4\xfeu:\xb6F\x7f\x98\xebQ\
\xac\x7f1\x1c\x91\xebQ\xcfu\x1cp\xc9\xb5\xc3:\x8c\
\x05\x07\xa5 ,8\x00\x11\xf2\x8e\xe7=\xa9\x93<q\
!g<\x0e\xc3\x9a\xcd\xda\x197\xb1|\x91\xcf'\x9f\
\xadG\xe5\x9cg\xbf\x1fx\xf3N\xc0iI{\x10\x8d\
Z6\xdc\xccp\x06:z\xf1L3\xc96\x00vE\
8\xe1x5E#\x0a\xe4\xa9<rA\xab\x91\xa8R\
I\xc6\xef\xaeh\x01\xdbs\xc6\x0e\x0f|\x0f\xc6\x9c\xab\
\x8c\xed8n\xdc\xf1G\x18\xc3u\xf7\xa1B\x91\x92\x1c\
s\x8fZ\x00h\x5c\x93\xcf#\xd5x\xa7\x06PN\x15\
\x89\xc78\x1cR\xe3+\xf2\xab.x\xc14rWi\
\xce;\xd0\x03]~\x5c\x12s\x8e\x86\x94q\x8c\x0cs\
\xdc\xd3\xf8\xc9\xc60=zQ\xb5I\xc7\xca\xbfJ\x00\
f\x08b\x08Q\x9e\xa05\x1b\x06\xdf\xbb\xd4w9\xc1\
\xa7\x9c\x01\x81\xb4\x81\xd7=hE\x07\xa0\x1f\x85\x00\x0a\
Dc'\xe6\xe3\xb5\x0a6\x82Fq\xdf\x22\x8c\xfa)\
?AJ\x01\xef\x90=\x08\xa0\x04\x5c\x1f\x99\x80\xe7\xa6\
Gj\x00\x00\x13\xc1\x1d8\xe4P\x07\x00\xe0\xe4\xf4\xe2\
\x8c\x12NT\xf5\xfc\x0d\x00\x04\x92O\x1cz\x0aQ\x92\
{\xe4\x1e\xf4r\x1b\xe6\xc61\xdb\xad.\xe0pJ\xfe\
4\x00('\x8ct\xa5'\xa1\xef\x8e0\xd4\x9c\x0e\xf9\
\xf6'\xa1\xa6\xe4\x01\x8e\x08=\x05\x008\x13\x9ey>\
\xb9\xa7r\x06G\x03\xea)\x80d\x0e1\x9e\xd4\xe1\x80\
\xb8^~\xb4\x00\x8c\xa1\xbe\xf0$~t\x9eR\xee\xca\
\xb1\x04q\x9d\xc4\x1a\x7f \x8eA\xa4\x1d\x01~=\xa8\
\x01\x16k\xa4_\x96\xe4\xb6:\x06\x1f\xce\xad.\xa32\
\x81\xe6B\x8d\xc8\xe5[\xf5\xa83\xc8\xcf\x1e\x99\xe2\x93\
\x1b\xba\x1c\x7f:\x00\xba5$\x04\x07\x8aU\xc9\xf4\xcd\
\x03T\xb6<~\xf3>\x9eY\xaaD\xfau\xf4\xebJ\
\x0e\xeeA9\xc7~\xd4\x86^]F\x13\x9c\x89\x07\xd5\
\x0f4\xf1}\x11\x19\x01\xff\x00\xef\x9a\xcd$\x8e\xa7\xb7\
j\x90I\xd3wZ\x00\xbf\xf6\xc81\x92\xc4z\xe4\x1e\
)\xc6\xea\x10\x07\xcf\xd7\xda\xb3\xf7\x86\xed\xc7\xd2\x9e9\
\xf4\x06\x80-\xfd\xb6\x0cd\xb1\x1fPhK\xdbv8\
\x12\x00}\x0f\x15[\x19\xc0<\x8fCL)\xdf\x07\xe9\
@\x1aj\xea\xe3(\xca\xc3\xd8\xd3\xab, \x07\x81\x8f\
\xa59T\xff\x00\x0b\xb8\x00\xfa\xd0\x06\x95\x15Ed\x94\
g\x0f\x9f\xf7\x85L.\x0f\xf1'>\xc6\x80,QP\
\x8b\x85\xee\xac)\xcb*0\xc8o\xce\x80$\xa2\x93 \
\xf44\xb4\x00QE\x14\x00QE\x14\x00QE\x14\x01\
\x8b\xaf3J\xf1Z\xc7\xc9nN+CO\xb4KH\
\x02\xa8\xf9\x8fSK\x1d\xaa-\xcb\xcer]\xbag\xb0\
\xab4\x00QE\x14\x00QE\x14\x00QE\x14\x00Q\
E\x14\x00QE\x14\x00QE\x14\x00QE\x14\x00Q\
E\x14\x00QE\x14\x00QE\x14\x00QE\x14\x00Q\
E\x14\x00QE\x14\x00QE\x14\x00QE\x14\x00Q\
E\x14\x00QE\x14\x00QE\x14\x00QE\x14\x00Q\
Q\xc9*\xa7\x07\xaf\xa0\xaa\xd2L[\xa9\xfc(\x02\xcb\
J\x8b\xd5\x85@o\xed\xc0$\xb9\x18\xff\x00d\xd59\
&\xdcx\x06\xa39$d\xfdh\x02\xc3\xea\x81\xbeX\
!}\xd9\xc6\x5c`\x0a\x82K\xbb\x99\x14\x00\xe1\x069\
\xda\xbc\x9f\xf0\xa6\x82:\x01\xc7\xd2\x94\x03\xb4\x02\xb8'\
\xb6i\x81\x1e\xc2\xecw\xc9#\xe7\x82\x19\x89\x06\x94 \
E\xc2\xf7<|\xb4\xe2K\x1e{t\xc5/\x04aq\
\xf4\xe9@\x85\xe7\xb1\x5c\xfb\xf6\xfc)\x00#\x96\xc9\xfa\
\x9aB\xbbNN\x08\x1cR\xaa\x90\xa3i\x18\x02\x90\x0e\
\xf7\x07\xf5\xa38\xf4\xfc\xe8\x5c\x02{v\xfa\xd3\xb08\
\x1bI\xee\x0d\x00!\x19\xec\xa4\xfaSI<\xe0\x81\xf5\
\xa7\x13\xc1\xe4\x8c{Q\xb7\x81\x80N;z\xd0\x03\x00\
\xe0`c\xd6\x80\x0f\xd5}\xc5I\x86\x079\xe3\xebM\
\xc1\x04\xe3\xa7^M\x00\x01G\x18\xcf\xe5M+\xc3.\
\x1b\x8e\xe6\x9f\x82FH\x18\xea9\xa5T\x018<{\
P2,g-\xcf\xa5 E*\x18\x8f\xc3\x19\xa9\x82\
\x83\x9cu\xf6\xe2\x9a\xeaO\x04\xf7\xeb\x9cP\x22=\xb8\
\x00c\x8e\xb8\xf4\xa3\x19\x18\xdaA\xa9\x02\xed\xe0`\x8f\
By\xa1\x80\xceq\x8f\xe9@\x11\x10T\x92\x03\x0f\xa0\
\xa0\xf02\xaa\xc7\xf0\xf5\xa7\x15\x07\x82J\x8f\xf6M+\
\x0c\x9e\x0f\x7fz\x00\x8c\x80W\x04\x1c\x9ez\xe7\x9aB\
8\xee[\x1c\x16\xedO\xc09\xe4\xe4{SH\xc7;\
ON\xe3\x9c}i\x80\xd07\x12:c\xb1\xe9H\x14\
\xee\x00m\xc0\xa9\x95F}Gb\x05&2\xc01l\
\xd0\x04g\xbf\xdd+\x8fC\xd2\x9d\x90\x01(Tq\x81\
\x91R\xaa\x96S\xc1\x04\xd3x\xea0\x0f\xbd\x0025\
\x19\xc9$\xfd8\x14\xf0r}?\x0a3\x9e\xa4\xee\xe9\
\xd3\x14\xe2\xaa~\xf7^\xd4\x00\xc0\x0b(\xe4\x8e1\x8c\
R\xe3k\x96\xe81\xebO \x0e\x01\xef\xefG\x19?\
\xde\xc5 \x18A\x0d\x83\x9ey\xe0\xd3N7\x16\xda\xc7\
\x8cu\xeb\xf8T\xb8\xca`\x93\x8czSJ\xe3'$\
\xfa\x10)\x81\x1e9\x04\x01\xd6\x97\x0a=\xcf\xaf4\xf2\
\xbdy }1@\x00(R\xa7\xfc(\x01\x8a\xa4\x1c\
g\x18\xe8H\xa4r7\x8cc\xdb\x8a\x9b\x04\x8f\xc2\x9a\
@\xcfr\xc3\xd0s@\x0cb\x0a\x81\xcf'94\x8a\
q\x8e\xdd\xa9\xeb\x9c\x96\xdb\x85\xf5\xa5\x00\xf4\xe3\x9e\xbc\
\xd0\x02\x00w\x02OoN\xb4\x0c\x90r\x7f>3N\
EU\xeb\xd4\xd4\x86\x22T\xe7\x19>\xf4\x80\x87\xcbb\
\xc7q\xc8\xeb\xc1\xc0\xff\x00\xeb\x9ad\xd2G\x11P\xc0\
\x92{\x03\xfa\xd4\xcc\xd1\xc6\xc43\x00\xe4}\xd09\xac\
\xfb\xa2&\x99_\x04``g\xb50\x09/\xc9_\xdd\
FCg\x19cU\x11\x14\xae>L\x1c\x9e\x9c\xd5\x92\
\x83\x96\x00\xb0<t\x14\xe5\x8ff\x14\xe4\x0f\xc0\xd0\x05\
x\xd4\xab`(S\xd8f\xa6\x08>n\x01=\x8d?\
\x1c\x903\x8e\xd4\xe4W\xdb\xc6W\x1d\xb3\xcd\x005c\
?\x8f\xa6*M\xa3\x9f_aN \xe46~a\xef\
N\x0a\xcc@\x18 prx\xa0\x06\x8e\x1dN\xd7!\
\xbf!J\x83$&[9\xa7E\x18c\xcf\x07\xa7\x07\
\x9a\x95UI;\x80'9\xcfNh\x02\x1f\x96Bs\
\x9e\x84\x9e?*v\xdcd\x81\x8cq\xd3\xadJA\xdc\
O \x1e\xdb\xa9\x9bq\xc8 \x1fs@\x0c\x07\x906\
\x9c})pN8?QO#+\xca\x80z\xfb\x1a\
n\x07\x1f\xe3\xcd\x00*\xf2\xbc\x86'\xa7J\x5c\xff\x00\
\x11\x07#\xa0\xcd/\x03\x00\xb1?^)\xbe\x80\x9e\xa3\
\x14\x80`P8m\xd8\xf4\x06\x9d\xd3=\x06iH\xeb\
\xc1\xc7\xd2\x93\xd4\xf7\xee)\x80\xd21\x906\xff\x00:\
S\xc0\x03\xe5\xcf~\xf4\xb8#\xbb\x01\xedK\xb7\x0d\xc0\
$u\xeb\xd2\x80\x1b\x91\xec\x0erp(\x03s}\xe1\
\xff\x00\x01\x1d\xa9\xec\xa7\x91\x9c\x1e\xbc\x8ac\x16\x03\x0c\
A\x18\xe3h\xa0\x01\xdf\x18U\x1f\x8fZC\x9c\x91\x92\
:s\x8aj\x80G=\x09\xe74\xe0\x14gi\xe3\x9c\
u\x14\x00\x84eGS\xeas\x83O,z\xe7\x81\xde\
\x93 \x0f\x9b4\xe0~f\xe7\xaf\xb5\x00)\xe4\x01\x86\
?\x8fJBA\xcf\xcb\xff\x00}R\x85\xf4'\x19\xe9\
\x8a1\x9ccw^\xa4P\x02`q\x9cg\xe9I\x8e\
\x98\x1c\x1e)\xc3\x82I\xc9\xcf\x14\x0fl\x81\xef\xda\x80\
\x06\xfb\xbdA\xc7=(R\x07\xe5\xd0R\xe3\x83\xb8\xf5\
<\x0e\xb8\xa7\x00N0\xbc\xfb\xd2\x02\x1f\xa0\xedR\x10\
\xc5O?N*Q\xc7 R\xf0z\xfe\xb4\x01\x1a\xe4\
\xb7^>\x9d*L\x1e\xc7\xf2<\xd2m\xcf#\x1c{\
\xd2\x85\xe7\x07\x19\x07\x22\x81\x8a\x00\x1c\x7fZv?\xce\
h\x03\x1di\xe3\x18\xc7\xa5\x000~\x14\xb8\xf6\x18\xf5\
\xa7{\x80E\x14\x00\x83\xdf\x14\xef\xd2\x8c\x1c\xd2\xf3\x8c\
\x1a\x00\x5cz\xd1\x8e(\x19\xa5\xc7\xad\x00\x00\x0c\xf4\xc5\
H\x09\x1d\x09\xa6\x8e)\xc2\x80\x1e\x18\xf7\xe6\x9c\x0ej\
:Q@\x12QH\xa7\x22\x96\x80\x0a(\xa2\x80\x0a(\
\xa2\x80\x0a(\xa2\x80\x0a(\xa2\x80\x0a(\xa2\x80\x0a(\
\xa2\x80\x0a(\xa2\x80\x0a(\xa2\x80\x0a(\xa2\x80\x0a(\
\xa2\x80\x0a(\xa2\x80\x0a(\xa2\x80\x0a(\xa2\x80\x0a(\
\xa2\x80\x0a(\xa2\x80\x0a(\xa2\x80\x0a(\xa2\x80\x0a(\
\xa2\x80\x0a(\xa6<\x81x\xeah\x01\xf4\xd6`\xb5\x03\
\xcd\x9e\xf8\x1e\xd5\x03\xcb\xcf^h\x02\xcb\xcb\x8e\xf8\xaa\
\xf2JOr\x7f\x1a\x88\xb9$u\xc50\x8c\x9fo\xad\
\x009\x9d\x8eN8\xe9\xd6\xa29\xcf\xdf\xebN'\xe6\
\xf6\xa4+\xeeh\x10\x9d\x1b=E&\xdc\x8c\x01\xc0\xe9\
\xc5<\x80G\xb5 \xf9\x8fC\xd2\x80\x11T\xe3\x00\xfe\
tc\x00`\x81\xc7$\x0aP\xbdq\xf9Pr\x01\xe3\
\x9a\x00M\xa3=\x06\x0fL\x0a\x07_\x94g\x8ap\x07\
'\x18\x1c\xf3\xc5)\x18\x1ccu\x004erq\xc7\
\xb1\xa5\x19#\x18\xfa\xf3J9\xed\xfaR\xe0t\xcf\xe9\
@\x0dN\xf8\xed\xc6A\xa3\xaf8\xfcE8q\xd4p\
;\xd2\xaf|c\x8fj\x064\xed\xea@\x00u4\xa0\
\x83\xc84\xe09\xc68\xf6\x1c\xd3\x88\xcex\xc9\xef@\
\x11\x01\xce0:\xd2\x902x\xc9\xfdi\xf88\xc9\xeb\
\xf5\xc5(\xe9\x91\x9fJ\x00j\xaf\xd7\x1fJ]\xb8\x19\
R1\xefO\xc6q\x9a\x5cq\xd3\x14\x01\x0c\x8b\x86\xc7\
qLe\xcfO\xc6\xa6 \x86\xe3\x18\xa0\xaez\xe6\x80\
#_\x9b\x81\x9cc\xb8\xa5\x0b\x85\x04\x0e>\x95(@\
G\xff\x00^\x8d\xa7<\x8c\x1a\x00\x87\x04\x82\x07\xe3I\
\x93\xceKt\xa9\xca\x91\xc7jk(\x07>\xb4\x01]\
\x8e\x0f8\xf4\xe6\x94\xec<\x0cu\xc7^*b\x07\x00\
\x01\x8f\xa5#(\x03\x80\x09\x1c\xd0\x04@\x06M\xa0\x01\
\x9f\xc6\x97\xca#\x00m\xc7\xb0\xc5J\x01a\xc0\xe9\xde\
\x93\x0c0\x08bO|\xd0\x04Ev>\x00\x18=\xa9\
\x06T\xfc\xc0\x11\xd3\x18\xab\x05N\x1b\xe5 \xfa\xe6\xa3\
T;\xf2s\xc7Nh\x01\xa5~l\xed${\x0a1\
\x81\x90\xa3#\xbe*P9\xc6;\xf64\xed\xb9\xe3\x00\
P\x04ANrs\xc7RE;\x1e\xc4c\xf5\xa9L\
|c\xfaS\x82\xf5\x02\x80+`\xe394\xd2[ \
`{\xe4\xd5\xb3\x1e@\xf5\xfet\xc6\x8c)S\xc7\x1e\
\xa2\x80*\xc82s\x92\xa6\xa5\x09\xf2\x83\x9c\x9fZt\
\xb1\x17 \xa1\xc0\xef\x8a\x95c\xc0\x039\xa0\x08\xb6\xe4\
\xf4\xe4\x8c\x1aE\x8fi\x18\xc8\xf6\xa9\xf6\x8e\x82\x8d\x80\
\x91\xdb\x14\x01]\xa2\xe4\xf4\xc9\xa4\x11\xf1\x93\x82{\xf1\
\x8a\x9bin\xa3\x8aleCcrg<s@\x11\
\xb6\x07\xca\x17\x9ay$r\xdc\x0c\xfa\xd0\xd3\xc2\x0e\x0f\
\xccG\x07\x02\xaaJ\xdel\xacNJ\xe4`\x11\x9cq\
\xda\x80 y\x0bJ\xceT\x92\xc4\x81\xdb\x8a@0T\
l\xc1<\xe3=*|\x05$\xf21\xd3\x8aM\xb8\xe1\
y\xc8\xc6qLDL\xae\xccC\x05?\xccR\x88\xc6\
\xd0\xa7\x04\xf4\xe6\xa5\xe0\xb0\xc7\x19\xe3\x04\x0e\xb4\x84s\
\xd0~Y\xa0\x06\x00\xa4\xedV\xe9\xc1\xfa\xd0W\x0c8\
\x04z\xd5\x85\x1d\x01\x07\xd4\x03\xc58!#\xa7\x07\xb5\
\x00B\x10|\xbb\x95\x7f\x1e\x9f\x85<\x0f\xee\x82\x0ez\
b\xa5\x03'\x1c\xfet\xe1\xce{{\xe6\x90\x11*\xfc\
\xd9S\xcf\xbfzy\x19A\x9cc\x901O\x03\x03\xa7\
\xebI\xb7\x1d:\xf4\xa0\x08\xca\xe3\xebH8\xce\x0f?\
J\x9b\xa8\xe7\x8f\xa57h\xcfLg\xd4\xd0\x04a9\
8\xeb\xf4\xa5\x07\xf0\xf4\xa7\x10q\xd0c\xf9P\xaa@\
\x04P\x03p\xc3\xefdw\xa5=\xf2\x7f:v\x01\x1f\
J^\x00\xc8\x14\x01\x17\xcb\xdf\xdf\xa1\xa4\xf9U\xba\x0c\
\x9e\xf9\xa9H\x04\xf6\xfc\xa9:\xfc\xb8\x19\xa0\x08\x82s\
\xc6\xdc\xfb\x8eM.\xdd\xa0g\xadI\x83\xf5\xa5\x03\x00\
d\x13\xe8s@\x11\xe0\x9fA\xeb\xde\x94\xfc\xd8\xf9\x7f\
!N \x9c\xf2@\xfa\xd2\x15\xc3\x0c\xf0=I\xa0\x08\
\x99\x06\xe3\xf2\xe4z\x11H\x03\x10s\x9f\xc0p*V\
\xe9\x80;w4\x88099\xef\xd2\x98\x09\xd0w\xfa\
\xd1\xce}\x7f\x1aU\xc6?\xc2\x94\x0f\xef~\x1d\xb1H\
\x03\x91\xce?\x1c\xd1\xb4\xff\x00\x17\x06\x94\x0e\xbe\xf4\xa3\
\xe6\x1e\x86\x80\x1a\x07b\xd9\xed\xcd.8\xe7\xb7<\xd2\
\x85\xc7s\xf8\xd3\xb8\x07$\x1c\xd0\x03\x0a\xf3\x9eG\xe1\
R\x05\xce\x09<{\xd0\x14\x11\xcfzp_J\x067\
\x19\x18\xfc\xb2)@\x1dh=:q\x8ar\x83\xdf\x14\
\x00\x98<qK\x92(<\x1e1\x8aP3@\x07\xbe\
)\xdd\x87\xf2\xa4\x18\xa5\xe3\x1e\xf4\x00\x0e)x\x1f\x8d\
\x1d\xbd\xa9E\x00!\xe9\xc5(\xfaQ\xf4\xa5\xe9@\x07\
\xf9\xe2\x94v\xcd\x1d\x0d(\xa0\x05\x02\x9c(\xa5\x14\x00\
\x0aZ)h\x00\xe9N\x14\xdaZ\x00u\x14\x99\xa5\xa0\
\x02\x8a(\xa0\x02\x8a(\xa0\x02\x8a(\xa0\x02\x8a(\xa0\
\x02\x8a(\xa0\x02\x8a(\xa0\x02\x8a(\xa0\x02\x8a(\xa0\
\x02\x8a(\xa0\x02\x8a(\xa0\x02\x8a(\xa0\x02\x8a(\xa0\
\x02\x8a(\xa0\x02\x8a(\xa0\x02\x8a(\xa0\x02\x8a)\x92\
H\x13\xaf'\xd0P\x03\x89\xc0\xcdF\xd2c\xbdA$\
\xa5\x8f\xf2\x15\x0b9 \xf6\xa0\x09\xe4\x98\xe39\xc0\xf6\
\xa8ZRI\xf4\xa6\x16\xe2\x93\x9fj\x00\x0b\x12\x0f\xf5\
\xa4l\x93\x90\x0d\x18\xc7c\xf9\xd2\x91\xcfN\xd4\x00\x83\
\xb6\x06?\x1a\x08\xcf\x04\xfe\x1e\x947#\x9e>\x94c\
\xd2\x80\x0e\xa0\x0f\xca\x8e\x9d\x07\xb5.\x0e;\xfb\xd2\x81\
\xcfB\x7f\x0a\x00i\x03\x82q\xcf|PF\x0e\x00\xe3\
\xadI\x82{\x0f\xa5\x04g\x8eh\x02#\xc7\x7f\xc8R\
\xae@8\xcf\x14\xfd\xa0\x1c\xf5\xf7\xa3o\x199\x18\xf7\
\xa0\x06\x1c\x928\xcf\xbd8\x0e\x99\x19\xa7(\x19\xa7\x05\
\xfaP\x04x\xf7\xa1A\x075!Q\x8e{zR\xed\
\xc8\xe9@\x11m\xc9\xef\xf9\xd3\x88\xc7\xa0\xc5(P)\
\xea\x018 \xf3@\x0c\x03#\xb0\xa5\xc0\x1dz\xd4\x85\
O\xe7A\x1e\xd4\x00\xcd\xa7\xda\x97\x1c\xe7?\x85;o\
\x1d\xe8\x034\x00\x98\xeb\xeb@\x00\x9c\xd3\xb1\x83\xedK\
\x8a\x00\x8b\x18\xe83J\x14\x1eG\x1f\x85HS'\xbf\
\xe7F8\xe6\x80\x1a\xa34\xe0\xbdi@\xe2\x94r9\
\xa0\x04\xc7\xd6\x9b\xb7=\xb9\xa9\x05.;\xd0\x04A}\
i\xa4\x1c\xf1\x8fN\xb51\x19\x15\x19P\x08\xc1\xe6\x80\
\x11884\xac2A\xe2\x85\x19cO\xc7\xd6\x80\x18\
\xf8\x09\xcfj\x88\xa9e8\xc6\x0dL\xcapq\xfa\xd3\
H\xe9\x9e\x9e\xd4\x00\x88\xbc|\xbf\xca\xa4\xc6(\x8dp\
r\x0f\x06\xa4\xc5\x000/\x1d)B\x81\xda\x9d\x9a(\
\x01\x08\xe2\xa3e\x04\xfa\xe2\x9e\xa7#&\xa2Q\xfb\xc2\
\xc0\xe0\xf6\x14\x00\xf5EP\x02\x8awj\x00 sK\
@\x0d\xc7\xa57\x14\x8f0^\x00$\xd4.\xc5\x8er\
zt\x14\x00\xf9\x9b`\xc2\xe49\xefT\xe4R\xc5\xb7\
(<\xf4\xc7Z\x98\x8c\x93\xd7\xeb\x9ak(\xc7\x7f\xad\
\x00D\x13\x8e\x9cz\x03F\x00\xe9\xc0\xa9\x08\xc7p~\
\x94m\xe7\x1cc\xdb\xd2\x81\x11\x95\xcf@O~\xb4\xa5\
w\x11\xde\xa4\xc0'\x00d})6\xe3=\xa8\x01\xbb\
09\x03\x19\xeei\x15y\xc7\x19\x03\xb5J1\x9c\xe0\
\xf1\xedR\x04\xe9\x8e\xde\xb4\x0c\x8c \x1c\x9c\x1ap\x1c\
d\x0e*@\x87\xaf\xe7NU\xf5\xa0\x08\xc2\xe4c4\
\xa1y\x19\xfc\xeaM\xb8\xa0\x8f\xce\x80#e\xecz\xd2\
\x11\x83\xd3?Z\x90\xf2)\x8c8\xef\x8f\xae(\x01\x98\
\x04\xe0\x8cR\x1c\xe3\xfc\xf3N#\x9f_\xc6\x93\x19\xe9\
@\x0d8\xc8\xea)yRz\xf5\xe2\x81\xc1\xe7\xf5\xa5\
^\x0f\xcb\x8a\x00N\xe7\x82>\xb4\xbc\xfa\xd3\xb1\x91\xcf\
_\xa57\xf5\xc5\x00''\x1c\xf5\xf7\xa4\xc69?\x90\
\xa7c\xaflSOoZ\x00\x5c\xf6\xe3\xf1\xa0\x8c\xf1\
\xda\x97\x9fr=i\xbc\xf6\x1f\xad\x00\x1c\x100\x7f\x1a\
kdn\x1d\x0f\x5cc4\xff\x00\x7f\xd34{\x0a\x00\
a\xce9\xcez\xf4\xa0u\xe9\x9e;S\xca\xe4z\xfe\
4\x01\xcfNh\x01\x81p~e\xe3\xde\x9d\xeb\x8e)\
\xc0t\xc0\xa4\xdb\xc9&\x80\x1b\xb7\x079\xc9\xa5\xc0\xea\
{u\xa5#\x9e\xff\x00\x95.\x0ey\xcd\x00&s\xc1\
\x02\x80\x06x\xa7\x0fe8\xfeT\xb8\xc7^\xdd\xc5\x00\
4d\xf5\xe2\x9dF\x06rI\xa5\xfc\x0d\x00/<R\
\x0c\xfd(\xc5(\xf64\x00QG\xbd/\xd3\xad\x00\x03\
\xa6)@\xc5&(\xa0\x05\xfc\xa9{\xd09\xf5\xa0f\
\x80\x17\xe9@\xa0R\xd0\x02\xe2\x97\xa0\xe7\xa5s\xfa\xff\
\x00\x89-\xf4\xe4hm\x88\x9e\xf5\x81\xda\xa3\x95R8\
\xcb\x11\xd3\xe9\xd6\xb8\xc1%\xcc\x92\x19\xeen\xaef\x94\
\x9f\x98\x99\x08\x03#\xb2\x83\x8c\x7f\x85;\x05\xce\xee_\
\x13\xe8\xf19V\xbd\x8c\xed\xea\xca\x09\x00\xe7\x18$U\
\xf3\xa9\xd8\x03\x18k\xcb`d\x19@d\x03p\xc6x\
\xfc\x085\xe6\x89\x1a\xc7\x0b\x22B\x89\xd8\x0cd\x11\xea\
h1\xc0&.`\x8d\xc8\xce\xe0\x14d\xfb\xf4\xa2\xc2\
\xb9\xea\xc9\x229\x01\x1dNFF\x0foZ}y*\
[*1{s$,\xab\x82\xc8\xe62y\xce\x0e+\
{K\xf15\xcd\x91\x8e\x1b\x90nm\xd4\xe2IY\xf2\
\xeb\xfe=\xbd;\xd1`\xb9\xde\xd1Y\x96\xba\xee\x9br\
Qc\xbb\x88;\x81\x84s\xb4\xf23\x8e}\xabN\x90\
\xc2\x94QE\x00-\x14Q@\x05\x14Q@\x05\x14Q\
@\x05\x14Q@\x05\x14Q@\x05\x14Q@\x05\x14Q\
@\x05\x14Q@\x05\x14Q@\x05\x14Q@\x05\x14Q\
@\x05\x14Q@\x05\x14Q@\x05\x14SY\x82\x8c\xb1\
\xc0\xa0\x07S\x1d\xd5\x00,q\x9a\x86K\x83\x90\x22\x19\
\xf5&\xa1b\xc4\xe5\x89&\x80$i\xd9\xc7\x1f(\xcd\
@\xcd\xceO_zq\x04\x8e9\xf5\xe2\x8c0\x1f\xe3\
@\x11\x8epA\xcfz\x0e1\xd7\x9e\xbc\x0ei~`\
G\x5c\xd0s\xef\x8e\xf84\x00\x84\x13\xdb?\x85!\xfb\
\xbcd\x9f\xa5;8\xc6}}i0\x07b\x07\xd6\x80\
\x0c\x11\xc1\xc9\xa4\x5c\xf5\xe6\x8e;\x1f\xfe\xbd8\xd0\x03\
y\xc8\xe3\xa7\xad\x0c\x1b\xd8\xfe<R\xf0\x0fa\xfdi\
y\x03\xb1\xa0\x03\x83\xdf\x8a\x5c\x91\xc04\xb8\xcf\xaei\
y\xf6\xa0\x04\xeb\xe9K\xcfj\x01\xc0\xe9\xf9R\xfb\x0e\
h\x01\x08\x18\xc1\xfdh\xc19\xe4\x0f\xc2\x97\xf4\xa7c\
\xdf\x9a\x00E^\x7f\xc6\x9d\x8fJ;R\xfaP\x02c\
\xa5\x00\x0c\xf3\xcd8\x0fZ\x00\xe2\x80\x13\x1f\x95(\x1f\
_\xa5.)@\xa0\x02\x82\x05;\x14\xbd\xa8\x02>\x9d\
iqN\xc5 \xa0\x04\xc5(\x07\x14\xe1\xcd.=(\
\x01\xb8\xa4\xc6z\xd3\x88\xa3\x14\x00\xd1\xc7\xb5\x00}i\
q\x9a\x08\xc1\xcd\x00\x05Oj\x06qN\x0d\xc7Nh\
\x03\xf0\xa0\x06g\x8fJ\x07&\x9e\xca:\xf7\xa5Q@\
\x0c#\x1d(#&\x9f\x8aC\x9a\x00B3\xc1\xa4*\
1\x8cqO\xa2\x80\x188\xa0g\x19\x22\x97\x14P\x02\
\x01\x9aSE\x14\x00\x87\x81\xc5&\xd1\xb7\x9aV`)\
\x8c\xc5\x86:\x0a\x00av\xe8\xb8\x02\x90\x92A\xc9\xa5\
\xc1\xc7\xf8\xd1\xdf\xa5\x00FG\xa5&\x0f\xbdHy\xa4\
\xc7\xad\x00G\x83\xc0\x04~T\x85x\x1c\x9f\xca\xa4#\
\xd4\xfb\xd3H\xf7\xe3\xd6\x80\x1b\xb7\x1fZLu\xcd?\
\xdb\xde\x94)8\xa0\x06\x05\xe7\xa9\xc7\xa5;oLu\
\xa7m\xe4\xd3\xc2\x80r(\x020\xa38\x1b\xaaP\xb4\
\xe0\xa0\xe3\x8a~8\xa0\x06\x05\x1d\xe8\xc7\x1cc\x15%\
4\xd0\x03i1\xefO\xc5&(\x01\xb8\xe7\x8f\xe5M\
#\xb5?\x1fJL\x1c\xf5\xa0\x08\xb1\x82q\xd3\xe9M\
\xdb\xce\x07\x1568\xf54\xd2\xa0\x9eh\x02,t\xee\
G\xa5(\x07\xa0\xa7\x949\x1cR\xec#\xe9@\x11\x80\
z\x1c\xfd(\xe3=8\xa7l\xf6\x14m\xc8\xe4\x0a\x00\
\x8f8\xe3\xf9\x9aS\xedO#\xf2\xfaRm$\xe4g\
\xda\x80\x19\xc1\xe0\xe2\x97\x1fL\x1fjy\x07\x8aN}\
\xf1@\x0d\xe3<\x1f\xd3\x8aP9\x07\x18\x1fJv\x0f\
|\xfe}\xa9@\xcfo\xd6\x80\x18T\x96\xe3#\xd7\xde\
\x97\x1fZv\x00\x1c\xd0;\xf7\xa0\x06\xe3\x1e\xb4\x00q\
\xd8f\x95\x87\xaf4v\xea(\x019\x1d\x7f\x9d&?\
:x\xcf\xff\x00\xaa\x80\xbc\xf1\x9a\x00h'\xbf4w\
\xa7c\xd7\x14\xa7\xf1\x1f\x8d\x003\x9e\xf4{\x8cR\xe0\
\xe3\xa5/N\xf4\x00\x80\x1cry\xfaR\x81\xc5!\x18\
\xc6\x0d\x19\xc1\xe0\xe6\x80\x17\xbd\x18\xf7\xa0sA\xed\xd2\
\x80\x17\x8cQ\xd3\xaes@\xc1\xe7\xf5\xa5\x00\x1e\xb4\x00\
\x01\xf5\xa1\x8a\xaa\x96b\x02\x81\x92I\xc0\x15\x0d\xdd\xc2\
Z\xc3\xbd\x81'\xb2\x81\xd4\xd7'\xadjWWxM\
\x8a\x90+d\xa0\xe7#\x1f\xc5\xce?\x0a`i\xea\xfe\
'\x82\xd7\x09`\x82\xf6l\xfc\xc1\x1fj\xa8\xe3\xbf~\
\xbd\xab\x22\xf7]\xbc\xbfEE&\xca5|\xb7\x94\xd9\
.=\xdb\xb0\xfaV4\xee\xe5\xb9*\xe0\x9c\x90\x98\xf9\
}3Q0x\xc0\x0d\xbb\x03\x8f\xbd\xc0\x14\xecM\xc1\
\x94\x17<\xfc\xa4\x9c\x0e[\x1e\xe7\xdc\xd4\xf6\xd1\x86]\
\xdf\xbbH\xb7\x15,N9\xc0\xec\x0f\xbdD\xa0\x02\xa1\
\xc3\x0d\x98\xc0,\x0e?\x0cS\xd1N\xdc\xb4\x81\x0b0\
\xe4\x1c\xf2?\xaf\xf8\xd0\x02\xc6\xac\xae\xe9*#\xb6r\
s\x9cg\xbf4\xf8v\xf9L\x1cn\x19\xceq\xb8\xe7\
\x1d\x87\xf9\xebB&\xe5y\x01\x0a:\x83\xcf\xccO9\
\xe8?\xc84\xa4F\xe5IL\xe4g!G z\xd0\
\x02\xe0\xf9a\xf9B\x0fs\xd3\xd3\xfa\xd4\xb1\xc4\x02\xbb\
\xe1v\xf5\xcfN\xa3\xa1\x19\xff\x00?\xc9\xbeY\x5c\x08\
\xc1\x5c\x93\xc6:qF\xc3 F\x0cp\x08\x0c\xc4\xe3\
\xd4\xd0\x03%\x8e6\x8e@\xc9\xf7\x81\x0eP\x1cc\x9f\
O\xaf\xeb]?\x86\xf5\xd8\xa0\x86;;\xd9\xb0\xaa\x08\
\x8ey\x1b\x19\x1dpI\xee?\xa5s\xf1;\xf0\xc3\x95\
<\x1c\x8e\xdc\xff\x00JB7\x1d\xaf\x12\x90NWq\
\xfa\xf4\xfd(\x03\xd2#\xb9\x82W\x09\x1c\xd1\xbb\x91\xb8\
*\xb0$\x8f_\xa5M^wk \xb4\xd9-\xb2\xa2\
H\x99\x01\x87*\x0f<\xe3\xbf\x15\xddi\xf7q\xdc\xdb\
\xc4D\xd1I)@X#g\xfc\xf3\x9aE&[\xa2\
\x8a)\x00QE\x14\x00QE\x14\x00QE\x14\x00Q\
E\x14\x00QE\x14\x00QE\x14\x00QE\x14\x00Q\
E\x14\x00QE\x14\x00QE\x14\x00QE\x14\x00Q\
Lw\x089\xeb\xe9U\xdb,\xc5\x9b\xf2\xcd\x00I$\
\xd8$ \xce;\xf6\xa8\x18\x169c\x93\xda\x9d\xdb\x14\
c\xd3\xf9P\x03{\x8c\xf5\xfa\xd2\x11\xfeI\xa7\x10i\
=h\x019\xff\x00&\x91\x87L\x9c\xfb\x1ei\xde\xb9\
\xcf\xe5F8\x00\x9e\x83\xb0\xa0\x04\xcf^G4\xdc\x0c\
pi\xdf\x9d'\xa7Z\x00k\x0cr(Q\xc8\xc0&\
\x9cO\xbeG\xa5.\xd1\x90x\xcf\xd6\x80\x1b\xc8\xce\x09\
\xa0g\x1d\x08\xf74\xbf\x8f\x14ds\x9eh\x016\xe7\
\x8es\xd6\x97\x1d\xfb\xd2\xfd3A\x1d\x01\x184\x00\x94\
\x1c\xe0}\xdaQ\xf7\xbd\xa9\xdbFh\x01\x83\x93\x93\xfc\
\xe9F3O\xc6\x01\xcd4\x0c\xe7\x8f\xd6\x80\x02\xa7\xf8\
O\xbfJr\x0c\xf5\xa5A\xc7\xff\x00^\x9d@\x06\xda\
\x07\xd2\x80)\xf8\xa0\x04\x03\x9a\x5cR\xd1@\x0d\xc5;\
\x14\xa0R\xe2\x80\x1b\x8ap\x14\xa0Q@\x0d4\x80S\
\xe9\x08\xa0\x04\x1di\xd4\x98\xa7P\x03i@\xa5\xc5-\
\x007m\x1bx\xa7Q@\x0d\x22\x90\x8a}\x14\x00\xc3\
\xcd\x02\x97\x14P\x02QKE\x00%\x14Q@\x09E\
.)(\x004\x84\xd2\xd2P\x03H\xa6\x91O\x22\x9a\
F(\x01\xbf\x97\xe3M\xe7\xda\xa4\xa4\x22\x80\x18qF\
9\xcf\xf4\xa7\x1ei\x08\xe7\xa7\xeb@\x0d\x03\xd4\x9aB\
\x9c\xf0z\xd3\xcd\x01s\xd2\x80\x1a\x06>\x94\xed\xb9\xe7\
\x14\xf08\xa7\x01@\x0d\x0b\xcd;\x14\xb4\xb4\x00\x94R\
\xd1@\x09IN\xa4\xc5\x00%\x14\xb4P\x02b\x93\x14\
\xecPE\x003h\x22\x93\x07\xb5I\x8a6\xd0\x04{\
h*O\x15&1I@\x11\xed\xc1\xe2\x93\x1c\x1a\x93\
\x14\x98\xa0\x08\xf6\xff\x00\x9c\xd2m9\xe0\xfe\xb5&)\
q\xc89\xfd(\x02 :\xf4\xa0\x8e\x99\xa96\xf3\xc6\
h\xc7\xd6\x80\x1a\x074\x98\xe7\x1d\xa9\xf8\xc5\x00s@\
\x09\x8a9\xc0\xeaiv\xe0R\x81@\x0c \x91\xe9@\
^\xf8\xa9p)6\xd0\x04d\x0aP)\xfby\xa0z\
P\x04d\x1c\xf6\xa4 w\xe2\xa5\xc7\x14\x10(\x02 \
\xb9\xe9\xc5!_\xca\xa5\xdb\xedHE\x00FW\x8e\x09\
\xc8\xa3\x18\xfa\xd3\xca\xd1\xb7\x14\x00\xde\xbd\xa9\x00\xe0g\
4\xe00y\x14\xd7u^(\x01O\x03\x9a\xadqp\
\xc8\xa7g\x15\x1d\xcd\xd8Q\xd4W=\xa8\xeah\x1c\x86\
e\xcfNr)\x80\xedN\xf0\x992\xfc\xb1\xe8\x09\xf5\
5\x81u'\x9b\x1c\x9eb\xe5\xf6\xe7;1\x8eq\xcf\
\xe7\xfa\xd3\xae\x9eL~\xf79N\x08BA\x1e\xfd*\
\x02\xcb\xbd\x8a\x1c\x0e\xe3a\xe7\xbf\xf9\xfa~l\x92=\
\xd9\x18\x5c\x02OQ\x8c\x01\x9fztk\x87\x04\xed/\
\xd7;\x81#\x1f\xe7\xf5\xa4\x91p\xa0+\x06;\xb0v\
\x15\xfec\xda\xa4Q\xf3+\x95o\xbb\x82\x0e\xd1\x83\x8e\
\xe7\xbf\xa5\x02\x10\x10H\xe9\xc9\xeb\xc7\xa7Bjx\xd2\
EbA\x93$g$\xff\x00/J\x89\x17i>h\
\x0c\xa7\x00\x1cdc\xaf<qW-\xa1\x8d3!\x00\
7 \x0c\xf1\x9f\xf3\xed@\xc3\x1eZ8\xc2\x8e\xfdO\
L\x0f\xca\xa2\x07$\x00\xd8\xed\x9c\x9c\x7f\x9e\x0dY\x01\
Le\x8b\x03\xc1^F\x07=\xf9\xe9MRFRc\
\xd4\xf2A8\x1fL\xf1\x8eh\x01\xa42\xa8\xcf\xce\x07\
$\x91\x9c\xfd\x0d\x01K\x03\xb5d`Fz{S\xbc\
\xbe\xd8\x05\x97\x1f/U\xf7\xc0\xa49u]\xc79\xe0\
\x9d\xc5\xb9\xed\x8a\x00V\x0c\xc8\xa5Q8'\xb0lc\
\xd2\xa6S\x9d\xa0\x92v\x92\x07\xcb\x8eqQ\xc7\x16H\
\xdc\xe83\x92\x01\xe4\xe7\xb7\xf2\xa9\xe2p\x10+9\x18\
\xfb\xd8_oZ\x00\x8dC#\x7f\xb3\x9c\x0f\x97\x00\xf1\
\xff\x00\xd6\xab\xb03\x097\x861\xca\x99\xd8\xe1\xb9\x1f\
\xe3\xf45NT\xfd\xe0$\x1c\x91\x8c\x91\xdb\xfc\x8aX\
\x9b\x0e\xa4r\x98\xf4\x03\x07=\xf8\xfa\xd0\x07w\xa7\x5c\
\x1b\xabT\x91\x86\x1f\xa3q\x8eGZ\xb5\x5c\xde\x8bv\
m\xeed\x13\xe1a\x90(\x0c[\xf8\xb2{\x0fn\xfe\
\xd5\xd1\xab\x06P\xcaAS\xc8#\xbdIB\xd1E\x14\
\x00QE\x14\x00QE\x14\x00QE\x14\x00QE\x14\
\x00QE\x14\x00QE\x14\x00QE\x14\x00QE\x14\
\x00QE\x14\x00QE\x14\x01X\x81\xde\x8e\xd4\xe2)\
:\xd0\x02\x11\xcez\x8aOL\xe6\x9d\xde\x8f\xc2\x80\x19\
\x8e\xbdi\x08\xa7\x9aC@\x11\xe3\xeb@\x00S\xfe\x94\
\x98\xe9\x8cP\x03}(\xed\xd2\x9cF1\xd2\x8cg\xa5\
\x004\x0e\xd4\x05\xc5.8\xe6\x97\xeb\x81@\x0d\xeb\xef\
F3\xd6\x9e\x14\x11K\x81\xc5\x003\x07\xb6qJ\x06\
z\x1a\x7f~)v30\x1c\x81\xeb@\x0c\xda1\xcd\
(\x1c\xd3\xcc{}H\xa4\xc08\x14\x00\xd6^\xb4\xd0\
\xbc\x0a\x97\x1ct\xa0\x0e=\xa8\x01\x00\x1d\x86(\xa7\x0a\
P\xa4\xf6\xa0\x06\xe3\x9ar\x8a]\xbe\x94\xe0\xbe\xb4\x00\
\xdcP)\xe0Rm\xe6\x80\x10\x8eiq\x8a0sF\
}h\x01@\xa3\x14\xb4P\x02\x01\xebF)h\xa0\x04\
\xa5\xa2\x8a\x00(\xa2\x8a\x00(\xa2\x8a\x00(\xa2\x8a\x00\
)\xa6\x9dM\xa0\x02\x8a(\xa0\x00\xd2R\xd2P\x02\xd1\
KI@\x09\x8aLS\xa9(\x01\xb4\x84S\xf1I\x8a\
\x00f(4\xfcR\x11\xc5\x000\x8a0)\xf8\xa3\x18\
\xa0\x06m\xa5\xc6)\xf8\xa3\x14\x00\xd0)\xd4Q@\x05\
\x14Q@\x05\x14Q@\x05\x14Q@\x05\x14\xb4P\x02\
Q\x8a\x5cR\x81@\x08\x05.)h\xa0\x06\xd2b\x9f\
\x8aJ\x00a\xa4\xc5I\x8aLP\x031K\x8a~(\
\xc5\x003\x14b\x9f\x8a\x00\xa0\x06c4\xbbi\xd4P\
\x02b\x8cR\xd1@\x08\x05\x18\xa5\xa2\x80\x13\x14\x85q\
N\xa2\x80\x1bI\x8av(\xa0\x06\xe2\x93\x14\xf2)\x8e\
\xc1z\xf5\xa0\x03\x146\x00\xc9\xe9Uf\xba\x0b\xdf\x15\
\x99>\xa0I\xc0\xce(\x03F{\xa5E<\x81\xefY\
\x17z\x92\xa0$\x9e;\xe0\xf3Yw7\xad'F\xcf\
m\xb8\xef\xefYrL\xe5r\xad\xc6\x01*\x80g\x1e\
\xc7\xbfjv\x15\xcb\x97\x97\xef*y\xb1\x02\xd0\xef(\
\x18\xbe\x01<\xf0=z\x1a\xcd\x96\xe1\xd86\xe6\x1bF\
A\xf9\x88\xcf\xb7J\x9eW\x92_-\x9d\x89l\x04\xda\
\x08Q\x81\x9ep8\xea}\xea\x00\xcc\xad\x90Hf\xfe\
\xe9\x00\xe7\xdf\xfc\x9ab\x19\xb7\xe4\xf9\xca\xb9,I\xe4\
\xfe\x1e\xbf\xa56IK6%\xc2\xa99\xca\x02?\xfa\
\xff\x00\xd7\x93O?\xbc\x1f:\xed\xe7<\x901\xf5\xe2\
\x90\xe3s\x06d\xc0\xe7\x90H\xfc\x06\x06(\x016\x99\
YJ <\x8e\x1b\xbf\xe7\xf5\xedO\xf2\x8a\xb8R#\
\x18\xdc~\xee7\x0fj6\xa3\xc6\x19V>\x99\xc7\x5c\
\x1f_\xd2\xa6\x10\xe0\xaa3\x10\xa7\xe6\x19\x19\xc8\xcf=\
\x7f\x1eh\x01\xd6\xf1H\xe1[\x05py\x01z\xfa\xfe\
\xb5gn\x09\x0b\xd7\x19l\x0cc\xde\x9c\x12=\xb8b\
\x09\x1dr\xb9\xc7\xbf<R\xae[\x9d\xc3 g\x85\xc8\
?\x85\x02\x14\xb2\x8d\xc9\xe6\x05\xcf\xcar\xd89\xe2\xa2\
`\x11\x91\x17z\x13\xf7\x88\x93\x86\x02\xa5@d\xc99\
\xc0<\x0e\x07<q\x8f\xc2\x94\xa2\x0c\xb9\x05~\x5c\xe0\
\xb0\xe3\x9fn\xd4\x0c\x87\xcbb\xc5\x80\x0c1\xc8\xc9\xc0\
\xff\x00\x1e;S\x95\x0a\xab\x06D]\xa7\x8ct\xff\x00\
9\xfeU?\x94>\xf7lg\x93L\xc8\xce\xe4\x91S\
\x1c\xfa\xf4\xff\x00?\xad\x000\x9c\xa8' \x93\xdb8\
\x07\x9fzv\xe7\xc1T\x0e\x06\xef\x98\x82Gl\xf4\xa8\
\xf8Q#3n@N\xf3\xcb\x7f\x9fZY\x0e@V\
\xe7\x00\x9d\xc5q\xe9\xf8\xf7\xeb\xef@\x12J\x8a\xcaL\
\x8aY\x86\x09 ~\xa7\xf0\xa8\x0a\xec!\x84j\xa3\xa1\
\x0f\xfcC\xbe\x07\xff\x00\xab\xa5N\x84\x18\xd8\x91\x9e8\
\xcepx\xf6\x1c\xd4\x12\xaa\x89\x5c(,I\xe7\x07'\
\xa7'\xda\x80/Y\xba\xee\xc3\x00\xfc\xf0H\xc5n\xe9\
\x17\x8d\x11\x8e\xdc\xaecf\xc2\x7f\xb3\xdf\xf2\xaef)\
\x1a3\xc0\x1cc\x8cc\x8a\xbb\xbc0 \x1e\xbd0q\
HgoE`\xd9\xebE\x02\xa5\xdaq\xced\x1d\xbe\
\xa3\x15\xba\xac\x1dC)\x05O \x8e\xf4\x86-\x14Q\
@\x05\x14Q@\x05\x14Q@\x05\x14Q@\x05\x14Q\
@\x05\x14Q@\x05\x14Q@\x05\x14Q@\x05\x14Q\
@\x05\x14Q@\x10\xe2\x8aZJ\x00L{Q\xfaR\
\x91Gj\x00n9\xa3\x1e\xbc\xd2\xfe4P\x02t\x14\
\xd2=)\xf4\x1ex\x1dh\x022?\x03NQ\xeei\
v7\x5cS\x84d\x9ex\x14\x00\xc2\x0f\xa54)=\
\x14\x9fz\xb0\x10\x01\xebN\x00\x01\x81\xd2\x80\x22Hq\
\x82\xc7\xf0\xa9\x02\x00\x07\x1d)\xd4P\x03B\x81\xd0\x0a\
u\x14P\x01IKE\x00\x14\x98\x14\xb4P\x02`g\
4\xb4Q@\x05\x14Q@\x05\x14Q@\x05%-\x14\
\x00QE\x14\x00QE\x14\x00QE\x14\x00QE\x14\
\x00QE\x14\x00QE\x14\x00RR\xd1@\x056\x9d\
I@\x05\x18\xa5\xa2\x80\x12\x8aZ(\x011F)h\
\xa0\x04\xc5\x18\xa5\xa2\x80\x13\x14b\x96\x8a\x00LQ\x8a\
Z(\x01\xbbh\xdbN\xa2\x80\x1b\x83I\x83\xe9O\xa2\
\x80\x19\x83\xedK\xb4\xfbS\xa8\xa0\x06`\xd1\x83O\xa2\
\x80\x19\x83K\x83N\xa2\x80\x1b\x8a)\xd4P\x02\x01K\
E\x14\x00QE\x14\x00RR\xd1@\x09\x8a)h\xa0\
\x04\xa0\xd1E\x00%\x14\xb4P\x02QKI@\x05\x14\
Q@\x05\x14Q@\x05\x14\xd9$H\xc6X\x81Ue\
\xbeU\xce\xd5\xc8\x1dK\x1cP\x05\xc3\xc5D\xf3(\xe0\
\x1c\xd6\x5c\xb7\xa5\x89\xdc\xc7\x1d\xb08\xaa/|\xc4\x0c\
1\xc98\xc50\xb9\xb3-\xe2\xa0\xc9 Vm\xce\xa2\
\xb9 >[\xadgOz\x5c\x81\xd3\x1cg\x9ex\xe3\
\x1d\xab>g\x92G`\xd3\x12\xc0\x8cd)\xc1\xed\xdb\
\x1f\x95\x02\xb9j\xea\xfd\x9b\x04\x0f\x90\x83\x82\x0f\x7fJ\
\xa3#\x927g\x0d\x8c\xe7'\xaf\xd3\xf3\xfc\xe8b\xe1\
\x15\xa4\x9d\xc3\xe3\xe5\x1b\xb8\xa8\xd3\xa8\xd8I\x19\xc1!\
y\xf5<\xd0!2\xd1\xb6\xe1\x90\x08\xc1\x00\x7f\x87z\
d\x91:\x86\x11\xe5\x89\xe9\x81\x8f^\x09\xf7\xa6\x9d\xad\
1\xf9cc\x91\xeb\x9cg\x8asG\x96\x00\x82\x14\xf1\
\x84Bz\x9e\x0f\xf3\xa6\x04rG\xb5\x88\x90\x06P\x00\
\x04\xa8\x00u\xe9F\x02|\xc8\xcf\x9c\xfc\xb8\xc7\x06\x85\
,\xc3j\x96 \x13\x91\xb4c\xf3\xeb\xda\x9e\xca\xecU\
\x80\xdaA \x9c\xf3\xd3\x1c\x7f\x9f\xc6\x80\x18\xcb/\x95\
\x82\x11c\x19\xc0g\x04\xfa\xe38\xef\xfe\x14\xc0\xbd\x07\
\xf0\x8e\x9f7\x04\xff\x00\x85X\xf2\xc9U,\xaa\xa7\x1b\
X\x85\xeb\xef\xee;RD\x0a\xa0\x04\x92\xc4\xe4\xfa\x05\
\xf7\xc7^\xdcs@\x08\x88\x10\xe5\x981\xee\xc4g\xf5\
9\x03\xf0\xe7\xe9Vcb\x11I\x05p\x08\xe1s\xde\
\x99\x19q\x16\xe2\x03\x10\x00 \x9e\x0f\xa7\xe5V\xd1\xb0\
F\xe6`\xc5N\xdf\x9b#\xd3\xd3\xd7\xb5\x003!N\
A\xdb\x1f\x1c\xf5\xedJ2@\x05\x86=\xfa\xff\x00\x9e\
)\xd1\xb1\xe7yL\x9c\xfd\xde9\xf4\x14)\xf9J\x22\
\x80\xd8\xc8\xc194\x01\x10\xfb\x87\x9c\x84\xe3v\xde~\
\x9f\xe4\xd3\xd4gi,\xbbp\x0a\xe0\x80@\xeb\x9aq\
B\x8e7.\xc0{\x8eN:\x11\xefN;\xa4\xcb\xb3\
\xb9lp\x0a\x01\xfes@\x08QF\xe0r\x1c\x1c\x8c\
\x9a6\xc9\xb0a\x8a\xe0`\x10A\xeb\xd4f\x94\x9c\xb6\
\x15G<d\x1c\x1e\x94\x841\xdd\xe5\xb7\xcb\xf4#\x06\
\x80 9\xdd\xf2\xb0\xe7\x9c\xf6\xc6=z{Tk\xbb\
kmp\x01\xef\x8f\xfe\xb5Oq\xc1\xc8R\xcc9\xdd\
\x9eG\xd2\x98\xcc\xea:\x0c\xa8\xfe\xe9\xeb\x8f\xca\x80\x16\
\x19@O\x98\x81\xc62x\xe7\xda\x92N\x19\xc268\
<\xe0\xff\x00\xfa\xa8\x8b$\x0d\xaa\x03\xafrz\x0f\xa7\
\xf8S\x992T\x82\x18\xe7\x19\xcf\x5ct\xa0\x0a\xf1\x02\
YHT\x1c|\xd8b\x08>\xd9\xab\xb6\xad\xb8)\xc1\
\x03\x1d\xb2\x08\xfas\xd3\x8a\x8dA\x80\xe0\x049\x1d\x18\
\x1e\xfc\x8e\x87\xf1\xa5\xb6\xc4p\xb0ub3\x9eA#\
\xdf\xa5\x00Y\x01\x81l\xe5\x9dG\xa0'\x93\xc75\xa9\
\xa2^\xfd\x9ef\x8av\x09\x0bt\xce0\xad\x9c~\xb5\
\x90\xc8\xb8\xe0tl\xe5W\xf1\x19\xef\xd6\x94,\x9c\xa8\
\xc8\x03\x188?\x86)\x0c\xee\xa8\xac\x0d\x13U\x8a;\
U\x82\xf2GYS#s\x8e\x08\xeb\xd6\xb5mo\xed\
n\xb1\xe4L\x8cH'\x1d\x0e>\x94\x86Z\xa2\x93\xaf\
JZ\x00(\xa4f\x0a2\xc4\x01\xeaj\xad\xc6\xa5c\
l\x14\xdc^[\xc4\x18\xe0\x17\x90\x0a\x00\xb7EbM\
\xe2\x8d&6U[\xa1)l\xe3\xcaR\xfd\x0e;\x0f\
QYz\x8f\x8a$\xb8\x8db\xd3#\x92\xd9\xc9;\xe5\
\x9d\x06S\xe8\xa0\x9c\x9f\xaf\xebL.u\xf4W\x9e\x19\
\xf52\x1d\xbf\xb5n\xc3\x15\xfb\xc4(\x1f\x80\xc7\xeb\x8a\
h\x13\xce\xad\xe7]\xdc\xcc\xcc9>{\x80\x7f\x00@\
\xfd(\xb0\xaez-\x15\xe7m%\xec*Z\x1dF\xf9\
L|\xaeX\xb2\xf5\xe9\xcf_\xd7\xbdu~\x1f\xd6F\
\xa0\x8d\x0c\xff\x00%\xe4\x7f}v\x95\x0c3\x80\xc3?\
\xe3E\x87sf\x8a(\xa4\x01E\x14P\x01E\x22\xb0\
a\xf2\x90~\x86\x96\x80\x0a(\xa2\x80#\xc5(Z}\
\x14\x00\xd2\xb4l\x14\xea(\x010=)6\x0c\xd3\xa8\
\xa0\x06\xec_J\x02\xa8\xedN\xa2\x80\x0a(\xa2\x80\x0a\
(\xa2\x80\x0a(\xa2\x80\x0a(\xa2\x80\x0a(\xa2\x80\x0a\
(\xa2\x80\x0a(\xa2\x80\x0a(\xa2\x80\x0a(\xa2\x80\x0a\
(\xa2\x80\x0a(\xa2\x80\x0a(\xa2\x80\x0a(\xa2\x80\x0a\
(\xa2\x80\x0a(\xa2\x80\x0a(\xa2\x80\x0a(\xa2\x80\x0a\
(\xa2\x80\x0a(\xa2\x80\x0a(\xa2\x80\x0a(\xa2\x80\x0a\
(\xa2\x80\x0a(\xa2\x80\x0a(\xa2\x80\x0a(\xa2\x80\x0a\
(\xa2\x80\x0a(\xa2\x80\x0a(\xa2\x80\x0a(\xa2\x80\x0a\
(\xa2\x80\x0a(\xa2\x80\x0a(\xa2\x80\x0a(\xa2\x80\x0a\
(\xa2\x80\x0a(\xa2\x80\x0a(\xa2\x80\x0a(\xaa\xd7\x97\
\xb0\xda\x05\xf3I\xdc\xc7\x0a\xaa2M\x00X\xa4b\xaa\
\xa4\xb1\x00z\x9a\xc7\xb8\xd4\x9a`\xc9\x12\xecB>\xf9\
o\x98\xfa\xf1\xda\xa0\x0e\xbc\x7f2sL.kIv\
\xbd#\x04\xfb\x9e\x95^I\xd9\x8f\xcf\x92=\x07\x00U\
&\x97\x199\x18\xc5D\xf3\x801\xb8\xe4\x9fC@\x16\
&\x95G9\x22\xaa<\xe5\xb8\x1d=p*\x13!\xee\
rO#\x22\x98\xce\xd9 \x80\x09\xeaq\x8a\x04!\x91\
\x99\xc0\xda\xc7\xe8\xc38\xaa\x8e\xden|\xa6f\xc0$\
\xaa\x80q\xdb\x1cT\xe78\xf5N\xc0\x00\x07J\x8aT\
\x0e\xb8d$v'\x03\x8fz\x00\x82@\x1a7a\x80\
y\xdcUv\x8f\xff\x00]F\xb9\x04d\x0d\xa7\x91\x97\
\xfas\xd3\xadL\x17o \x22\xc83\x83\xb7\x00}E\
4\x16\xcb3\xb8\x93\x18Pvq\x92\x7f?\xc3\x8a\x04\
W\x12or\x22\xcb>1\x8d\xc3\xf4\xf5\x1e\xf4\xe6]\
\x8c\xbefW9RC`\x01\x8f_^jDV\x01\
\x8bd\x822@o\xa7\xe5F\x0c\x81Xn\x1bO%\
\x9c\xe3\xd3\x81L\x08\x0a\xc4\xcb\x94*\xcc\xa0g9o\
\xcf\x1d:\x7f:#\x07cm\xc1\x00\x8d\xd8a\x8f\xa8\
\x07\xf0\xa9Y\x99\x81]\xaeX\x02\xa4\x12\x09\xc7q\xc7\
\xb59\x15\xd5\xc7\x96\x0a\x83\xd5C\x12\x0f#\xf0\xa0\x08\
\xe1P\xe8\x08\xdd\x829;\xbd3\xd7\xf5\xa6\x04\xe0\x83\
\xbc\x05\x1c\x0d\x9c\x91\xdc\xe7\xa7z\xb5q\x84\x81U\x18\
\x16'k\x00:z\xf7\xa6d3d\xae\xe1\xc0\x001\
R}\xfd\xe8\x01\x91\xc0\xa4\xe4\xa3(m\xa0\x00\xbf&\
=\x87\xd6\x86\x8d7\xb7\x98@Pp8\x03\xf2\xcdK\
(\xcb\xb0\xdeB\xe7 gnx\xc5=!*\x99\x03\
r\x0f\xe1\xdb\xc8\x1fZ\x00E\xcaF\x06\xcd\xc7\xfb\xb9\
\x1cq\xd7\x1f\xd6\x9a\x03\x19\x10\x14\x0f\xb8n\x0c\x1c\x1e\
\xbd;{g\xf2\xa9\x11\x0a\xc9\xfc^\x9bv\xf5?Z\
p-\xb7\x8d\xc7\xd8\xb7_\xa6h\x022_\xa3u\x07\
\x8c\xe0\xe3\xaf\x1f^\x94\x11\x88\xf0H\x08zn|w\
\xfaS\xdc\xe0ewp3\x81\xff\x00\xea\xa1\xd3\x8e\x8d\
\x83\xd7,\x06?\x0f\xf0\xa0\x06\x08\xc6\x1c\xb3'<\xe0\
\x1c\xf1\x9f\xff\x00U:4\x8d\xa5*\xc3i\xc6p\xa4\
\x91\x8c\xd2\x9e\x10\xe4\xa7\x1e\xa6\x94(,\x1c(\x00}\
\xd1\xb8\x9f\xcb\xd7\xff\x00\xaf@\x06\xdc\xb0%v\xc6\xa0\
r8\x07\xfc\xff\x00\x93M\x0d\x80\xad\x807d\x958\
?\xe7\x8fJV\x04|\xa5\xc8=xn\xbe\xd8\xef\xfa\
\xf7\xa7+e\x01\xc8\xc7~1\xfc\xfd\x8d\x00A1\x01\
\xb7aA\x93\xa6zrO\x194\xd3\xe5\x94!H\x04\
\xfa{\xf4\xcf\xebS\xb2\xb2\xb6\xed\xea@\xe4\x9d\xbc~\
\xb4\xc7\xc9l9RO\xfb\x03\x02\x80!,%P\xec\
\xb9`1\x90Fs\xc6\x05Jd\x8d\x01>i\x03\x1c\
\xe5\xb3\x8f\xc3\x1fN\xb4\xbd~`\xec\x00\xef\xd0c\xa1\
\xfc)\x8b\x08\x95\x98\x8d\xc0z\x83\xd4\xf3@\x08\xd2\x00\
U\xa3M\xc1N\x02\x8e1\xe9O\x89\xd3\x19\xc9_]\
\xcd\xd3\xa0\xa6\xc7\x84b\x1b\x00(\xdb\x92\xc4\xf7\xf4\xfa\
P;0]\xb9\xe0\xae\xec\xff\x00/j@^T\xf3\
U\xb7\xe0\x83\xd3\x1c\xfe\x94\xcf)\xd4\x9d\xdec\x11\xc0\
\xe3<v\xa7\xdb\xe4\x928\x03\xa0\x04g5^\xebT\
\xb7\x85\xccEd}\xa4\x86(\x0f_Oz\x00\x99\x17\
p\xc4\x88\xe0\x91\x9d\xc4c'\x15$v\xcb\xb8\x12\x09\
ls\x91\xc5d\x5ckj\xd0\x81o\x13,\xa4\x0c3\
\x8c\xa89\x19\xf4\xcdC\xfd\xadqx\x22\x8dU#t\
\xce\xe3\xcf'\xe9\xec1\xf9\xd3\x1d\xce\xca=f\x0b(\
D3\xbc~h\x5cG\x10`\x19\xb08\x18\xa8'\xf1\
@\x8e\xc9\x5cZ?\xda\x89\xda\xd1\x97\x1bc\xe9\xcb7\
\xe3\xf8\xd79j\x01\xcb2\xe0\xb18$}\xeeN\x7f\
\x5c\xf1S\x0f\x97\x19\xc9<\x10@\x1d>\x94\xac\x17\x1d\
yq{~\xed%\xf4\xca\xf0\x12@\x84&bQ\xcf\
'\xd7\xb7&\xaa\x9b\x1bd*\x12\x14\x19?.@\x19\
?\x95Ze\xde\xdb\xbc\xbf\x98u\xc8\xc8\xcf\x7f\xe7J\
2\xacDl\xb1\xafrW9\xff\x00\x0ab+\xae\xd4\
\x07!\x17\x18\xce\x1b\x9f\xa61N\x8b,\x14\xa7\xcc\x01\
\xe5\x89\xfeu8\xcb(\xe3,y9\x5c\x1f\xccSv\
\x18\xd57n\xc0<\x1d\xde\x94\x00\xdc\xa2\x1d\xb21\x00\
7\x00\xb6>\xbcR\x1d\xa7\x94+\xb5\xb2z\x1f^\xc6\
\xa6\xd8Po]\xe38#\xe7\xc9\xe3\xbf4\xab\xf3\x11\
\x95,\xbdpN9\xc5\x00D\xecF\xc6o\xbay\xce\
A\xeay\xf7\xefKul%U\xcf\x98\xae\x87\xe5(\
yR:c\xfc\xf6\xa9\xbee\x1bX\x9f,\x7f{'\
\x1f\x99\xa4c\xb6PA\x0c\x00\xe3\xdc\xfb\xd0\x05\xb4\xd6\
uTH\xe3\xddo!\x03\x05\xda&\x0cO\xb8\xce3\
V#\xd7/\xf9i\x22\xb7\xc0L\xec\xc3\x02N}y\
\xac\xe5#vH$\x81\xd41 s\xd3\x1d\xa9\x81I\
*\x0b\x12\xd8\xc7'8\xe9\xda\x90\xeehK\xae\xeaN\
\x9b`\x8a\xd1%>\xa4\xb6?\x0c\xfd\x7fJ\x8a\xfbT\
\xbd\xbf\x88[\xbcI\x0a\x1f\xbc\xd1\xc9\xf7\xfd\x07\xa8\xfd\
j\x22\x8c:\x8c\x83\xce\xe0\xb4\x8b\xc2\x1e\x5c\x9fa\x8c\
s\xff\x00\xd7\xa0.C\x14\x0b\x19v\x844,\x84a\
\xe3\x93\xa0\x03\xaf\xd39\xad\x08u-F&\x04L'\
P>\xe4\x80r~\xa0UW%\xb9\xc9#\xaeI\xe9\
N\x8d\x89la\xf9'\xd0\x8f\xe5@\x8dd\xd7\xa4R\
\x04\xf6\xaa\x0e2vJ\x0f?B\x01\xa2\xb2\xc8\xec\x09\
R:\x1d\xc0\xd1@\xeevtQE!\x85\x14Q@\
\x05\x14Q@\x05\x14Q@\x05\x14Q@\x05\x14Q@\
\x05\x14Q@\x05\x14Q@\x05\x14Q@\x05\x14Q@\
\x05\x14Q@\x05\x14Q@\x05\x14Q@\x05\x14Q@\
\x05\x14Q@\x05\x14Q@\x05\x14Q@\x05\x14Q@\
\x05\x14Q@\x05\x14Q@\x05\x14Q@\x05\x14Q@\
\x05\x14Q@\x05\x14Q@\x05\x14Q@\x05\x14Q@\
\x05\x14Q@\x05\x14Q@\x05\x14Q@\x05\x14Q@\
\x05\x14Q@\x05\x14Q@\x05\x14Q@\x05\x14Q@\
\x05\x14Q@\x05\x14Q@\x05\x14Q@\x05\x15^{\
\x94\x88\xe0|\xcd\xe8\x0fJ\xcd\xba\xd4\x18\x0e%\xda}\
\x06\x05\x00mT\x17WPZFd\xb8\x95QG\xa9\
\xe4\xfd\x07z\xe5\xe6\x96Wf\x0bqp\xa5\x8f\xf0\xc8\
F~\x9f\x9dS\x16\x90G\xb9\xcf\xde\xe5\xb2\xc7<\x11\
\xf5\xf7\xa7a\x5c\xe9&\xd7\xec\xd2C\x1c~d\xce:\
\x84^\x9f\x89\xc7\xe9T\xe5\xd7\xee\x09C\x0d\xa0\x0b\xd1\
\xd5\xdb-\xd7\xb6+=U09$r{\xfaR\xa7\
\xf7W!{g\xaf\xe3@\x5c\x9a{\xdb\xbb\x9b\x81\xe6\
\xce\xf1\xc7\x9c\x08\xe2\x04\x0e}O\xd2\xa1\x8bj\xb9\xda\
\x0b\xb6FX\xf7\xfcO\xf4\xa0\xeeR\xc57n\x1d\xf1\
\x9c~t\xa0\xb7R\xb9\x04`e\x00\xfa\x8a\x00\x97'\
*q\x809\xc8o\xf3\x9a]\xdc\x1c\x92=\xf3LE\
m\xdbI\xf9O$\x13\xc8\xa0\xaf\x03.\xa0\x8e\xdct\
\xf6\xf7\xa0\x07\x96m\xc0\x96R:u\xa8\xdd\xc30$\
\x82\xfd\x81<S\xd8\xe4g\xefs\x8c\x920?\xcf\xf4\
\xa6\xe3\x90\xa4\x921\x9c\x0c|\xd4\x00\xdd\xc78\x19#\
=\x07#\xad \xc9\x1b\x90\x03\x8e\xe0\x13R\x9c`0\
\x5c0<\xe4\xe7\xfc\x9a@T\xbf\x1c\x13\x8fS\xc74\
\x01\x19F.p\x18|\xbc\xf1\xd7\xf1\xa8\x8a\xee\x8c\x0c\
>\x0a\x9c\x9eA\xabB=\xe5~T;x\x1c\x1aE\
\x87\xae\x02\x8c\x8e\x9d;\xd0\x05)\x22,s\xb0\x16\x1f\
\xc7\x93\xc5\x1b\x08\x84\x22\xb62\x01c\x92z\x7f\x9fj\
\xb4\xc0\xf9{\x15F\x07\x18by\xa5\xda\x84\x81.\x01\
#\x1c\x8e\x08\xa0\x0am\x09^\x98\x1d\x08\xe3\xfc\xf3J\
\xd0\x99\x0a\x9d\x84\x81\xc6\xd2\xa3\x8e*\xc9\x8fnF\x17\
\xa66\x80x\xa6\xac!\xb7\x12\x83a\xee\x099\x1e\xf4\
\x01\x0cP\x1cm.[\x03\x9e\xd8\xfdj8\xa3,7\
\x10\xe1\x8f\xde!\x80\x18\xfa\x8a\xb0\xb1\xe0\xe0!\x19\xcf\
A\x8e\x7f\x9d1\xc0\x0cw\x806\x9f\x98\x0e}z\xd0\
\x22\x06\xe4\x96\x18\x04\xf2\x089\xf7\xebI\x91#2n\
l\xb6\x08\x19\xe9\xec8\xff\x00\xeb\xd5\x98\xe3m\xfb\x86\
\x01#\xaf\xaf\xbd(\x0c_r\x8cps\xf3d\x91\xed\
\xfc\xff\x00\x0a`W\xc2L\xdbWk\x06\xc0\xc3\x13\xd3\
\xf2\xa4\x93n\xe0X\x92\xed\xd1@<\x0c\xf3V\xccC\
b\xe1\x88\x1e\xa0\xf4\xeb\xff\x00\xea\xa3\x18`\x18\xb1'\
\x1cg\x81@\x0c\x11\xb0Ef%}A\xeasCF\
\x1b\x9c\xb7N@NH&\xa41\xe4\x80@\xdc:\x1c\
\xe7\x9a\x90B\xeb\xcb\x81\xb8\x0c\x123\x83\xfesH\x0a\
\xe1HeO\x98\x00\x0f#\xa8\xf7\xf7\xedNT\x1ea\
;w\xb0\xe81\xd7\xeb\xcf5`G\x92\xb9\xed\xf9\xd3\
\x0ce\x90\x10\xa3v:69\xa0\x0a\xc2 \xae\xd8^\
\x10\xf0s\xeb\xdb\xf5\xa3.C.\xe0N\xd1\x8d\xbd3\
\xf9z\xd4\x9eX \x0d\x81y\xeb\xc09\xfe^\xb4\xa0\
1#h?6\x01#\x83\x8f\xc2\x98\x11\xb9o\x95\x9f\
\x9ct\xda\x09\x03\xdf\x1f\x85\x0f\x82\xa5\xb6\xf1\x9e\x839\
\xcf\xb7\xe1\xf4\xa9\xf6\x86f\x19\x0e\xa4z\xf4\xa4x\xcc\
\x88W'n1\xd4pi\x01\x14k\xba,\x9f\x9f\x0a\
pI\xee;sL\x0a\x18\x9c\x9c\x0c\x92B\x9c\xd3\xd9\
P\x10\xac\xdc\x9e0O\xb7\xff\x00\xae\x9ccS\x9cn\
<\xf1\xd7\xaf\xbd\x00G\xe5\xa9\x90\x80[\x91\x90\xdb\x07\
\x00q\xd7\xfc\xf4\xa1R5F<\xae9'oA\xed\
\xff\x00\xd6\xabQ#8%\xbbzf\x9c\xb1\xb0)\xb3\
![\xfd\x9c\xfe<\xd0\x05DM\xe3\xee\xf6\x1c\x9e?\
\xaf\xf3\xa9\x16\x10\x81\x81\xcag\x807z\x7f*\x9eO\
\xdcB\x0c\xdbP\x9c\xfa\x0c\x93\x5c\xab\xc2\xf3!\x92b\
\x19\xf7d\x1c\xe0\x13\x9cs\xef\xd7\x9ac/\xea\x1a\xa3\
Ep\xb1\xd8\xc9\x11U\x04;0''\xd0Vm\xbc\
\x8d\x1b8\x90\xee,\xc5\xb7o\xc9\x19\xa7%\xba\xa4\x8d\
\xb2E\xd9\x83\xc0 \x10s\xdf\x8a\xb2`\x00\x8d\xe0\x06\
\xf5$d\xfb{\xd0I\x0f\x92\xa7v0\xc3\x19,\xc7\
\x93\x8f\xfe\xb9\xa9#\x8c\xb3\x87\x90\x92\x01\x1c\xb08\xe3\
\x19\x19\xfcj\xc4g9$\x16#\x83\x83\xc2\x8a\xb4\xb8\
F\x18_\x94\x8e\x00\xceE\x0020\xc0\x81\xb4\xed'\
\xf8A\xfet\xe1\x9f)X\x99\x00.\x06\x02\xe0\x8e}\
\xa9@C\xc7\x18\x1c\x9c\xe4\xf7\xe4g\x1dy\xa9R\xdc\
\x94w(\xa3y\xc9 s\x9f\x5c\x1f\xc7\xad\x03\x09\x01\
f.Z\x5c\xe5\xb03\xc1\xef\xfe~\x95\x1a\xc6x;\
\x02\xe4\x8c\xf2y\xabR[*\xc6\xb9m\xdbO\x01x\
$u\xfe\x94\xae\xa5dR\x02\x93\xd4\xe4\xe4\xf4\xf7\xa4\
\x04!K0\x05\x86\x07\x00\x11\xefJ\x80\xab\x8c}1\
\xb7\x9c\xd3\x84Q\xb88\x00\xba\xf3\xb5\x81\xce{\xff\x00\
JT\x19\xc1\xf9[\xbey\x19\xff\x00>\xf4\x00\xdf#\
y,p\xbc\xf0\xdby\xa7\xc8\xa5b\xdc\x0e\xec\x9c\x0e\
z\xfa\xd3\xca\x01\x1e\x0ac\x8e\x99\xcf\xd7\xf9R\x15'\
'o\xdd\xf5\xf4\xa0\x086`e\xb7\x01\xd0n|\x0f\
\xcb\x14\xe7\xe0\xf5\xc6A\x1dq\x8f\x7f\xff\x00];\x0b\
\xc0\x1bIa\xc61\x823F\xe6^\x07\xe4\x1b\x04s\
\xd2\x80#B\x87\xe6\xdcI^3\x9f\xfe\xb5*\x85\xda\
\x0a\xed\xf9F\xdc\xe4\xe4f\x9c\xdb\xb6\x8c\xf0\xa4\xf1\xf3\
\x0aR\xa7%\x86\xf3\x9e\x80\x1e\xa3\xda\x80\x22A\x990\
\x9b\x9b\x9c\x12\x01\x19=\xf3R\xc9\xf2\xb6\xd2\xdc\x9e\xc0\
f\x90>A\x18}\xc0s\xbc\xe2\xa2\x8d^F.\x9b\
C\x9eNzP\x03\x88\xf9\x81\x1b\x9b\x9c\x8c.\x00\xeb\
R\xc4\xe0\xb1-\x903\xdb\xa1\x1e\x94\xc0\xa5p1\x8e\
{\xe6\x9cT\x80N3\xcfA\xf9s@\x12\x22+\xc6\
\xcaW!\xb1\x93\x8c\xd1HS\x9c\xed\xca\x93\x928\xcf\
\xff\x00\xaa\x8a\x00\xec\xa8\xa2\x8aE\x05\x14Q@\x05\x14\
Q@\x05\x14Q@\x05\x14Q@\x05\x14Q@\x05\x14\
Q@\x05\x14Q@\x05\x14Q@\x05\x14Q@\x05\x14\
Q@\x05\x14Q@\x05\x14Q@\x05\x14Q@\x05\x14\
Q@\x05\x14Q@\x05\x14Q@\x05\x14Q@\x05\x14\
Q@\x05\x14Q@\x05\x14Q@\x05\x14Q@\x05\x14\
Q@\x05\x14Q@\x05\x14Q@\x05\x14Q@\x05\x14\
Q@\x05\x14Q@\x05\x14Q@\x05\x14Q@\x05\x14\
Q@\x05\x14Q@\x05\x14Q@\x05\x14Q@\x05\x14\
TR\xca\xb1\xf0y>\x94\x01-1\xe4T\xeay\xf4\
\xaar\xdd\x9c\xf0v\x8fATf\xbb\xe5\x88=:\xd0\
\x06\x8c\xb7eG\xca\x07\xf3\xaa3\xdfI\x86_\x9c\xe7\
\xb0\x15M\x9d\x9c\xb6\xefC\x8e\xd5\x1btn\xed\x9c\x81\
\xd6\x98\xae:Yd \xec\x01G\xbdA \xdd\x82A\
\xc9\xf44\xe6]\xe3 \x9c\xf48\x00\xd2\xaa\x80\x08\xcf\
<\xe4\x9c\x0a\x00\x8d\xc6s\xb7w<\xf5\xa4\x8d\x08\x18\
\x01X\x8eI\x1e\xbf\xd6\xa4U\x07\x85\xdc\x00\xeb\xdb8\
\xa1P\xe7\xe5=OC@\x84a\x96e<\x93\xdf\xa1\
\xe9\xf4\xa6\x84\xca\x02\xc7\xa7Q\x83O \xfa\x13\xd4\x9f\
\xca\x95\x10\x94\xc1\xc6\x0609\xf4\xf5\xa0\x06)m\x98\
\x01\xf8\xed\x8e:\xf5\xe6\x9c\xa5C\xb1E=9\xc0\xef\
O\x19\x0f\xc7+\xdb\xbf\xebN\xd8\x01\xe79\xed\xc5\x03\
#\x09\x97;\x83g\x19\xe6\x9cI\x0e\x0f \x8e1\x81\
\x83\xcd=T!\xce\x09\xe9\xc8\x1c\xfe\xb4\xe5\x00\x92\x14\
\x0fa\x8f\xfe\xbd\x00F\xc1W,X\x85\x1dI\x18\x19\
\xa7\x13\x85;O\xd0\x03O\x8d\x01\xe0\x8e=v\xd2\x95\
\xe4l\x03\xd7\xaf\xbd\x00G\x82\xdc\x9d\xd8?\xaf\xd2\x80\
\x0a\xb6U\x8eG\x04\x1c\xd4\xc1@;z\xe7\xe9R(\
 c\xa0\x1d\xce=\xa8\x02\x05B\x18\x95`\xde\xde\x9f\
Jk\xae\xc0\x18|\xa7=\x8fj\xb4\x17\x1c\x9f\xd4\xd4\
r/\xcd\xc6\x08\xf7=\xa8\x02\xac\x81\x89\xe1\x8fl\x90\
zR\xa1\xdc\xa7\x0e1\xea\x09\xc7J\xb0\xd1\x86\xcey\
\xcfARy\x5cey>\x84\xd0\x05F@\x0f|\xf6\
<\xd4m\x1f8\x00{pM_\x10\x96'?\x95\x0f\
\x11a\x83\xc7\xb5\x00f\xca\x8a{\x03\xdf \x1a]\x8a\
Tg#9#\xe5\xcfz\xb7\xe5\xa9F!3M6\
\xe9\xb0\xfe\xec\x1c\xf4\x1bzP\x05d\x8dB2\xa6K\
g\x82\xc4q\xf44\xa6\x07\xde8\xe4\x8eOS\x8a\xb2\
\x91\xee\x19X\xf6\xb0\xeaqJ\xab&\xf4B\x1bq\xee\
1@\x15[p\x0c\x8c\x19\x80\xe7<c\xad5UL\
l\xac>nN\x0bn\x1dj\xe4\x910\x00\x84*\xc7\
\xaepi\x91!T%\xb3\xb8\x9c\x9c\xb0\xa0\x0a\xe8\x88\
\x06\xd0\xc4g\xae\xd0A\xa7`6\xe5P\xaas\x800\
s\xf8\xd5\xc4L\xa8%I\xe7\xbb\x7f*\x91 +\x93\
\x9f~\x94\x01P\xc6\x8cx\x03p\xfa\xe2\x98\xc8@\xf9\
Tc\x9e\xc7\xd2\xb4\x12,q\xd4\x9ei\xc6\xdc:\x8e\
\xc7<\xfb\xd0\x06g\x05\xc0h\x98\xa8\xe4\xb1\x02\x9a\xa8\
\xfep\x00\xa8\x19\xe0z\x7f\x9fJ\xd00\xa4r+\x10\
2W\x04\x9e\xb5\x10\xb3o\xb4\x97\x0d\x84\xea0\xa2\x80\
#H\x02\x920\xc3\x8cu\xf6\xa2H\x0b\x0e\x0e=\x89\
\xe2\xafy@u\xce\x07LR\xb4y\x18\xe4\x03\xc7\xd2\
\x80(\x18\x08\xf9\xd4\x00q\xc9\x1cf\x98\xb0\xb6\x01+\
\x8d\xbe\x87<c\xb8\xc5^d?p\x1c\x80:\x9a\x84\
yq\xcaU\xe4@I\x1c;r(\x02\x07UV_\
\xbc[\x8cpi\xf3\xce\x22\x81\xe5~\x8a\xa4\xe1\xbb\xfb\
S\xa4\xbc\xb4I0r\xec8,\xa3\x8f\xcf\xfc\xf7\xac\
\xb9Y\xae$v\x90\xbb\x02\xcd\xb5H\xc6\xd1\x9e?J\
\x00\xcfO\x9b\x83\xe6\x99\x18\xe4\x91\x93\x8e\xfdi\xd1\xc6\
\x02\xeeX\x9d\x888\xe9\xb7\x18\xfd?:\xb8\xa8\xbc\xf5\
\xcfS\xf2\x9c\xfd8\xa1UV2\xac\x9f)\x5c/\x1c\
}O#\xebLEX\xa3|\x91\x92\x14\xf3\x82\x06A\
\xfc)D*\x8c\x15\x98no\xba\x18\x81\xc7Z\xb2\xf8\
e\xc9\x0b\x8e\xbc\x8f\xe9\xf5\xa9\x22\x8dO,\xa4\x1e\x9f\
t/\xe4\x7f:\x00\xaa\x15\x94\xa8\xcb\x1c\xf1\x91\xd0\xf1\
S\xa2\x12Ao0`g\xe9\xf5\xf5\xfc*\xd0\x84\xb8\
`\x17\x83\x90y\xa9Q\x01\xc7\x1fw\x91\xd3\xf9\xd2\x02\
\xaa\xaf\xcaP0(G^x\xff\x00<~U,J\
B(`$\x5c\x8c6x\xeb\xc6}\xea\xc0RGL\
{\x0csK\xb3\x18\x07\x8cr\x0ey\xa0d$\x11\xc0\
f\xc6:\x16\xce=\xaa3\xc3r\xf8\x1e\xe7\xadZP\
W\x83\x83\xef\x9ai\x8dA\x1e\xa3\xf8\xb3@\x15\xc0$\
\x81\xbb\xb6pI<\x8f\xd6\x90\x05\xed\xd4u\x1c\xf5\xf4\
\xab\x05\x08\x18P\x08\xe9\x90sH\x88@\x0f\xd7\xeb\xda\
\x80!D%\xb3\xc0\xed\xd0\xfe\xbe\xb4\xa5\x07]\xbc\x9f\
\xf3\xde\xa7 0\xc9\xc9\x03\x8e\xbc\xd0P`\x0d\xa3\xf2\
\xcd\x00V\x91\x14\x86;\x8e\x07]\xab\x83\xc7\xbd!\x19\
\xc6\xdc\x80F;\x03\xf5\xab\x060\xb9;G\xa6@\xa6\
\xed\xc6v\x80\xa0\xf3\x80(\x02%F\x04\xee\x1b@\xe7\
\x1d\xa9Hb\x14m9\xc62N=\xfa\xfeu2\xa9\
\xc1\xdc\xa4\x8e\x9dE&\xd3\x8c!\xc0\xf6\x22\x80!u\
\x8eR\x03c\x9e\x0e\xe3\x92;\xd5r\x80\x02\xa7.\x07\
A\xce?\x1a\xba\xcaT\xe3'\x1d\x07\xcd\x82j9\x94\
\x9c\xed\xce}s\x9f\xce\x81\x15\xd1A \xe11\x8eq\
\x9cT\x825,v 9\x03\xa8?\x9e=*R\x02\
\xa8\x05\xbb\xe38\xa3\x9e\xd9\xe3\xaf\x19\xa0\x06\xe1\xb1\x9d\
\xad\xc7u\xebEH\xca\x17\x90v\x8fc\x9f\xe7E\x03\
:\xca(\xa2\x90\xc2\x8a(\xa0\x02\x8a(\xa0\x02\x8a(\
\xa0\x02\x8a(\xa0\x02\x8a(\xa0\x02\x8a(\xa0\x02\x8a(\
\xa0\x02\x8a(\xa0\x02\x8a(\xa0\x02\x8a(\xa0\x02\x8a(\
\xa0\x02\x8a(\xa0\x02\x8a(\xa0\x02\x8a(\xa0\x02\x8a(\
\xa0\x02\x8a(\xa0\x02\x8a(\xa0\x02\x8a(\xa0\x02\x8a(\
\xa0\x02\x8a(\xa0\x02\x8a(\xa0\x02\x8a(\xa0\x02\x8a(\
\xa0\x02\x8a(\xa0\x02\x8a(\xa0\x02\x8a(\xa0\x02\x8a(\
\xa0\x02\x8a(\xa0\x02\x8a(\xa0\x02\x8a(\xa0\x02\x8a(\
\xa0\x02\x8a*9f\x8e!\xfb\xc6\x02\x80$\xaa\xf2N\
\x06pj\x9d\xc5\xeb0;~T'\x03\xd6\xa94\x8c\
\xc0\x10O\xd0\x0ei\x81~[\xa69\x0a\xf8\xaaO;\
\xb7B@\xc7~\xb5\x09br\xc3\x04\x1aA\x83\x96-\
\xf8f\x81\x01\x91\x9b\xf4\xe0\x9c\xd3\x08b\xc4\x9c\x11\xfd\
\xd2sN\x5c\x11\xb9J\x909\xe2\x97\x1dN\xee\xfdO\
Z\x00L\xe0\x9f\xe1\xe3\xb6y\x14\x80|\xd9\x1d\xcfq\
K\xb7\xe6$\x8c\x90:\xd2\xe0r\xd9\x5c\x0e\xf98\xa0\
\x06\x94\x04\x8f\x97\x92px\xe9JWr\x82\xc0\x9fA\
\xb7\xb5=\x10r\x15\x97>\xa7\x22\xa4({\xe7\xd4m\
\x1d(\x02\x02\x87\x82>\xef|\xd3Xd\xed\x19#\x18\
?J\xb3\xb7 \x0c.\xde\x0f#\x140\x1d\x00\x03<\
P\x04 \xb2\xaa\xe1\x88\xe7\x9ez\x0aX\xd0\xe5\x8f\x03\
$\xf4\xeajVP\x14de\x8dH\x88J\xe3\x18#\
\xae\x0f\x14\x01\x5c\xaer:rG\x1c\xd1\xb3# \xf1\
\xc7\xde5l(\x07\x90O\x1f\x85 P\x0f\xa0\xf4\x06\
\x80+\xb2\x86nq\xc7\xad=\x94\x81\x8c\x8f\x97\xd3\x9a\
\x93\xcb\xe7\xee\xfb\xe6\xa4\x8dN\xe0\x0e\xd2:\x91@\x10\
\x88\xf8\x1d\xbf\x0aP\xb8$\x01\x8f\xc2\xacy^\x99\xa0\
\xa7?\xd4\x8a\x00\x84'RI\xe6\x9c\x14\x01\x8e\xd5)\
L\x1c\xf6\xa0(\xc6\x07\xe7Hc6s\x83\xf8\x1ak\
'\xcd\x90\x00\xfa\x9a\x9c\x02{R\xf9`\x81\xc7\xe1\x8a\
\x00\xae\x10`\xb1\x00\x1fJ\x95S=y\xfa\xd3\xd9p\
:\x13JG\xc9\x91@\x0d\x08:w\xef\xcd\x05\x0f\x19\
\xe9\xdf4\xf0r\x07\xd2\x9c\x08'\xaeh\x02\x0f,\xe4\
\x1ac\x81\xb8\x00q\x8ej\xde:\xd4.\x80\x9e\x009\
\xa0\x08\xa3\xf9\x5c\x8e\xa7\xbd=\x97.\x18\xfd:R\xa4\
gy\xceq\x8fZ\x90\xa8\x07\x04\x8c\xfd(\x02\x09\x88\
 m\x05\x89\xe3\xda\xa1(\x04\x81\x99\xb9\x03\x1cu\x15\
nX\xb0F3\x8fjg\x97\x82C(\xc1\xef@\x0f\
H\xd8\x0c\x9f\xe7NT>\xd8\xa9\x14\x00\x80f\x82q\
\xf4\xa0\x06\x04\x00\xf2\x01\xf7\xa7\x10\x02\xe3\xb5/=i\
\xa8\x08V-\xeah\x02\x02\x89#\x10F\xe08 \xfa\
T\xaa\x8a\xbft`\x0e\x98\xa8\x910K0 \xb1<\
\x8a\x9br\xaf\xf1\x0ey\xeb@\x08Tg\x9f\xe5Mu\
\xc0$\xe0\x01\xde\x92Y\x82\x01\x8eOJ\xa5$\x928\
a.\xd2\x0f\xf0\xf4\xa0\x09\xa7\x95cM\xc3\x0c\xf9\xe0\
{\xd6]\xc8i7\xac\x8d\xbc\x108?\xc5\xc7CV\
\x88\xc98\xc0\xc7==i\xae\xa0\xe4\x00\x0e:\xfeT\
\xc4R\xd9\x88\xfb\x1cv\x1c\x0cR\xed\x1c\x1c\x9c{\x0e\
*\xce\xcc\xe0\x80@\xc7B\x7f\xc8\xa1F\x09\xe0\x9eO\
S\xdf\xd6\x80+*m\x93\x9cs\xef\xce3\xe9K\x1c\
!\xbeo\x97'\xd4\x9a\xb2\xab\xb9x%\xb3\xd3\xa9\xa4\
U#\xf8@\xfa\x9a\x00\xaeb.\xdb\x8f;\xceI\xc7\
\xbf^j\xc4p\x01\xcb\x0c\xe4t\xc6GZ\xb1\x12\x06\
\x07v\xdc\xf1\xc8\xa9\xd6\x1f\xa8\xf4\xef@\x15\xd1K\x0c\
\x81\x81\xf4\xa7\xacA\x86\x09<U\x84\x8c\x0c\x92:\xfb\
R\xed\x03\x1d\x00\xa0\x08\x16>\xa3\x8c\xe3\x83M*2\
O\xaf\x18<U\x83\xdb\x18\xfaS]I\x1d(\x02\xb3\
d/!p{SH\xc3.\xd3\x81\xec{\xd4\xac\x9d\
x\xfc\x850\x82\x1b\x07>\xe7\x14\x01\x0e:z\xfb\x1e\
iT\x92AC\x9eF0{\xe3\x9as\x0c8\xc1\xe7\
<b\x95s\x92y\x5cw\xcd\x00'#9\x18n\xdc\
\xe6\x83\xc7\x04\x9e\xbc\xf3Rc+\xdc\x91\xd3\x9aA\xc0\
\xcf\x14\x01\x13|\xdd[\x1e\xb8\x07\xa5*\x923\xb3\xa0\
\xee?\xc2\x9cS\x81\x81\x92\x05\x22\xa9=xo\xaeh\
\x01=\x89\xe7\xd4\x8cRp\x00U\x07\x03\xbf\xf5\xa3\x1b\
\x8e\x07\x1e\xf8\xf4\xa5\x00\xe3\x079\x1c\x82E\x000\x87\
\x5c\x85'\x9c\x11\x83\xc1\xa4!\x86\x01$\x9f\x5c\xf5\xfc\
*b\x09`\x0e\x07\xe9\xda\x91\x82\xe7\x01\x86}\x0fZ\
\x00\x85\x95\x8a\xe0\x00\x06}qJ\x06\x17\x90:\xf2\xd8\
\xeb\xefS\xed<\x0e\xe0\xf4\x1d)\x197.\x0f\xcc\xbe\
\x94\x01\x19\x1b\xb0I'\x1fQEK\xe5\xe4\xe3\x8c\xd1\
@\x1d\x0d\x14QHaE\x14P\x01E\x14P\x01E\
\x14P\x01E\x14P\x01E\x14P\x01E\x14P\x01E\
\x14P\x01E\x14P\x01E\x14P\x01E\x14P\x01E\
\x14P\x01E\x14P\x01E\x14P\x01E\x14P\x01E\
\x14P\x01E\x14P\x01E\x14P\x01E\x14P\x01E\
\x14P\x01E\x14P\x01E\x14P\x01E\x14P\x01E\
\x14P\x01E\x14P\x01E\x14P\x01E\x14P\x01E\
\x14P\x01E\x14P\x01E\x14P\x01E\x14\x8c\xc1F\
X\x80=\xe8\x01i\xae\xea\x83.\xc1G\xb9\xaas\xde\
\xe7+n2\x7f\xbcG\x15NM\xd3\x15i\x18\xb9\xed\
\x9e1@\x16n/K\x1d\xb6\xe4m\xc7,x\xfc\xaa\
\x8b6F\x09\xceG'\xa9\xa7\xb7OL{\xd0\x08\x07\
$d\xe3\xd7\x9ab  \x8c\x12\xcaA\xfa\xd2\x90\x06\
H\x00\x923\xd38\xa9\x0e\x0ex\xe9\xd3\x8akF\xa3\
\x00\x02G|\xe7\xde\x80\x19\x82I\x07<\x1c\x8c-4\
\x822\xa3 \x1c\x8c\x85\xcd=\x90z\x13\x9c\x0e\x94\x01\
\x9cq\x81\xd8\x9a\x00c`\xfd\xcc\x80z\x0cR\xe3j\
\xf1\xd7\xbe0)\xfe^\x09\xdcX\xe3\xd8sK\xb4`\
w\x18\xe0q@\x11\xa8U'~I\xcf \xb58&\
\xd2v\x93\xf9\xe6\x95\x14\xe4\x028\xc58&\x098\xfc\
\xa8\x018#\x1d\x00\xfc)\xe1=9\xfaQ\x95 \xe7\
\x83I\x95lm\xdaI\xfc(\x01\xdbG|\xd2\x91\x9e\
\x0e?\x1a\x00\xcb\x0c\xe3\x1d=\xe9rT\xe3\x04s\xe9\
@\x02\xa0\x19\xe0g>\x95\x22\x008\xc0\xcf\xd2\x95C\
0\xc9\x19\x1fJp^\x85\x8f\x1e\xe2\x90\x0d\x03\x07\xff\
\x00\xafK\x8eq\x8f\xc6\x9e\xa9\x8c\xe3\x9a~\xderh\
\x19\x1e\x0ey\xea:sN@z\x9c\xd3\xf6\xf3J\x06\
\x07|\xd0\x02\x01\xf9}h+\x9fzx\x19\xebN\xdb\
@\x10\xf4>\xd4\xe5_LS\x99{R\x80@\xcd\x00\
4'r(\xe0z\xd4\xc0~T\x84\x03@\x11\x01\x81\
\x8cc4\x80`\x9e*m\xb9\x1c\xd2m#\xa5\x002\
.O4\xaf\x10\x04\x11N\xf2\xb2y\xe2\x8d\x9c\xf3\xc9\
\xa0\x06:\x91\xc8\xc9\xa6\xaa\x12}\xaa}\xdcr)\xaa\
ph\x01\x0af\x8c\x0c\xf3O\xce;R`\x1a\x00L\
SYz\x9a}!\xa0\x06\x05\xc9\xe7 \x0e\xd4\xb8\xc9\
\xcd:\x8c\x0a\x00kt\xe2\x90\x80F?Zq\xa8\x9f\
q\xf6\xa0\x04\x95\xc2\xa1\x03\x93\xd3\x8a\xac\x14\x16\xc9\xeb\
\x8a\x90\x8cz\xd2\x1c\x0cr?\x1a\x00\x8ff\x07\xb5G\
\xb0v\xc856\x07\xf0\xe3\x8fzM\xb8\xcf\x1dy\xe2\
\x81\x15\xd9\x01\x07;q\x8fO\xd2\x82\x17\xa6\xd1\x91\xfe\
\xcdNrx\x00\x93\xe9\x8ac+\x03\xca\x9c\xf68\xa6\
\x04[\x03/\x03\xf2\xa1Tt\xf4\xf7\xa9D@\xe4\x1e\
\xbdzT\xaa\x87#\x1f\x9d\x00@\x8b\xc6B\x90{\xf3\
R$g\xa88'\xae*x\xe2#\xa7J\x91S\xd6\
\x81\x91\xc5\x1f\xca2*ULw\xe6\xa4\x18\x14R\x02\
6Zi\x1cz\xd4\x84\x0aLP\x04ax\xe8)\x8c\
\x14\x0f\xfe\xb5O\x8ai^?\xfa\xd4\x01]\xd0\x11\x81\
\xc9\xeb\x83Q\xba\x9c\x0c\x0e\x9d\x87\x15o\x1c\xf4\xfa\xd4\
eOR1\x8e\xd4\x01So@\x063J\xa8\x0f\x5c\
\xe3\xf0\xcdY*\x08\xe4piJ\x0cp9\xf5\xa6\x05\
P\x0a\x96\xf9y\xfa\xd0T\x9e1\xfa\xd5\x8d\x80\x021\
I\xb7\x00\xf1\xd7\xde\x81\x15H\xda\x0epN;\x9a6\
\x93\x92\xa4\x0f\xadL\xcb\xd7\xa9\x1e\xe7\x8a^\x0f\x18\xc7\
c\x9eh\x02\x1c\x02\xbc\x91\x91JA$\xf0\x00\xe9\x80\
\xb5)\x8c\x12I\x07\x8e\x94\xab\x1f\x03#\x9e(\x020\
\x9by\xc1?\x85.\xd0yl\xe7\xe9\xd2\xa4U\xc1\xc0\
\x1d{S\xb6q\xd4\xe3\xd0\x0a\x00\x84/s\xcd \x19\
a\xbb8\xcf\xadNP\x0f_\xc6\x99\xb3-\xc5\x003\
\x0ay\x1cz\xf3EI\xe5\xf1E\x00k\xd1E\x14\x86\
\x14QE\x00\x14QE\x00\x14QE\x00\x14QE\x00\
\x14QE\x00\x14QE\x00\x14QE\x00\x14QE\x00\
\x14QY\x92X\xda^\x5c\xddIqn\x92\xc8\x8c\x10\
\x16\xf4\xda\xa7\x1f\xad\x00i\xd1X\xde\x14\x82(\xf4[\
gDP\xec\x98f\x1d\xf0Ml\xd0\x01E\x14P\x01\
E\x14P\x01E\x14P\x01E\x14P\x01E\x14P\x01\
E\x14P\x01E\x14P\x01E\x14P\x01E\x14P\x01\
E\x14P\x01E\x14P\x01E\x14P\x01E\x14P\x01\
E\x14P\x01E\x14P\x01E\x14P\x01E\x14P\x01\
E!8\x195\x08\xb8RG\x04\x03\xde\x80'\xa2\x98\
\xd2*\xaer\x0f\xa5Widn\xe1G\xb5\x00>\xe6\
\xe3\xcb\x05c\xc1\x93\xf4\x1fZ\xa8\xee\xf2\x1f\xde\x10@\
\xe8\x07jp]\xa4\xf2}h*\x08%q\x91@\x11\
`\x83\xc0\xfd\x054\xe7\x8e9\xa9J\x81\xd0\x11I\xb7\
\xaf?\xa5\x00G\xdc\xf0O4\x9c\xfc\xa5G\xea9\xa7\
\xed\xc6?\xc2\x99\xc9\x00\x13\xfaP!\x18\x1c\xf3\xd3\xeb\
M \x13\xd7\xf5\xa9=\xc5! \xf2G\x1d)\x80\xc3\
\xf7O\x19\xfci\x04}\x0a\x8c\xae}3N\x00n\xcf\
n\x9c\xd2\x84\xe9\x92x>\xb4\x00\xcd\xa4\xe4c9\xe2\
\x94(\x0b\xc1\x0a}1\x8c\xd3\x8a\x8e\xc3\xf2\xa0'\x1d\
\x80\xf5\xc5\x004\x01\x92=\xf2x\xcd)\xe8s\x8cS\
\xd7#\xaf\x03\xd4\x8ax\x8f\xdb\xf1\xa0\x08\x82\xf0\x0a\x9e\
{\xf3\x9ar\xa7nq\xf5\xa9\x04x\x1bsNe'\
\x14\x86W\xdb\x92H<\x8e\xf5,i\xb9ry\x1fJ\
ES\xee9\xeb\x9e\xb58@3\x8fN\xf4\x00\xd5\x1b\
:~\xb4\xe5\x19\xa1y\xe9NPs\xd6\x80\x15\x17\x8c\
v\xa7\xd2\x858\xa5\xdb\x8e\xb4\x00\xd0\xbe\xd4\xe0\xbcq\
JE8\x021@\x08\x14\xf7\xa5\x22\x9c\x01\x02\x90\x83\
@\x0d\xdbHW\xd7\xa5I\x8e=\xe91\x83\xd2\x80\x05\
\x1cR\x85\xfc\xa8Q\x8c\xd3\xa8\x01)h\xa2\x80\x0an\
)\xd4P\x03\x0a\xd2b\x9f\x8ai\xa0\x04\xa4\xa5\xa2\x80\
\x1bA\xa54\x0a\x00Lb\x90\xf4\xa7\xe2\x90\x8a\x00\x8d\
\x87\xbd0\x8f\xf3\x8a\x94\x8fJC@\x15\xc8\xe4du\
\xa0\x81\xf8T\xae\xb9\xf6\xa6b\x80#\xc7|\x9ai\x18\
\x1f\xfdj\x98\x8a@=\xf8\xf4\x14\x01\x09\x1e\xdf\x8d\x18\
\xce\x07\x07\xd2\xa6)\xc5*\xa6\xdeh\x01\x821\xb7\x9a\
\x90'|s\xf4\xa7*\x9a\x93\x14\x00\xc5\x18\x18\xa7b\
\x96\x92\x80\x16\x93\x1e\xbc\xd1K@\x0d\xc5\x18\x14\xea\x08\
\xa0\x06b\x8cf\x9dJ\x05\x00G\xb7'\xde\x93gb\
8\xa9B\xe4\xd3\xf6\xd0\x04\x184\x84g\xb5NE7\
n(\x02\x02\x09\xcf\x1d\xa9\xa4T\xe4SJ\x9c\xd0\x04\
X\xed\x8e\xd4\xd2\x87h\xf5\xe7\xadO\xb7\xf2\xfaR\xec\
\xf5\xe6\x80+\xed\x1d\xff\x00\x9d\x01pj\xc6\xdc\xd2y\
y\xed@\x10\xed\xcbt\xc1\xa3a\xe0b\xacy|\xd3\
\xb6\x0fJ\x00\xae\xb1\x8c\xe4\x8eiY9\x07\xadO\xb4\
R\xed\xa0\x0a\xa5\x0e8\x1c\xfab\x8a\xb5\x8a(\x02j\
(\xa2\x80\x0a(\xa2\x80\x0a(\xa2\x80\x0a(\xa2\x80\x0a\
(\xa2\x80\x0a(\xa2\x80\x0a(\xa2\x80\x0a(\xa2\x80\x0a\
(\xa2\x80\x0a\xc7\xd1\xf5\x01u}z\x82=\xaa[z\
\xb6z\x8c\x05\xe7\xf2\xadz\xafkcoj\xd24\x11\
\x85g\xeah\x19O\xc2\xdf\xf2\x00\xb3\xff\x00t\xff\x00\
\xe8F\xaf\xdc\xddAj\xa1\xaef\x8e z\x17`3\
Y\xde\x1au\x8f\xc3\xb6\xae\xe7j\xaa3\x12{\x0c\x9a\
\xf2\xadS\xc4O\xabj\x12\xdc;\x1d\xa4\xe25=\x15\
{\x0ab=s\xfbkN\xff\x00\x9f\xb8\x8f\xd0\xd2\x1d\
kO\x1f\xf2\xf2\xbf\x80?\xe1^8\xba\x93\xafB*\
h\xf5C\xdc\xd1a\x5c\xf5\xbf\xed\xdd;8\xfbG?\
\xee7\xf8Pu\xdd8u\xb8\xff\x00\xc7\x1b\xfc+\xc8\
\x9fU$\x90\x0f>\xd5\x04\x9a\xa3\xe3\x1b\x8f\xe7E\x82\
\xe7\xb3Z\xeb6\x17S\x88a\xb8S#t\x04\x11\x9f\
\xce\x9f\xac,\xcda'\x91}\xf6\x06\x1c\x99\xf6+\xed\
\x1d\xf8n+\xc2\x17Z\x92;\xd0\x11\xd82t \xf4\
5\xdc\xf8\xcf^\x92\xf1\xed\xad\xa3%m\xfc\x94\x99\xb1\
\xfcL\xc0\x1f\xd3?\xce\x8b\x0c\x8f\xc3w\x17p\xea\xf3\
\x19\xbcIy\xe5\xb4\x98O=<\xc4\x91s\xdc\x13\xf2\
\xfe\x15\xe9\xeaC( \x82\x08\xceGz\xf1\x06\x93.\
\x0a\x9e\x9d\xeb\xbe\xf0E\xec\xd1\xd9\xcaoY\xd2\xd3 \
F\xce\x09\x5c\xf7\xe7\xa0\x1fZ\x00\xec\xa8\xa6\xa3\xac\x8a\
\x19\x182\x9eA\x07 \xd3\xa9\x00QHH\x03$\xe0\
S!\x9a9\x93|2$\x8b\x922\xa4\x11\x91\xd6\x80\
$\xa2\x8a(\x00\xa2\x8a(\x00\xa2\x8a(\x00\xa2\x8a(\
\x00\xa2\x8a(\x00\xa2\x8a(\x00\xa2\x8a(\x00\xa2\x8a(\
\x00\xa2\x8a(\x00\xa2\x8a(\x00\xa2\x8aJ\x00\x8aVl\
\xe0t\xa8H\xfaT\xa7\x92i\xb8\xe6\x80#+\xcf\x02\
\x80\x06\x0d<\x8aOZ\x00a\xe0\xf1A\x14\xec\x0aC\
\xf8s@\x0d<\xf1\x8c\xd2\x1e\xbe\xf8\xa7\xe3>\x94\x85\
s@\x11\xb7Zk\x03\x809\xc5K\xb7\xf1\xa5\xed\x81\
\xd2\x80+\x81\x8c\x9e(\x03\xe5\xc0?\xa5H\xcb\xceG\
\x14\x98\xc99$\xfdh\x01\x9bH<\xf4\xf6\xe6\x80q\
\xd4\xf1\xd6\xa7\xc6\xef\xbay\xa6\xa4\x12?*\x063\x8c\
\x9a\x00\x8dUH\x1c\x91Rm\x5c\xe7\xbdY\x8a\xd5\x10\
\x02\xd9f\xf7\xa9\x82\x80\x07\x03\x8a\x00\xa4\x8aO\xdd\x19\
\xa7%\xb3\x94\xdc\xe4\x86\xf4\xcd]\xa2\x80)y{I\
\xea\x0d*\xc6B\xe0\x02F3\xcd\x5c\xa2\x80)*`\
\x1e0)\xe0\x13\xc0\x075j\x93\x039\xef@\x10\x08\
\xc9\xea1N\x11\x9a\x9a\x8a\x00f\xcehd\xce)\xf4\
P\x04{\x0fj2z\x1a\x92\x8a\x00JZ(\xa0\x02\
\x8a(\xa0\x04\xa5\xa2\x8a\x00(\xa2\x8a\x00(\xa2\x8a\x00\
JCN\xa4\xc5\x007\x14S\x8d!\xa0\x06\x91B\xd3\
\xb1F(\x01(4\xecQ\x8a\x00\x8f\x14`\xe2\x9f\x8a\
1@\x11\x11I\xb7>\xd5>\x07z6\x8a\x00\xaeS\
\x9c\xd0\x13\x8a\x9fh\xa3h\xa0\x08\x80\xc5)\x15&\xd1\
I\xb0z\x9a\x00\x8c\x0cR\xd3\xf6{\xd2l>\xb4\x00\
\xca1Rl\xf7\xa3g\xbd\x00G\x8a1Rl\xf7\xa3\
a\xf5\xa0\x08\xf1K\x8axC\xebF\xd3@\x0d\xc5(\
\x14\xa1}i\xc0P\x02\x05\xa5\xc5-\x14\x00\xdcRb\
\x9fHh\x01\x84Q\xb6\x9d\x8a(\x01\xbbh\xc5>\x90\
\x8a\x00n9\xa5\xc5\x14P\x01E\x14P\x01E\x14P\
\x02QKE\x00>\x8a(\xa0\x02\x8a(\xa0\x02\x8a(\
\xa0\x02\x8a(\xa0\x02\x8a(\xa0\x02\x8a(\xa0\x0agQ\
\xb5Y\x9a'\x94$\x8b\xd47\x15i\x1d$\x5c\xc6\xca\
\xc3\xd4\x1c\xd6~\xb1\xa4\xc3\xa9B\xc0\x93\x14\xf8\xc2\xca\
\xbdG\xd7\xd6\xbc\xf3S\xfe\xd8\xf0\xfc\xd8\x94\xb1L\xfc\
\xb2\xa18j`z\xad\x15\xe5V\xde8\xd4a\xc8g\
\x8eLt\x12\xaf\xf8b\xb4-~!N\x0e.lb\
\x7fx\xdc\xaf\xf3\xcd\x00z-\x15\xc4G\xe3\xfbr?\
ye\x22\x9fi\x01\xfe\x95(\xf1\xed\x9e\xdc\x9bY\xb1\
\xec\xc2\x80;*+\x8f\xff\x00\x84\xf7N\x07\xe6\x82\xe0\
}\x00?\xd6\x9c|}\xa4\x85$\xc7u\xf4\x08?\xc6\
\x80\x22\xd4\xaf>\xc3\xf0\xc6\xe6n\xe6\xdd\xa3\x1fWm\
\xbf\xfb5x\xcc3\xe4\x91]\xc6\xbf\xe2\x8bK\xdf\x00\
\xc9\xa5\xc1\x14\xe2\xe1\x82m\xca\x8c\x1cJ\x1b\xd7\xd0W\
\x9e \x901>T\xbf\x97\xff\x00^\x9a\x134\xbe\xd1\
\xc8\xeb\xf8R\x89]\x8f\x00\xe2\xb3D\xf2\xa9\xff\x00\x8f\
y}:\x7f\xf5\xea\xceg\x19\x0b\x0bc\xfd\xe0?\xad\
1\x16w7\xa1\x06\x95rH'\xf1\xa8\x01\xb8`A\
\x84\xff\x00\xdf\xc1Ot\x9b\xcam\x8aw\x958\xe4u\
\xc5\x00d[\xcd\xe6]\xef\xe4\xe5\xab\xd65=5\xee\
\xfc!\xa4j\x90\xa9-\x1c>T\xa0s\xf2\x82p\x7f\
\x0f\xeb^W\xa7\xe9\xd71(\xf3\x22$\x8e\x98\xc5{\
\x07\x85\xfc[i\xa7\xf8~\xd2\xca\xea\xd6vx\xd0\x86\
\xc6\xd2\x0eI>\xbe\xf4\x98\xd1\xcf\xe8zs_\xea\x16\
\xf6\xe3*\xb26\xd2\xe4p8'\xf9\x03^\xc3gm\
\x15\xa5\xacv\xf0.\xd8\xe3\x1b@\xaf;\x8b\xc4P\xc5\
i\xa7,V\xac\xb2\xdb\xdc\x19_\xee\xa8`wq\xf5\
\xc3\x0a\xe8?\xe14\xb3\xc6|\x97\xff\x00\xbe\x85!\x9b\
\xef\xa7\xdb\x972F\xa6\x09\x09\xdc^\x13\xb0\xb1\xf58\
\xe0\xfe9\xa6\xb7\xda\xed\xd4\xb1\x9a)\xa2\x1c\x93/\xee\
\xd8\x0f\xa8\xe3\xf4\x15\xcc\x5c\xf8\xe2=\xb8\xb6\xb6\xcbz\
\xb3d\x0f\xc2\xb9\xddK\xc4\x17z\x91*\xf2\x10\x9f\xdd\
\x1c\x01\xf8P\x04\xbe2\xf1;\xea\x13E\xa7Y\xf9\x91\
4\xd2y`\x1e;\xf2\xd9\x1c\x7f\xfa\xeb\xd1t\x8b8\
t\xfd6\xde\xd6\xdb\x06(\x90(#\xbf\xbdy\xbf\x81\
t\x81w\xe2S\xa8\x5c7\xee\xac\xd0*d\xf5s\xfe\
\x7fJ\xf4\x87\xb6\xb6f/\x1byR\x1f\xe2\x89\xb6\x9f\
\xc4t?\x8eh\x02\xe5\x15H}\xae/\xb8\xf1\x5c\xa0\
\x1c\x06\xf9\x1f\xf3\x1c\x1f\xc8S\x85\xf4K\xc5\xc2\xbd\xb9\
\xce?z0?\xef\xa1\xf2\xfe\xb4\x80\xb7E  \x8c\
\x83\x91K@\x05\x14Q@\x05\x14Q@\x05\x14Q@\
\x05\x14Q@\x05\x14Q@\x05\x14Q@\x05\x14Q@\
\x05\x14Q@\x05!\xe8ih\xa0\x08H\xe6\x92\xa4e\
\xa6\xe2\x80\x18E4\x0f\xc6\xa4\x22\x95W9\xcd\x00F\
E\x1bx\xa9\x82`\xd3\x8a\x83@\x15\x88\xc0\xefG\x94\
\xc3\x9cg\x8e\xb9\xab `R\xd0\x05@\xa4\x93\xc6O\
ZM\xad\xd7cU\xbaZ\x00\xaa!.N\xec\x8ei\
\xc2\xd8g\x96b*\xc5\x14\x00\xd5EQ\xf2\xa8\x14\xea\
(\xa0\x02\x8a+\x1b\xc4\xf7\xb76v\xb1}\x90\x842\
>\xd6\x90\xae\xed\x83\x19\xe0z\xfdh\x03f\x8a\xc9\xf0\
\xf6\xa1-\xf5\xb3\xad\xc2\x11,$+>0\x1f\x8e\xa3\
\xfa\xfb\xd6\x85\xd5\xcc6\x90\x99n$\x11\xa0\xee\x7f\x95\
\x00MEd\xcd\xafYF\x80\xc7\xe7LO\xf0\xc7\x11\
\xcf\xd7\x9c\x0a\xa8\xfa\xfc\xc7\xc8\x96+6[g\xe0\x99\
\x0e\x1b9\xe9\xe9\x9av\x0b\x9d\x0d%S\xb0\xd4`\xbc\
P\x10\xed\x97\x191\xbf\x0c*T\x9d%\x97\x10\xcd\x1b\
\x84\xc8uS\x92\x0fn\xfcw\xa4\x05\x8a*\xa5\xdd\xfd\
\xbd\x9e\xc1q B\xf9\xda0I8\xeb\xd2\x99m~\
\x97p\xbb\xda\x95vW\x0aG=3\xd7\x9cv\xe7\xfc\
h\x02\xed-0\x13\xbb\xa7\x18\xeb\x9e\xf4\xfa\x00(\xa2\
\x8a\x00(\xa2\x8a\x00(\xa2\x8a\x00(\xa2\x8a\x00(\xa2\
\x8a\x00(\xa2\x8a\x00(\xa2\x8a\x00(\xa2\x8a\x00(\xa2\
\x8a\x00(\xa2\x8a\x00(\xa2\x8a\x00(\xa2\x8a\x00(\xa2\
\x8a\x00(\xa2\x8a\x00(\xa2\x8a\x00(\xa2\x8a\x00(\xa2\
\x8a\x00(\xa2\x8a\x00(\xa2\x8a\x00(\xa2\x8a\x00(\xa2\
\x8a\x00))h\xa0\x04\xc5\x18\xa5\xa2\x80\x13\x14\x98\xa7\
Q@\x0d\xc5\x18\xa7Q@\x0d\xc5%>\x8a\x00e\x14\
\xfa(\x00\xa2\x8a(\x00\xa2\x8a(\x00\xa2\x8a(\x00\xa2\
\x8a(\x00\xa2\x8a(\x00\xa2\x8a(\x00\xac-W\x5c\xd0\
\xb6\xc9k\x7fu\x0b\x8f\xba\xc9\xb4\xbf\xf2\x06\xb6\xa5]\
\xf1:\xfa\xa9\x15\xe7\xda\x8f\x87S\xcdb\x13nNi\
\x81\x85\xae\xdb\xe8{\xdaM+P\xdc\xbd|\xa7\x89\xc6\
>\x87\x15\xcb\xdc\xdc$lJ\x96\xfc#o\xf0\xae\xb6\
\xef\xc3\xfbT\xed\xfck\x22\xe3JxGC\x8ab9\
\x99\xae\xd7?~Bs\x9e\x14\xd3R\xf5\x179i?\
\x11]\x146\x87<\x81\xc59\xadA8(\xb8\xa6\x07\
<5\x18\x86r\xcd\x8fqR\xae\xa1\x01\x1c\xcd\x8f\xc2\
\xb6\xc6\x9e\x19\xb9\x8d?*\x94ijy(\xbf\xf7\xcd\
 0R{v\xe4N\x09\xf45(\x96,`H\x9f\
\x9dt\x0b\xa6*\x8e#N\x7f\xd9\xa5k\x05E\xe5\x07\
\xe5@\x1c\xe9\xb8\x87\x192FM1\xaem\x9f\x8d\xff\
\x00\x96k\xa2[X\xd0\xf1\x1f\xe3\xb4T\x7fc\xcb\x13\
\x8f\xd2\x80\xb9\x84\xb76\xa8O$\x81\xedSG\x7fo\
\xc6\xd0\x7f\xef\x9a\xda\x16\xe4\x1cg\x03\xf0\xa0\xdb\x9c\xf5\
l}h\x031o#e\xc6\x08\x1fLS\xc3\xc6[\
&d\x1f\xf01Z>@#\x90\x7f\x1a\x95-\xd1F\
v\xe2\x802\x84\xc4\x9cy\xb1\xff\x00\xdfb\xa6\x88\xc8\
\xc7\x82\xac\x7f\xde\x15\xa6\x14t\x03\x9a\x02}y\xf6\xa0\
\x0a\x17\x22EL\xba\xbe}\x14g\xf9T\x9ae\x90\xbc\
\xb8T\x9a\xe1m\x93\xb9\x90\x1e\x7f\xcf\xbd[\x10\x82y\
\xcdA?\xca\xd8\x8d\x1d\xb1\xed@\x1e\x8f\xa6XGe\
d\x91Z\xb6\xe8\xc7;\xb3\x9d\xc7\xd6\xac\x15\x95zf\
\xb9\xaf\x08\xea\xf7[M\x92\xc2\xac\xc4\xe6=\xed\xf9\x8a\
\xea\xc5\xb6\xa77\xdf\x9a\xde\xdc\x1e\xc8\xbb\xcf\xebHa\
o$\xa1\x86s\x8a\xbcnaA\x89%E>\x84\xf3\
\xf9Ue\xd2Q\x8eng\xb8\x9c\xfa3\xed_\xc9p\
*\xec\x16\xf0\xc0\xb8\x864A\xfe\xc8\xc5 3/ \
\xf3\xb0\xda\x7f\x9f\x0b\xf5\xca\x0d\x8aO\xb88\xcf\xe4j\
}5\xb5\x1c\x94\xbfH\x80\x1d\x1dNI\xff\x00?J\
\xd1\xa2\x80\x0a(\xa2\x80\x0a(\xa2\x80\x0a(\xa2\x80\x0a\
(\xa2\x80\x0a(\xa2\x80\x0a(\xa2\x80\x0a(\xa2\x80\x0a\
(\xa2\x80\x0a(\xa2\x80\x0aB\x01\xa5\xa2\x80\x1b\xb4R\
\xf4\xa5\xa2\x80\x0a(\xa2\x80\x0a(\xa2\x80\x0a(\xa2\x80\
\x0a(\xac\x8f\x10[j\x17\x0bn\xdam\xc1\x88\xc6\xd9\
u\x07\x1b\xbd9 \xfeT\x01\xaf\x5c\xfe\xa5\xaa\xea6\
Z\x93\x03k\x19\xb2\xe0+\x12Ac\x8e\xb9\x19\x03\xbf\
\x06\xa0\xb3\x83\xc4\x1fn\x85\xa7\xb8\xc4\x0b!/\xbc\xa1\
\x05}\x80\x1f\x95^:\xad\x96\xa7iu\x0cW\x22\x12\
A\x8c4\x87o$pFz\x8a`.\x89\xa9]_\
\x5c\x5c\xad\xc5\xb0\x8e\x14\xc1\x8eA\x9c6s\xc7=M\
_\xd4mE\xed\xa3\xc2\x5c\xa6pC\x0epA\xc8\xe3\
\xbdq\xe6\xd3T\x884&+\xad\xbc\xfc\xd6\xf2|\x8d\
\xce3\xd6\xaf\xd9x\x86\xe5#E\x9a\xdcL\x8a\x002\
+\xe1\x8f\xb9\x04c\xd7\xbd\x16\x0b\x91\x98\xef\xb4K\xb1\
3\x14\xb8iA\x5c eP\x06\x09,9\xe7\xd3\xf1\
\xa6I{q\xa8\xba<\xef\x18\x81_r\xc6\xab\xd0\xf4\
\xe4\x9eO\x7fJ\x83Y\xbe\xb5k\xa7\xbeig\xb4\x95\
UT!]\xc5\xcf=0x\xe0\x0f\xebX7Z\x95\
\xc5\xc9l\xc9\xb06rz\xb1\x18\xeej\x92\xb9-\x9b\
\xd73\xc1\x06D\xae\xab\xbb\xa6O_\xa7\xe7U\xe4\xd6\
\x96;1\x0a\xdc\xf9\xb1\xa8\xc8\x8c\xc7\xbbw=2~\
\xbf\xa5sD+\xb1\xca\x17a\xc9'\xd6\xa4\xde27\
`\x0c}\xdfJ|\xa2\xb9\xb7\x0e\xb1ooq\x14\xff\
\x00g\x7f\x91\xb7\x04\x0d\xcfOS\xfc\xaa\xc6\x9a\xb6\xb7\
\xab!\xb3\xbcX\xa4^J\xca61\xeey\x07\x91\xeb\
\x5c\xe6\xf2W\xa2\xed\xf4\xeb\x8akC\x1c\xab\xca\x82{\
\xe4S\xe5\x0b\x9dy\x96vc\x1d\xf5\xb0\xbed\xe1\x0a\
\x93\xb9G\xd4\x0c\x90x5{J\xbf\xd3,\xc4\xa1R\
Ky\x1f\x05\x84\x80\xb1l\x0e\x80\xfeu\xc3\xc4\xf2\xc7\
\xbd\x92\xe1\xe2/\xc3\x15r\x09\xab\xfav\xa0\x82V\x17\
\xf0\xfd\xa27\x0a\xa5\xb7\x95*\x06rx\xe4\x93\xc1\xa9\
q\x1ag{m\xabY\xdcH\x12\x19\xd4\xb98\x0a\xc0\
\xa9?\x9d_\x0d\x9a\xe4\xedb\xb0\xbaq.\x93\x22\x86\
\xe8U\xb22A\xcey\xe6\xbahITPNH\x18\
'\xd6\xa5\x94X\xa5\xa6\xa9\xfc\xa9\xd4\x80(\xa2\x8a\x00\
(\xa2\x8a\x00(\xa2\x8a\x00(\xa2\x8a\x00(\xa2\x8a\x00\
(\xa2\x8a\x00(\xa2\x8a\x00(\xa2\x8a\x00(\xa2\x8a\x00\
(\xa2\x8a\x00(\xa2\x8a\x00(\xa2\x8a\x00(\xa2\x8a\x00\
(\xa2\x8a\x00(\xa2\x8a\x00(\xa2\x8a\x00(\xa2\x8a\x00\
(\xa2\x8a\x00(\xa2\x8a\x00(\xa2\x8a\x00(\xa2\x8a\x00\
(\xa2\x8a\x00(\xa2\x8a\x00(\xa2\x8a\x00(\xa2\x8a\x00\
(\xa2\x8a\x00(\xa2\x8a\x00(\xa2\x8a\x00(\xa2\x8a\x00\
(\xa2\x8a\x00(\xa2\x8a\x00(\xa2\x8a\x00*\x9e\xa7w\
kaj\xd3\xde2\xacc\xb69c\xe8\x07sK\xa9\
\xdfC\xa7YIs9\xc2\xa8\xe0wc\xd8\x0a\xf3\x0b\
\xfb\xbb\xfd~\xf8\xc9\x22\xbb(\xe1#@HAN\xc0\
\xd9.\xa3\xae5\xf5\xcb4P\x88c\xcf\x0a?\xadV\
wyW\x04\xf1Z\xb6^\x1b\xbe\x91r +\x9e\xec\
@\xadH<)p\x17.\xd1\x83\xe8\x0d1\x1c\xac0\
\x8c\xfb\x9fAS\x9b]\xc0\xe0\x1f\xca\xba\xf8|0F\
\x0b\xb2\x83\xedWS@\x89G\xdf9\xa5p\xb1\xc5A\
g\x91\xc8\xab\xf1\xd8\xe7\xb5t\xbf\xd9!O\x00~T\
\xaba\x85 \x8a.;\x18\x03OR0\x7f\x95D\xda\
P,H\xfeU\xd3%\x968\xe6\xa4[>h\x03\x94\
:^\x01\xc0\xa8\x7f\xb2\x98g\x8ek\xb4\xfb\x10\xcfA\
J\xb6@g\x8eh\xb8X\xe1%\xd2\x9f\x04\xe0\xd5i\
\xac\x1d\x14\xe4\x1e=\xab\xd0\xcd\x8eI\xe3\x8a\xabu\xa5\
4\x89\x85QE\xc5c\xcd\xe6\x8d\x90\xd3T\x909\xae\
\xaa\xff\x00\xc3\xf7D\x92\x91\x16\xfa\x0a\xe6/m\xe4\xb5\
\x90\xc6\xeaC\x0fQLB\x0c\x86\xa9\x00=\xb3L\x88\
\x8c\x03]\x07\x87tv\xd4\xa4g\x93+n\x9c\x12:\
\x93\xe8(\x19\x87\x1cr;aT\xb1\xec\x00\xcdiA\
\xa1j7\x03r\xdbH\xa0\xf7q\xb7\xf9\xd7\xa1\xd8\xe9\
\xf6\xb6I\x8bxU\x0f\xafS\xf9\x9ej\xdd+\x8e\xc7\
\x92\x18\xe7\xd3\xef6\xba\xb4SFA\xe4`\x83^\x9d\
\xa3\xdf.\xa1\xa7\xc58\xc6\xe20\xc3\xd0\xf7\xaa\xfa\xf6\
\x8f\x16\xabm\xb4\xedI\xd7\xee>?C\xedU</\
\xa6\xdei\xa2X\xee\x02\xf9m\xc8\xc3g\x9a\x00\xe8(\
\xa2\x8a@\x14QE\x00\x14QE\x00\x14QE\x00\x14\
QE\x00\x14QE\x00\x14QE\x00\x14QE\x00\x14\
QE\x00\x14QE\x00\x14QE\x00\x14QE\x00\x14\
QE\x00\x14QH\xcc\x15K1\x00\x01\x92Oj\x00\
Z+&\xe7_\xb2\x8a2\xd13\xdc78X\x979\
\xfcN\x07\xebS\xc3\xab\xd9Io\x0c\xcd:D\xb2\x9d\
\xaa$;N{\x8c\x1a`Z\x9e\xe2(\x003H\xa8\
\x09\xc0\xdcqP\x8dF\xcc\x90\x05\xd4\x19=>q\xeb\
\x8a\xe75a\x04\xf7s\xdeAu\x0c\xc3h\xca\x87\x19\
Lc\x1cg\x90I\xedU]\x0b@qk##\xfc\
\xa3dY\x07?J,\x17;;\x9b\x88\xad\xad\xdey\
\xddR$\x19f=\x00\xac\xbb\xaf\x10\xe9\xc9\x09)9\
\x91\x98\x0c,C,A\xee+.\xf6\x0dUa\x82&\
\x8ei#\x10*\x94M\xac\xa4\xf7\x0c\x0f\x19\xe9V\xac\
\xf4\xab\x18 \xb4\x1a\x941\xad\xd3\x8cmR\xdbN\x06\
y\xed\xd0w\xe2\x801m.f\xb5W\x16\xba\xa32\
n\xc9W^I\xcf9\x07<\xfa\xe2\x9d\x06\x9c\xb7\x10\
\x7f\xc7\xc4\x09\xc9\xdb\x1b\x00x\x07\x9ewq\xd6\xaf\xeb\
\x91<3\x95\xb3\xd3l\xd2\xd4\xa8>\x7f\x92\x0eI\xf7\
\x04b\xb9y\xf5\x00\xf7n6(\xc0+\xcbeX\xe7\
\xaf9\xe3\xa7\xeb\xebMj&v\xc9yk\xa1i\x10\
\xc5\xe6\xbd\xd2\xa7\xcb\xb90p9\xe7\xd0\x01\x5cM\xce\
\xa0\xf2\x86\xfb4k\x09\x91\xcbd6\xed\xa3\xd8\xd4w\
\x17\x85T\xc7\x04q\xc6\xac>r\x83\xef\x1e\x98\x1e\xd5\
QY\x13\xa2\x8c\xfeuJ$\xb6\x0d\xbb$\x96\xdeO\
V-\xda\x91\xd7\x007C\x8e\x07\xad5\x1c1;F\
\xdc\xff\x00{\xbd!\x04\x8c\x13\xf3g\x1d*\x84<)\
,\x0b\x1d\xa7\x1c\xe0\xe0R\x97\xfb\xdf9#\x81\xbb\xa9\
\xa6\xb6\xe5!r\x0bw\x04S$`H\xd8\x01#\xb0\
\xa0\x07+\x96\xcb\x22\xe3\x1d\xc9\xcei\xdec\xae\xc2~\
\xf3u\x06\xa2V\x93%F9\xea*[t*0\x0e\
\xe7\xcfA\xdb\xf1\xa6\x22p\x14\xa6\x08\x00\x93\x9faN\
\xe13\x80\x83\xa6sQ\x93\x85\xd8W\x8c\xf3\x93\xd2\x9a\
\xe8\xfbK)W\xe3\x8aC'\xb6\x95\xed\xe7\x13[8\
YW\xf8\x80\xc1#\xb8\xad\xe3\xe2\xc9\xe0\x11\xaa\xd9\x19\
\x08\x18m\xd2`\xf4\xf5\xc7\xd6\xb0aC\xb4c\x92G\
\xa6iX\xb2\xf5\x03\xfa\xff\x00*M&4\xce\xb6\x1f\
\x19Y\x0c\x09\xa0\xb8\x89\xb1\x92\x0a\xe7\x9e:c\xafS\
\xf9V\x9c~$\xd3\x1c\xb0\x17\x18 \x03\x82\x87\xb8\xfa\
W\x9b\xcc\x15d\xdc\x1b<s\xc7JX\x9b\xe6\xdc\xa1\
F\x07Z\x5c\xa89\x8fU\xb5\xd4m.\xa4)\x05\xc4\
r8\x19\xc0=\xaa\xddys`\x86(\xcc\x8c\xdc\xee\
BT\xe3\xebR\x8d[S\x89\xb2\xb7\xf3\x82:o\xc3\
\x03\xf9\xd2\xe5+\x98\xf4\xca+\x91\xd2|TF\xc8\xb5\
B\x81\xf9\xdd(\x05@\xc6{}1]\x5cR\xa4\xd1\
\xa3\xc6\xc1\x91\xd42\x91\xdc\x1e\x86\xa5\xab\x0e\xe3\xe8\xa2\
\x8a@\x14QE\x00\x14QE\x00\x14QE\x00\x14Q\
E\x00\x14QE\x00\x14QE\x00\x14QE\x00\x14Q\
E\x00\x14QE\x00\x14QE\x00\x14QE\x00\x14Q\
E\x00\x14QE\x00\x14QE\x00\x14QE\x00\x14Q\
E\x00\x14QE\x00\x14QE\x00\x14QE\x00\x14Q\
E\x00\x14QE\x00\x14QE\x00\x14QE\x00\x14Q\
E\x00\x14QE\x00\x14QE\x00\x14QE\x00\x14Q\
E\x00\x14QE\x00Eqo\x0d\xc2\x85\xb8\x89%P\
w\x00\xea\x08\x07\xd6\x92+ha\x18\x8a$A\xe8\x06\
*j(\x00\xa2\x8a(\x00\xa2\x8a(\x00\xa2\x8a(\x01\
0(\xc0\xf4\xa5\xa2\x80\x12\x96\x8a(\x00\xa2\x8a(\x00\
\xae;\xc7v\xb1\xaci8\x003\x1a\xeck\x99\xf1F\
\x8bs|\x1a[wV\x00ga\xceO\xd2\x983\x88\
\xd2\xed$\xbe\xbd\x8e\xde\x01\xf39\xe4\xf6\x03\xb9\xafS\
\xd3\xad#\xb1\xb4\x8e\xde\x11\x84A\x8c\xfa\x9e\xe6\xbc\xf3\
\xc3\xf6\x9a\x82\xdf\x8f\xb0n\x89\x87\x0c\xe5x\x03\xdf5\
\xe9\x16\xcb\x22@\x8b4\x9ed\x80r\xd8\x03'\xf0\xa1\
\x82%\xa2\x8a)\x00QE\x14\x00QE\x14\x00QE\
\x14\x00QE\x14\x00QE\x14\x00QE\x14\x00QE\
\x14\x00QE\x14\x00QE\x14\x00QE\x14\x00QE\
\x14\x00QE\x14\x00QE\x14\x00QE\x14\x00T7\
\x96\xebuk,\x12\x12\x12E\xdaq\xe9SQ@\x18\
\xf0x~\xc9\x10\x89\x84\x93\x92rL\x8e\x7f@+3\
V\xd2\xa5\x82\xf9\xa6\xb6\xb53@\xc8\x15V<f<\
v\xc7\xa7\x7f\xce\xba[\xc9\xd6\xd6\xd2i\xd9Y\x964\
.B\x8eN\x05c\xe9\xbe\x22[\xeb\xa8!KW\x06\
\x5c\xf2\xae\x18/\x19\xe7\x1d\xa9\x81\x88m\xe5\xb7`\xb7\
0\x08\xc3\xfc\xcb\xbc\x02\x7f\xadM\xa7\xddGc|\xb3\
\x03\x94s\xe5\x902\x06I\x1c\xd5\xbdf\xf6\xd7T\x9c\
\xd9\xda\x09$\xba\x80\xb6\xe0\x13\xb0\xe1\x86O\xd2\xb3|\
\xb3\xf6r\x1e\x09c\x8d\xc1\x03\xcc]\xa4\xfb\x80i\x88\
\xd7\xf1Z\xc3\x22\xc5 \x9dD\xf0\xe4\x88\xc3\xe0\x90q\
\xc8\xef\x91\x5c\xfc\xd3nf[\x872\x85A\xf38\xdc\
v\x12\x7f\x88\xe4\xe2\xa6\xb9KY\xbc\xeb\xacL\x97*\
\x89\xba\x1d\xeb\x89H\x1bA\xe7<p2+\x1ai\x94\
\xca\xb8\xcb3*\xef\xcf\x03\xa7Ji\x03d\xf7\xf7.\
\xf6\xd1\xdbIp\xe6%\x04\x08\xb7\x1er\xd9\x07\xf0\xe0\
\x0fLV|\xa5\xe5r\x5c\xf3\xebI\xb9\x97\xdd\x8fS\
\xe8;\x0aF|\x0c\x06\x03\xdc\xd5$C`~o\x94\
\xb7\x18\xedQ\x10\x0f\xb8\xc6z\xd4\xe3\x83\xcf9\xef\xfe\
5\x5c0\x98\xb8\xc6B\xf1\xc1\xc14\xc0B\xa1\xddq\
\xb7n9\x1d\xe9\xc0\x8f\xba\x84\x02\x0eM5\x80\x03.\
\x063\xdb\xb59\x87\xef>C\x9e:b\x80\x1d >\
`rI\x07\xd2\x91F\xdd\xc0\xe7,3\x9a\x1e\x5cu\
\x03\x0cp8\xa8v\x92\xd8l|\xa7\xd6\x98\x121\xe3\
\xef\x13\xc7LS\xe2bA\x04\x05\xeb\xcf<\xd4[\x89\
r\x84(\xc0\xc8 \xf5\xa0\xb3g%\x8eh\x11s\xaf\
-\xf3\x0e\xd8\xa7K\x93\x11\x09\xc9\xc7J\x86&\x97\x05\
\x8e>oC\xff\x00\xd7\xa9\xb7\x8cu\xfc\x8d!\x8f\x88\
\xe2@v\x9d\xd8\xc6\x07Js\xc2\xac\x18\xf0\x005\x16\
\xe1\xb8`\x9e0MO\x18\x12\x07\x0f\x8c\x11\xb9r\x0d\
\x00D\xc9\xb4eF\x00\xe0T\x19^\x87n\x7f\xcf\x15\
}\xe3\x1b\x07\xa9\x1cg\xb9\xaa\xc3n\xd2K\xa8a\xce\
GZ\x00\x96\x12p\xa061\xc7\xd6\xa5E2\x86,\
9\x1cq\xe9U\xa1\xc2\x9d\xa3 \x91\x9e\xbd\xaa\xecx\
\xf3\x17\x93\x87\x18>\x94\x86Q\x92.J\x90\xa4\x83\xeb\
V\xed5\x1b\xbb+y \xb3\xb8\xf2\xd4\xe0(+\x9c\
c\xd2\xa5\x9e\x10\x15\xf0\xc4\xb0\xe38\xc5Q\x0b\xb4\x91\
\x9c\x86=\xc6\x08\xa3p;\xbf\x0fk\x7f\xda\x18\x82\xe0\
m\xb9\x0b\x9e\x98\x0c\x07S\xed\xd7\xa5n\xd7\x95@\xef\
o2O\x19!\xd7\xa3\x0c\xf3\xeck\xb7\xf0\xe6\xb4\xd7\
\xf9\x82\xe1v\xdc\x05\xdd\x85S\x8c}z\x7f\x9f\xc6\xa1\
\xab\x14\x99\xbdE\x14T\x8c(\xa2\x8a\x00(\xa2\x8a\x00\
(\xa2\x8a\x00(\xa2\xa3\x9ax\xa1\xc7\x9d*G\x9e\x9b\
\x98\x0c\xd0\x04\x94T\x12\xdd\xdb\xc5n\xf3\xc94b\x14\
\x19g\xdc0*\x9cZ\xee\x97*\xbb%\xec;P\x85\
%\x9b\x03\x9e\x9dz\x8fz\x00\xd3\xa2\xa0\x82\xf2\xda\xe1\
\xb6\xc1q\x0c\xad\x8c\xe1\x1c7\x1f\x85O@\x05\x14Q\
@\x05\x14Q@\x05\x14Q@\x05\x14Q@\x05\x14Q\
@\x05\x14Q@\x05\x14Q@\x05\x14Q@\x05\x14Q\
@\x05\x14Q@\x05\x14Q@\x05\x14Q@\x05\x14Q\
@\x05\x14Q@\x05\x14Q@\x05\x14Q@\x05\x14Q\
@\x05\x14Q@\x05\x14Q@\x05\x14Q@\x05\x14Q\
@\x05\x14Q@\x05\x14Q@\x05\x14Q@\x05\x14Q\
@\x05\x14Q@\x05\x14Q@\x05\x14Q@\x05\x14Q\
@\x05\x14Q@\x0dUU\xce\xd0\x06y\xa7QE\x00\
\x14QE\x00\x14QE\x00\x14QE\x00\x14QE\x00\
\x14QE\x00\x14QE\x00\x14QE\x00\x14QE\x00\
\x14QE\x00\x14QE\x00\x14QE\x00\x14QE\x00\
\x14QE\x00\x14QE\x00\x14QE\x00\x15\xcc\xdd'\
\x88\x85\xfc\xe6\xdd\x81\x8c\xb1\xf2\xf9M\x81s\xc6A\x19\
\xce+\xa3\x99\xc4Q<\x84\x12\x15K`u\xe2\xb9\xeb\
o\x15E+@$\xb4\x99\x04\xa5W!\x95\xb1\x93\x81\
\xc6s\xdcS\x02\x0dj\xe2\xe5nc\x89\xafJK\x1c\
*dX\xcb(\x0f\xcf=0A\xf45gM\xd4e\
\xb2\xd3\x22\x92\xf9\x8d\xcb\xce\xc5\xa1\x11`\x9d\x98\x1dO\
\x03\xff\x00\xd7P\xf8\xa9\x00\xbc\x86F\x85B\x98\xf6\xf9\
\xb8$\x93\x9f\xba}\xb9\xfdj\x034W\x88\xb1]\xf9\
6\xad\x00\xff\x00G\x91\x14\xed\xc7B\xa4~\x02\x98\x8d\
h\xf5\x8d=H\x97\xcbt\x9eP7m\x84\x96\xf4\xc1\
 U\x0b\xe3\x1e\xb5v\x92Y\xcd\xb6[d$\xc5,\
Dd\x1e\xe0\xfe\x15EP\x08\x8f\x9a\xcaq\x9f\x9c\x0d\
\xbf\x89\xac\xcdZ\xe1Z\x03\x0d\xb5\xc1Ff\xc4\x85:\
\x95\xc7 \xb7\xa1\xe2\x8b\x05\xca\xf3\xdd\xb2F\xa5\x99L\
\xa4\xe0\x91\x86 \x03\xf9\x7f\x9f\xadQ`\xa0\x80\x02\x97\
<\xf5\xa4\x11\x00@l\x15\xedNX\xcb6\x13\x07\xdf\
\xd2\xb4 R\x06\x038\x185\x1c\x820BH:\x91\
\xb7\xbdL\xe8\xc0\x11\xd4\xf4\x19\xa8\xa5V\xf9Tq\x93\
\x83\x9eh\x01\xc7g@pG\x18\x06\xa3\xc7\xccJ`\
\xe7\xaezRI\xb4!\xc7 {SJ\xaes\xed\xc5\
\x008)\x04\xee\xc61H@e>\xf9\xc1\xcfZC\
\xc3\x16\x1c\xee\xe2\x9c\xea\xa7.\x17\xe6\x03\x93@\x11\x0d\
\xcc\xe4\xef\x03\xd1i\x84\xb38\x0eJ\x91\xc9#\xd2\xa5\
tR\x14\xee\xe4w\xefU\x1c\xbbH\xdf\xec\xfa\x9ab\
&}\xacX\xab\x80\x05>)\x0e89\x03\xb85\x00\
\x00>\xc5\x00\xe7\xbf\xa5\x09\xca\xba6F:s\x8a\x00\
\xb0@\xdb\x90\xc4\xe7\xdf\x14\xe0\xfb@9\xe3\xda\xaa\xed\
\xcb\x0c\x01\x9f\xaejX\x99\x80\xf2\xd4\x9d\xd9\xce\x07<\
P\x05\x95\x97vCrq\xd3\xda\xaeD\xc5\xd9;\x0c\
`\xd5\x18\x95O$n=\xcfJ\x9a,*\xefC\x9d\
\xe78\xeb\xd2\x90\xcbl\xec\x88C\x10\xa0\x1e\x0f\xb7\xa5\
WA\x1eKs\xf3t\x19\xe2\xa5\x98y\xc5UH\x03\
<\xfc\xb4\x92\xc5\xe5\xec\xd8\xa5v\xf1\xf8\xd2\x18\xb1\xed\
L\x9d\xf8e8\x0a;\xe7\xa5]\x88\xb1\x85\xb0\x14\xe0\
\xf0\xd9\xe2\xb3D`\x92pr{\xe7\x8a\xb5j\xbeH\
^w`\xe1\xb3C\x03D\x0d\xca\x1c\xf2G\x07\xd0\xfa\
b\xa9\xdc@\xbc\xbb\x8f\xa1\xf4\xab\x96\x87px\xa4\xef\
\xc6{\x0fJ\x9d\xe0\x0f\x10\x04\x8c\xb7\x1f\x8d 1\x19\
0\x14\xe4\x8e\xd8\xa9,\xaf$\xb1\xbc[\x98\x13\xe7\x8f\
\x82\x09\xea\x0fQO\xba\x83\xcb$\x1e\x87\x8eOJ\x80\
#)\xfb\xb8\x189cL\x0fD\xb1\xd5m.\xd2\x02\
\x92\xaa\xc96v\xc6\xc4n8\xeb\xc7\xb5_\xaf(X\
\xce\xfc\xe7\xcb\x90\x1c\xef^\x085\xd3i^%\x92 \
\xeb\xa98(\x15\x99\x5c\xae\x0ex\xc0\xe3\xf1\xed\xde\xa1\
\xc4\xa4\xce\xc6\x8a\xadc}m}\x17\x99k*\xc8\xa3\
\xae\xd3\xd0\xfb\xd5\x9a\x91\x85\x14Q@\x05\x14Q@\x09\
\x5c\x8e\xbbu\xe1\x8dJ\xe27\xbe\x94M,@\xa8\xf2\
\xf7t\xcfN=\xeb\xaf\xac\xa1\xe1\xed ;?\xf6u\
\xa9f9$\xc6\x0d09\xbd14\xe94\xfdN\xcb\
@\x82[\x99\xa4Ub\xb7D\x84<\xf03\xed\xf8S\
m\xb4\x1dZY\xd1f\xb6\xb4\x86\xd5\x9dL\xa3y$\
\x81\xee9\xcf\xa78\xae\xda\x08\x22\xb7M\x90E\x1cI\
\xfd\xd4P\xa3\xf4\xaec\xc4\xa9\xa8\xddj\x82-&\xfa\
=\xc6#\x1b\xc0\xb7\x01\x193\x9c\xb1^\xfc\x11\xefE\
\xc0\x87I\xbf\xd3-\xb5O#J\xd2n\x8c\xc6O\x22\
IH\xe1Fy9$\xfag\xe8+\xb2\xae\x7fS\xbe\
\xbb\xd0\xb4\xbb%\x11\x0b\xe9\xf8I$y\x02g\x03\x93\
\xcf\x5c\xd5\x0d/P\xd4ou\xdf.I\xee\xad\x13>\
a\xb7\x96\x04d \x11\x95\x12\x03\xfa\xe2\x80:\xfa\x8a\
\xe2\xe2\x1bh\xcc\x97\x12\xa4H:\xb3\xb0\x03\xf5\xac\xdd\
{\x5c\x87HX\x83!\x9ai\x1b\x024`\x18\x0e\xed\
\xcfn+\x80\xd4e\x97Q\xb9\x92\xea\xf5\x01f\x1f\x22\
7!W<\x01M+\x89\xbb\x1e\x8b.\xb7\xa6D@\
{\xeb|\x90H\x01\xc1\xce>\x95\x88|kh\xaf:\
}\x9e\xe1\x8a\x13\xe5\x90\x06$\xe4\xfb\xf1\xdb\xadq\x92\
\x04\x90\xa8@\x11W\xb1\xe9R\xda\x86y\xb2\xb8(1\
\xda\x9f(\xb9\x8fI\xd35{]B\x12\xf1\xb8F\x5c\
oF\xe0\xae~\xb5\xa0\x08##\x91^d\xacP:\
G\xd2V\x19W\xe5[\x07\x8e=Gj\xdf\xd3\xf5\x89\
lc1M\xbef\xc0\xda\x18\xf0\xaa?ZN#L\
\xeb\xe8\xac\xfd'U\xb7\xd4\xa2\x06&\x0b(\x19h\x89\
\xf9\x96\xb4*F\x14QE\x00\x14QE\x00\x14QE\
\x00\x14QE\x00\x14QE\x00\x14QE\x00\x14QE\
\x00\x14QE\x00\x14QE\x00\x14QE\x00\x14QE\
\x00\x14QE\x00\x14QE\x00\x14QE\x00\x14QE\
\x00\x14QE\x00\x14QE\x00\x14QE\x00\x14QE\
\x00\x14QE\x00\x14QE\x00\x14QE\x00\x14QE\
\x00\x14QE\x00\x14QE\x00\x14QE\x00\x14QE\
\x00\x14QE\x00\x14QE\x00\x14QE\x00\x14QE\
\x00\x14QE\x00\x14QE\x00\x14QE\x00\x14QE\
\x00\x14QQ]O\x1d\xad\xbc\x93\xce\xdbb\x8dK1\
\xf4\x14\x01-#\x10\xaaI8\x03\x92k\x05<K\x13\
\x92E\xac\xe18\xc18\xc9\xfc3K\x0e\xb8\xd2L\x04\
\xf6\xcb\x14\x07\xe5$\xc9\x93\x92q\xf9S\xb0\x5c\xbf\x1e\
\xa9n\xe7\x9d\xea\xb9\xe1\x8a\xf0j\xe4r$\x831\xba\
\xb7~\x0ek\x12[h\xed%X\xd2fe|\x95\x04\
\x02\x15~\xb9\xa7\xd9\xf91\xdc!FQ\x83\x83\x85\xe7\
\xfc\xf3@\x17\xa7\xbcdvTA\xf2\x9c\x12\xc6\xa5\xb7\
\xb9Y\x9ff\x0a\xbe3\x8a[\x88\xa0 \xc9*\x8e\x07\
Z\xaf\x1c\xb6\xb0\x12T6\xee\x99\xdasH\x0b\xf4T\
p\xca\x93 x\xdb#\xf9T\x94\x00QE5]X\
\x90\xac\xa4\x8e\x08\x07\xa5\x00) \x02O\x00VD\x9e\
\x22\xb0Rv<\x92\x81\xfcQ\xa1#\xf3\xefZ\xb2\xa8\
\x926\x8d\x8e\x03\x02?:\xe5\xe1\xf0\xe5\xdaH\xb0\xfd\
\xa6!l\xa3\x87\xc1/\xf9\x1e?\x1f\xd2\x9a\x02\xce\xa1\
\xaa>\xa3\x12\xc1\xa2\x5cl\xbb\x0c\x1fd\x8aS\xccQ\
\xd4\x02\xc3\x15F[\x1da\xad\x19\x9a;x\x1c\xc8\x0b\
\x08\x8a\xa4\x84\x7f\xbc8\x03\xa7\xbf\xbfj\x8e\xefO\x92\
\xc2}\xac\xf2I\xb0\x07Y\x94m9<\x1c\xe3\xa1\xa8\
%\x13\xcf\x18\x17\x8fuq\x16\xed\xc1Y\x0b\xaf\x1d\xf2\
\x051\x17n\xf5\x0b\xd5\x82\xe6\xdbS\xb7\xf3Q\xd0/\
\xee\x9c)_\xc4g\xd8\xff\x00\xf5\x8d6\xf6\xc9,l\
Z\xe5uEh\x91I\xd8T\x12\xc0c\x80A\xeb\xda\
\xa8\x5cI\x1d\x82\xc7$\xd0\xb4&f;P\xae\x1d\x87\
\xa9\x1d\x87\xd6\xb1\xe7o\xb483\x0c\x85\xe5W\x9c\x03\
\xf4\xf5\xe9\xf9SHW\x1d}zo\x18\x03\x1bE\x10\
\xe7i\xea\xdf\x97oj\x81\x09|\xa9\x1f1\xfeT\x84\
\x89$)\x9d\xa3\xdb\x9c\xd4\x9by\xf9\x06\xed\xbc\xfd*\
\xc9\x18\x13k\xb1\xfe.\xd9\xefD\x7f\xbc\x04\x90T\x83\
\x8e8\xa9\xc0\x05q\xd9{\x9a~C0\xe7\x18\x1d\xc8\
\xa0\x06\x05*\x19\x89'\xd0UYX(\x04\xabe\x8e\
z\xe2\xae\xb6\xe3\x8d\xc7\x93\xc6\x05Vm\xac\x0a\x8d\xc0\
\x13\xd2\x90\xc8\x0bl\xdc\xcf\x9f`y\x15\x1f\x9a?\x88\
`\xfb\x7fJ\x96O\xbaF0\xde\x87\xb59\x94y@\
\x822\xdc\xd3\x11\x02\xa8U,\xaaA<\x82heo\
\x97-\x86$eEM\xe5\xf27.\x0f^\xbcS.\
>w\xca\x95\xc8\xf5\xeb\x9a\x00\x86`\xb8\x04\x91\xef\xda\
\xab\x15\x00\xb0\x04\xe3\xd4T\xceI\x90\x0c\xf0\xa3\x93\x8e\
\xb4\xd9X\x83\x9d\xc3\xd4\x93\xde\x98\x88\xd6=\xc1T\xb1\
9\x19\x1c\xf3S\x14\xf9v\x8d\xde\x99\xa8\xd4\x91'\x0a\
y\xef\xe9R\x0c\x16'\xe6\x5cv\x07\xad\x00*\xae\xd2\
\xca3\x91\xd1\x8fqNf;s\x22\xec\x1e\xb4\xe5\xc6\
\xde2y\xeb\x9a\x93j\x8e\xa4q\x8c\x8ct\xa0\x04-\
\x80\xa7nzs\x8a\x95\x1ba\xe9\x8e{\x0akF\xa1\
0\x09<zRG\x16d\xeeW\xa8\x18\xe4\x9a\x06h\
\xc0\x14\xc1\x1e2G\x7fzt\xc4\xb9\xccx\xe4z\xd4\
*\xc0\xa3\x859\xc7 \x0a\x92\x19Y\xd0\x08\xd8\x9d\xb8\
\x19a\xd6\xa4de@ \x1c\x0d\xdc\xe0\x1e\x95b&\
\xdd\x03 \xdb\xbb\x1d\xba\x9a\xaft\xc4\x82;{\x9eh\
\xb4\xe5#%r\xd9\xc1 \x90=\xb9\xa0\x0b\xc1\xdc*\
c\x96?y{\x83Zh7(e\xea\xdc\xf1\xd35\
J$\x08\x5c1;[\x95\xf6\xabV\xeb\x98p>\xf2\
\xf4 \xf5\xa42\x09\xd0<\x8c\xac2z\x8c\xf1T\xa6\
E\x0c:\xf23\xd7\x80}1[\x13\xa6\xf0\x18q\xe9\
Y\xd7N\x91\xe5K\x06\xfe 2:w\xa0\x0a'r\
\x85h\xc6\x07\xbfJ\x1c\xe0\xee#v;f\xa6s\x96\
*\xc7\xe5\x1f\x88\xaa\x8cd\x05\x94\xa1e\xf4\x14\xc4X\
\xb0\xbc\xb8\xd3\xae\x16{@\xb9\xceJ\x1e\x8c1\x8c\x7f\
\x9fj\xeftMZ\x1dZ\xd7\xcd\x8c\x18\xddX\xab\xc6\
\xc7\x95#\xfaW\x9b!s\xb4\xaeA\x1f{uH\xb2\
Ko+\xcbm$\x90\xdc\x15*^<\x0e=:R\
q\xb8\xd3=^\x8a\xc1\xf0\xf7\x88!\xd4\x02[\xca\x0c\
WJ\xbc\x82r\x18\x8e\xb8=\xebz\xa0\xa0\xa2\x8a)\
\x00QX^,ME\xac\xa3:o\x99\x95|\xc9\xe5\
6\x1c\x8cv\xf5\xe6\xb9K\xc5\xbe\xb7\x95>\xd35\xcc\
R\x94\xca\xee\xb8b\xf8\xfa/A\xc0\xeb\x8ai\x05\xce\
\xe7X\xd5m\xb4\x9bu\x96\xe8\xb9\xde\xdb\x15Qr\xcc\
}\x85q6\x93i0Oq=\xa5\xae\xa1\x15\xe1W\
1\xc9!\x0c\x11\x98u\xeb\xc63PK\xf6\x87\x90<\
\xb2\xcd3\x7f\xd3G\xcf\x02\x95U\xfe\xcf$\xf8\x0b\x02\
6\x1d\xb28>\x84\x13\x9ct\xe9UbnDw\x5c\
4fbe\x94\x9e\x0b\xbf~\xfdN\x05Bn\x0a\xb0\
X7\x22\xab\x03\x94\xeb\x9flSn$id\x0e\x08\
U\xc68\x1c\x9an\xcd\xb1\xa8'\x03\xa0\xc5RB#\
?4\xd2N\xf9\x96Wb\xcc\xccpNi\xad#\x17\
%\xb9\x04\xf4\x038\x15#\x88\x89\x00\x8c\xe3\xa9\xa42\
\x9f9\x15\x01\xd9\x82X\xe2\x98\x85\xd8\x06NU\xbd\x00\
\xedV\xac\xad\xc3;\x0f\x9b\xdczS\x14\x02\x00]\xbe\
\xc0U\xbb5%H\x18\xeb\x93\xb8\x9aLd\x90\xc1\xb9\
\xe3\x90\x900I\x1f\x85Z1\x8f%\xdc&\xe6\xdb\xc7\
\xbdD\xa7,\xaa\xc4\x05\x0b\x9c\xe2\xa7\x91\x82\xc0F>\
b\x06\x07\xb5!\x94\xd1\xe4\xb3\x929\xa1c\x1e0\x18\
\x83\xcb\x0c\xe7mv:\x16\xac\x9a\x94-\xbb\x0b2\xb1\
R\x9d\x0f\xd6\xb9\xa9\xd5Y\xe1\x84\xf2OR\x0e)\xbe\
K\xc5&\xfby\x8a\xca\xbc\x03\xc6A\xa4\xd5\xc1hw\
\x94V.\x87\xaa\xac\xd0\x98n\xe4\x0bq\x1f\xf19\x03\
x\xeckj\xa4\xa0\xa2\x8a)\x00QE\x14\x00QE\
\x14\x00QE\x14\x00QE\x14\x00QE\x14\x00QE\
\x14\x00QE\x14\x00QE\x14\x00QE\x14\x00QE\
\x14\x00QE\x14\x00QE\x14\x00QE\x14\x00QE\
\x14\x00QE\x14\x00QE\x14\x00QE\x14\x00QE\
\x14\x00QE\x14\x00QE\x14\x00QE\x14\x00QE\
! \x0c\x93\x8a\x00Z+\x91\xf1f\xa9u\x15\xf0\xb7\
\xb6\xba6\xf1\xa4>a*\xbfx\xe7\xd7\x07\x8e;W\
Ga+\x0d6\x09.\xe6\x89\xdc\xa0/*\x9c)\xcf\
qN\xc0[\xa2\xa9\xc7\xa9X\xc8q\x1d\xe5\xbb\x1c\xe3\
\x02A\xd6\xaeR\x00\xa2\x8a(\x00\xa2\x8a(\x00\xa2\x8a\
(\x00\xa2\x8a(\x00\xa2\x8a(\x00\xa2\x8a(\x00\xa2\x8a\
\xe7\x1b\xc5\x96\x8bu,&\xde\xebdr\x18\xcc\x9b\x06\
2\x0e\x0f\x19\xcf\xe9L\x0e\x8e\x8a\xa5\xa6\xea\x96z\x90\
\x93\xecS\x09<\xbc\x07\x1bH#?QV\xdd\xd64\
gv\x0a\xaa2I\xe8\x05 \x1dEb\xc1\xe2\x8d\x1a\
y\x84Q\xdf\xc4\x5c\xb6\xd0\x0e@'\xeb\x8cV\xa5\xdd\
\xccV\x96\xd2\x5c\x5c8Hc\x1b\x99\x8fa@\x13U\
\x1d\x5c\xd9\xbe\x9b:_J\xabl\xeb\xb1\xc9lc?\
\xd6\xb9\xadW\xc4\xb6z\x9d\x95\xcd\x9cF\xea\xd8H\xa0\
%\xc9\x8f\xe5<\x8fC\x9a\xcb\xb1\xd1.f\xb6K\x8b\
(a\xb8\x8b\xd5d\xc6H8\xe8\xc0s\xd7\xadU\x85\
r\xf4\x16z,h\xca\xfa\xdbH\xfbIBH\xc2\xfb\
\xf4\xe7\x15\x22\xc5k\xe5\x03m\xa9\x9b\x99C\x1d\xca\xca\
\x00>\xe0\x01YW\xf2.\x951\x85\xe5Y\xaeT\xe2\
E\x8d\x0e\x13\x8c\xf5<\x1a\xaf>\xa6X\xfe\xe0\x94$\
q!\xe3\xff\x00\xd7\xda\x9d\x85s\xa5\xb7(\x81cb\
\xaa\xc7\x80\x09\xc6~\x95v)cW\x00H\xbej\x9c\
\xe0\xe0g\x8c\xd7\x06\xf7sI$\x9b\xe6b\xec\xa1\x18\
\xf7=\xb2=)\xc2\xe6ep\xea\xec\xb8\xc2\xeeS\xc9\
+\xd2\x9f(\x5c\xf4\x83\xa8\xda\xb4\x1f\xbf\x91C\x06\x0a\
B\x9e\x84\xf4\xfet\x89\xf69\xe2\x06\x0b\x81\x93\xd1\xb7\
g5\xe7\x00\xc9\x81\xbaG\xc9\xff\x00j\xaeA=\xc7\
\x92\xd0\x89[i!\xb8\xe0\x8f\xa1\xfcir\x871\xda\
C,\xb6\xd2\x91\x1a\x8d\x9b\x89a\xfd\xee\xd9\xcd_\xb2\
\xbeK\xa6d*c\x95z\xa9\xee=Er\x10\xebN\
\x81\xd6\xe6\x15\x95q\xb9J\xb6\x18\x1e\x95\xb5\xa3\xdd[\
\xfd\xac\x95\x8eui\x00P_\x18^O\x1e\xb5-\x15\
sr\xe09\x82A\x16<\xcd\xa7n}{W\x06\x04\
V\xb1\xaa\xcd\x04\x91Lxe\x05\x81\xdd\xd7\xaey\xae\
\xbe\xf7TK[\x9f$\xc33\x90\x01%@\xef\xe9\x93\
\xcdA\x0e\xab\x05\xc4\xb3\x09,\xe5A\x12o\xdf\x22\xae\
\x0fN\x07=h@sB]\xe4\x1bYf,\x0e\xd4\
\xc3\xb1\xc1\xce8\xc1\xc7sW\xe1\xba\xbf\xb1\xd4^K\
\x84\x9aP\xe0\x86R\xff\x00.3\xc6:\x8c\x8f\xcf\x9a\
\xb7\xfd\xb1;c\xca\xb5H\xa3a\xd0\x9c\x90\x7f\x0e=\
*\x84qyh\x02|\xc7\x93\xf3\x12r}i\x88\x8b\
\xe4\xf3$\x94$\x8a\x1d\xd8\x82\xc0\xf1\xdf\x19\xff\x00\xeb\
\xd4w\x97ilQ\x94\x8f;\xef.\x1b\x91\xf8\xf4\xeb\
D\xf7F\xd9\xb7#n\x94\x8e\xc3\x80=\xfdk\x19\x98\
\xb9b\xc4\xbb\xf7\xc8&\x9aB\x16\xe9\xbe\xd7y%\xd4\
\xe4\xb4\xd2\x10rOlt\xaa\xf3\x80\xe4\x07}\xbcd\
b\xa7\xceT7'\x1cp)\xc0|\xa0\x91\x93\x8e0\
:\xd5\x08\xab\xe5\xe0}\xde?*\x9a,*\x80\xa0\x92\
}\xf8\x15&\xcc\xb6\x0a\xe1q\xdc\xd2|\x83\x93\xf2\xf6\
\xe3\xbd1\x11\xb0;q\x9e3\xcfzz\xa0l\x11\xcf\
=\x8d?h\xf5\x05\x8f~\x95 \xce\xd3\xb0\x0f\xa5!\
\x90Lq\x1e8-\x9c\xe35\x08\xdb\x95\xce\xdc\x8e:\
\xd5\x83\x96l\x05\xc8\xeeH\xe6\xa2*\xf8\xe5G\xb1\xc6\
q@\x0dv\xf9\xbeld\x0cb\xa2m\xc9\xf7\xd4a\
\xcfL\xe7\x1e\xf5r\x1b}\xab\x99\x0e[\xae\x0fZd\
\xe8\x81\xd5\xcf^\xe2\x80*\xb1.p\xc9\xc1\xe83\xd2\
\x9a\xf8B\xd8#\x18\xe7\x1c\xf3Ve!\x80\x0aP\x1f\
\xafJ\xcf\x91B\xb8,\xd9$}\xd2\x051\x11N\xc8\
~\xf3n\xe3\xbf\x18\xfaTJ\x1c\x90:\x83\xefS\x00\
\x0b\xb7BGn\xb8\xa4\x83qb\xf8Ps\x9e\xf4\xc4\
H\x8av\x02\x06\x08\xe3\x1e\xfe\xb4\x22\x9d\x8ce\x00\x91\
\xe9O\xd9\xc8\xdc\x18\x1e\xa4\x0eE(C\x8c\x90\x00n\
zP\x03#\x0c\xcaB\x90\xb8\xed\x9a\x927*\x060\
zq\xd7\x9aTL\x8c\xf0\x0a\xe0c\x07\x9aj\xeeL\
`\xabs\xceE\x03,D\x19\xf7\x14 \x11\xd7\x8a\x17\
xFH\xb0\x18w\xc5> \xbeV\xf2vw\x03=\
\x07\xa7J2\x0bn88>\x98\xe2\x90\x16#c\xb5\
K2p>\xf1\xef\xefH\xd9Y\xca\xf6\xc88_\xff\
\x00]\x22*\x90\x14\xe47n\x0753\xa3<jH\
\xe4q\xc0<R\x19\x13o\x03{\x80c\x1cg\x1d\x0e\
j\xcbB\x11\xc0\x18\xcb\x8c(\xc7\x19\x1c\xd3\xe1\x8c\x00\
\x04\xac|\xac\x06\xf6\xcd\x5cx\x81\x84\xb4k\xb9\x81\xce\
\x08\xea)\x5c\x06\xa13A\x97\x1bd\x18=*\xd4g\
c#\xa6\x0a\x9e\xe6\xabX\xe7(Xu\x1bO`\x0d\
Y\x816\x87G\xecw/\xa7\xd2\x90\xc7\xc8|\xb5l\
\xfd\xd0s\xf8\x1a\xcd\x91\x03>H\xc9S\xf9\x03W\xd8\
\x83\x1e\xf3\xf7\x87\x04\x13\xda\xa9\xca\x19A\x07\x90\xc3\x1c\
\x1e\xf4\x01Y\x90n\xc6v\x91\xf2\xe75^a\xf7H\
#'\xa9\xcf\x22\xad\xe1\x89/\x8e\x988=\xaa\x19\x94\
3`\x12\x0f' U\x08\xa4w\x1c\xb3z\xf3\x9ar\
\x9d\xa0c\x93R\xba\x9c\xe0p:SLC\xee\x9c\x81\
\xed@\x0c\x92 \xc3\x86\xda\xc0\xf0A\xc5kYx\x8b\
U\x82\x0f)\x8c3`\xf1#\x02H\x1f\xd6\xa8&0\
C|\xd8\xc7~\xb4\xc4;\x9bn\xde\x01\xc7Z\x1a\xb8\
\x1bk\xab_\xc9\x1b<Z\xa4\x11n?\xf2\xf0\x9fw\
\xf2\x18\x02\xba\xdb\x0b\xeb{\xd5\x7f\xb3\xcf\x1c\xcd\x19\xda\
\xe5\x0e@5\xe7\x0c\x0aE\xbe \xbb\x94\xee\x1b\x86A\
\xc1\xe8Gq]\xcf\x87u\x0b+\xcbP\xb6h#\x91\
G\xef#\x11\xec*}H\x19\x03=\xb9\xa8h\xa4\xcb\
Z\xdd\xd4\xb6ZU\xd5\xc5\xbao\x964%F3\xcf\
\xaf\xe1\xd6\xb8\x99.d\xbd\x7f\xb4\xdc\xc7\x0c\xd3\x01\xb5\
\x99K'\x1e\x99\x07\xb75\xd3\xebZ\xb4\xd0\xa9]4\
C6\xdd\xcb+\xf2\xe2\x22;\x10?\x1e\xbe\x95\xcd\xcd\
'\xda!g\x92ki\xdc\x8e\xb2\x8c\xb7\xae\x14\xaf#\
\xe9B\x06B\x22+\x19\x93\x0e\x91\xee\xc0r\x0f'\x9e\
\x99\xc6\x7f\x0a\xa58R\xcc\x9b\x89\xc7\x1c\xf755\xc1\
\x136\xd5.`BJ\xc7\xb8\xe0\x1c\x00O\xe3\x8a\x81\
\xdc*\x92\x85_\x1c\x00\xdd\x8dR$\x82 \xdb\xc1P\
8\xe4\x83R\xac[C\x17bO\x5c\x1an\xd2\xce7\
\x90Tu>\xf43\x03&\x0b\x86\xf9x S\x01S\
\x01\x94\x12\xa0\x92y\xa4\xc3\x07\xe0\x00\xb8\xec:\xd2*\
\xe0\x82\xa38\xeaM=s\xbbq,\x01\x1c\x00)\x88\
\x9e\xdc\x00\xd9 q\x9c\x003W!\x5cC\xb9W\x96\
\x1c\xf1\x9a\xadl~b\x84\x1c\x01\xe9Z1\x12\x116\
\xf0\x00\xee3R\xc6D\x80F\xec$\xdc\xdf(\xe5G\
J\xb4\x17r+\x1c\x10\x08\xe7\xd6\x98\xe0\x12\xc0\xafV\
\x00\xe2\xacm_28\xc1\xe8w\x1e:\xd01\xa0\x01\
/\x9b*\x0d\xd8\xe3\x03\x9ar\xe0\xc6\xc7\x041<\x93\
O\xde\x0c\xccp0\xa3\x8ej6\x98\xae\xd2T\x91\x9e\
9\xebH\x0c\xbdE\xc0grp\xc0\x0c\x10{\xd6\xcf\
\x845\xc6\x9e\x7f\xb0\xdc\x91\xc2f6,ry\xe9\xcf\
\xf8\xd6=\xe3\x93\xe6\x18\xc0\xc18\xdcEe\x88\xe4Y\
\xa3\x99H-\x13\x87U \x81\x91\xcd;]\x0a\xf6=\
j\x8a\xab\xa7^\xc5\x7fj\xb3\xc0r\xa7\x82;\xa9\xf4\
>\xf5j\xb3,(\xa2\x8a\x00(\xa2\x8a\x00(\xa2\x8a\
\x00(\xa2\x8a\x00(\xa2\x8a\x00(\xa2\x8a\x00(\xa2\x8a\
\x00(\xa2\x8a\x00(\xa2\x8a\x00(\xa2\x8a\x00(\xa2\x8a\
\x00(\xa2\x8a\x00(\xa2\x8a\x00(\xa2\x8a\x00(\xa2\x8a\
\x00(\xa2\x8a\x00(\xa2\x8a\x00(\xa2\x8a\x00(\xa2\x8a\
\x00(\xa2\x8a\x00*\x8e\xb3z\xfa~\x9f%\xccp\x99\
\x8a\x11\x95\x07\x1cg\x93\xd0\xd5\xc7$#\x14\x1b\x98\x03\
\x81\x9e\xa7\xd2\xb9X\xf5o\x11y\xfbd\xd2P(<\
\x8f\xc4\x7f\x16\xecw\xa6\x05\xad3\xc5vw\xd7\xb1\xda\
\xf9R\xc7$\x84\xaa\x92U\x818\xcfc\xfd*\xf6\xaf\
ok\xac\xd8=\x9f\xdaP\x16 \x82\x8c\x09\x04\x1c\x8e\
;\xf4\xaen\xe3\xc5*/\x84\xad\xa2\x8d\xd1\xe5VW\
p$\x1f\x86\xdc\x8e*[\x7f\x08i\x9a\x85\xa2^E\
\xf6\xdbY\xa6\x1eh\xdc\xd8db;\x8cg\xaf=h\
\x03\x1fP\xb2:u\xc1\xb3\x97Q\x82i9>Q\x0d\
\x85\xcfr\x0e@\xcf\xa5Isu\xa9]i\xbfe\x99\
c\xb8\xb2@\xbb\x8a\x05\x01@9\x1b\xb0x\xe9\xd3\x15\
sR>\x1e\xd2\xe6[=R)\xae\xef\x11\x07\x99p\
\x07\xcc\xc4\xf3\xc9\xdc\x0e\x7f>\xd5D\xdf\xdaF\xf70\
i6+%\x9c\xe8\xbe`\xb8f,\xd8\xce1\xd7\x18\
\xaa\x10iv\xba=\xe3Z\xa5\xd1\xba\x86\xe2G\xd8\x15\
yC\xe9\xce\xde3^\x901\xd0v\xaf0\xb3\xb5\x9f\
Q\xbak{\x14H[\x06E\x8eiX\x1d\xa0\xf6 \
s\xf5\xad\xab\x0bmgC\x8a\xfa\xf5\xed\xda\xe5\xcch\
\xa9\x02\xca\xcf\xb8\xe7\x93\xf8\x0aM\x02;j+\x90\xf0\
\xff\x00\x88\xb5K\xfd^;K\xab\x00\x91\x94,\xee\xb1\
\xba\xf9|q\x9d\xdf\x95u\xf4\x86\x14QE \x0a)\
\x09\x00d\x90\x07\xbd\x00\x83\xd0\xd0\x02\xd1E\x14\x00Q\
E\x14\x00Q\x5c\xef\x8b\x17Sa\x09\xb0\xfbG\xd9\xc0\
>h\xb7\xc0rx\xc7\xb9\xef\xd2\xb9\x98&\xd7\x8d\xca\
%\x99\xd4\x16@\xc7b\xce\xad\xb4\xfa\xee-\xdb\x9av\
\x0b\x9e\x89<\xd1[\xc4d\x9eD\x8e1\xd5\x9c\xe0\x0f\
\xc6\xb9=x\xf8t\x7f\xa4\x18V\xeay[\x95\xb6\x97\
\x05\xbb\x92\xd8 c\x8e\xa6\xb4<b\xd6\x87FT\xd4\
$\x96 \xee\xbb|\xa5\xdc\xdb\x878\xc7N\xc7\xadp\
\xf1\x1d:(w\xcbu\xa8`\x8c\x11\x1c\x08\xb8\xfcw\
\x1f\xca\x9aBgc\xa2j\xba\x15\xa4\x04\xc3\xe5X\xbc\
\xa4\x96G8<\x0c\xf5\xf4\x03\xa5o\x5c?\x9de)\
\xb6\xdb+\x18\xc9U\xdd\x80\xd9\x1cs\xef\x5c\x07\x88\xb4\
\x81\xa5,\x12\x9b\x96\xb8\x82f#.\xa0\x15\xe3\x8c\x9e\
\xff\x00\x95fY\xdc\xbd\x8c\xc2\xe6\xc6`\x92\xa1\xc6\x07\
!\xc7\xa1\x19\xe9O\x96\xfb\x05\xecT\x16\xb3\xac^D\
\xd0H\x1d\x18\xac\x91\x0c\x92J\xf5\xe4f\xbb\xf4\xd6d\
\xbb\xf0\xbd\xed\xce\xa1`\xf1\x95\x05\x0cD\x15\xde\x08\x1d\
23\xde\xb9\x1b\xcb\xc9u-J[\x99\xb3\x0a\xb7\x1e\
^\xfd\xe3\x1d8\xce:\xfaR\x99nt\xf8m%\xb7\
\xbb\x9a0P\xba\x22\xb9*0q\xca\xe4\x8cSj\xe2\
N\xc4H\xb11;\x09X\xf8\xc02o w\x19\xc7\
\xad8j\xd2ZYKo\xa6\xbc\x91\x99d\x0f$\x84\
\xf4\x00\x0c\x05\x1f\xcf\xd6\xb2\xae.e\xbb\x96Ynd\
g\x91\xd8\xb18\x03\x9f\x5c\x0adJ\xea>NF2\
K\x0a\xab\x13r\xce\xe6yKHK\x17b\xe5\x89\xe4\
\x92rjga\x80\x0eO\xe1\xc5C\x1e\x0cx\x05\xbf\
\x1e\xf4\xe5i\x0a\xe1\x8eT\x9e\xfdh\x01\xcc\xc4(!\
P\xb7\xd6\x9e\xbb\xd9q\xca\x1cp\x056$\x90\xb0\xc3\
\xf1\xee9\xab\xd0)\x0d\xc8\x04\xd0\x041\x90J\xae\xe0\
\x0fz\xba\xa4\x0d\xc1Ha\xd74\x88v9\xca\xaf\x1d\
j\x07s&q\xf2\xe4~\x94\x86N\xee\xbd\x14\x06\xc7\
z}\x9d\xf3[H\x84\xa2\x80\x85s\x81\x93\xc6\x7fZ\
\xa8\x8b\xb5~Q\xc0=OZ\x15Q\xe2f|\xf5\xe9\
\x9cf\x80:\xb8\xa5\x86\xea\x08\xd8M<\x8e\xe0\xb8d\
 \x94\x07\xb1\x0d\xfc\xa9\x92\x08\x8c\x9c\xb4\xe0c\x04\x94\
\x07\xf9\x1a\xe6\xd2\xe2KQ\x9b^\x0a\xf4\xfe/\xccV\
\xfa\xea\x90Ib%\xb8d\xf3\x0f\x05\x14t>\x956\
\xb1W\x1d\xe6\xdbE\x11{\xa9\xe6BH\x00$C\x90\
N8\xc6O\xd6\xb3\xaeo\x86\xe9#\x82`\xe8N\x15\
\x82\x91\xc7\xb8=\xea9f\xde\xc2G\xca\xa1\x1cd\xe7\
mA#\x84\x1d\xb2O\x1c~\xb4$\x22\x07\x9b\x0c\x00\
]\xc7\xf9\xfdi<\xa2\x5c\xb0]\xa3\xd8\xf0i\xe3,\
\xeb\x91\x90:\x90j\xc5\xb9\x0e\xc7\xae\x16\xa8C\x04j\
\x87$\x10O\xa0\xe9H\xc3-\xd3'\xae\x07\x15>\xc6\
\xe4\xa8\xcf\x19\xc1\xedL\x1dF\x00\xc9\xf9\x8f\x14\x80\xaf\
\xd7\x8d\xa3q\xfeT\xfd\x87\x8d\x98\x18\xef\xedS\xed8\
\xca\xe3'\xb7\xa5\x08r66\x09\x1d@\xa6\x04y \
\xfc\xc0\x1f@)\xb2\xb8\x0a\x06\x09f\xf7\xa9\xd9\x00\x05\
\x8e\x02\x8e{T2\xe5\xa5\x04p:\xe4\x9e\xb4\x80\x84\
\x00\xacG$\x1e\x00\xcdH\x9f0U<\x92z\x1e\xc2\
\x9e\xb1\xed@W\xe6\xff\x00j\xac\xc3\x19U\xca\x82p\
:\xd3\x02\x19\xce\xd2\x18\xa9n@\xe1j\xba*n%\
\x86I\xc9\xc1\xec=\xea\xf5\xe1!\x01 \x90\xbc\x9cu\
\x15\x0ad\xb8y\x10\xednW\xb1\xa4\x05k\x84M\x80\
(RO\xa5g\x5c\x86\x1cn\x19\x1c\xed5\xafr\xeb\
\x90\xb9\xc7\xe3\xc1\xac\xf6\x1f{\xe4\x0d\xe8OLSB\
*>\x0c\xbf\xbbe\x04\xf2I\xe6\x968\xc09n\x80\
\xf7\x1c\x1a\x95\xd1H8\x0a\xa7\xa2\xe3\x8f\xca\x8f(\xe1\
q\x9c\xe7\xee\xe4c>\xfd\xe9\x80\xc6\x1b\xb2\x1c\x15\x19\
\xed\xebJB\xa6\xdd\xc7\x07\xda\x9e\xca\x0f\x05H|s\
\x8ei&\x01b\x04\x85\xc62ph\x02\x11\xf2\xb3\x1c\
g'\xa0\xa9\xe0]\xe4`\x10G\xb7\xf9\xcdA\x19b\
\xc3b\xe5[\xb0\xed\xfaU\xabu\x1b[$\xaa\xb7\x03\
h\xff\x00\xeb\x7f\x9c\xd0\x03\x80%\x7f\x85G\xe3\x9az\
|\xaaN\xf0A\xeb\x8fZ\x7f\xcaG\x0f\xc6z0\x1c\
\xd2\x9cq\x93\xc3\x11\xd3\xb5!\x88\x92|\xaa\xc1\x17p\
8#\xdb\xd4T\xd6\xd8\xdc\xe1\xf9f9\x02\xa3!\xb7\
\x00\xacpF\x09\x1d\xeaX\x8e\xd0\x18\x9c\x10F\xe09\
\xc8\xee(\x03B\xdd\x95\xd3nz6\xd6\xc8\xe2\xac\xc7\
\x18\xc3d\x03\xc6O\x18\x19\x15\x15\xb4l\x1c\xab\x0c\x07\
\x15s\xcbl\x9c\x12\x07\xf8\xd4\x8c\xa9*\xaaH\x1c\x12\
\xaa\xc7\x04c\x80MN\xa31\x91\x93\xe6'\xa7zR\
\x9ed@c+\xc0\xeb\xf8Rm \x96q\x87\x07i\
\xc1\xed\xd8\xd0\x04L\xe3\xcc\xc7Ea\xdb\x83Q2\x1c\
\x92\x0e\x18g?\x85O$l\x15\xc2\xe7=W&\xa3\
\xee\x09$\xe4s\xe8=\xa8\x02\x07RN@\x19\xa8&\
\x19\xe4cv?Z\xb6\xcb\xb9\x8e\x06\xdc\x0e}\xea-\
\x87w\xa6\x09\xfci\x88\xa2#\x0c\xc0o#\x1c\xf4\xeb\
N\xd8\xab\xb8/^\xb5e\xd4\x99@P0\x07\xebL\
\xf2\xf9\xcbs\xce?\xc8\xa0\x0a\xe1s\x9c\x0es\xc6*\
1\x13\xae\x09b8\xc5ZX\xc0\xf9\x83\x1e8 \x9e\
\x94\xc2X3\x07\xc1\x1dE0\x1aA(71!\x7f\
Z@\xb2*\x19\x22\x96H]\xb0KF\xc5I\xa9\xb0\
s\x80\xdd9>\xf4|\xc6UT<\x0ezv\xa4\x04\
\x96o\x07\x96M\xc5\xc4\xd6\xd2.YY#.d$\
\xe7\xafQ\xcf\xbdG{0\x91aUyI\x0aU\x9a\
@\x01nr\x0fs\xed\xcdL\x0f8\xe9\x8e\xb5A\xf0\
\xf29`J\xf6\xf7\xa2\xc3\xb8(DP\x17\xa7N\xb5\
\x1b6\x00*\x01\x19\xc75\x1a\x86Q\xfb\x92NI\x1f\
7`)\xf1\xed\xf5l\xf4\xe0p>\x94\xc4=\x98\xaa\
\x00q\xcf\x03\x15\x1b\x02\xb1\x1f\xbaXr\x00\xa9\xa3V\
?;\x1e:`\xff\x00Ji\x85\x86\xe6V\xfc\x0d\x00\
WVrB\x14\x0b\xc7;i\xcaHBY\x86z\x03\
\xde\xad\x05o4\x83\xc98\xa7\xc5\x19\x92f\x05\x10\xa8\
9\x1e\x84\xd0\x02E\x81\x11E`Y\xb89\x15\xa3\x0e\
\x15@\x90\x12\x01\x1c\xd5TC\x92\xdbq\x93\x80;f\
\xae\xa49 \x03\x9ers\xebH\x09 \xe7s\x11\xf3\
3\x123R\x80\xc2D^7\x10I\xa6[\xe0\xba\x86\
\x07j\x82s\xebR\xc6\xaan\x9aE\x1f\xc3Hb\x1f\
\x94?\x1d*\xb4\xee\x15\x14\xae6\x8e\xb51bQ\xb2\
\xd9\xcfn*\x94\xa4\xab\x001\x8d\xbc\x9c\xd0\x05RV\
H\xd9\x95p\x0b\x1c\xff\x00\x8dV\x95\xf6\xe4*\xe7\xde\
\xac\xb1\x02\x0e2\x03s\x8cTl\x1f\x1f6\x08\xc7\xe5\
T\x22\xd6\x8b\xa8K\xa6\xcaZ.`rZH\xc8\xea\
q\xc1\xf6\xe7\x15\xdc\xe9\xb7\xb1\xdf\xd9\xa4\xf1\x1e\x0eA\
\x1e\x84u\x15\xe7B@\x06\xd5\xee3\xc75\xbf\xe0\xfb\
\xbf\xb3\xcf=\xb3\x95\x11\xc8\xe1\xd4\xe3\x19s\x90F{\
\xf4\x152CL\xec(\xa2\x8a\x82\x82\x8a(\xa0\x02\x8a\
(\xa0\x02\x8a(\xa0\x02\x8a(\xa0\x02\x8a(\xa0\x02\x8a\
(\xa0\x02\x8a(\xa0\x02\x8a(\xa0\x02\x8a(\xa0\x02\x8a\
(\xa0\x02\x8a(\xa0\x02\x8a(\xa0\x02\x8a(\xa0\x02\x8a\
(\xa0\x02\x8a(\xa0\x02\x8a(\xa0\x02\x8a(\xa0\x02\x8a\
(\xa0\x02\x99)e\x8d\xcck\xb9\xc0$.q\x93\xe9\
\x9ap!\x86A\x04{R\xd0\x07\x9c\x0bMu^Y\
\x84:\x8c3;\xefa\x14\x99\x5c\x9c\xf4\x19=+\xa0\
H\xef\xef\xfc9u\x06\xb4\xc6\xcb\xcb#\xf7\xc7\x04\xba\
.\x09,\x01\xc7<\xe6\xbaz\xa7\xab\xbc\x11\xe9wo\
v3\x02\xc4\xc5\xc6q\x91\x8e\x94\xee\x169=\x1e}\
+I\x9e\xe4\x9dS|\x8c\x9b?w\x0b\x04_~\xf9\
5\x95\x0e\xb5\xaaZ\xdb\x89%\xd4\xe4.y\x0b R\
\x1b\xbfq\x90*\x12\xb6\xbec\x08\xb4\xd2\x88\xdc\xa9{\
\x998\x1cu\xc1\xe7\xf3\x15)\x99\xd2I\x0d\xa9\x16\xab\
\xb4*\xa4@1\x03\x8c\xfc\xc4d\xf3\x93Ubn[\
\xd5\xb5\xd9\xaf\x8d\x9d\xd5\xa5\x9c\x1e_\x94Y\x9e[q\
)\x0e\x09\x18\xcfa\xdcVS\xbc\xb2I\xba\xe5 \x8f\
\x7f\x00\xdb\xdb\x84)\xeeGS\xc9\xfdj\xd5\xae\x8f\xa8\
_\x86\x9a\x08R\xe5$,|\xe3(^}9\x19\x07\
\xf0\xa9.\xb4{\xeb\x18\xd1%\xb1\x92En3n\xc6\
M\xa7\xfd\xa0\x05\x1a\x06\xa2\xe9\xb3[i\x1e#2_\
M$\x8d\x02\xb4X\x86#\xb41\xc7\xaf'\xf0\x15\xd0\
\x5cx\xa5\xee\xa1\x9a=\x16\xceio\x10\x06\x092`\
\x15\xce\x09\xc09=\xbd:\xd7#\x01\x82\xf2\xe6\xd6\xc2\
+Y\x22\xd4|\xc2\x0c\xd2\xb1\xcb\xa8\x07\xef\x8c\x021\
\xc6\x0e\x0d\x5c\x82-_N\xbce\x86\xd0\x1b\x96M\x8c\
\x03\xa1\xe0\x9e\xc79\x1d\xa8c\x1c\x9a\x86\xbf\x15\xe2\xdc\
\x11\xa8;\xe7q\x85\xa2!\x18\x0e\xa0\x0c`q\xdf\xad\
v\xcd\xafiq\xc8\xd1K\xa8Z\xa4\xab\xf7\x94\xca\x01\
\x07\xb8\xae#S\xd0/th\x16\xe5\xaf\x18\xdb\x96\x08\
\xc9\x1b\xb8''\x1c\x8c\xe0\xd6_\x97\x14q!\x06\xe4\
6z}\x9dH\x0a{\x83\xbb4Z\xe1{\x1e\xafk\
ymv\xa5\xadn\x22\x99GS\x1b\x86\xfeU\xcd\xea\
>,{=V\xe2\xd3\xec?$=^IB\x16\xf7\
\x03\x1d=\xeaO\x06iq[\xdb.\xa1\x1d\xd3Ln\
#\x03\x021\x1a\x8e}:\xe7\xf1\xae\x86X`\xb8Q\
\xe6\xc7\x1c\xa3\xb6\xe5\x0dR3\x99\xb8d\xf1\x96\x93\xb2\
\xd6G\xb5\x92\x09~t\x90nRpx$\x1eG5\
\x8e|3\xac\xda9\x92\xc9R7R\x000\x5c\x15,\
?\x1f\xebK>\xa5\xa8\xc1\x7fx\xb67q\xacq\xca\
\xc0*\x22*\xe0`c\x902\x7f\xc2\xba\xef\x0c\xdc\xdd\
]\xe9I5\xf3\xc4\xf2\xb371\xe3\x18\xcf\x19\xc7\x19\
\xa7\xb0\xb7.\xe9\xeb:X\xdb\xad\xe3\x87\xb9\x08\x04\x8c\
\x06\x01lsV))jF\x15STk\xa4\xd3\xee\
\x1a\xc1U\xee\x82\x1f,7L\xd5\xba\x8a\xe6\xe2+X\
\x1ak\x89\x168\x97\xab1\xc0\x14\x01\xc16\xab\xac\xc6\
\x09\x96\xe2\xf1YN\xd7\xcd\xb8\xc2\x9f\xa6?\xadI\xa7\
\xf8\x96\xf2\x0b\xa47W\x1fj\xb7\xc9\x0e\x04`0^\
\xc4c\x1c\xff\x00J\xd3\x97\xc4W&\xeaG\xb7\x86\x09\
\xac\xcev\x12J\x96\x1d\x8eq\xfd*\xa5\xce\xb1\x06\xa5\
<\x16\xb7Zh\x0b$\x8a\xbb\xd2_\x9dX\x9cdq\
\xc8\xebT\x22o\x10\xea\xd6\x1a\xbd\x92Z\xd8\xea\x16\xeb\
s\xe6+\x08\xe5_\xbf\xec28\xcfL\xd6\x0d\xe6\x97\
\xab.\xc0\xdasn\xea6B\x8e\x079\xe7\x9e\xb56\
\xbb`4\xcdL\xc3\x01'*\x92D\xf3\xf3\x92\x0f#\
<g\xa0\xe3\xde\xad\xdfx\x87Q\xbc\xb3HQ\x92\xd6\
`\xff\x00\xbd\x92#\xce\xd0\x01\x05A<\x02r;\xf4\
\xa6\xbc\x85\xeat\x1a-\xd5\xdb\xe8\x0dq\xad\xdbm\x92\
 \xc7iL3(\x1dJ\xf6'\x1d+\x85\xbc\xd4\xed\
og\x0fg\xa7\xc1h\xdb\xb2H\x00\x97\x1e\x84t\x07\
\xde\xb4\xe0\xf1>\xa9\xe4\x0f.\xe2\xd6a\x927I\x1f\
8\xc7|\x1a\xc2\xbd\xbb\x9bP\x9d\xa6\x99 \x8d\x83\x1f\
\xf5Q\x85\xdcq\xd4\xf7<z\xd3H\x1b\x12)\xca\xb2\
mE\x04\xe7\x91\xc1\xcd\x0eK\xab\x12\xaa\xac\xe4\x97 \
`\x9a\x81\x10\xefV\xcf\x0b\xd0\xd5\xa8\x90\xc8\x99r2\
3\xc9\xaa$\xcfU&M\x9bO\xa6=*F\x8c\x94\
q\xdd\x7fAVb\x19\x9d\xd5\xb2\xbd\x0e1\x83\xf9\xd4\
\x82\x22\xb2\xb7\xf7O\xebLEd \xec\xda\x0e@\xe4\
U\x90\xa1\xbef\xc9#\xb6i\x151 \xdaHN\xa7\
\x02\xa5\x8d\x0e0\x06Ol\xfaR\x18\xe8\x97\xe7\xf9p\
\xb8\xe6\xa5L\xa3\x91\x92s\xcd\x10\x80\x08\x19\x03\xbf\xd6\
\x9c\xfc1\x00\x8eG&\x90\xc8\xe7|\xed\xe3\xa1\x1d\xaa\
4\x03\x9co\xe0qJ\xc4\xe4\xae\x09\xe7\x06\x9a\xbc8\
E\x1dO_jb%E\x1d$\xce\xde\x9fZ\x92V\
\xcf\xcaA\xc0\x04\x8c\x0fjI\x06\xc2>lzf\x92\
\x1d\xc4;\x16\xe7<{R\x18\xc8\x86\x17n\xdc\xe7\xa5\
O\x04+\x1a\xee\x90.\xd0x#\x8a\x96\xda\x14iG\
a\xd4\x83\xcei\xb7\x17\x01I\xc1\x00\x11\xb7f\xda\x00\
\x8eyq\xb0d\x1ey\xfazS0Y\x8e\xec\xe1\xba\
\x13\xebPM#0\x0b\x19\xcb\xb1\xc0\xc0\xab\xd1 E\
\xfd\xe1\x0d\xe8{P\x03\xa3\x8ba\xe0|\xbe\xa2\xae\x88\
|\xb4\x0a\x99\xfab\x96\xde\x12\x06\xee\xc0\xfeu9^\
r2\x0f\xa5!\x95\x08}\x98\xdb\xf36G\x1d)6\
\x00C\x11\xc66\xe4\xfaU\x97_\x98.F\xe3Lq\
\xf3\x80\xc4\x8e\xc3\x8a\x00\x88\xaa\xaf=08\xcd0\x00\
\x13\x80rz\xf1\xebS\x9e\x0eF\xd0\xb8\xc742\x02\
\xaaA\xe7\xb2\xe6\x80!d\xf9\x18pI\xec\x0fZ\x8c\
'*\xc1T\xf0\x7f\x0a\xb4\x22\xc4\xc4\xe4\x9c\xe7\xf0\xfa\
T\x91\xc1\xf3u w\x04P\x05TU\xdc\xbb\xc0 \
\x9c}*\xf3E\xb6 \x1dG>\x94\x9e@RX\x0e\
:\x01S\xa6\x1e=\xa4v\xe3\xda\x90\x15d8\xce\xce\
#\x1c1=\xaa\x19Uv*\x8e\x01\x18\x1f5[\xb9\
b\x06\xdc\x0e\xb8\xc8\xaa\xea\xaa\xbb\xb6\xb0 \xf3\xd7\xf9\
P\x06}\xc20'\x1bpx\x03\x1c\xd5w\x07i\x0c\
\x18q\xb5N:\xd5\xfb\x8c\xb4\x81U\x87#\xbd5\x02\
\x83\xb4\x1c\x05\xc9\xaa\x11\x9b,|\xa9\xda\xdb#?\xc2\
1K<e\xa5*\x15\x89b\x095zH\xc6B\xf3\
\xb1\xb9\xe4w\xed\xcd3b\x8d\x813\xb8\x9c\x1c\xf5\xfc\
x\xa0\x0an\x81\x18\xbb\x8e\x83\x8f\xa5T\x98\xf3\xb8g\
,@\x1cU\xeb\xa0W 0#\x1c\x03\xdc\xd5\x12\xa7\
p\xce\xecc\x9c\xfet\xc417\x92\xfbU@\xe0`\
\x8e\x9c\xf5\x22\xac\xee\xe8\x09\x00\xaa\x81\x91\x93\x9au\x9c\
Gk\xe0\x06 \x02r3Oc\xb4\xedP\xa5\x5c\xe3\
\xee\xe7\x1e\xb4\x86L\x85\xd5\x80\xdc:g\x07\xaf\x1d\xea\
e\x8c\xed\x00pO\x5c\x9aX\x15\xb21 #\xd3\xf9\
T\xd2\x83\x18\x07\xa1\x04\x0c\x1es@\x11\x8bw;\x94\
\x91\x822\x00\xa2\x15\xeaXc>\xbc\x8e;U\xf5\x8d\
\xc8\xf92\x0fl\xf7\xa8\xde\x00e\x00\x02w\x1c\x9c\xe4\
\x0c\x8e\xbd\xa9\x0c\xbdd\xacB\xe4}\xd3\x8a\xbcP*\
\x90G\xadS\xd3\x82\xeee\x00\x0d\xc3\xaf\xa9\xad 2\
\xb99\xc9\xc6jX\xca\x81\x00\x8b\x0b\xd6\x9f$xm\
\xe0q\x8f\x98z\x8a\x95\x94\x9eF9\x14\xf4\x03\x9c\xfa\
P\x05\x17\x84\x80NA\x0b\xd3\xe9Q4C\x0d\x8f\xbb\
\xd4U\xb4\x046\x09$\x8e~\xa2\x96D\x01Ny\xf5\
\xe3\xb5\x00e\xc8\x98\x18Q\xdc\x1c\xf7\xa8\x82|\xb9o\
\xbf\x9c\xd5\xb3\x0f\xcc\x17q\xc0\xebA\x89z\xb1<\x8e\
\x82\x98\x8a\xb8e\x91\xb7\x0e\x08\xe3=\xea&US\x8e\
\xa0\xf6'9\xab\xaf\x18\xe0\x9d\xc7\x1e\xfd*\x19#\x19\
\xde\xc0q\xf7sL\x0a\xf2\x0d\xa9\xc1\xcf\xa0\x1d\xea\x19\
\x06Ib\xb88\xce:\xe6\xaf\xed\x1b{\x1e3P\x18\
\x83I\xdcm\xe4\x9e\xff\x00J\x00\x85\x80\x8b\x01\x8bn\
a\x9e\x9dM#G\xe5`\xf3\x82\xc35jU\xf3d\
ed\xe1\x009\xc7S\xe9PO\x09~C|\xa0\xe7\
\xf1\xa0DR\x16<(\xc1\xce2}*\xb4\x9f+\xec\
\x5c\x92y\xc1\x1d\xaa\xea\x8c\x96,y\xed\xedP\xdc\x92\
]q\xf2\xee\xfeT\xc0\xac\xc8pP\x108;j(\
\x8a*\xa2\xe4\x86'\x03\xbd]d\x03\x0e@\xdb\xd3q\
\xe7\x15\x1e\xc3\xd5v\x9c\x9e>^\xd4\x01aFF\xdc\
c\x15\x1b\xae\xfc\x82\x08\x03\xb7\xadO\x02\xe4\x13\x92A\
\xe1x\xe9O\xf29P\x9f.\x08\xcd +l \xb1\
\xcbnf\xda\x06*x\xd0\x98\x82`g<\xe7\xbd=\
\x07;\x88\xe7'\x1fJ\x96\xdd\x02\xc66\x9eH\xcf\xf9\
\xe2\x80\x10\x00\xad\x1fu\x0d\xc0\xab'\x11\x82O\x5c\x13\
U\xa5S\xe6F\xb1\x03\xc7 b\xa7\x90\x85Grx\
T\xe8h\x19$\x7f*D\x8b\xc8#\x9c\x9az\xb1\x12\
J\x00\xe0\x0aly\xda\xcc\xc4\x1e\x06)\x01\xe6F\x1c\
\xee=E \x22pU:\x0c\x13\xf9Ui\xb3\xb6A\
\x91\xcf\xe7\x8a\xbc\xc3\xf7j\x0f\x1fJ\xa9t6\xc5!\
N\xc3\x19\xc6i\x81Y\x90,I\xb5~\x5c`\xd3d\
\x8c(;\x14\x0c\x91\x9cv\xa9\xdccf\x0f\xca\x07Z\
$_\x95\x88'$\xd0\x22\x98S\xe5\x8e\xcc\xdc\xe0u\
\xcd-\xb4\x8fmv\x97)\x08\x91\xa2o\x94\x13\xdf\x18\
\xcf\xa6y\xa9\xa7\x8f.\xab\x93\xf7z\xd4LL`\x16\
!\x09=\x09\xa6\x07g\xa7k\xb6\x97I\x89$\x10\xcb\
\xbf\xcb\xda\xe4\x02\xc7\x8eG\xb75\xaf^_p\x88\xe3\
\xe6\x0a\xe3#\xb6y\xad\x8d+^\xb8\xb3\x1eL\xcc%\
\x8cd\xeerIP\x07\x03\xfc\xff\x00Z\x87\x1e\xc5&\
w\x14V-\x9f\x88\xac\xa7U&P\x01\xea\xe5J\x81\
\xce9\xcfN\xdf\x9fZ\xda\xa40\xa2\x8a)\x00QE\
\x14\x00QE\x14\x00QE\x14\x00QE\x14\x00QE\
\x14\x00QE\x14\x00QE\x14\x00QE\x14\x00QE\
\x14\x00QE\x14\x00QE\x14\x00QE\x14\x00QE\
\x14\x00QE\x14\x00QX\x9a\xd6\xbdod\xd3Z\xc6\
\xeco<\xb2Wj\x16\x08\xc4q\xbb\x15\x85\xe1\xado\
T\x97T\x82\xd2I\x12\xf2\x17L\xbb\x11\xb5\xa3\xc0\xe4\
\xf6\xcf\xd3\x14\xec\x17;YK\x88\x9c\xc6\xa1\x9c\x03\xb4\
\x13\x8c\x9a\xf2\x9b\xab\x89\xae/%\x1a\xac\xd2\xbd\xd2\xc8\
\xc1\xa2\x0cF\xd2;\x00;\x0cW\xac\xd7\x1f\xae\xf8\xa2\
];W\x9a\xce;\x08\xfeU\x04I+\x15\xf3r;\
q\xcf\xa5\x08L\xc1\xd2\xef\xaft\xf8\xaf\xda\xcaI~\
\xcc\xaa\x03\x17\xcb\x08\xd8\xb0\x19\x19\xe8y<{\xd5\xbd\
#W\xd4m5\x0bXE\xcb\xdd[\xcd(\x0f\x1b\x80\
\xec3\xe8\xddj(<A\xa9\xad\xbc\x90\xdcEou\
\x1b\xb1\xf3\x01\xb7'9\xc7\xcb\xf2\xf1\xf9\xfa\xd3a\xd2\
uT\x118\xb1\x90#\x80\xc8\xc8\xd8d\xc8\xe8FF\
1\xd2\xab\xd4Go\xe2\x1dG\xfb3K\x96ud\x13\
\x1f\x960\xdd\xdb\xfc\xe6\xb8\xe9\xf5}Nx|\xab\xa9\
\xa3\x91[;\xd3\xc9\x1bX\x1e\xc7'\xde\xa9\xdb%\xc6\
\xa6M\xab^\xa8t!\xe0Y\xa7\xce_\xa1Py\xe3\
ni\xd71Mgu%\xa5\xda\x95u\x03\x04\xa9*\
\xdd0T\x9e\xa2\x84\x86\xd8\xd4\x89\xbc\xcc`\x18\xdb\x04\
rH\x1c{\x9akH\x00\x94\xfc\xa5\xd3\x189\xcf\x1f\
J\x9cJ6J\xa4\xb4\x8e\xe9\xb3) \x01\x06A\xcf\
\xb9\xe0TN\xa8\xae\xbf'n@\x1f\xce\x99$\xc2\xc6\
\xd2\xe2u\x8e\xc7V\xb8\x8a\xebo\x0b81\xa4\xad\x9e\
\xc4t\xfc\xaa\x1b\xdd&m:5k\xd9\xa1\xb2c\xd6\
O1\xe4f\xe0`\x80\xb4\x87\xf7e\x18\xa4e\xd1\x83\
\xae\xe1\x90\x08\xe9K\xa8]\xcbyz\xf77L\xbeg\
\x00\xc6\xa3\xe5P\x07o\xcc\x9a,0\x8e\x0dN\xee7\
\xd3\xed\xe4\x8bT\xb6c\x9f0\xcd\x921\xce\x01'p\
\xed\xc1\xc8\xa9.<3=\xb4\x11\xcdy.\x9bf\x8c\
UF\xf2I\x0c{dw\xac\xc7(\x184`\x87#\
\x82>R?\x11\xf5\xa7\xc1;-\x93@\xe3\xcd\xb6\x0f\
\xbcE)b\xa1\xb9\xe4\x10A\x07'\xb1\xa2\xcc.t\
\xb3[\x5cI\xe1\xe7\xb5mn\xd2i\x84\xc1\xc6f\xf9\
v\x0e\x8b\xb8\xe4\xf5\x00\xd6\x09O.\x15B\xd1HO\
$#\x07N\xbd\xf1\xd4b\xaa\xaa\x0d\xca\xe1\x10\x1e\xc0\
\x0eMK\x14\xc6\x22#\xf9X\x83\x9c0\xe9\xec(H\
W;\x8b\xfd6\xcb\xc4\x16\x16\xff\x00`\xba\x8dR\xdc\
\xe1\x02\x0d\xc88\xe8W#\xda\xb9\x85\xb2\xb9\xd1\xaf\xc6\
%\x86\x1b\x95R\xc3\xca\x94\x1c\x8fu#\xa6;Vl\
w\x12Gp\xcf\x090\xccF>F+\xfa\x8a\x16\xed\
\xfc\xe7{\xb3,\xb2\xc8\x00\x12\x027\x0c\x0c\x0a,;\
\x96\xa6U\x13<\x97\x96\xbb\xdeF9x\x99\xe3,s\
\x9e\x8b\xf2\x93\xfey\xae\xb3\xc0\xf0F\x96W3\xa47\
P\xb4\xb2|\xc9>;w^\x07\x1c\xfaW\x15\x15\xfd\
\xed\xbc\x80\xda\xcc\xf6\xe7\xbe\xdca\xba\x8f\xcf\x04\xd4\x83\
X\xd5#c\x8dN\xe3q\x1cn\x0ap3\x9fJ\x1c\
X&\x8fC\xf1\x0d\x90\xbe\xd3\x1e6\x9f\xc8T\x22B\
\xf8\xc8\xf9y\xe7\xda\xb8\xfbAwkn\xa9i~\x1d\
X\xed\x0b\x1c\xc5p=\x83\xe3\x06\x8bo\x16\xdd}\x9b\
\xec\xb7\xb1Cp6\xec.r\x1aQ\xd0\xe7\x1c\x0a\x93\
O\x96\xd6\xed6\xaa\xbc#$\x04YC\x10\x07^\x08\
\xfe\xb56hw;\x0d\x0d\xee\x1fM\x88\xde\xba\xbc\xe3\
!\x98\x10s\xcf\x19\xc7\x19\xac\xbf\x10j\x96fi4\
\xbb\xdbY\xdd\x19Cn\x04(8\xe7 \x92:U\x8d\
\x0c\xdaZ\xda\xcf\xe49w\xff\x00X\xeb\xb3a\xc0\xe3\
\x81S\xa6\xa9o*0\x9e\x220pA\x1b\x81\x14\x86\
r\x08\xd6\x8a\xa4\x8b\x8b\xb8\x94d\xb7\x99\x02\xbe\x17\xa8\
\xe5OJ\xbbs\xa7\xdf\xd8,7\xab8\x964#k\
\x22\xf0\x01\xeeW\x1e\xfe\xbcU\x9dI\xed't[[\
[t\x8far\xcd\x08\xdc\xad\xc7b1\xd2\xa2\x17\x9a\
\x83H|\x9b\xe7\xe7\x8cmS\x8f\xc0\x8ab)^]\
M\x7f\x22\xbd\xd4\xd1\xc8#'f\xd5P\x17?\xedz\
U\x14\xf2\x92d\x0f3(\xde\x1d\xa5\xf4\xf4\xe9\xcf\x5c\
V\x8e\xa3w\x04v\x823aj\xb7\xcf\x913\xaa\x81\
\xe5\x9d\xddO\x1dH\xfc\xab\x1aB^B:\x86\xf6\xfd\
j\x90\x99\x1d\xf5\xd4\xd7\xf7\xb3\xdcN\x00,\xdbUT\
`(\x19\xc0\xe3\xbdU\x01Y@d\xc6\x0es\xf8\xf5\
\xabp.\xc4q\x901\xc8#\xa51\xd1\xbc\xf5\xc9\xc0\
\xc75D\x8c\x86>p\xbcR\xc5\x10#*8\x1e\xfd\
jH\x10\xaf\xdd\x07k\x1e\xa2\xa7\x11\x80x\x18\xf54\
\x01\x12\xa0$\xa8Q\xecO4\xf2\x80\x8e@U\xe8*\
\xc7\x95\xbb\xa19\xf6\xa7\xf9-\xbc.8\xc7\x5c\xd2\x19\
^8\xc8\x07\x83\x91V<\xb08\xc6\x18zT\x85v\
\xb6\xd5\xeaiH!x\xea:\xe7\xbd\x00U`\x06\x0f\
$\x91\xdc\xe3\x15^@X\x9e2:\x1ey\xab\x8c2\
\xc7p\x18\xc6\x07\xb5Vs\xb1v\xaa\x82\xe7\xaf8\xa0\
\x0aL\xfbde\x04\xf3\xe9V-UUN\x1f\xaf\xcc\
i\x0chN@\xc8\xc9\xcf\x195 \x8f\x90B\x06P\
3\xc51\x13\x14,\xc0\x0d\xac\x18c\xff\x00\xafR\x18\
B\x11\xbd\xb2q\x8ey\xddV\x97l)\x97\xc7\x18=\
\x06G\x1d\x85T\xbc\xbcU\x0c\xa5rOC\xdcT\x8c\
d\xb3\x00\xea\x84\xa8^\xe4\x1c\x90*\x9b\xb9\x9c\xa8V\
\xda\x0eGNMWw}\xe4`)S\xd4\x0c\xe6\xb5\
t\xcbp\xb0\x89Z2Nx'\xfc)\x80\xc8\xe3h\
Sw\x1egN\x0e@\xfdj\xd4.\x10${rO\
<w\xfdjC\x1a\x81\x9f\x94\x0fE\xe7>\xd4\xe8T\
\x04\x04\x0d\xa7<\xe7\xb5 /\xc4\x9f\xba\x19\xe4q\xf2\
\xe2\x9f\x22(!v\x93\x9eI\x14\xe8\x9dH\x0d\x8c\x8e\
\xd8\xefNd.\x0b\x0f\x97\xdb\xd6\x90\xc8\x02\x86\x01\x8f\
\x07\xd7\xa5F3\xb0\x80\x14\xb6{\xfaU\xbf,dg\
\xeb\xcd @I<\x0ez\x81\xcd\x00W\x09\x95*\xc3\
p\xa0\xaa\x88\xb8R8 \x1fJ\x99\x11\x87 \xf03\
\xd7\x8al\xa3s.>\xe8\xea=\xe8\x02\x15\x88d\x00\
\xbf/s\x9e\xf5i@\x0c1\xd3\x15\x1a\xc6T\x9d\xb9\
#\xaf\xd2\xac*|\x80\xe3\xe6\xf4\xa0\x04t\xdc\x08\xc0\
\xeb\x9aD\x00/\xcb\x8a\x97\x1c\xe3\xdb\x9aj\xc6\xaaI\
\x02\x80\x22\x99K\x00\x01\x18\xceNj\x9c\x88#r\xdc\
\xe0zv\xad\x13\x82}EU\xb8Ev\xe5y\x1d\x01\
\xa0\x0c\xc9\xcb\x17\xdd\x1es\x9eI8\xaa\xf2\xabn\x01\
\x80%\x87$6\x08\xf6\xf7\xad\x19\x97s\x00\xa7\xa1\xea\
FsU\xccr9-\x83\xd3\x7f\xcaq\xdb\xbf\xad1\
\x0dpe\x90\xa8;U9$\x8c\x8c\xd2\x1d\xab\x0a\xb1\
;w|\xbf0\xe3\xf9U\xf8\xe0\x91\x95F\x11P\xe3\
8\x07\xaf\xaf\x1e\xf5\x9fs\x10\x13\x16s\xe5\xf3\xb5\x08\
\xc1\x03\x9e\xb4\x0c\xa4\xec\xab;)\xe8\x06T\xe7\x18\xff\
\x00\x0a\x8aX\xd4\x18\xe4\xe1\x889\xdb\xf8\xfa\xd5\xc7e\
\x8c\x82\xb1\x0d\xc7\xe5\x0cW\x93\xeb\x9fj\x8d\xd0Gp\
VA\xc62rx\xa6!\xd6\x90\xa9\x12:\xfc\xb8?\
.=?*\xb3\x15\xb8\x19\xda\xddOC\xd4\xd5\xabK\
W\x10\xa1\x1bv`\x10Tgw\xb7J\xbd\x14E\xa1\
b\xb0\xa0\xf9\x80\x199\xe2\x95\xc6f\x22\x16ED#\
\x7f\xde'\x1cu\xe9\xd6\xaf\xc0\x04\x8e\x08\x1cc\xa6z\
Sc\xb0\xc2\x9d\xcb\x9c\xb1\xe07\x1f_\xad]\x86\xd7\
\xcbv\xda~_zW\x01\xb0\xc0\x13\x80O'5^\
D!$\x12 .\xa7(@\xebZQ\x01\xb8\x82\xa3\
4\x971\x92\xa4\xb6x\xe9\x8fZW\x19N\x05\xd8\xb9\
\xc6\x009\xfc\x0dh\xc3\xca\x01\x9eA5N\x051.\
\x1b$t\xe7\xaf5v\x15,\xc3<dP\x02\xb0\xe3\
\x18\xa4\xdb\x8cq\xda\xa4\xdaA\x14\x10\x0e3H\x0a\xe5\
8l\x8e@\xa1Tl\x03\xb8\x18\xab8\xe6\xab\x91\xb6\
Lv\xa0\x08\x1a!\xbb8\x1b\x88\xa8\x822\x92\x0e1\
\xfc\xaa\xfb/\x5c\x8ez\xd4\x0f\x1e:g\x04\xd3\x02\xb3\
&T\xf5\xfc\xe9\x8d\x10*\x14\x13\x8fZ\xb6#\xc9\x1e\
\x83\xb51\x97\x0d\x91\xf9\xd0\x22\x88@\x99c\xbb\x07\xa6\
OJc!A\xce\x09\xc6x\xabs\xe3p\xdc9\x1c\
\x9fCUFL\xec\x0e<\xb1\xce}\xe9\x81\x02\x8c\x92\
\x1c{\xe4\xf74\x8f\x80\xc64 3sV\x1f;\x81\
\xe3\x9e\xf8\xa8v\xe2F|u\xfd)\x81X\xc4C\x8c\
\x922rH=i\x19@\x93 n\xdd\xeb\xd8U\x87\
 \x80\x0eFy\xc8\xe8\x05\x05\x14\xaf<w\x1fJ\x04\
U+\xf2\xed\xe8\x09\xcbS\x957\x1cs\x8cq\xcdI\
\xb5\xf0\xac~l\x9e\x9f\xca\x94&0\x08\x0aI\xf5\xa0\
\x07@]\xb0\x18c=8\xefS\xba\x90\x111\x92N\
I\xf4\x14\xf8#\x00\xf1\x8c\x01Rm\xc8\x128\xe4\x83\
\x81He1\x18#h\xe4\x00s\xec*P\x02*l\
\x1c\x91\x801R${-\x8e\x07\xccW\xaf\xb5L\x91\
\x03\x82G\x0a(\x02\x01\x1e\xd9S\x07\xe7+\xd0\xd3\xa6\
]\xc1\x82\xf4\x00\x0cT\xa5\x7fx\x5c\x01\x9d\xb8\x02\x8d\
\x9c`\x8c\x92E\x00\x18\xc2\x8e\xd8?\x9dE\x17\xfa\x92\
GB\xc7\xf9\xd5\x9e\x179#\x15L\x0f\x918\xce>\
m\xc2\x80\x1c\xcc\xb9P\xd8\xf5\xa8f?\xb9\xc0\x00\x92\
\xd8\xc7\xe3O\x91wH\x1b\x04\xe0q\x9ak\x1c\x84\xeb\
\xf7\x850+\xee\x08q\xb0d\xb59Sv:\x149\
\xed\xd6\x9b&<\xc6f\x1d\x05\x11I\xb8\xaf9\x14\x01\
#F\xa7\x86\x0d\xd3\x1dj\x09 \x06\x10\xa4\xb6\x01\xfc\
\xea\xc2\xb1g\x93 \x8cc\x06\x85\xc6\xdc\x03\x82\x7fZ\
\x00\xa6\xf1\xb0\x18\xc7\xe6j\xb0_\x99\xb7\x0f\xae\x0dh\
\x5ca\xb7\x01\xc9=r:U'\x0d\x92;\xe7\x8c\xf3\
\xc51\x10\x88\xe2\xda\xe0\xa9\x1c\xf4\xee?\x1a\xd2\xb7\xd5\
u\x1b}\xa6;\xc3+\x85\x0b\x89y\x18\x1e\xbe\xfe\xfd\
j\xa3G\xb8p;\xf3\x9aR\xbbHQ\xf5\xc1\xc7?\
Z@uv^$\x8aF\x09u\x13Bx\xf9\xc9\x1b\
\x7f\x9f\x15\xbd\x1b\xa4\x8a\x1a6\x0c\xa7\x90A\xcdy\xd7\
\xca\xc0\x86\x1fA\xebWt\xfdRm>u\xc1f\x89\
\xb1\xb9\x1b<\x0e\x9c~\x7f\xa5K\x89I\x9d\xd5\x15\x0d\
\xb5\xc4w1,\x90\xb6Q\x86G\x18\xa9\xaaF\x14Q\
E\x00\x14QE\x00\x14QE\x00\x14QE\x00\x14Q\
E\x00\x14QE\x00\x14QE\x00\x14QE\x00\x14Q\
E\x00\x14QE\x00\x14QE\x00\x15GV7B\xdb\
6`\x96\x07,\x14\xfc\xd8\xf6\xfd*\xf5\x14\x01\xccX\
\xc9\xaa%\xf4r]4\xb1Z\xaeL\x8f;(R=\
1\x9e\x0do\xa5\xe5\xb4\x9fr\xe2\x16\xfa85C\xc5\
\x22\xdf\xfb\x1eG\xbbYZ$elE\xd79\xc7\xa1\
\xe3\x9a\xe2\x8f\xd9~B\xf6\xf3\x85#\xe5\xf3T\x1c\x9f\
\x5c\xed\x14\xedp\xd8\xde\xf1=\xbe\x95\x0b5\xc9,\xb7\
\x97C\xe4\x90\x06\x912\x07R\x01\xc7J\xe7-/f\
\xd3%\x8e\xe6\x03\x01\x91\x06\x18\xb4|2\xf7\x19\xc6G\
\xff\x00Z\xb4t\x9d\x1e\xd6\xea\x17yng\xb1\x1ew\
\xcb\xb8*o\xe9\x9d\xb9\xfcGN\xff\x00\x9e\xec\xfe\x1d\
\xd0u\x19\xe4\xc2\xa9\x90\x80]a\x98\xaf\x07\xa1 \x1f\
\xad;\xd8F\xcf\xdb\xad\x85\x8a]\xc9<In\xea\x18\
H\xcd\x85\xc1\xe9\xc9\xae\x1b\x5c\x93Z2K-\xe5\xcc\
/\xa6\xca\xd8\x84\xc4\xd1\xeca\xd4u\xc9<\x7f\xf5\xab\
\xa8\xd7\xf45\xd44\x98\xac\xed\x1a;u\x85\xd5\x91v\
\xfc\x98\x00\xf0@\xed\xcdr\xb7\xbaki6\x82\x1b\xe6\
-$\xf7\x0b$\x11[1\xda\x9bA\x04\x92GpG\
\x1f\xce\x84\x0c\xa5kqwf\xd2\xfd\x82\xf6H\xdaf\
#`\x5c\xe7\x803\x82?Z\xd8\xd1|G~\xb71\
Z\xea\xbe\x5c\xb6\xf2|\x9eh\x5c8\xcfBy\xc6?\
\x0a\xc4L\x16.]\xb7\xe7\x1bGj\xda\xf0\xd5\x95\xa5\
\xe8\xbe\xfb{\xabl@\x9e\x9b\x01\xcf\xcd\x9e\x99\xe3\xf4\
\xa6\xc4\x8c\x7f\xb3\xdb\xab\x14\x8ah.\x22S\xf26\xc6\
BG\xf2\xfc\xab\xa7\xb2\xd7\x05\xa6\x8d\x1a\xdc\xc7%\xd5\
\xd4`v'p-\xea{\x80Ef\xdf\xc5i\xa6\xce\
`\x92\xf2\xe2@\x85x\x8a\xdcdg\xbezU\x1b\x87\
2B\xf1\x87;2\xc3=\x09\x19\xe3<\xd1\xb8lY\
\xd4o\x96\xf9#H-\xadm\x8b)/\x1a\x95\x12d\
\x13\xc7L\xe3\x039\x1e\xb5QdU\x9da\x1c\x13\x8c\
\x9cd\xd4^fH\x18\xf9\xc2\x94\xe4\xf4\x15\x00PX\
\x87\x18\xce\x0eG\xa54\x85ryB\x8d\xa8\x91\xdb\x96\
\x0b\x9d\xdf6\xe3\xcf|\x9c\x7f\xfa\xaa\x9a\x80\xfc\x80C\
\x1f\xd2\xa4\xd8Z)6\x8c\xff\x00w\xd6\x9d\x1c[\x86\
0}\xf3L\x08V\x1f1\x81\xc1\x04w\xf4\xa9\xd1\x09\
\x08\xcc~P?Z\x22\x8ael\xed>Y\xe4w\xe2\
\xa5P[\x0a\xa5\x94}21\xe9@\x08\x22\xcf\xcc\x06\
]{\xe6\xa2+\xf3mt\x0b\x93\x9ey&\xb5\x16\x10\
\x8a\x0a\x8f\x97<q\x9ac\xaa9!\xb0OL\xf4\xcd\
\x17\x032H\x93\xccRN\xd2\xc3\xa7\xbdF\xe9\x90\x0e\
\x0f\xb05\xa5<*`(\x01\x18\xf4\xf6\xaa\xad\xcf'\
\xee\xb1\xc7\xb8\xc5\x00W\x9fn\xc0F~Q\x9c\xd5`\
\xfb\xb6\x96\xce\xef\xafj\xb1t\xcb\x1b9u 7\x19\
\xe9U]\xff\x00x\xb8L\x8ccvj\x84\x12&\xd9\
\xd0c\x01\x7f:\xbd\x0a&\xe5/\x98\xf8\xc99\xc0?\
\xadP\xf2\x99\xe7D\x0czn\xcf\x5cV\xf6\x9bi\xe6\
\xce\xac\xe3\x0b\xeb\xc1\xff\x00=\x05&\x08\xdc\xd1e\x91\
\xd9Iw\x88\xb0\xda\xa4\xf7\x1f\xae2\x7f\xcf5\xd0A\
\x1b\xc6\xfb\xae\xa6W#\xf8O\xcd\xfd+\x22\x14\x0a\xc0\
(\xc1\x1d\xea\xe4S\x98\xfeV \x8c\xf5\xef\xff\x00\xd7\
\xac\xd9hS\x11\x0e\xb28\x81\xdbw\x1b\x90q\x8eF\
:\x1a\xc5\xd4o^K\x93\x16\xe8\xf2\xa5\x8b\xba\xc4\xbb\
\xb1\x8f\xbb\x9eqVu]@\x95\x92(\x03e\xc1\xc6\
G\xd4\x7f\x9f\xa5c\xcc\xe7l\x85\x80\x0a\xbf.v\xf5\
4$\x0d\x95\xe7S\x8d\x91\x86`\xdd\xc9\xc9\xcf\x7f\xcc\
\xd2$-\x16\x09]\xcc\xddH?\xa5Y\xc1C\xbb\x1f\
3\x1e\xb8\xe8)\x15L\xae\x00\xc8\x03\xb8\xff\x00<\xd5\
\x92C\x0d\xa3\xfc\xd9\xc6\xc3\xce*\x07\xf9\x9b#\x81\xce\
3Zs\x06d(\x84\x03\xd39\xc5E\x15\xaa\xa8\xcb\
\x9d\xf9\xfc\xa8\xb8\x14aBN\xc1\x9c~umm\xf6\
\xe3\x8e;\xd5\x91\x1a\x88\xf9P\xa7\xda\xa6+\xd3\x8c\xd2\
\xb8\x15\xf6\x05\x00\xa8\xfcqN`G#\x93O+\x8e\
\x80\xf5\xa1\xc6\xd5\xc0\xeb@\x10\xb2c\xbf=i\x08#\
\x0c}*V\xe3\x1cd\xd3I\xf90\xd9$\xd0\x05r\
\x8a\xff\x001nA\xed\xda\xa2(?\x1a\xb3\xfe\xa8\xfc\
\xe39\xef\x8a\x82Y\xc0\x18@7\x0fl\xd0\x05g\x01\
_\x07v;\x8cP\xacW\x05Tu\xea\xc3\xa0\xa6\xcc\
\xa4\xca\xc4n\xfcFp}\xb1R);\xd0/$\x0e\
\xddi\x81<\xd2\x96!\xdb;G\x03\x15NxD\x92\
\x84~X\xf2\xbc\xfbU\xa0F\xe0\xa4\x11\xed\x9cf\xa5\
X|\xe9Qz\x0d\xdc\xfd=\xf0h\x02\x0bk!,\
\x85\xe4\x03`\xea\xa4rkX\xa2\x8f\xb9\x85\x00\x8e\x0f\
aR*l\x1cq\xb4\xfet\xe8\xe3ROLrO\
9\xa9\xb8\xc8\xb6\x86\x0b\x96\xe4g\xf3\xa9\xe3\x85v\x8d\
\xc0m\xf7\x14\xf4\x8dNx\x00c5*&\x1b\x18\xce\
{\xe2\x80\x11\x22\x08\xf8S\xd4zT\xbeX\xc1\xc9\xc7\
\xb7\xad=\x22\x00\xee\x0b\x9fz\x7f\x946\xfc\xc0\x00O\
\x14\x86W\x00\x83\xd3\x9fZ\x91\x13\x9d\xb8\xc0\xebS\x22\
\x0f\xee\x901H\xe9\xb3\x91\x9d\xbd(\x02\x19\x00\x0b\x80\
@?\x9dU\x84\x12\xc4\x127z\xd5\xa9I,:\x8a\
D\x8c($w9\xa0\x04\x08\xdd01N\x8d\x08<\
\xf7\xa9@9\xf6\xa5\x0b\x82}\xe8\x0220\x0eh\xdb\
\xc5<\xa6z\x1aU\x5c\x00\x00\xa0\x08\x0a\xfe\x95\x0c\x91\
\x8eK\x13V\xdds\xd3\xadD\xdf|\xe7'\x1d\x00\xa0\
\x0akn\xa4\xed# \xf7\xab\x11D\xacW<c\xa7\
\x15(^\xa7\x1d\xfb\xd4\xf1\x05\xfb\xc7\x81\xea(\x02\x1b\
\xb4\xc0\x08\x83$\xf3\xd3\xa7\xbde\xbd\x9a\xb8c\xc6\x18\
`\xe4u9\xcdiL\xd8;@b=}\xaa\xb4\xae\
UJ\x85\xc9\xf4\x14\xd0\x8ck\xc8\x91\x1e8\x82\xb6\xe6\
\xfe\xefj\xb1eb\xb7\x19,\xcd!\x07\xa7\xa0\xe4w\
\xab3B\x1eLr2\xa5~S\x8cV\xa6\x95\x0a\xe7\
y\x04\xb6\xdcd\xf5\xa2\xe1a\x961\xa4y\x85\xb1\xc3\
\x12\xab\xec\x0fj\xb1\xb5C\x15R\xa3o$\x0e\xd5*\
Z\xc6\xae\x18F\xbb\xc1'8\xe7\x9aIbG\xe1\x80\
#9\xfa\x9aE\x10HK\xe0F\xeb\x9c\xf3\x9ex\xa9\
W\x0d\x91\x91\x91\xcf\x1d\xa8+\xf3\x12\x80\x0e\xdd*+\
XJ\xf9\x9eg$\xb6z~\x14\x08\xb0\x8b\xd7\x81\xf5\
\xa9|\xa1\x22|\xc0{S\xd1\x06\xdejx\xd0\x05\xa4\
3&x\xb0\xdd\xc8\xe8jko\x98\x83\xcf\x1c\xf3V\
\xeemVT8\xc88\xaa\xb6h\xc1\x9c1\xce\x06?\
\x1a\x00\x94\xf4\xf7\xa8\xd8\x13\x8a\x9d\xf8\x15\x11\x1c{\x1a\
\x00\x18eEBS\x9fqS\x1f\xd2\x98;\x0cs@\
\x12:\x87A\xdb=qQ\x08\xb8!\xb1W#\x00\xa6\
1F\xc0\x0f\x02\x80*2\x0c\x8ad\x80*\x8c\xf4\x1c\
\x9fj\xbcc\x1e\x95B\xe5\xb7\xb6\xd5\xcf\x1c\x9a\x00\xa5\
r\x14n\x93\xb8\xea*\xa0F\x1f6\xec\x16\xe5\xb0;\
\xd6\x84\x85I\x19\x03\xd4\xf1P\xb2\x05$\xe3\xde\xa8\x92\
\x9c\x80\xb0\xdas\x8cc8\xa60\xd8B\xf0;\xe3\xda\
\xac\x0c\xf9\x85\xf2\x0a\xf6\xc8\xa8\xa4\xf9\xf3\xbd\x01\xcf~\
\xd8\xa0\x08\xb6\xfc\xbb\x87\x19\xe7\xea)$\x1b\xc7\xc9\xc8\
=}\x00\xa9\xbaB\x08\xe7\xdb\xd2\xa2E\x00<\x9c\x86\
?\xca\x98\x0e\x08\xa7\xef\x0c\xe0g=1O\x85>b\
I\xeaE(\xfb\x9bGW\xe4\xe7\x8a\x96=\xb8\xdcp\
J\xf6\xa4\x02\xc4\x87r\xa0\xe5G$\xd4\xb2\xa8l\xe4\
\xf0\x015,\x09\x84,\xdc3s\x8fJI\x13j\xb7\
\x19\xe3\x9a\x00\x89\xd7\xf7\x18\xc7$\x01\xd2\xa4d\xfb\xaa\
:w\xa7\x158\xc9\xeeE8\xa9\xff\x00\x81\x1a@B\
F]\xca\xf4Q\xc7\xd6\x85\xea\x09\xfe\xf6\x0f\xe5R\xa2\
r\xc3\xdf\x1f\xa55\x86\xd9\x14\x1c\xe3\x96\xe6\x80+\xce\
\x07\x96A\x1f)\xe6\xa3 \x00\x00<\x01\xda\xa6\xb9Q\
\xe57'\xa56a\x820\x07J`E \x1b\xce=\
*\x10\xab\x94\x1cn\xeb\xc8\xa9\xb6\x82\x1b\xbb\x0e1\x9a\
G\xdae\x1c\x0c\x05\xe4\xd0\x04R\xa0m\xcd\xedU\xdd\
TJ\xa0cp\xe6\xac\xf0\x03`\xf0x\xfdi\xb2F\
\x1a@v\x93\xee\x0fJ`0\xfd\xc7 \xe0\x1e3O\
`:g\x9f\xd6\xa1\x0c\xc0\x11\xef\xe9V\x10\xfe\xed@\
\x0c~\xb4\x01\x0c\xaaA%H\x19\xe35\x03(\x04\x9e\
Fj\xc9\x901\xc2\x80s\xe9P\xb0f\xc0\xc1\x0a\x08\
\xe9@\x8a\xae6\xc9\xb0\x8e\xa7\xd2\xa5\x0aO\x1bG\xa1\
\xa7\x84\xda\xcc\xdcg\xa5)\xdcp@\xe3\xb9=\xa8\x02\
0y\x07\x90\x07^jEM\xa5\xb2x$\x10M;\
\x03z\xb7^:\xe6\x86\x5c.P\xfc\xc4\xe7\x9eh\x02\
k\x1b\x99l\xc9\x92\xdd\x8eOPy\x1d}?:\xec\
\xac\xae\xe1\xbc\x88\xbd\xbb\x87\x00\xe0\xfb\x1a\xe2\x22\x1b\x01\
\x00\x83\x83\xd7=kCL\xbd\xfe\xcf\xbabw4\x0f\
\xcb*\xfa\xe3\x8a\x96\x8aL\xeb\xe8\xa8m\xae#\xb9\x88\
I\x0b\x06^\xfe\xa0\xfa\x1fz\x9a\xa4aE\x14P\x01\
E\x14P\x01E\x14P\x01E\x14P\x01E\x14P\x01\
E\x14P\x01E\x14P\x01E\x14P\x01E\x14P\x01\
E\x14P\x01H\xd9\xdav\x90\x0fl\xd2\xd3%\x91\x22\
\x8d\x9eF\x08\x8a2X\x9c\x01@\x1c\x8d\xdd\x9f\x88\x0c\
\xe4y\xf2\xb1$\xed0\xb0\x0a\x01=\xf3]>\x9b\xf6\
\x93c\x0f\xdb\xc2\x8b\x9d\xbf>\xde\x99\xaa6\xfe!\xd3\
\xe6\x90\x816\xc5\xc6C:\x95\x07\xf1\x22\xb5\x04\xd1\x94\
V\x0e\xbbXd\x1c\xf5\xa6\x07\x1d\xe2{;U\xd5X\
\xfe\xf6I\xe6\x01\xd8\x1cmE\xe9\xd7\xaf\xe1\xf8\xd5=\
\x11\xbe\xc1\xac\xdbKo\x1a\xacr\x9f%\xf8\xc7\xcb\x8f\
\xe8@\xabZ\xacV\xe3S\xbb\x92\x19g\x92W!\x89\
\xd8\xa5F@\xe06s\x8f\xc0\xd5i\x0c{\xca\xbeI\
+\xf7q\x90\x07\xbf\xb7\xf8Ut\x17RMv\xd0^\
\xeaw7\x16\x97\x91]\xa9\x00\x18\x04\xfb]1\x8e\x00\
\xe8Gz\xa7\x10\xbbwHn\xado.l\xf2\xcd\xfb\
\xe4!\x90\xe3\x1f+\x9eG8\x1e\x9c\xd3\xe4\xb5\x85\xd3\
l\x91+\x02\xd8\x1c)\xe7\xf0\xa7@\xf7\xb6\xe3\xc8\xb0\
\xb8\x92\x08\xdb\x12\x94\x97j\x84\xe4s\xc8\xe3\xe9\xfaP\
\x06|2C,h\xc6\x06E?0Tc\x92?\xde\
>\xbfJ\x9e.\x19|\xb4E\x8d\xb8ea\xbb#\x9c\
g=\xf9\xea1\xdf\xd6\x95\x14\xc7\x8077',{\
\x9e\xff\x00\xadHxUQ\xf7O\xa8\xa6I\x0b\xa2\xc4\
]Q@B\xc78_zB\x04`\xb6\x00\x00dc\
\xb5NWi\x0c\x06O\xa0\xff\x00\xeb\xd4\xa26b\x03\
\xe0\x82:z\xd0\x05!\x19-\xbb\x1c\xb7&\x94B\xf2\
\x06\x0b\x95^\x99\x22\xae4X\x91\x08\xce>\xe8\x15*\
#d\x026\xfb\xf5\xa2\xe0g\x1br\xc8\xa1\x94\x8d\xbd\
\xcfCV#\xb7Q\x18\x05\xbau\xc5\x5c\x92\x1f\x99F\
>N\xcb\x8e\x94\xd3\x17\xc8LyQ\xea;\x9fJ\x06\
V\x82\x15\xc3\xa0f+\x9c\x83\xd2\xa6\x8e\xd9\xb7\xe3\xa2\
\x83\x9cv5a-\xdc2\x96\x1b\xb20p:U\x96\
\xb7\x0e\x18?\x0a\x0f\x1e\xf4\x80\xab\x15\xa9q\x8f\x94E\
\xd4\x0a\x86\xf9<\xb4\x03\x0c\xc4\x0e\xc38\xff\x00\xeb\xd5\
\xf5\x95b\xdcT\xa1'89\xaa2\xc8\x1c7=z\
\x1e\xbf\x95\x00P\x0aQ\xb1\xcb.:\xe3\xa7\xd6\xa0\x93\
\x8c\x96\x19\x1e\x85j\xec\xd9\xe0\x9c\x82\xbd*7]\x84\
3\xb1Va\xb7\x07\x8f\xc4\xd5\x08\xcb\xbb\x84\xb4e\xc6\
\x02\xf5\xf7\x15\x03!+\xb5\xce\xd1\xc0\xce+NDE\
2yd\x12y\xc7|\xf74\xb0\xc6YN\xfc\x87\xc9\
\xca\xe4~T\xee+\x15\xed\x90\xab\x00\xad\x81\x8f\x98\x91\
\xc9\xae\xa2\xc2 \xaaq\x84.\x06r0\x7f\xcfZ\xcb\
\xb6\x81\xe6\x93\x8c\xf9a\x86:\x0c}+\xa2\xb7\x83j\
\xa9,Cu\xc0\x1e\xfd*[) \x05\x860y\x1d\
\xf3\x9a\xab}p\xcax;@\xc89\x19\xea:\xe7\xa7\
\xaf\xadOs?\xd9\x91\xc8RC\x1c)\xf4\xf5?O\
\xce\xb1&f\x94\xe53\xbd\x8e\xe6\x1e\x87\xfa\xff\x00\x9c\
RCdR\xe5\x97{\x96\x08\x06\x01\x1e\xb4\xe9\x13\xe4\
<\x97E\xe4\xf6\xc9\xf4\xa9\xc8\x1eZ\xc4@,y#\
\xd2\xa9]JKy1\x80\x10u\xc8\xebL\x91\xbfi\
.\xe1GQ\xd4\xf5\xabj\xa0\x05\xf2\xf9 \xf3\x9a\x81\
#\xc2\x0cpO\x1c\x8ej\xc5\xb8\x05y\x07wBH\
\xa0\x09P\x0ep)\xea\x0e\x00\x03\xa7\x14\xe8\x86\xe0q\
\xd0\xf4\xa9p1\xf2\xe7\x8a\x06E\xe5\x83\x8cv9\xc5\
9\x86=\x8d?\x04\x85\xdb\x9c\x1e\xb4\xae\xa3\x04\x1ei\
\x01\x17%q\xd0\xd4n\xa0u\xc9\xee*r\xa3\xd0d\
S%R\xd9\x00\x91L\x08\x0ewc<\xe3\x8a\x8b\xee\
\x9c\xb1'\x15,\x83\xcb\x05\x86Kz\x81UZ_2\
C\x96\xdaG\x18\xf4\xa0Cf,08\x18\xc5U&\
L\x12\x01\xc88\xce*p\xccbeb\x14\xe7\x07-\
\x8eqQ\xb2cf\xdc\x82\xbc\xe3\xbf\xe7@\x0c\xda\xdb\
\x9b\xa9Rx8\xe2\x88\xb0\xa7\x95%\xb29\xc1\xe0T\
\xc1\x89b@l\x1cds\x93\xf8T\xc8\xa0\xe7\x1b\x80\
\xf4\xc7j`:;vr\x9c\xfc\xc3\x81\x83ZQC\
\xe5\xa0\x04\xe3\xde\x9bc\x0f\x96\xa4\xa9\x04{pj\xef\
\xb0\xe7\xd8\x9a\x96\xc6E\x12\x06\xe3$\xae1\x8cT\x82\
#\xf7A\x0a\x078\x1cf\x9e\x8a\xc3\x04\x81\x921\xf8\
U\x86\xc6\xdc\x03\x9aC!E m\x18\xce=i\xd8\
\xe0\x12j@\x00\x00\x9e\xfd\xc5.2G\x1ct\xa0\x07\
\x02\x02\xe7\xbd=y\x03w\xe9M\x8cd\x90G\xcb\xd3\
\x9a\x93\xfaR\x00C\xf3r\x06=i\xb3\x15\x0a8\xc8\
\xa71\xc7=\x00\xaa\xee\xe5\xcf\xa0\xf4\xa6\x04K\xces\
\xf4\xa9B\xf6\xedB\xafJ\x91E\x00 \x06\x94\x0ei\
\xd8\xa7\x01\x9e)\x00\xcd\xb4b\xa4\xc5\x04`s@\xca\
\xd2\x90\xbc\xf5\xa8\xc0R=\xc9\xa9gS\xd8g\xf0\xa4\
E\xc0$u\xa6 E\xda\xa4\x0e\xb5]\xe5l\xf2p\
==jYd \x01\x91\xb7\xeb\xcdVl\x16\xdc3\
\xe9\xc0\xa0\x05\x90\x92\xa0\x8c\x8e:\x1e*\x05;\x88%\
y\xf5\xefR\x00N3\x92;\xf5\xa4e\x0a\x17\xe6 \
/\xa8\xa6\x22a\x82\xc4g\x07\xbdjX\xc5\xf2\x16\xf5\
\xe9Y*\x18c\x04\x11\xed\xd2\xb7,\x9b\xe4\x0aNq\
I\x8d\x0aW\x8fzk'\xa9\xab%A4\xd6Z\x91\
\x95\x8a\xe2\x94G\x93Sl\xf5\xa7\x01@\x0dE\xed\x8a\
x\x18\xa7b\x8a\x00CU\xbc\xbd\xb7,\xc0\x0d\xae\xbc\
\xfdEZ4\xc6\xa0\x08$\xa8\x98\xe0\x0a\x95\xf9\xcej\
\x03\xcf\xb7\xad0\x0c\x8c\x1ab\xf5\xa9\x00\x0c\xa6\x9a\xbf\
\xad\x00Y\xb7\xefSb\xa0\xb7#v*\xcd  \x90\
\x85\xea\xd8\xf6\xaa\x0e\xab\x92\xfc\xfc\xdc\xfe\x15b\xe8\x96\
s\x8e;TO\xd0\x0e\x94\xc0\xa6\xf1\xe41\x07\x96\xe7\
\x8a\x86L\xb0\xc7s\xc0\xe2\xac\xcaC\xc8A\x1d=\x0d\
F9,Np)\x88\xad #*\x07\xe9Q\x85\x12\
\x12x\x199\xfc\x05Y\x95r\x0f'\x9e\x01\x1d\xaa\xac\
\x98l\xb08n\xdb\xbb\x0ab\x12l\x1c\x00q\xeaj\
% \x923\xfe\x02\xa7^\xa4\xb1\xcfaM\x1d\x02\xa0\
\xceh\x016\xe7\x9c\x92\xdd:\x1e\xb5h.]\x13 \
\x8f\xbcy\xfc\xaa(\xd4\x05\xc9$\x05\x1d\xaa\xd4\x11\xe4\
pI'\xb9\xa0\x09\xa0!\x81\xdd\xfc4J\xa4\xa9\x00\
rz\xfeu$q\x04\xc7\x18#\xad+q\x92\xde\xa2\
\x90\xc8\x9ce\x95G@sO\x0as\xbb\x9as'\xdd\
\x03\xa99&\xa4\xc7\x14\x01\x0a/,}\xea'\xc1#\
\xd8\x12*a\xf7I\x1e\xb5\x14\x80\x9f\xbb\xfd\xd1@\x11\
M\x92\xbd\xbb\x0a\x8ePr\x09\xc9\x153\x9e@\xc7R\
)\x1c\x0c\x9c\xf0\x07J\x04T\x01Hm\xa3\xa9\xe7\x8a\
f>|s\xf7jH\xd7\x03\xf1\xefC\x00X\x91\xd0\
qL\x08\x08\xf9\x7f\x1aP\x01C\xb4t\xf4\xa7m<\
c\x8c\x13\xd2\x92\x22K\x10z\x0e\xb4\x01U\xd5\xb6\x81\
\x93\x93\x8e\x94\xe0H\xe1q\xc1\xc75<\x89\x8cg\xa0\
\xf5\xaa\xe7\xfdb\xb8\xc6\x07#\x9a`J\x10m\x01F\
9\xe8)\x85y\x03\xae?:X\xf9\xff\x00\x10r*\
FU?{=h\x02\xb3\xa9\x04\x1c\x1cR\x00\xc0t\
\xc0<\x1a\xb0S\xe6\xcf\xcd\x9e\xf4\xc6\x8cn' \x9f\
z\x00\x87 \x00A$\x1a^\x09 \x1ez\xd4\x87\x0b\
\x91\xd34\xc6m\xaa\xc3\xa04\x08tG\xf7\x80\x829\
\x1dqR`cp;\xca\xf7\xcdB\xb2*\xee%\x8f\
=\x00\xa9~\xf4go~\x9e\xf4\x0c\xd0\xd2.^\x0b\
\xe4\x1b\x80\x8aN\x1c7\xd3\xadu5\xc6\xa2\xfc\x98*\
s\x8ekoK\xd4\x15m\xd69\xce\x19p\x83\x03\x93\
\xefR\xc6\x8dz)\x01\xc8\xc8\xa5\xa9\x18QE\x14\x00\
QE\x14\x00QE\x14\x00QE\x14\x00QE\x14\x00\
QE\x14\x00QE\x14\x00QE\x14\x00\x95\xce]k\
\xf3\x8b\x99V\xda\x08\x8cQ\xb6\xdd\xee\xc7\xe6\xf5#\x1f\
\x85t2: \x02FQ\x9e\x06OZ\xc2\x9f\xc3\x90\
\x93\xb6\xd6\xeaX\x01\xe7f\x03/\xe5\xf9\xd3@W\xb5\
\xf1\x0d\xc2 [\x88\x04\xac\x0f.\x9cd\x13\xd8\x1fj\
\xbdz\x87]\xd2\x12KF\xd8\x1b\xe6\xd9'\x7fc\x8a\
\xa3.\x91\x02+\x04\xd5\x11Jq&\xe0\x87\x1d\x7f.\
\xdf\x95Y]F\xcfO\xd2\xf6i\xac\xb3\x15b\x8a\xa0\
\x93\x83\x9e\xa7\xdb\x9a=\x00\xc9\x8e\xce\xe4\xc8\xd15\x9d\
\xc2\x15\x1d\xc0!\x86}zS\xe7\xd3e\xb5\xc2\xcb\x19\
)\xcb\x09\x03\x12\x14\x9e\xa0\xe3\xa6kJ-Z\xeeh\
\x93j@\xaf\xc8~s\xf9\x0f\xd6\xaa\x01\xf3\x8f1\x98\
\xbb\x12\x09'\x8e\x9c\xe3\xd3\xa0\xa6\x22\x92F\x90\x01\x18\
\xe3\x18\x00\x0a\xbd\xa4-\xbcV\xf7W%\xb7>DL\
\x8f\x85\x00dd}Nq\xcf\xb51\x92&Ta\x22\
+\x06\xc8\x91\xcf\xcb\x8e\x87\x9a\x81\x8d\xba;\xaf\x90\xee\
\xef\xb5\xbe`\x19\x14\x8c\xfc\xc3\xdc\x83\x8e\x9e\xf4\x01\x83\
\xf6r\xd1\x80\xc9\x1a`\x93\xb5\x06;\xf4\xe3\xd3=\xbd\
*{_1\xf2\x06UH\xf9\xb9\xc18\xab-\x01-\
\xbfaO\x9b\xa7'\x8fJ\x99b\xf2\xd4aB\x069\
9\xe7\x06\xa8D~AdR\xe7\x00\x1e\x07\xad\x1eP\
\xe7\xae\x17?)\xefSK\x92\x00\x0a\x0b\xf5\x18\xedO\
+\xbfk\x13\x8c{\xd0\x04{\x19\x95A\xed\x821N\
e%\x8898\xe6\xadD\x81G'\x81\xe8i%\x8d\
\x9c\x9d\xbcc\xbez\xd2\x02\x11\x08\x91\x15H\xe0\x1f\xf2\
*YW-\xb5\x17\x04\x0c\x83\xe9OG,\x87\x0b\x82\
8$\xf4\xcdI\x12\xb1`x\xc7a\xeb@\x0c\xf2\xce\
\x17vN?Zy@\x06\xe3\xc7\xf4\xa9X\x10\x09$\
\x03M!\x8a\x8c\x8czf\x80\x1e\x8b\x90\x18\xfc\xab\xfc\
\xea\x9c\xf3\xe5\x8f\x96\xdf\xbb\xc6\xd3R\xde\xb6\xd5\x00\x1e\
s\xf7sY\x92\x12T\x11\xc1\xcfc@\x0c\x5c\xb8?\
\xc2\xa3\xa6}i\x14\xb0\x0d\xe6\x1d\xdd\x80\x00R\xf3\xb7\
8\x19>\x87\xf4\xa6\x15>v\xf6\xea\x0e0z\x0ab\
\x109.\x03\xf5S\xc6:\x0a\x86\xea2\xee\xa3a*\
9\xc8\xe9\xfa\x8a\xb1\xe5H\xf3\xa6\xd8\xd9\x9d\xf21\xce\
\xd5\xf7&\xb4\xa1\xd3p\x0a\xcaI'\x9d\xcaq\xe9\x8f\
\xad\x17\x0b\x19\x11\xdb\x99\x19\x14\xa8b\xcb\x82\xbf\x87Z\
\xd2\x8a\xc5\xcb\xb0a\xf2u \x9cd\x83\xf5\xadk{\
e\xb7]\xb1\xa9\xe7=OJ\x93\xcb9\xc9\xe0t\xc5\
&\xc7b\x18!\x11\xa0S\xc9\x1e\xa7\xdf\xf9S\xa7\xba\
T\x8f\xe5\x0aI\xc7\x07+\xd7\xa6*\x95\xfd\xf2\xdb\x02\
\x8a\x19\x98|\xd8\x1c\x9f\xc7\xf3\xef\x8a\xc9\xb9\xb9\xf3T\
\xb1r\x178\x038\xc9\x07\x81\xc5+\x0e\xe3\xee\xeeE\
\xc4\xfb\xb7\x92W\xa3g\xbe1\xfe~\x95f\xda1o\
\x03I!%\x9b\x9e{{UKkew\x0c\xc3\x80\
I8\xe9\x9fJ\xb6\xf2\x06\xcb\x12\x02\xa7<w\xaa\x11\
^g\x11\xab0\xe6W\xfb\xa3\x1dO\xa5S\x8e\x06\x8d\
|\xc9\x08.\xc4\xf4\xeejdV\x96F\xb8 \xed\x03\
\x0a\xbdx\xff\x00\x1a\xb1*\xb1\x19\xc0\xdd\xdb=\x00\xa0\
Dh\x83\xe5\xc8;\xf1\x9f\xa5M\x16$!P\xe4\x8e\
h\x8a\x22\x0f\xcb\xce{\xfaU\xa8\xc0\xda\x09\x18\xed\xf5\
\xa0b\xa0\xc2\xf3\xc5?\x1f.z\x0a\x02\xe01`r\
{f\xa4\x11d\xeen\xc3\x14\x80b\x82\xd4\xae\xa1W\
\x03\x9e\xd4\xfe\xb8\x00`f\x9f\xe5\x93\xd6\x80*\xf23\
\xbb#\xde\x91\x97\x85\xc3c\x9ej\xd3\xa7\x00qMe\
\xc9\x1dG\xd6\x803\xaf\xd1\x8a\xa9\xec\x08\xc8\xaaA\x1c\
\xf2\xb9\xdas\xd8g\xf5\xad\xa7\x8b\x83\xc6@\xf5=*\
\xb7\x97\xb4\xfc\xc4g\x93@\x14\xe4\x8cewq\xb7\xa6\
M1\xe3'9\xe7\x079lb\xaf\xb4`\xe0\x05\xe0\
q\x8e\xb5\x12\xc6Ic\xd7\x8fz`U\xf2\x8c\x81\x83\
\x8cdzu\xfd*khXH\xa9\xb4\x8d\xb8\x05\xbb\
\x13\xf9T\xa8\x8d\x90\x00lu\x0d\x9e*h\x14\xeeP\
\xc0\x9c\x1e\xc6\x90\x16\xc0(\x18\xe3#\xf9T\xf1\xaf\x19\
'$\xf2=\xa8\x0aq\xc1\x1e\x80T\x91\xae2\x0fS\
\xdb4\x86\x04\x1cds\x9fZw\xddQ\x9cQ\x9e{\
\xe0R\x9c`\xf7\xfa\xd2\x01\xab\xd0\xf5\x19\xf5\xa7\x8e1\
\xd6\x93#\xa6\x0f\xd6\x9c2y\x22\x80\x00H\xe7\xf3\x14\
\xe1\xd7\x9fZN\xdc\x8a\x8eI\x82\xe7?{\xd2\x80\x0b\
\x82\x07C\xd3\xadF\xbc\x9a\x8e72e\x8a\xe2\xa6A\
\xe9L\x07\xae\x05.\xec\x10)\x1b\x855\x19<\xd0\x04\
\xcay\xa9\x17\xadD\xa7\xa5J\x834\x86J\x16\x9d\xb3\
4\xa8\xbcT\x80R\x02\x16\x8f\xd4T\x13\xc4J\x10s\
\x83W\x98\x81\xd6\xa9\xca\xc7;E03Y\x19\x1b\x04\
\xf1L+\x80\x08\xeb\x8a\xb8\xff\x002\xfc\xc3\x1f\xd2\xa0\
\xf2\xf1\xd3\x8c\x9ab\x22$\x9cc\xd7\xa7<R\x05$\
\x9f\x97\x19\xa9Z2[\x18?S\xde\x90\x82q\x9c\xe7\
\xdc\xe7\x14\x00\xaa\xd8U\x1cg\xa6k^\xcb\x1b@\xf4\
\xef\xebYq#3\x7fZ\xd3\xb4;Wh\xfet\x98\
\x22\xe5\x04P9\x14\xb4\x86&(\xc5-%\x00\x14R\
\xd2P\x02\x1acp)\xedLn\x94\x01^C\xc8\x03\
5\x16\xdc\x1f\xadN\xcbL\xdb\xebL\x04A\xf2\xf4\xcd\
G\x823\x9f\xc2\xac(\xe0\x9a\x85\x81&\x80\x1f\x17\x04\
\x1ej\xdf\x04qT\xa3\xce\xefZ\xb2\x87r{\x8a\x00\
\x85\xd0\x06$\xf2{UY\xc9\xce;\x9fJ\xb76B\
\x8c\xd5m\xb8;\x89\xce:\x0a\x00\x84\xa8U\xdaz\x9a\
\x8b\x05I\x18\xe3\xd7\xd6\xad2\x92FGJ\x86@I\
\xcf#\x02\x98\x8a\xb2\x9e\x0bu\x1d9\xaaR\xb3\x14*\
\x0e\xcc\xe2\xacJ\x8ee\xcf\xfc\xb3Q\xc2\xf7\xcfsQ\
:\x12Y\x82\x91\x8e\x074\xc4F\xad\xf3\x80\xbc\x13\x8c\
\x8a\x9dw+\xf5\xc04\xc5\x8d\x9c\x10?!\xc1\xab;\
}}1\xd6\x80\x1b\x82\xeb\x85<u\xcd]\xb6RT\
\x9e\xc3\xb5@\x8b\x84\x00gq\xabp\xc2\xcaTa\x80\
\x1dNz\xd2\x19 \xc9\xfa\xf7\xa4p\x09\x00\xf65&\
\x08\xc9\xf5\xe9HG\xdd\x1e\xfc\xd2\x18\xdce\x85)\x14\
\xec|\xe2\x83\xc5\x00B\x17\x11\xf1\x9a\x8d\x86\xdd\xc0\xf4\
\xe2\xa7`|\xbe:\xe2\xa3\xc6wg\xd7\xa5\x02 r\
\x09B\x06\x0ey\xa8\xa5\xc1-\xebS\xca6\x9c\x03\xef\
\x8a\x8d\x88\xdd\x9cpx\xa6\x05d\x05@\xef\xd6\x95\x06\
U\xb20O\xa58\xf0\xa3\x039\xa4\x88\x109#\xad\
1\x11\x95\xdas\x93\xd2\xa3\xc3\x1c\x11\xc7\xf5\xab\x04\x12\
\xa7\xe9P\xcb\x9d\xa3\xdc\x81\xd6\x80#\xf9\x8fN\x0f\xa1\
\xa6\xcd\x1eO\x03\x8a\x9dq\xb8\xa9\x1c\x01M<\xb1\xc0\
\xfcM\x00WW\xe4(9\x1e\xdd\xaaT\xe0\xe3\x1d=\
;UY\x14\x878\xe0\xf5\x22\xa6\x8fy-\xd7#\xd2\
\x98\x122\xf3\x95\xc9\xc9\xe9H\xc0\xf1\x81\xc7\xa7\xad=\
r#\x1cd\xe3\xd7\x9aV_\x97\x8d\xc2\x90\x15\x98r\
3\xc0\xc7<\xe2\xa0\x91\xb9'$\x9cq\xe9\x8a\xb8\xf1\
n\x1dN:u\xaa\xedl\xc5\x0a\xe5\x81\xf5\xa6\x05P\
\xe4\x92p\xbd;\xf7\xabvn%PpA^\x09\xcf\
z\x82kWa\xdc \xf7\xc52\xdd\xcc.[\x1f7\
B1\xc5\x00k\xc6\xa4\xb1\xe4\xe2\x9e\xb1\xe7\x83\xdf\xbd\
Gi4n\xbc\x10\x18\xf6\xcd[\x8c\x1c\x10i\x01z\
\xcfP\x11\xa1[\x8f\x95T\x00\x08\x1ct\xe6\xaeY^\
\xc1z\xac`bv\xe3 \x8cc5\x8d\xb7\x83\x8e\xe2\
\xb3\xd1\xa5\xb4\xb8\xf3-\x81\xf30A\xc1\xa5a\xdc\xec\
\xe8\xaa\xb6\x17iw\x0e\xf5\xea8#?\xe7\xd6\xadT\
\x8c(\xa2\x8a\x00(\xa2\x8a\x00(\xa2\x8a\x00(\xa2\x8a\
\x00(\xa2\x8a\x00(\xa8g\xb9\x82\x02\xa2y\xa3\x8c\xb7\
@\xcc\x06j(\xb5\x0bIn\x04\x11\x5cF\xf2\x11\x90\
\x14\xe4~}(\x02\xdd\x14R\x1e\x06M\x00r\x9e!\
i%\xd5\x8cr\xaebD\x05=9\xeazu\xaa\x99\
\xb9a\x16.f>Y\x05C>1\xcf\xad>\xf2\xe5\
/5\x19d\xc9\x5c~\xec\x09\x0e0\x01\xf4=3\xf8\
S\x19C\xfd\xe2U\x8a\xf1\xebT\x223`\x8b1f\
\x8bp'!\xc0\xdd\x93\xd7\xafc\xc5jGo\x12|\
\xc4F\x18\x0cn\x03\xf4\xab>\x1c\x85\xc1\x9aR\xac\x90\
\x9c\x05\x07 \x1f\xc2\xa2\xd4u)c\x9eh\xe0\x08\x8a\
\x9c\xeeB\x09\xcfB\x08\xecz~T\x00\x19\xa2\x80\xed\
\x05C\x0e\xa0\x9eO\xa5UI\xae%\x8c4\x8c\x17$\
\xf0\xbdGjb\xe6\xe0\xb4\xd2\x00\xc5\xcey\x15e\x17\
r\xe1\x09\xdb\xe8\x07J\x04SHJ\x86e,C7\
@p=\xf8\xfdh\x08Pc\xa0\xe8\x07\xf8U\xb1\x17\
\x97\x91\x93\x83\xcf>\xb5\x0c\xa7g9\xeb\xfaS\x02\x1e\
\x0f\x18#\x9e\xa4b\x8cq\xf3p\xa3\xf1\xa3x\x0f\x93\
\x86\x1e\xbf\xe1O \x1f\x98r;d\xf4\xa0\x08\x1dp\
\xe1\xb3\x81\xfc\xaah\xf3\x801\x90zPB\xe0\xf6\xc0\
\xa9!f\xdd\xc8\xf9{P\x03\xa2\xce9\xc6\xd1\xdf\x1d\
EH9\xc6\xd2F={\xd3S\xee\x8c\x8e\x07\xebR\
\xa8\xed\xcf\xe7@\x08\xaa\x08 \x8e3\xc0\xa7\xf0\xa3\xf9\
\xe2\x80:q\x9c\xd2\x90\x07\x1d\x08\xe9Hbz\x13\xd3\
<P\xe4\x05\xdcs\xc7j~\x08\x0a[\xae*9\xa3\
-\x82?*\x00\xcd\xba\x90\x86/\x8c\x96\xe4\x0a\xa0f\
8\xf9\xb8$\x1c0\x1f\xa5h\xdcFC6\x0bo\xed\
\xc7o\xce\xa9\xc7f\x16C\xbf8\xcep\x0e*\x84K\
\x0a\x81\x16\xf2r\xd8\xcf\x15r+M\xfb\x9d\x86K\x0e\
\x84T\xb6v\xc4|\xec2\xcd\xdb\xd6\xb4b\x8b\x04u\
\x22\x95\xc7b\xac\x16\xc8\x98\xd8\xbb}\x08\xabb,v\
\xdd\xf5\x1d>\x952\xc6\x02\xe0\x0av02*n;\
\x10\xf4\x07\x8a\xa9{:\x22\xe7p\xf4\xf4\xff\x00=\xa9\
\xd7\xf7J\x91\x90\x18rq\xc8\xe9\xeb\xf8\xd6\x0d\xd5\xc3\
\xbb\x96\x07\x00\x91\xc1'\x9fNx\xff\x00&\x9aBe\
i&v\x9f8\x19^\x8b\xbb#\xf2\xfaTy2\xbe\
\x00$\x03\xb8\x81\xebV!\x84\xcaIb\xb9$\x9e\x9d\
(\x95\x82\xb60\xc4\x822{f\xa8\x91\xc0\x18\x97\x1e\
c\x93\x8eK7J\xae\xf2\xad\xe3\x84\x8c\x8f,\x1eq\
\xfa\xd3g\x93\xcc\xdc\x99\xdd\xbb\xb6\x7fJ\x9a\xd2\x14\x81\
6*\x85\xcf_z\x00\xb1\xb4d`p\x07\x0b\xd2\xa4\
\x8a,\xa0$\xf1\xdf5\x14x\x5c\x8e\xbd\xb3\xd0\xd4\xe0\
\xe0\x85 \xf4\xeb\xda\x81\x8eU\x19\xe7'\xb0\x152\x8d\
\xa0u-\xeb\xe9Q\xa8\xce\xe0\xacF\x7f\x8b\xd6\xa6L\
\x80\x15Fs\xd4\xd2\x02T\xf9p[\x93\x8cS\xd5Y\
\x89'\xee\xf4\xc1\xa4H\xb9\x04\xf7\xf7\xab\x03\xae1\xf4\
\xa41\x9e^\x07a\x8ak6\xd5\x1c63\xda\xac2\
\xed\xe8:\xd4l\x0f\xae9\xa0\x06\x81\x93\xc8\xea)\x0a\
\xfc\xa3\x1c\x8a\x91T\x03\x91\xde\x95\x97\x00\x9f\xe5@\x15\
\x88a\x91\xd3\xebQ\xb2\xe3;\xb8\xcflU\x87\x18\x18\
\xceA\xeb\x91Q\x90I\x0c\x0e\x00\x1e\xb4\x01\x02\x8d\x98\
\xc7\xf2\xebP\x98\xcb\x02\x9ca\xb3\x9foz\xb6!c\
\xc1?)\xec=(a\x9c\xa8<\x0fZb*\x14\x05\
\xf8!Fy\xab\x16\xf0\x85 \x93\x90\x07Zz\xa1\x03\
\xa1\xf5\xe2\xac\x08\xf6\xc6\xb8\x07\xd3\x14\x869@lc\
\xa054i\xb5I\x1dz\xd3\x92<6I\xc9\xa5'\
np\x0d!\x8d<\x1c\x8ac`\x81\xd6\x9c\xf9-\x8f\
l\xd0\x14`ph\x01\x8c6\xfa\xfet\xc7n>\x9d\
\xe9\x1f\x93\xc9\xe7>\xb5\x13\x9e6\xb7\x14\xc4I$\xe0\
\x03\x8eH\xaa\x81\xd8\x96\xdcr\x09\xa5\xc6A\xec}\xa9\
\xc8\x9c\xd0\x22h\xc5I\xf7qMQ\x80)\x8e\xf8`\
9&\x81\x923d\xfd(S\xc7=}i\x14u4\
\xf49\xeb@\x12F9\xab1\xa8\xa8\xe1^\xf5e\x05\
!\x8e\x02\x9e\x05 \x14\xecb\x90\x0c\x98|\xa2\xa9\xbf\
'\x9e*\xdc\x98l\x0a\x82A\xd7\xde\x98\x15\xa4\x1c\x10\
;\xd4Eq\x8c\x81\xc5X#\x8f\x98\xf4\xa8\xcfO\xc6\
\x81\x10\x85\x1d\x8e\x0d#/\x5c\xf7\xa9q\x86\xe4\x1fJ\
q\x1e\x82\x98\x0cC\x81\xd3\x03\xda\xafZ\xa9$\x11U\
\x95Al\x1e\xb5z\xdf\xe5\xc0\xa44X\x02\x96\x8a)\
\x00RR\xd1@\x09\x8a)h\xa0\x06\x9aa\xa9\x08\xa6\
\x1a\x00\x8d\x85&*B)1@\x0cn\x05B\xc3'\
\xde\xac\xb0\xc8\xa8\xf6\xe2\x80\x22Q\x9a\xb0\xb8QL\x0a\
\x06M \xeb\xd4\xd0\x04Re\x9c\xe7\xf2\xa0\xaeG\xae\
*P\x99l\x9c\xd2\xb2\x9fZ`U\x7f\xbb\xf45^\
C\xdf\x195fU$q\xd6\xabI\xd3\xe5\xeb@\x14\
\xdc\x15rU\xb3\xedHc\xce\x06\x00\x00P\xfb\x99\xf0\
\x06\x07^\xb5a\x14\xe3q\xceqL\x92\x14B\x03\x12\
\x0f\x06\xacy[\xb1\x8c\xf4\xcfZ\x924\xc8\xeb\xc8\xeb\
\x8a\xb3\x1f\xc8\xa4\x81\xf3v\x06\x81\x8e\x820\xaa\x09\x03\
\x22\x9e})\xe0q\xfc\xe9=\xeaF0\x8e}\x857\
\x1c\x8a\x90\x8aB9\x18\xa6\x03?\x8b\xf0\xa1\x87\x06\x9d\
\x8ei\x08\xe0\xd0\x03\x07J\x8e@rq\xeb\xd6\xa6#\
\xb55\x97p\xf4\xa0\x0a\xa4e\xb9\x1di\x92G\x84l\
\x8c\x1a\x98\x1d\xaey\xedH\xff\x002\xd3\x11L\x91\x8f\
\x97\xd3\xa8\xa6!\x02=\xc38\xebS\x14\x03 \x0e*\
-\x84\xaf\xa1\xf5\x14\x08\x93h#\x1c\xf6\xa8\xa5\x5c\x01\
\x8fZ\x98/\xcb\xdf40\xe9\xd7\xdb\x8a\x00\x80\x0cd\
\xf5\xa0.Ni@\x19$\x93\xcd8g\xfb\xdf\x8d0\
*\x5c\xc2\xc7\x0c\x0f\x22\xaa\x841\x90:d\xe6\xb5\x1b\
\x03\xaeME48\x1b\x94P\x05x\xcb\x13\x92A\xcf\
\xe9V\xd5A\xe6\xa0\x1dH\xe7\x0a1\xd6\xa7\x81\xf7\x0f\
\x98\xf3@\x08S\xa1\xf4\xe4\x8a\x02d\xf0O\xe7R\xb8\
\xce1\xc8\x14\xa1I\xfe.(\x02.H\x19\x07'\xd2\
\x9a\xf6\xf1\xb0\xf9\x81\xe9\xd4\x1cb\xad\x08\xfdNqL\
 r\x0fOz\x00\xc9\xb9\xb7h\x9b)\xb8\xa0\x1dj\
[K\xd6E\x22L\xb0\xcfS\xd6\xb4\xf6\x020\xc0\x15\
=\xaa\x9c\xf6J\x0e\xf8\x86\x7f\xbc:q@\x17!u\
\x91\x03'OJ\x8e\xe2\x1d\xc0\xb2\xf5\xefT w\x86\
M\xd9$g\x19\xcdi\xdb\x5c\xc70\x18\xc8>\x9e\xb4\
\x01\x9e\x93Ii \x96\x11\xf3\xfat\x15\xd3iz\x84\
z\x84%\xd0mu\xe1\xd0\xf2T\xd6\x05\xda0'\xd3\
\xd6\x99\xa5\xdd\xbd\x8d\xd2\x0c)I\x9dP\x82\xdd\x09 \
dRz\x8d\x1d}\x14\x8aC(#\xa1\xa5\xa9\x18Q\
E\x14\x00QE\x14\x00QE\x14\x00QE\x14\x01\x83\
\xad\xe0j\x08\xb8\xce\xf4\xe8@\xc0\xc7\xa5E\xa4E\x14\
\xba\xa6\x5c2\xc9\x0a\x97P>\xe9\xcf\x19\xfeu\xbd4\
\x11M\x8f64|t\xdc3\x8aH\xa1\x86\xd9X\xc6\
\x89\x18\xeaH\x1d~\xb4\xee\x02^\xce\xb6\xf6\xee\xe5\xb0\
@\xe3\x8c\xf3\xd0q\xf5\xc5sq\xdc_\x97$]\xcc\
\xfc\x02UP6\x0f\xe0:U\xab\xc4\x82\xf2\xf8\xb5\xad\
\xe4\x7fha\x8f*A\xd7\x1e\x84\xf3K/\xdat\xe8\
\xa0U\x10\x8b\x897o\x93a#\xaf\x03\xf5\xa0\x08\x92\
\xf04\xd2\xee\xb2\xb4g\x0c7\x05\xfb\xfe\xf9\xfcG\xbd\
Z\x9a\xc3M\x8eH\xf6ae\xc1h\xc6\xe3\xb4\xff\x00\
\xf5\xa9\x82F\x99\xdaY\xad\xa1WU\xc3H\x87\x96\xf6\
<f\xa9L\xa1\xb3\xb7\x01y\xc2\xf3\xc0\xa6\x22\xd47\
\xfeY\x0a'/\xb5\xb6\x90\x1b8>\xf5V\xce\xd8\x99\
Y\x9dI\x0cI$\x9e\xbc\xf5\xa7\xc7\x118`r~\
\xf6{U\xd4,\xaa?\xbd@\x11\xc9n\xa8\xa1Pp\
\xbd1DQ\x90\xa0\x91\x82js\xb9\x80\xc98\xa1\xb8\
\xeb\x9e(\x02)\x14\xf2A\xaa\x970\xe5\x0e\x0e\xdcw\
\x15}\xf3\xc6:\xd4\x0e\x0f\xe2}\xfaP\x06c!R\
\x06?\xfa\xd4\xe2\xb9n\x0e\xea\xb7$|\xe4\x02X\xfb\
\xf6\xa86\x1d\xa4\xe3n8\xe6\x98\x86m\xe4\x93\xb8\x0e\
\x9d)\xca\xac\x0eA!}\xa98,8>\x875b\
\x08\xbeb\x17\x92\x07z\x00t}\xb3\xd7\xd2\xa4\xfd}\
)\xc0\x01\xc1\x07'\xd2\x965\xc1\xcf^)\x0c6\x0d\
\xc3\xad(\x5c\x0c\xf7\xa7\xf0N\x0f^\xb4\xa1H<\xd0\
\x03Yx\x04\x80}\xa8 dt9\xfd)\xe5x\xc0\
\xe4\xfa\xd3F\x01\xc7z@C$\x0b\xb8t4\xcf!\
Cr3\xe9V\xb0y\xdb\x82jH\xa1\xcf\x5c\x8a`\
$Qt\x03\x9f\xa5XH\xc2\x80\x00\xc5=W\x8c\x0a\
p\x00\x03\xe9Hde}\x0f5R\xf6\xe5\x22!\x0b\
\x80\xcd\xd3?\xcf\xf9\xfeT\xfb\xd9\xfc\xa8\xdc\xf1\xb4\x02\
[\xd7\xe8=\xeb\x0a\xee\xe1\xdf<\xed\xe4\x83\x83B@\
\xd9Z\xe2a3\xb6\x17\x0a:{z\xe7\x1d\xcfZd\
q30\x05pO\xbd5Q\x98\xf1\x9c\xe7\x07\xde\xac\
\xb3\x08\xf6\x80\xc4695d\x8cw\x08\x85A\xc3w\
\xff\x00\x0a\xa5v\xc5cb\x98\xc8\xe4\xf7\xa9\xe7m\xc3\
\x82A=\xfa\xe6\x99\x1c%\xc8#'=s\xd2\x81\x11\
[\x8f\xdd\xab\x929\xedVQw\x00\xc7\x8c\x9c`U\
\xa1\x08e\xda\x07\x18\xc58!\x07h\xec:P2\x15\
\x1b\xa4\xc1\xe0c\xadH\x80\x002\x0e\xd1\xfc\xeaUR\
z\x0c\x9f^\xd9\xa1c\xe7w?\x8d \x04C\xb4\xe4\
\xe3?tU\x98\xc1@\xa1i\xb0\xa8'\xe6\x1d\xbb\xd5\
\x80\x00\x5c\x8e\xe6\x90\x0eC\x9e=:\xd4\x9d\xb9\xa6\xaa\
\xe4\xf3\xd6\xa6\x1c\x8e\x9cP1@\xf9y\xeb\xefM\xda\
;\x0e\xb4\xff\x00A\xda\x9cT\x13\x8e\x94\x86@C\x06\
\x04\x80~\x94\xbbr\x7f\x95LW-\x8a\x0a\xf1\xf4\xa0\
\x0a\xaf\x18n:\x0e\xbcR4`\x82\x0ej\xd6\xdc\x1c\
\x8czSLd\x9e\xe3\x14\x01\x5c\xa3\x1f\x94\x03\x91\xeb\
H!\x03\x19\x185yG\xcb\xcf\x5cS\x19p:f\
\x80!H\x89a\x83\xf2\xf7\xf7\xab\x09\x1a\xe78\xe4\xd0\
\xa0\xf0{v\xa9W\x8cP\x02m\xc60)\xa5r;\
\x0a\x94\xe6\x98Fs@\x10\xb8\xff\x00\xf5S\x0f\x00\xd4\
\xc7\x93M\xe0\x0e(\x02\xbc\x9drpx\xe2\xa1#.\
76H\x15e\xd4\xe3\xbe=j2\xbd\xcd1\x10\xec\
\xc994\xe5\x00\x1e\x94\xfd\x98\xe6\x90\xae94\x00\xd2\
\xdd\xa9\xbd\xe9H\xc7&\x94\x0c\xaeq\x8fJ\x00r\x8c\
\xe2\xa6\x8dpq\xda\x99\x1e\x0fn\xb5f5\xe2\x90\x12\
'\x03\xa5J\xb4\xd08\xa7\x01\xcd!\x92\x03J9\x14\
\xd5\x15 \x14\x01\x03\x8f\x9b \xfe\x15\x1b\x0a\x99\x87<\
Tl3@\x15d\x074\x98\xe3\xd2\xa7e\xe7\x9a\x8a\
L\x022:\xf1L\x06\x1f\xc3\xda\x95\x17\xa7\xe5@_\
\x9b\xda\xa5Q\x8c\x0c\xfe\x94\x00\x05\xc1\x18\xa9\xe2<\xd3\
Ur*hPu=h\x02E\xcfzu\x14R\x00\
\xa2\x8a(\x00\xa2\x8a(\x00\xa6\x1au!\xa0\x06\x9a(\
4\x94\x00RR\xd3K\x01\xeeh\x01\xad\xcf\x14\xa8\xbd\
)\xb1\x06vf=;\x0a\x9c\x0cP\x03@\xc7\x02\x99\
'~jn\x95\x0c\x83&\x80*\xb9;3\x8ej\xa4\
\x8d\xc6\x07Z\xbbr@\x5c\xf5\xac\xe9\x87#\x8cf\x9a\
\x06B\xab\x96\xc1\x19'\xd0U\xd8\xe2\xf9A\xc0&\xa0\
\x85Il\xf3Z0\xa9\xd8\x06i\xb1!!\x8f#\xa5\
N\xb1\x01\x82FM:%\xc7|\xd3\xcdH\xc6b\x90\
\x8ay\xa4\x22\x80\x19\x8aLsO4\x98\xa0\x06c\x9a\
B2)\xf4\x84P\x03\x18t\xa8\xd9\x09bF\x07\xd6\
\xa6\xa4n\x06i\x81Y\xd0\x83M`B\x8cw\xa9\x1b\
,\xf8\x1d\xbbR:\x91\xd7\x18\xa0\x0a\x92\x8eN:\xfa\
R.\x0av\xe2\xa7\x98o\x19<\x1a\xae\x14\x86\xc0\xe7\
\xde\x98\x85\xdb\xb8\x0ep)e^A\xcd9q\xc6z\
\xd2\xc8\xb9\xe4P\x05r\xbc\xfbR`\x05'\x92\x0fj\
\x90s\xc9\x14\xa52A\xa0D{}\xa9XnR\xa3\
\xa8\xa7\x11\x8c\xd1\x1e3\xc0\xe9\xc5\x00Pt\x0a\xe4v\
<\xf1NV\xd8p\x178\xf6\xabW\x11\x0e[\xb9\xaa\
\xc46\x062~\x83\xb50,\xc2w\xa6I\xc1\xa9\x15\
{\x1a\xad\x0baT\x93\xc6y\x15l`\xf2:R\x18\
\x80c\xad\x0d\xecG\xb8\xa7\x00\x0fZ\x08\xc9\xf7\xa0\x00\
\x0e=\x05.8\xe2\x90d|\xbd\xcfzP9\xe39\
\xa0\x0a\x17\xb6\xe0neS\xb7\xa9\xaaV\xd2a\xd5\xb2\
\xe0g\x1d?\xfa\xd5\xbcW\xe5\xf9\xb0A\xac\xcb\xcbu\
\x8eP\xeb\xca\xb7\x1fJhD\xee\xded\x05\x90\xfc\xd8\
\xc7\x15\x9c\xf0\xb1?9\x19\xceq\x8c\xd2\x8b\x8f\xb3\xc6\
\xee\x83p\x18\xcex\xab\x01\x92U\xdf\xce\x0f8\x07\x91\
@\x1a\x1af\xa7$q\x94\xbd\x92?\x94\xf0\xd89#\
\xafN\xdfZ\xd9\x82u\x99K(`\x03\x15\xe4u\xae\
[hm\xdcd\x0fz\x92\x09\x0d\xbb\xa9\xdc\xc1C\x13\
\xb46:\xd2hw:\xba+0]\xbam$\xae\xdc\
\x0589\xe7\x82?\x1c\x1a\xb3\x1d\xd8i\x18:\xed\x00\
\x80\x0f\x5c\xe7\xf9T\x8c\xb5E\x14P\x01E\x14P\x01\
E\x14P\x05{\xd3p\xb6\xe4\xda*4\xb9\x18\x0f\xd3\
\x1d\xea;?\xb4\xcb\x0c\x8b|\x88\x098\x01Oj]\
Fi`\x80\xbcH\xac{\x82pG\xb8\xf5\xaa6\x97\
3\x87]\xce\xce\x81@\xc1\xe7\xf1\xcf\xad0\x18\xf1&\
\xe5{ep\xe8\xd9\x05\xf0qO\x13K<\xaa\x8f\xe5\
\xba\x83\xca\xb2\xe0\xf5\xeckA\x1d]\xcbt `U\
\x0f$\x89X\x83\x949\xe3\x14\x01\x1c\xdb\xb6` S\
\x93\x95\x1c\x82;T-\x11\x1c\x9c\xf3\xda\xae\x15 \xe7\
\xa8\xa6\xe3\x8c\xfb\xd3\x11\x14Q\x85\xc2\x8c\xfd*~\x9c\
\xa99\xf7\xa6\xb7\xcb\x9c\xf7\xa5SH\x05n\xa2\x8cd\
\x9c\x9aw\x18\x18\xa5\xdb\xe9@\xc6\x10O\x15\x1b\xaf\xe9\
\xd6\xac\x00\x08\xa5\xf2\xfa\x1e(\x02\xa9\x8f\x91\xd78\xa8\
\xda.\x0f\x1c\xf4\xab\xcd\x19\xf54\xd2\x99\xa0,RX\
~s\x91\xfaT\xd1D\x15O\x1c\xe75cg\xa8\xcd\
(\x5c}h\xb8\x10\xbcy\x19\x1dM.\xc0\x00\xc6j\
C\x9f\xc6\x80\x08\x03=h\x01\x9bOQ\xdb\xd6\x8cz\
u\xefN'\xa8\x14z`P\x03q\x8e\x05\x04t\xc7\
\x1e\xf4\xec\x1f\xce\x93\x07>\xd4\x00\xe4B\xd8\xe3\xbdX\
\x0a\x00\x04Sb\xe9\xd6\xa4$`\xe6\x90\x05Aq8\
\x89]\x8e0\xa2\x99up\x11[k\x0c\x8fl\xd6\x1c\
\xf3\xb4\x8ew\xee\xda\xa7\xf3>\xb4\xd2\x06\xc4\xb8\x99\x9e\
R\x01\xc0\xcex\x1dy\xcf~j\xabG\xb8\xe1\x89a\
\x8e\x86\xa4#\x0cY\x89\xc1\xe4\xd3W\x12a\x97\xee\xf5\
\xe6\xa8\x91\x9b6\x05\xd9\xc6*'\xf9\xb7\x0c\x9c\x1e\xb5\
`\xf2z\x1fZEL\x1fZ`F\x90\x9d\x9dp1\
\xc1\xab6\xa80G\x04\x81\xf8f\x9b\x8e@\x1e\xbd1\
V\xe3@\x07\x1c\x03H\x025>\x86\xa4D\x0cx\xe3\
\xd6\x94p2;S\xf3\x95\xf64\x00\xd3\x18\x1fw\x8a\
\x8c.26\xe7\xbeMLs\xdb4/S\x8e\x05 \
#U\x1cq\xef\x8a\x9c\x0cc5\x1a\x10\x18\x9e8\xe4\
S\xd4\x9cg\x90h\x19 \xc6\xec\xfaT\xe3\x19\xaa\xcb\
\xf7\xb8\xee:\xd5\x95\x1d2i\x0cp\x19#\xd2\x9cG\
\xe7@8^jHWsd\xd0\x02\x88\xf0\xb9\xeei\
\xc1*LsK\x8a@BP\x11Q\xec \xe795\
d\x8c\xfd)\xac\xb4\x01\x0e\xdc\xe34\x14\xce\x07Z\x93\
\x18\xa5\xdb\xc5\x00F\xa8\x07\xb5?h&\x94\x80\x06(\
\x03\x9e\xb4\x00\x87\x14\xd6\x1cg4\xe3E\x00D\x00\xc9\
\xcfzi\x1e\xe6\xa4#\xb1\xa6\xe3\x9c\xd3\x02&\x19\xc9\
#\x8an\xda\x99\x8dG\x9eH\x1c\xd0\x04d`TM\
\xd4\xf7\xa7\xc8N\xefj\x81\x9c\x9e\x051\x0aF\xe3\x8c\
p:\xd4\x8a9\xe7\xa9\xa6\xa7B;\xd4\xc81\x8a\x00\
r\xaeH\xab\x0a0)\x91\x8ejQHc\x80\xa7\x85\
\xe4b\x9bR/N)\x00\xaa)\xf4\xc1\xcd=NG\
4\x00\xd7\x15\x160zf\xa6n\x94\xca\x00\x85\x979\
\xc5F\xc8\x1b\xafZ\xb2@\x1c\xe2\x9b\xb4\x11\xd2\x80+\
\x84\xe7\xa9\xcd</z\x94 \xa7b\x98\x0dQ\xc5J\
\xbcSB\xf4\xa9)\x00\xb4QE\x00\x14QE\x00\x14\
QE\x00%\x18\xa5\xa4\xa0\x06\x9ak\x10\x074\xf3\xde\
\xaa\xca\xc4\x9e(\x01\x92\xc9\x9e\xa7\xf0\xa7&p3P\
\x9c\x97<\x1a\xb5\x1a\x9e)\x81,c\x02\x9ch^\x94\
\xa6\x90\x0c&\x98\xc4\x0c\xd3\xda\xaa\xca\xe78\xa0\x08\xa7\
`G?\xa5R\x94)=s\x8a\x9eF\xeb\xd4\xe6\xab\
\xb8\x0cA\xc6q\xdf\xd2\x98\x8b\x16\xea\x08\x07\xa7\xb5\x5c\
U\xc0\x1cU[u\xe0\x1a\xbc\x83\x02\x81\x8fA\xc5:\
\x85\xe9KH\x06\xd2S\xa9(\x01\xa4QKE\x004\
\x8am<\x8aJ\x00m5\xd7*E<\x8a1@\x10\
\x84\xf9\xba\xe3\xda\x9eE)\x18\x04\x9c\xd1\xde\x80\x22\x92\
0\xe0\xe0b\xaa\xc9\x1e\x0d\x5c\xe8\xf8\xecj9\x179\
\x00g\xda\x98\x10\x05\xe0c\xa5\x05N?\xc2\xa4\x03\x07\
\x18\xe7\xd2\x9cF(\x02\xae3\xd6\x93\x00\x8e\x98\xa9\x5c\
u\xa8\xf9\xcf\xf5\xa6\x223\x81\xd7\x8e\xdcQ\x8e02\
>\x94\xed\xad\xc1?\xca\x94\xaf9<\xd0\x00Wr\x90\
y\xcfj\xa9\x22\x94\xf9H\xc5]\x5cf\x92h\xb7\x0e\
:\xd0\x05\x0eGBx\xf7\xabV\xee1\xda\xa1+\x92\
W\x8d\xc3\xa8\xa7D0\xf8\x00\x8f\x7fZ\x04\x5c\xc0\xc5\
\x01}\xa9T\x12\xa0f\x95G\x07\xb9\xa41\xb8\xebO\
\x083\x9ap\xa5\xc7z\x067\x1e\xdc\xd42\xa2:2\
8%j|\xe7&\x91\xb0\x00\x1c\xe4\xd0#\x9c\xba\xb3\
\x957n\x01P}\xd2\x0ei\xb0\xc8U\x88 0\xcf\
o\xff\x00]oL\xbe` \xe4\x0e\xde\xc6\xb1\xa6\xb7\
x\xcf9\xcfc\x9a\xa4\xc4]\x00`\x15<\x1fz\x19\
\x03/ s\xd8\xd5kG\xda\xa0;\xfc\xa0w\x1d\xea\
\xfe?*\x00\x89P\x0c\xaa\xf0jUw\xdaF\xec\x13\
\xcez\xf4\xa4 \xee\xf7\xfeT\xbd\xf9\xe4\xd2\x03K\xed\
\xe1d\x03\x1b\xc69l\xe0g\xe9Eg\xa8m\xc4\x9c\
\xe7=h\xa5a\xdc\xe8h\xa2\x8aC\x0a*9d\xd9\
\x8c`\x9f\xe4=i\x97\x0f\xfb\xa6\x039<q@\x09\
9YVD\x0d\xb7\x00\x82q\x9cqUb\x87\xcbA\
\x92\x09\xeeqS'\x00\xe0c=}\xe91\x9e\xb4\x00\
\xc92H\xf6\xa1\xb0q\x81O#\x8a\x89\xce)\x80\x9c\
\xfa`S\x0e\x02\xf08\xebO\xdcOj\x8d\x98\x00}\
h\x01\xa4\xee8\xef\xebNQ\xf2\xf3\xd6\xa2,3\x91\
\xe9R\xaeH\xa0B\x822rG\x1e\xf4\xf0A\xa6\xf1\
\xe8)I \xe0\x0f\xca\x81\x8e\x04\x13\x81\xd6\xa6\x0aA\
\xc5$P\xe0n#\x93R\xf2\x0d\x000\x8e)6r\
\x08\x1c\xd4\x87\xe9K\xf8R\x02\x129\xa4\x22\xa5`\x08\
\xa6t\xa0\x06})1\x91\xedOnG\x14\xde\xa4\xe0\
\xfe\x14\xc01\xc7\xd6\x8cb\x94.~\x94\xee\xdc\xd0\x03\
H8\xa4\x0aO\x1d\xa9\xe7\x9cR\xa63\x93\x8a\x00T\
\x18\xe7\xa5Cw.\xd4*\xa4n<u\xa7\x5c\x5c\x08\
\xd0\x91\x8c\xd6-\xcc\xfb\xdc\xf2A'\xa6hH\x19\x1d\
\xc4\x86RNH\x19\xe75\x06@%\x88'\xebR\x1e\
{t=\x05E!\xcb\x05\x1f\x8f\xbdQ#]\xbeO\
\x97\x91\xe9\xebM\x1cG\x8c\x10)\xe7$\x1c\x0ei\xea\
\x83\x189?\x8d0\x18\x00\x0b\xc7Zp_\x9b\xdb\xbd\
?o'\xf9\xd2\x15$\xfbw\xa4\x03\x11\x0a\xbe\xec\x9f\
\xa7\xad\x5cPT\x0fN\xb4\xd8c\xc9\x18\xc7\xd6\xac\x0f\
\xbd\xb7\x9e}(\x01\x83\x93N$\x05 \x9c\xd2`\x03\
\xd0\xd0\xaaq\xf3u\xa41\xd9<c\xbd\x1fw8\x19\
\x1e\xd4\x13\xcfBqI\x9e\xdbN\x09\xe4\xd0\x02\xe3\x9e\
\x7f1@\x19\xda{\x0fz6\x8d\xddO=\xb3N\x07\
i\xe7\xa1\xf7\xa0\x09\x13\xa0\xc9\xe2\xa7R\x14rG5\
\x5cd\x81\x82qR\xa9\x07\xfci\x01:\xae\xf6\x18\xc6\
*\xda.\x00\xa8-\xd7\x8c\xe3\x15ezP1h\xc5\
\x14\xb4\x80LSH\xcdIL\x22\x80\x19\x8eii3\
\xcd&\xeeh\x01H\xa4'\x034\xc7\x90\x01\xcfJ\x8f\
~\xf3\xd6\x80$\xfb\xc7'\xa7jZ(\xed@\x0do\
\xad7\xa7\x14\xf3\x8af;S\x01\x8f\xd3\x22\xa2\xc8^\
H\xa9Xc8\xcdWv$\x8e>\xb4\x00\xd79'\
\x8af\x0ex\x1cQ\xbb\xe6\xc6\x0f\xe5K\xbb\xb1\x5c\x0a\
b\x1c\xab\xc7=jE\xe4\xd3S\xd2\xa5\x8c`\xf3H\
\x09\xa3\x04\x0ej@)\xab\xd2\x9e\x01\xa0b\xe3\x9az\
SqKH\x07g\x9ax\x18\xa8\xd4\x9a\x90P\x02\xd3\
v\xd3\xa8\xa0\x06\x11M\x0b\xcdIE\x00&1J\x07\
9\xa5\xa2\x80\x0a(\xa2\x80\x0a(\xa2\x80\x0a(\xa2\x80\
\x0a(\xa2\x80\x0aJZ(\x01\x92\x1c.EU\x1c\x9c\
\x9e*\xe1\x00\x8ej\xb3&\x1b\x02\x80\x04^je\xa6\
 \xc5H\x074\x00\xee\xd4\xc2i\xe6\x98\xdc\xd0\x03X\
\x8cu\xaar\x8c\xf5\xa9d8lTo\xcfN\xf4\xc0\
\xa9(\xdc099\xea)\x91\x80\x1b\xa1\xfcEN\xc3\
\x03\x14\x8a\xbc`\x02\x7f\x0ab'\xb7\x03\x19\x15j>\
\x95^\x01\x8e\xbdj\xd2\x0fJC\x1e\x07\x14R\xd2R\
\x00\xa4\xa5\xa2\x80\x1b\x8a)i(\x01)1N\xa4\xa0\
\x04\xc5\x14\xb4b\x80\x19F)\xd8\xe6\x8cP\x04N0\
hS\x83\x9as\xf4\xa8\xbb\xaf\xb9\xe9@\x13\xb2F\xc7\
\x90:\xf3P\x15\x1d\xa9\xf3c\xa8=x\xa6\xaf4\xc0\
\x81\xd7\xb0\xa8\xf1\xdc\xf5\xab\x12/9\xa8\xca\xf3\x8a\x00\
\x81\xc7nhOC\x9a\x95\x96\x9a:\x9cf\x81\x0d\xc0\
\xc7Jx\xeb\x8c\xf3@\x18\x18\x14\xa0c\xb5\x00W\x9e\
<6\xfcu\xeb\xc55W\x1f\x87\xa5\x5c\xda\x18\x10j\
\x10\x9b\x1c\x83\x80;S\x02D\xe89\xebN\xc6)S\
\xaf=)[\xe5?ZC\x14\x0e9\xa5\x22\x91I\x0b\
N\xdd\xed@\x09\xb7\x8e*2\x08#&\xa7\x1d:T\
L\xbc\x93\xdf\xd2\x80\x22a\x91\xf4\xf5\xaa\xf7\x11\xf9\xb1\
\x90\x0f\x15kn\x02\xf2zS\x0a\xe5\xb1\xd8S\x11\x83\
!13n'#\x8cU\xeb)CF\xa0\xe3q\xe8\
)u\x08:\xba\x8e}k97(\xca\xe3\x1e\xb4\xf7\
\x11\xb5\xb7=\x86}\xc5\x18\xecF*;Y\x84\xc8s\
\x8d\xc3\x83\x8f\xe7S\x0e\xb4\x864u\xe9E8\x7f\xfa\
\xe8\xa0\x0d\xc2q@9\xa6\xb7zfX\x9eMH\xc4\
q\xbbp\xed\xf5\xa6\x8c\xec\xe3\xd6\x9c\x7f\x9d \x19\x14\
\x00\xdc~Tc\x8aq\x1d)(\x01\x8d\x9a\x86Oz\
\x99\xfaqP\xb7J`BNO#4\xd2GC\xfa\
S\xb6\x80}\x06)\x15~\x5cs@\x86\xa9\xe3\x03\x1c\
\x1az\x0c\x00ri\xa0\x81\x91\x9e\x94\xdd\xdc\xf01\xcd\
\x00X\x04\x1e\x83\x8a\x96\x18\xb2s\x93\x8a\x8e\x05\xdc\x7f\
\xad]\x03\x03\xda\x81\x8e\x1c\x0a1J(\xa4\x03v\x8e\
i\x07Zq\xe9H\xa3\xf0\xa0\x03\x02\xa3#'\x9a\x90\
\x8fz@9\xe9@\x0d\x03\xd2\xa3\x90\x10=jcM\
=(\x02%\xf7\xa5?\xa5/N\xd4\x98\xe3\x93@\x0d\
'\x07\x9a\x82i\x18t\xe7\xfaT\xee\x00Z\xa9&s\
\xc1\xfaS\x02\x9d\xc3\x92p[\x92:\xd5v\x1c}=\
\xa9\xf2\x8c\xca\xe7\xd7\xaf5\x13g\x18\x19\xc5Q#K\
\x16q\xd4\x0a\x00\x19'\xbf\xbd9c\xdc0;T\xcb\
\x1eO=(\x02\x14L\x9c\xe2\x9f\xb4c\x9e\x951N\
i\x00\xcfC\x81@\x11\x15=GJTB[56\
\xd0[\xea)v\xe1\x868\x14\x00\x8a\xa1\x1b\x07\xa1\xa7\
m\xe7\xa9\xa5\x1dNs\xf5\xa5<\x1e\x01&\x90\xc6\x9c\
\xe7i\xe7\xbfZ6\xf0\xc3-\x8f\xa5;\x04w\xe3\xde\
\x85P\x07\x19\xeb\xde\x80\x18\xaa\x00\xfb\xc7\x14\xe1\x8c\x1e\
\x0f\xb5(\x18\x1c\x8c\xfe\x14\xa4\x16 c\xbfJ\x00B\
\x01\xe9\x8arq\x8c\xe4\xf6\xa5\x08\x09>\xb5*&\x06\
q\x8cq\x8a\x00hC\x8e\x98\x1e\x954k\xf3\x01\x8f\
\xc6\x9a\x14\x1e\xf5f\x15\xf9\xb3\x9c\x8aC&\x8caE\
J)\x14S\xa9\x00QE\x07\x8a\x00BqQ\xbb\xfe\
tH\xd8\xaa\xee\xf94\x01!~3P<\x9c\xf1C\
6G\x1c\x1a\x89\x8f\x1d\xa9\x80n\xcf\xd6\x9e\x9c\x1c\xf7\
\xa8:`\xf2\x7f\x0a\x96\x169<\xf1@\x16\xc1\xcfZ\
S\xedQ\xaes\x9e\xd5!\x1e\x94\x80i\xa6\x1fj~\
\x7f\x0a\x8d\xfa\x1a`2G\xc7Z\xaa\xc7\xb9&\x9f#\
\x1ew\xf3\xe9Q\x91\xfa\x8e\xf4\x08\x8c1\xc9\xa7\x03\x91\
\x9e})\x06\x09\xe9\x9aE\xc6I\xf4\xa6\x04\xf1\x8eE\
YS\xebU\xad\xd4\x95\xe0\xe7&\xad'\xbfZC$\
RFi\xe1\xb2zT`\x8c\xf2i\xeb\xf9\xd2\x02O\
\xa5/ZAN\xc7\x14\x00S\xd4\xfa\xd3qN\x5c\xd0\
\x03\xa8\xa4\xcf4\xb4\x00QE\x14\x00QE\x14\x00Q\
E\x14\x00QE\x14\x00QE\x14\x00QE\x14\x00Q\
E\x14\x00SYr)\xd4P\x03\x14b\x9fE\x14\x00\
\x86\x98\xdc\x0c\xd3\x8dE&O\x14\x01\x1e3\x96=\xea\
201S\xafJc\x0c\x9a\x00\x80\xad _QS\
\xed\xec)Bs\x9a`$K\x81S\xa0\xc55V\xa4\
Q\xc5 \x16\x8a(\xa0\x04\xa2\x94\xd2P\x01IKE\
\x00%%-\x14\x00\x98\xa2\x96\x92\x80\x12\x93\x1cw\xa7\
Q\x8a\x00c\x10F\x07ZO/\x8c\xf01Rb\x94\
\x8f\x97\x14\x01]\xc3y]\x06s\xdb\xb50u\xa7K\
\x9d\xde\xc7\xad&8\xcfz`\x12\x1e*<T\xbfx\
c\x18\xc5\x1bs\x9a\x00\x85\xba\x1a\x87\xf8\x8eEYe\
\xc0\xe7\x9a\x89\x94w\xa0\x06\xa9\xe4\x0ei\xf9\xe0b\x88\
\xc6}i\xf8\xc9\xe0\xd0\x03@\xf7\xe6\xa3\x9c\x03\x83\xfa\
\xd4\xa4zS_\xee\x11\x8a\x00b\x1ep\x094\xf0O\
\x00\x8c\xd4EOQR) \x8fC\xfaP\x04\x98\xe7\
\x8e\xf4\xe5#\x184\xaa\x01\xa7\xed\x1d\x85\x000.G\
\x19\xa0\x0aqR:Rq\x9a\x00a\x1dj&^x\
\xab5\x19Q\x9c\xd0\x05w\x00\xa9V\x00\x83\xc5b]\
Z\xf9O\x82\xd9\xcfN;V\xfb(\xe8*)\xe2Y\
c*B\x9fL\x8c\xd3B\xb1\x8da.\xc9\x18\x9cm\
<s\xda\xb6G\xa8\xc1\xaciP\xc3!\x0d\x9e\xb8\xe9\
\x8cU\xeb\x19w\xa0\x8c\x9c\xed\x1c\x1e9\xfc(`[\
#\x8c\x8a)T\x1c\xf74R\x03P\xd1\x8e(\xa3\x14\
\x86&8\xcd\x14\xa4q\xc5'z\x00LR\x85\xa5\xa3\
4\x01\x0c\xa3\x00\xd5v\xeb\x9a\xb3/L\x1a\xaa\xe3\x14\
\xc0c\xe0\x03Q\x16\x0c\x0e\x09\xa9\x1b$`\xf3Q\x95\
\xc1\xe0\xd0!\xa7\x82q\x8cS\x912\xe3\xf9\xe2\x95W\
\x9f\x97\x18\xabpE@\xc7\xdb!\x03'\xadX\xa0\x0e\
)\xc0R\x011A\xe9KE\x00'j)i(\x01\
(\xa5\xa44\x00\xd3IN\xa6\x1e\x0d\x00\x04zSN\
i\xf4\xd3\x8a\x00\x89\xd7<\xd5g\x1c\xe6\xa5\xf3\xd4\xbe\
\x07OZ\x82\xeaUPB\x91\xbb\xf9S\x02\x9d\xc9\xf9\
\xb1\xe9\xd6\xa0E\xcep8\xa7c<\xe7&\xa4\x89r\
}\xa9\x92,I\xc6H\xa9Bq\xebS\x04\x00`b\
\x8d\xa7\x1cb\x81\x90\x149\xe4\xd2\x05\xc1\xe9S\x95\xfc\
M!\x5c`\xd0\x04x\x19\xeb\x8a\x00!\xb3N\x00\x81\
\xcfz_~\xd4\x00\xd6\x18\x1d\x099\xe9H\xb9\xe7=\
~\x94\xeer@\xeb\xf4\xa1\x868?\xa5\x00\x07\x8e3\
\x83I\x90\x0e\xd3\x9f\xc0S\xb3\x9e\x8b\x8cR\x81\xc6q\
\x8fc@\x0c\x19\x1c(\xc8\xeb\x8ax\xdd\xfcD\x7fZ\
A\xcfAR\x0e\x0fJ\x00j\x83\xbb&\xa6\xeb\xc6?\
\x0an:\x91ONx=\xa9\x0ctc\xb5X\x8dq\
\xf4\xa6\x22\x02A\xa9\xd0`b\x80\x1e\xb4\xea@(4\
\x803LcJi\xad@\x10\xc8y&\xa3#\xe5\xe9\
R\xb0\x19\xa8\xdf\x81\xc9\xa6\x05y$\xc1\xe0\x13Q3\
ds\xc9\xcdH\xe3q\xe3\x1e\xf5\x03g\xaey\xcfj\
\x04($\xfb{\xd5\x88\x14f\xa0A\xbb\x96\xabp\xa8\
\x1dy=\xa8\x02t\x1e\x94\xe3\xd0\x8a\x17\x8e\xb4\x13H\
dmP?z\x9c\xe4\xd4\x12\x0eNs\x9a`B\xd9\
<\x03\x9aa\x01\xaaF\xff\x00w\x8cSH\xc1\xf7\xa0\
D<\xf6\xed\xd2\x9e\x8aI\xe7\xaf\xb58\xa8=\xbf\xa5\
I\x1f\x03\x07\xad0\x08\xf8n\x950\x19\xe4~f\x98\
\xa3\x9c\xf6\xa9G4\x869y\xe4\xd3\xc7\x14\xc01\xd2\
\x9e\x83#\x9a\x00\x90\x1c\xd3\xc6i\x83\x8ax\xa4\x03\x96\
\x9dL\x03\xd6\x9d@\x08)\xd4\x94\xb4\x00QE\x14\x00\
QE\x14\x00QE\x14\x00QE\x14\x00QE\x14\x00\
QE\x14\x00QE\x14\x00QE\x14\x00QE\x14\x00\
\x86\x9aV\x9fE\x00FW\x8aiZ\x97\x14b\x80!\
\x03\x9a~)\xd8\xa5\x02\x80\x1a\x05-.(4\x00\x94\
R\xd2P\x01IKA\xa0\x04\xa2\x8a(\x01(\xa5\xa2\
\x80\x12\x8aZ(\x01(\xa2\x94P\x02b\x83N\xedI\
@\x10J3Q\x1c\xf0\x0fL\xd5\x96\x5c\xd3\x0a\x0a\x00\
H\xc1\xc7N)\xd8\xf9\xb8\xa7 \xc5;\x14\x01^L\
\x8a\xae\xc0\x82\x01\xabs\x8e8\xaa\xe1\x09\xc1c\x9a`\
5\x07\xcd\xc1\xa9\x7f\x9d0\xa69\x1cT\xc8>Z\x00\
\x8c)\xdd\x93H\xeav\xf4\xa9\xc0\xe2\x91\x97p\xa0\x0a\
\xaa\x0eNi\xe0c\xad8G\x8f\xa5;h\xf4\xa0\x04\
J\x90R\x05\xc5<\x0a@.8\xa6\x10*LR\x11\
@\x11c\x22\x93\x14\xf2\x0d4\x8a\x00\x8d\xd7=:\xd3\
H5!\xcf\xa5#\x0a`R\xbe\x83\xcd\x8c\xb0\xea=\
=+$8\x89\xc1^\xb9\xf5\xae\x80\xaf\xcaG\xadb\
\xdc\xc2\xd0\xca\xd9\xc0\xf44\xd0\x99\xa5k'\x9b\x1e\xe2\
0\xdd\xc5\x15\x97mp\xb1\xb6\xe5?\xaeh\xa2\xc1s\
\xab\xa2\x8a*F\x14\x84R\xd1@\x09A\xf4\xa5\xa2\x80\
!\x9b\xdb\xadVq\xc0\xefW\x5cdUc\x13n\xc8\
\xe2\x98\x10\xed#\xd34\x9bs\xe9V\x04T\xe1\x1fJ\
\x00\xae\x89\xf3d\xd5\xe8W\x0bQ\xac`\x1c\xd4\xc86\
\x8a\x00v(\xa3>\xb4\x1a@\x14\x94\x0eih\x01(\
\xa2\x8a\x00JCKHh\x01\x0d!\xa54\xd6`\xaa\
Y\x8e\x00\xa0\x045\x99yxA\xda\x9c\xa98\xe3\xad\
Iy{\x80R\x11\xf3\x11\xd4\xd6,\x930b\x18\x8c\
\xe3\x83\x8eA\xfc\xea\x92\x13e\xd8\xe4*\xc4\xb6N*\
\x19\x01iI\x0cI#\x90H\xa8\xcb9\x8ft\x80\xe3\
9\xc0\xf4\xa6\xa6\xe6q\xea}\x051\x16cS!;\
@\xcd^\x8a\x11\x1es\xc94Y\xc0c\x8f,\xa0\x13\
\xfc\xaa\xc69\xa4;\x11\xed\xa4\xdb\x86\xc05!<\xe2\
\x9ap\x0fZC\x1aE7\x1cb\x9c\xddx\xa6\xf7\xfd\
(\x10\xd21M\x00\x02}\xe9\xf46\xd5\xeb\x8a\x00c\
p8\xfc\xa9\xa4\xe0\x9e\xbc\xfbS\xb3\xc7N(a\xb8\
\x1e\xfe\xf4\x00\x9d\xcf\x074\xa0r\x09\xfdh#\x83\xc1\
\xc9\xa5\x1c\x0e(\x01W\x93\xfd){\xe7\xa5\x22rr\
i\xe3\x921\xc8\xa0\x05U\xce@<\xd4\x91'4\xd8\
\xce\x08\x07\x04\xd4\xea\x08>\xa3\xda\x81\x8f\x88\x1c\xe4\xd4\
\xe0qQF9\xe3\x81S\xafJ@\x02\x90\xd3\xa9\x0d\
\x000\xd3M<\xd3H\xa0\x08\xdb\xa7\x15ZV#\x81\
\x83\xf5\xab,\x07qP:\x86=\xb3L\x081\x9e\x0d\
0''\x00b\xac\x04\xf6\xa7l\xda(\x02\x14B\x0e\
;}j\xd4k\xea\x051\x01\xcf5aE\x00!\x1c\
Rb\xa4\xa6\xb5 \x22a\xcdD\xd9\xcf\x19\xc5Nj\
6\x1cq\xd4S\x02\xbb/\xa0\xe6\x98F2MLT\
\x9fZiRh\x02(\xd7\x03\x9c\x9a\x91\x06\x1b\x93\xf8\
S\x82\xf1\xd6\x9e\x07^?\x1a\x00n=\xe9\xe0c\xfa\
P\x06x8\xa7\x01\x8a\x00\x01#\x80*E4\xd1R\
\xa0\xf5\xa4\x02\x81O\x0b@\x1c\xd3\xa8\x00\xa0R\xd1@\
\x05\x14Q@\x05\x14Q@\x05\x14Q@\x05\x14Q@\
\x05\x14Q@\x05\x14Q@\x05\x14Q@\x05\x14Q@\
\x05\x14Q@\x05\x14Q@\x05\x14Q@\x05\x14Q@\
\x05\x14Q@\x05\x14Q@\x09E-\x14\x00\xd3E-\
%\x00\x14\x94\xeaJ\x00J)qF(\x01(\xa5\xc5\
\x18\xa0\x04\x1c\xd3\x80\xa0t\xa5\xa0\x04#\x8aJu%\
\x006\x93\x14\xea(\x011E-\x14\x00\xc7\x5c\x8a\x85\
\x86:U\x9a\x89\xc74\x01\x0fQ\xda\x9c\x83\x19$\xf5\
\xa3\x14\xe0(\x01@\xc0\xe2\x94\x0ar\x8e)q@\x0c\
+M\x0aj\x5cQ\x8a\x00f)qN\xc5\x18\xa0\x04\
\xc5\x18\xa5\xc5-\x007\x14\xc7\x18\xa91M#&\x80\
\x224\x84g\xadJW\x8ei\xa0zP\x04x\xc5V\
\xbb\xb7\x12\xc6I\xc9 \x1a\xbaE4\x0c\xf6\xa6\x07/\
$D3m$\x9fC\x8f\xe4h\xabW\xd0\x81r\xc5\
\x00\x00\x93\xc8\x14U\x12t\xe4Q\x8aZ\x05ABb\
\x90\x8a}4\xd0\x02Q\x8a\x05;\x14\x00\xd3M\x22\x9e\
G4\x98\xa0\x06\x81\xcd(ZP9\xa7b\x80\x1b\x8a\
p\x14Q@\x0bE\x14P\x01IKE\x006\x8a\x5c\
Ph\x01\xb8\xa0\x8aZC\xd3\xde\x80\x1aEg\xea\x12\
\xb6B\xa98\xfe\xb5~bDl}\xab\x16d'9\
9\x04\xfe4\xd02\xac\xce\xceN\xd7\xc3{\x1e\x94\x91\
\xc0\xe1\xb7\x17\xf9;\x829\xfe\x7fJ\xbdkn[\xaf\
OLT\xd3\xc3\xb8\x92:zb\x9d\xc5c3\x92\xf8\
-\x80G\x15f\xd2\x00]\x03\x1e\xfd1RG\x0f\x18\
\xc6M^\x821\x1a\x01\x8c\x1e\xf46\x16\x1c@\x1fJ\
a\x07'\xd2\xa5=i\xa4q\xcf4\x86DqHq\
\x9eM=\x80\xa67z\x00ozA\x82(\xc6H\x00\
\x9a\x0f\x1c\x13\xf8P!\xa4\x01\xdb\xf4\xa6\xb8\x1d\xc6~\
\x94\xf6\xe0\x8e(\xef\xd0P\x04\x7f6\xdc\x0e\x83\xb5.\
\x17wpOcO+\xf9\x1an\xd0\x0e\x07\x1fZ\x00\
C\x8c\xf1\xd2\x90}\xdcsN\x01\x88 \xe6\x80\xa4\x8f\
\xc6\x80\x0cp\x0f\xbdL\x8aI\xe9\x8ahZ\x9c\x0c\xe3\
9\xa0b*|\xd52!\x19\xf7\xa5\x5c\xe2\x9c:\xf1\
\xf8\xd2\x00\x0b\xb7\xa5H\xb4\x9e\x99\xa7\x0a\x00Z(\xa2\
\x80\x1ai\x08\xa7\x1aLP\x042\xf4\xc0\xeai\xa20\
:\xf2jm\xbd\xfb\xd2\x11@\x11\xed\x19\xa5\x0bO\xc5\
\x18\xa0\x06\x04\xe6\xa4\x03\x8aP8\xa5\xa0\x06\xe2\x9aE\
<\xd3M\x00FE0\x8e*S\xcdFs@\x11\x11\
HA\xedO#\xd7\xad&)\x80\xd01J\x01\xea:\
T\x88\x99\xea9\xc5\x059$\xf7\xa0\x06\x0e=\xeaT\
\x8d\x89\xf4\x14F9\xe6\xac\x01\xde\x90\x10\xec*\xdd?\
*\x95\x17\x0a(\xdb\x9e\xf4\xe1\xd2\x80\x0aZ(\xa0\x02\
\x8a(\xa0\x02\x8a(\xa0\x02\x8a(\xa0\x02\x8a(\xa0\x02\
\x8a(\xa0\x02\x8a(\xa0\x02\x8a(\xa0\x02\x8a(\xa0\x02\
\x8a(\xa0\x02\x8a(\xa0\x02\x8a(\xa0\x02\x8a(\xa0\x02\
\x8a(\xa0\x02\x8a(\xa0\x02\x8a(\xa0\x02\x8a(\xa0\x02\
\x92\x96\x8a\x00))h\xa0\x02\x8a(\xa0\x02\x8a(\xa0\
\x02\x8a(\xa0\x02\x8a(\xa0\x044\x94\xb4P\x01E\x14\
\xb4\x00\x95\x1b\x0c\x1a\x96\x9a\xc2\x80!+\xd6\x94r8\
\xa7\x91@\x18\xa0\x00\x0av(\x02\x97\x14\x00\x98\xa2\x97\
\x14P\x02QKE\x00%\x18\xa2\x8a\x00J)h\xa0\
\x06\x11\x9a\x5cqJE/j\x00a\x14\xdd\xb85&\
)1@\x19\xb7\xd0\x1c\x96$\xe3<`QZL\xa0\
\x8c\x1e\x94S\xb8Xy\xa0R\xd1H\x04\xa3\x14\xb4P\
\x02\x01\x8aZ(\xa0\x04\xa5\xa2\x8a\x00(\xa2\x8a\x00J\
Z(\xa0\x02\x8a(\xa0\x02\x8a(\xa0\x02\x90\xd2\xd1@\
\x08:Sq\xcei\xd4`P\x03\x18q\xcdVke\
-\x9e\xd5h\xe2\x92\x80#TT\x18P\x05#\xc7\x91\
\xc5JFE!\xe2\x80\x22X\xf1\x83\xde\x94\x0ei\xd4\
g\xda\x80#a\xe9L#\x8ez\xd4\xa7\xa51\xbas\
@\x11\xb7\xde\xf6\xa6\x9a\x7f~\xb4\x9c\x93\x8e\x94\xc0g\
N\xd4\xd2\x06s\xd0\xd4\x87\x8aa\xa0\x04#<R\x01\
\x808\xa5\xf5\xf6\xedJ9\xfc(\x018?A\xe9A\
Q\xd4\xd2\x91\xcd\x00d\xf1@\x07oZ\x17\xa9\xcf\xeb\
NQ\x8e1\xc59F\x0ezz\xd0\x03T{\xf3S\
\xa6@\xfci\xca\xa0c\xb8\xa5\xda1\x9eE \x15z\
{\x9aUR\x1b\xad(\x03\x1cS\xf1\xc5\x00/ZZ\
JZ\x00(\xa2\x8a\x00))i(\x01)1N\xa3\
\x14\x00\xd0(\xc5;\x14u\xa0\x06\xd2\xf7\xa5\xa3\x14\x00\
\x98\xa6\x91O\xa44\x01\x1e)\x92\x02W\x8a\x94\x8aL\
f\x80\x22\x0aq\xcf_Z]\x98\xa9\x00\xc9\xc5.\xd3\
\x9a\x00\x8d\x17'\xd2\xa5*28\xce)\x15y<T\
\x94\x01\x19\x07vi\xe3\xa5-\x14\x00QE\x14\x00Q\
E\x14\x00QE\x14\x00QE\x14\x00QE\x14\x00Q\
E\x14\x00QE\x14\x00QE\x14\x00QE\x14\x00Q\
E\x14\x00QE\x14\x00QE\x14\x00QE\x14\x00Q\
E\x14\x00QE\x14\x00QE\x14\x00QE\x14\x00Q\
E\x14\x00QE\x14\x00QE\x14\x00QE\x14\x00Q\
E\x14\x00QE\x14\x00QE\x14\x00QE\x14\x00Q\
E\x14\x00QE\x14\x00\x98\xa3\x14\xb4P\x01E\x14P\
\x01E\x14P\x01E\x14P\x01IKE\x00%\x18\xa5\
\xa2\x80\x10\xd1KE\x00'zB)ih\x01\xb8\xa2\
\x9dE\x00\x14QE\x00\x14QE\x00\x14QE\x00\x14\
QE\x00\x14QE\x00\x14QE\x00\x14QE\x00\x14\
QE\x00\x14QE\x00%!\xa7Rw\xa0\x06\x1e\xb4\
\xecPE\x07\xa5\x00!\x14\xdc\x1e\xf4\xf0(\x22\x80#\
\x00\xd0FE8\xf1I@\x0c+L+R\xe7\xb50\
\x8f\xc6\x80\x19\x8ex\x1c\xd3H\xc9\xed\x9ay\xe0\xd3O\
Oj\x00c\x03\x9an\xd3\xda\xa5#4\x9fN\x94\xc0\
\x88\xaf\x1d\x8d8\xaf<t\xa7\xfdA\x14\x9d\xbaP\x03\
v\x93\xda\x91\x14rN\x7f\x0a\x93i\xeei@\x00p\
?\x1a\x00hRG\xff\x00Z\x9f\xe50\x1e\xb5*\xa8\
\x22\xa4\x02\x90\x11\xc4\xb8\x1c\xd4\x8c\xa3\x1f\xe3A\x1c\xf1\
N#\x8cP\x04k\xc1\xe9R\xd3@\xc5:\x80\x0a(\
\xa2\x80\x0a(\xa2\x80\x0a(\xa2\x80\x0a(\xa2\x80\x0a(\
\xa2\x80\x0a(\xa2\x80\x0a(\xa2\x80\x13\x14b\x96\x8a\x00\
LR\xd1E\x00\x14QE\x00\x14QE\x00\x14QE\
\x00\x14QE\x00\x14QE\x00\x14QE\x00\x14QE\
\x00\x14QE\x00\x14QE\x00\x14QE\x00\x14QE\
\x00\x14QE\x00\x14QE\x00\x14QE\x00\x14QE\
\x00\x14QE\x00\x14QE\x00\x14QE\x00\x14QE\
\x00\x14QE\x00\x14QE\x00\x14QE\x00\x14QE\
\x00\x14QE\x00\x14QE\x00\x14QE\x00\x14QE\
\x00\x14QE\x00\x14QE\x00\x14QE\x00\x14QE\
\x00\x14QE\x00\x14QE\x00\x14QE\x00\x14QE\
\x00\x14QE\x00\x14QE\x00\x14QE\x00\x7f\xff\xd9\
\
\x00\x00\x0b\xb2\
\x89\
PNG\x0d\x0a\x1a\x0a\x00\x00\x00\x0dIHDR\x00\
\x00\x00\xc8\x00\x00\x00\xc8\x08\x06\x00\x00\x00\xadX\xae\x9e\
\x00\x00\x00\x01sRGB\x00\xae\xce\x1c\xe9\x00\x00\x0b\
lIDATx^\xed\xdd[\xa8\xa6U\x1d\xc7\xf1\
\xaf7]iDR\x894\x81\x08\x19\x89\x16$d\x04\
\xa2Y\x89aa`Q\xd4\x8d\x101%x\xa0(\x98\
.\xa6.*:\x9b\xd1\x01\x84\xf0\xa2\x88\x8c\x12\x8d\x22\
,J1\x8a\x88J\x83P\xe8@\x8d\x98\x99xU\x04\
\x15T\xef\xa2wjf\xcf\xec\xfd>\xcfz\xfe\x87\xb5\
\x9e\xf5{a\xf0\xc2\xf5\xfc\xd7Z\xbf\xff\xff\xb3\xf7\xec\
\xc3\xec}\x06z)\x01%\xb0o\x02g(\x1b%\xa0\
\x04\xf6O@@4\x1dJ\xe0\x80\x04\x04D\xe3\xa1\x04\
\x04D3\xa0\x04\xea\x12\xd0{\x90\xba\xdc\xf4\xd4 \x09\
\x08\xc8 \x8d\xd65\xeb\x12\x10\x90\xba\xdc\xf4\xd4 \x09\
\x08\xc8 \x8d\xd65\xeb\x12\x10\x90\xba\xdc\xf4\xd4 \x09\
\x08\xc8 \x8d\xd65\xeb\x12\x10\x90\xba\xdc\xf4\xd4 \x09\
\x08\xc8 \x8d\xd65\xeb\x12\x10\x90\xba\xdc\xf4\xd4 \x09\
\x08\xc8 \x8d\xd65\xeb\x12\x10\x90\xba\xdc\xf4\xd4 \x09\
\x08\xc8 \x8d\xd65\xeb\x12\x10\x90\xba\xdc\xf4\xd4 \x09\
\x08\xc8 \x8d\xd65\xeb\x12\x10\x90\xba\xdc\xf4\xd4 \x09\
\x08H\x9f\x8d\xbe\x00\xf8\x17\xf0\xeb>\x8f\xdf\xcf\xa9\x05\
\xa4\x9f^\xdd\x08\xbc\x11\xb8\x188k{\xec'\x81\x1f\
\x03G\x81\x07\xfb\xb9J?'\x15\x90>zu\x0c8\
\xb4\xe3\xa8\xb7\x00\xb7\xf6q\x9d\xc9\xa7|\x06\xf0\x1a\xe0\
\x22\xe0R\xe0~\xe0!\xe0\xae\xc9\x15\x16.\x14\x90\x85\
\x01\x06<~3\xf0\xa9\x89\xfb\x5c\x02\xfcl\xe2\xda\xd6\
\x97]\xbb}\xcf\xf8\xe2\xd3\x1c\xf4\x81\xed{\xd3?y\
_B@\xbc\x13^V\xbf\x0c\xc7/f\x94\xf8\x09\xf0\
\x0a\xe0o3\x9eiq\xe9\xfb\xb78v\x9d\xed\x1c\xe0\
\x89]\x8b\x96\xfc\x7f\x01Y\x92\x9e\xff\xb3\x87\x81\xcf\xcf\
\xdc\xe6z\xe0\x8e\x99\xcf\xb4\xb4|*\x8er\xe6\xafm\
\xdf\x93\xb8\x9d_@\xdc\xa25)\xfcY\xe0\x9d3+\
\xdd\x06\xdc4\xf3\x99V\x96\xcf\xc1q\xfc\xcc\xd7m>\
F\xf9\xba\xd7\x05\x04\xc4+Y\x9b\xba?\x00.\x9fY\
\xea\xbe\xcd\x07\xb3W\xcc|\xa6\x85\xe558\xca\xb9?\
\x04\xbc\xcf\xeb\x02\x02\xe2\x95\xacM\xddQ\x80\xd4\xe2(\
)\x7f\x0b\xb8\xc6&\xeeS\xab\x08\x88W\xb26uG\
\x00\xb2\x04GI\xf9s\xc0\x0d6q\x0b\x88W\x8e^\
u\xd7\x0ed)\x8e\x92\xfb\xdb\x81\xdb\xbd\x1a\xa0\xf7 \
^\xc9\xda\xd4]3\x10\x0b\x1c\x7f\x05.\x9b\xf9\xa9\xf0\
Y\x9d\x11\x90Yq\x85/^+\x10\x0b\x1c\xa5\x19G\
\x80\x0f{vE@<\xd3]^{\x8d@\xacp\xb8\
\x7f\x0d\xa4\xb4O@\x96\x0f\xb1g\x85\xb5\x01\xe9\x0a\x87\
\x80x\x8e\xb6M\xed5\x01\xe9\x0e\x87\x80\xd8\x0c\xb1g\
\x95\xb5\x00\xe9\x12\x87\x80x\x8e\xb6M\xed5\x00\xe9\x16\
\x87\x80\xd8\x0c\xb1g\x95\xde\x81t\x8dC@<G\xdb\
\xa6v\xcf@\xba\xc7! 6C\xecY\xa5W \xab\
\xc0! \x9e\xa3mS\xbbG \xab\xc1! 6C\
\xecY\xa57 \xab\xc2! \x9e\xa3mS\xbb' \
\xab\xc3! 6C\xecY\xa5\x17 \xab\xc4! \x9e\
\xa3mS\xbb\x07 \xab\xc5! 6C\xecY\xa5u\
 \xab\xc6! \x9e\xa3mS\xbbe \xab\xc7! \
6C\xecY\xa5U C\xe0\x10\x10\xcf\xd1\xb6\xa9\xdd\
\x22\x90ap\x08\x88\xcd\x10{Vi\x0d\xc8P8\x04\
\xc4s\xb4mj\xb7\x04d8\x1c\x02b3\xc4\x9eU\
Z\x012$\x0e\x01\xf1\x1cm\x9b\xda-\x00\x19\x16\x87\
\x80\xd8\x0c\xb1g\x95l C\xe3\x10\x10\xcf\xd1\xb6\xa9\
\x9d\x09dx\x1c\x02b3\xc4\x9eU\xb2\x80\x08\xc7\xb6\
\xab\xfa\xb1?\x9e\xe3\xbd\xbcv\x06\x10\xe18\xa1o\x02\
\xb2|\x88=+D\x03\x11\x8e=\xdd\x14\x10\xcf\xf1^\
^;\x12\x88p\x9c\xa6_\x02\xb2|\x88=+D\x01\
\x11\x8e}\xba( \x9e\xe3\xbd\xbcv\x04\x10\xe18\xa0\
O\x02\xb2|\x88=+x\x03\x11\x8e\x1d\xdd\x13\x10\xcf\
\xf1^^\xdb\x13\x88pL\xe8\x8f\x80L\x08)q\x89\
\x17\x10\xe1\x98\xd8T\x01\x99\x18T\xd22\x0f \xc21\
\xa3\x99\x022#\xac\x84\xa5\xd6@\x84cf\x13\x05d\
f`\xc1\xcb-\x81\x08GE\xf3\x04\xa4\x22\xb4\xc0G\
\xac\x80\x08Ge\xd3\x04\xa42\xb8\xa0\xc7,\x80\x08\xc7\
\x82f\x09\xc8\x82\xf0\x02\x1e]\x0aD8\x166I@\
\x16\x06\xe8\xfc\xf8\x12 \xc2a\xd0\x1c\x011\x08\xd1\xb1\
D-\x90\xfb\x81\xa3\x06\xe7\x0a\xf9U\xcb\x06\xe7t+\
! n\xd1\x9a\x14\xae\x05r\xb9\xc1\xee\xc3\xe3(\x19\
\x0a\x88\xc1$9\x96\xa8\x01bq\x1c\xe1\xd8\xa6( \
\x16\xe3\xe4W#\x03\x88p\x9c\xd0O\x01\xf1\x1bn\x8b\
\xca\xd1@\x84cO\xd7\x04\xc4b\x8c\xfdjD\x02\x11\
\x8e\xd3\xf4Q@\xfc\x86\xdb\xa2r\x14\x10\xe1\xd8\xa7[\
\x02b1\xc6~5\x22\x80\x08\xc7\x01\xfd\x13\x10\xbf\xe1\
\xb6\xa8\xec\x0dD8vtI@,\xc6\xd8\xaf\x86'\
\x10\xe1\x98\xd07\x01\x99\x10R\xe2\x12/ \xc21\xb1\
\xa9\x0221\xa8\xa4e\x1e@\xeeK\xba\x8b\xe5\xb6\xbf\
\x07\x1e\x07\xbe\x08\xfc\xc6\xb2\xf0\xdeZ\x02\xe2\x99\xee\xf2\
\xda\x1e@\x96\x9f\xaa\xad\x0a7\x02\x9f\xf1:\x92\x80x\
%kSW@\xa6\xe5\xf8\x22\xe0\x97\xd3\x96\xce[%\
 \xf3\xf2\x8a^- \xd3\x12\xbf\x17\xb8j\xda\xd2y\
\xab\x04d^^\xd1\xab\x05dz\xe2\xe7\x00OL_\
>m\xa5\x80L\xcb)k\x95\x80LO\xde\xe5\xafY\
\x022\xbd\x01\x19+\xef\x06^\x97\xb1q\x87{\xbed\
\x93\xd5\xcf\xad\xcf- \xd6\x89\xda\xd6;\x02|\xd0\xb6\
\xe4*\xab\xfd\x1d8\x0b\xf8\xa7\xf5\xed\x04\xc4:Q\xdb\
z\xd7\x02w\xd9\x96\x5ce\xb5\x1f\x01/\xf7\xb8\x99\x80\
x\xa4j[\xf3\xdb\xc0\xd5\xb6%WW\xed&\xe06\
\x8f[\x09\x88G\xaa\xb65_\x08\xfc\xca\xb6\xe4\xaa\xaa\
=\xba\xf9\x8a\xfa\xf3\xbcn$ ^\xc9\xda\xd6})\
P\xdeJ\xbe\xd9\xb6l\xf7\xd5n\x01n\xf5\xbc\x85\x80\
x\xa6k_\xfb\xd5@\xf9lM\xf9\x94\xe6s\xec\xcb\
wQ\xf1\xb7\xc0\x83\xc0\x0f\xb7\xffu=\xb4\x80\xb8\xc6\
\xab\xe2\xbd'  \xbdwP\xe7wM@@\x5c\xe3\
U\xf1\xde\x13\x10\x90\xde;\xa8\xf3\xbb&  \xae\xf1\
\xaax\xef\x09\x08H\xef\x1d\xd4\xf9]\x13\x10\x10\xd7x\
U\xbc\xf7\x04\x04\xa4\xf7\x0e\xea\xfc\xae\x09D\x00y\xf6\
\xe6\x8b:\xaf\x04.\x02.u\xbdM\xbb\xc5\x9f\x04\xee\
\x01\x1e\x00\xfe\xd0\xee1u\xb2\xbd\x09x\x03)\xdf\x1e\
Q\xfe\x9c\xa7\xe8\xff\x97\xc0\xa7\x81\x9b\x95G\x1f\x09x\
\x02\xf9$P\xbeWF\xafS\x13\xf8\xf3\xc0\xdf*\xd2\
\xd5<x\x01\xb9f\xf3=C\xdf\xec*\x89\xf8\xc3~\
`\xb3e\xf9=\x82z5\x9c\x80\x17\x90\xf2\x0fX^\
\xd6\xf0\xbd[9\xdae\xdb\x8fKZ9\x8f\xce\xb1'\
\x01\x0f O\x03\xfe\x02\x94\xff\xeaup\x02\x9f\x00\xde\
\xad\x90\xdaM\xc0\x03\xc8%\xc0O\xdb\xbdrS'\xfb\
\xf2\xe6Gg\xbe\xb5\xa9\x13\xe90'%\xe0\x01\xe4\x10\
pL9OJ\xe0\xbb@\xf97\x1ez5\x9a\x80\x07\
\x90r\xd5\xc7\x80s\x1b\xbdsK\xc7*?H\xfa\x8a\
\x96\x0e\xa4\xb3\x9c\x9c\x80\x17\x10\xfd<\xa7i\x93& \
\xd3rJ[\xe5\x05\xe4J\xe0{i\xb7\xeagc\x01\
i\xbcW^@\xca\xb5o\x07\xde\xd6\xf8\xfd\xb3\x8f'\
 \xd9\x1d\xd8\xb1\xbf'\x90\xb2\xf5a\xe0#\xc0\xd3\x1b\
\xcf!\xebx\x02\x92\x95\xfc\xc4}\xbd\x81\x94c\x94\x9f\
\xc0\xf1|\xe0Y@\xf9\xc6\xc5\xac\xd7\xbf\x81\xa5\xf7\xbd\
\x0e\xb8\xd0\xf0\x02\x02b\x18\xa6G\xa9\xa5\x03\xe3q\xa6\
\x16k\x96\x1f\xdev\xa71\x8erO\x01i\xb1\xdb'\
\x9cI@v7\xc8\x0b\x87\x80\xec\xce>}\x85\x80\x1c\
\xdc\x02O\x1c\x02\x92>\xfe\xbb\x0f  \xfbg\xe4\x8d\
C@v\xcfg\xfa\x0a\x019}\x0b\x22p\x08H\xfa\
\xf8\xef>\x80\x80\x9c\x9aQ\x14\x0e\x01\xd9=\x9f\xe9+\
\x04\xe4\xe4\x16D\xe2\x10\x90\xf4\xf1\xdf}\x00\x01\xf9\x7f\
F\xd18\x04d\xf7|\xa6\xaf\x10\x90\xff\xb6 \x03\x87\
\x80\xa4\x8f\xff\xee\x03\x08\x88\x1d\x8e\xf2o\xcc\x8f\xee\x8e\
\xfc\xa4\x15\xfaB\xe1\xcc\xc0\xa2\x97\x8f\x0e\xc4\xea=G\
\xc1Q^\x02\x12=\xc1\xce\xfb\x8d\x0c\xc4\x12G\xf9\xe9\
$\xe5\x8f\x808\x0flt\xf9Q\x81X\xe3(}\x13\
\x90\xe8\xe9\x0d\xd8oD \x1e8\x04$`X3\xb6\
\x18\x0d\x88\x17\x0e\x01\xc9\x98\xde\x80=G\x02\xe2\x89C\
@\x02\x865c\x8bQ\x80x\xe3\x10\x90\x8c\xe9\x0d\xd8\
s\x04 \x118\x04$`X3\xb6X;\x90(\x1c\
\x02\x921\xbd\x01{\xae\x19H$\x0e\x01\x09\x18\xd6\x8c\
-\xd6\x0a$\x1a\x87\x80dLo\xc0\x9ek\x04\x92\x81\
C@\x02\x865c\x8b\xb5\x01\xc9\xc2! \x19\xd3\x1b\
\xb0\xe7\x9a\x80d\xe2\x10\x90\x80a\xcd\xd8b-@\xb2\
q\x08H\xc6\xf4\x06\xec\xb9\x06 -\xe0\x10\x90\x80a\
\xcd\xd8\xa2w \xad\xe0\x10\x90\x8c\xe9\x0d\xd8\xb3g \
-\xe1\x10\x90\x80a\xcd\xd8\xa2W \xad\xe1\x10\x90\x8c\
\xe9\x0d\xd8\xb3G -\xe2\x10\x90\x80a\xcd\xd8\xa27\
 \xad\xe2\x10\x90\x8c\xe9\x0d\xd8\xb3' -\xe3\x10\x90\
\x80a\xcd\xd8\xa2\x17 \xad\xe3\x10\x90\x8c\xe9\x0d\xd8\xb3\
\x07 =\xe0\x10\x90\x80a\xcd\xd8\xa2u \xbd\xe0\x10\
\x90\x8c\xe9\x0d\xd8\xb3e =\xe1\x10\x90\x80a\xcd\xd8\
\xa2U \xbd\xe1\x10\x90\x8c\xe9\x0d\xd8\xb3E =\xe2\
\x10\x90\x80a\xcd\xd8\xa25 \xbd\xe2\x10\x90\x8c\xe9\x0d\
\xd8\xb3% =\xe3\x10\x90\x80a\xcd\xd8\xa2\x15 \xbd\
\xe3\x10\x90\x8c\xe9\x0d\xd8\xb3\x05 k\xc0! \x01\xc3\
\x9a\xb1E6\x90\xb5\xe0\x10\x90\x8c\xe9\x0d\xd83\x13\xc8\
\x9ap\x08H\xc0\xb0fl\x91\x05dm8\x04$c\
z\x03\xf6\xcc\x00\xb2F\x1c\x02\x120\xac\x19[D\x03\
Y+\x0e\x01\xc9\x98\xde\x80=#\x81\xac\x19\x87\x80\x04\
\x0ck\xc6\x16Q@\xd6\x8eC@2\xa67`\xcf\x08\
 \xe7\x03w\x03\x17.\xbcO\xf9U\xcb\xe5\x17e\xb6\
\xfa\xd2/\xf1l\xb53\x0b\xce\x15\x01\xe4\x1b\xc0\xeb\x17\
\x9c\xb1<\xda:\x0e\xbd\x07Y\xd8\xe0V\x1f\xf7\x06R\
\xf3VuoV=\xe0\x10\x90V'|\xe1\xb9\xbc\x81\
\xdc\x03\xbcv\xc1\x19{\xc1! \x0b\x9a\xdc\xf2\xa3\xde\
@\x1e\x03\xce\xad\x0c\xa0'\x1c\x02R\xd9\xe4\xd6\x1f\xf3\
\x06\xf2(\xf0\xdc\x8a\x10z\xc3! \x15M\xee\xe1\x11\
o w\x02o\x98\x19D\x8f8\xca\x15\xdf\x05||\
\xe6]\xef\x05\xae\x9a\xf9\x8c\x96\x07&\xe0\x0dd\xee\x07\
\xe9\xbd\xe2(-{\x15P\x06~\xce\xeb\x0e\xe0\xfa9\
\x0fhml\x02\xde@\xcam\x1e\x01.\x98p\xad\x9e\
q\x94\xeb\x1d\x02\x8eM\xb8\xe7\x89K>\x06\xbcg\xe6\
3Z\x1e\x98@\x04\x90\x17\x00\x0f\xef\xb8S\xef8\x8e\
_\xefK\xc0[f\xf4\xefj\xe0;3\xd6kip\
\x02\x11@\xca\x95\xce\x04\xca[\xcb\xc3{\xee\xf7;\xe0\
\x08\xf0\xd5\xe0{{n\xf7\x14\xf0\xcc\x09\x1b|\x01x\
\xc7\x84uZ\x92\x98@\x14\x90\xe3W<{\xfbi\xdf\
\x02\xe6q\xe0\x8f\x1b \xffH\xbc\xbf\xd7\xd6_\xd9\xfc\
\xd5\xf2M\x07\x14\xff(\xf0^\xaf\xcdU\xd7.\x81h\
 v'o\xbfR\xf9\x04\xc5\xc5\xdb?\xe5S\xdd\xe5\
kB\xe5\x0d\xc2Q\xe0\xfb\xed\x1f_',\x09\x08\x88\
\xe6@\x09\x1c\x90\x80\x80h<\x94\x80\x80h\x06\x94@\
]\x02z\x0fR\x97\x9b\x9e\x1a$\x01\x01\x19\xa4\xd1\xba\
f]\x02\x02R\x97\x9b\x9e\x1a$\x01\x01\x19\xa4\xd1\xba\
f]\x02\x02R\x97\x9b\x9e\x1a$\x01\x01\x19\xa4\xd1\xba\
f]\x02\x02R\x97\x9b\x9e\x1a$\x01\x01\x19\xa4\xd1\xba\
f]\x02\x02R\x97\x9b\x9e\x1a$\x01\x01\x19\xa4\xd1\xba\
f]\x02\x02R\x97\x9b\x9e\x1a$\x01\x01\x19\xa4\xd1\xba\
f]\x02\x02R\x97\x9b\x9e\x1a$\x01\x01\x19\xa4\xd1\xba\
f]\x02\x02R\x97\x9b\x9e\x1a$\x01\x01\x19\xa4\xd1\xba\
f]\x02\x02R\x97\x9b\x9e\x1a$\x81\xff\x00B|\x10\
\xe7\xe5X\xb9\xd0\x00\x00\x00\x00IEND\xaeB`\
\x82\
\x00\x00\x0cc\
\x89\
PNG\x0d\x0a\x1a\x0a\x00\x00\x00\x0dIHDR\x00\
\x00\x00\xc8\x00\x00\x00\xc8\x08\x06\x00\x00\x00\xadX\xae\x9e\
\x00\x00\x00\x01sRGB\x00\xae\xce\x1c\xe9\x00\x00\x0c\
\x1dIDATx^\xed\x9dO\xc8\xa5e\x19\x87/\
w\xae\x14\xcc\x123\xff\xa1\xb6T\xd0\x85\xa4.t\x15\
\xd6&\x03-\xed/\xa1e\xe8\x0caJ\xa0\xa23\xd8\
H\xe4D4j\x86\x1a\x85Q\x89\x03\xd2J\x17\x09J\
*!\xa4\x94\xa0\x8bT\xd4\xcc\xc4(I\xdb\xb8\x08\xea\
<t\xbe\xf8\xd2\xf9\xe6\xbb\x9f\xf7y\x9f\xf7\xbc\xe7\x9e\
\xeb\xc0\xd9\xcc\xdc\xcf\x9f\xfb\xfa\x9d\xeb;\x7f\xdes\xde\
\xf70\x86\xdd.\x04\xbe\x08|\x148jy?b\xd8\
T\x8e\x9a\x19\x81w\x80\xb7\x96\xf7?\x02\xf7\x01\x0f\xcf\
l\x8f\x93m\xe7\xb0\x8a\x95N\x07.\x07>\x05\x1c_\
1\xce\xd2\xf5'\xf0\x1a\xf0+\xe0^\xe0\xd9\xf5o'\
\xdeAD\x90\x13\x81\xab\x97\xf7\xc3\xe3S[\x99\x90\xc0\
\xbb\xc0\x1d\xcb\xfb\xab\x09\xfb{_K\xdb\x09R\x9e1\
\xbe\x0d\x1cs(\xc0\xb0\xc70\x817\x81\x1b\x97\xcf(\
\xe1A\xebXx0Av\x017\xafcS\xeey2\
\x02\xbb\x17+\x95\xc7I\xda\xdbV\x82(G\xda\xc8G\
o,\xb5$\x07\x12\xe4b\xe0\x81\xd11:af\x02\
\x97\x00\xfb36\xf8^A\x94#c\xca\xd3\xf4\x94R\
\x92\xcd\x82\x94O\xab\x9e\xf2\x0d\xf94\x8f\xa6\x84\xab\x94\
7\xeeg\x03\xa9>\xdd\xda,\xc8m\xc0\xb5\x09\x83\xb3\
\xa5\xe9\x08\xec\x05\xae\x9bn\xb9\xfe+m\x08R\x0e\x02\
\x96g\x0f\x8fs\xf4g\x9ey\x85r\x9c\xa4<\x8b\xa4\
9\x98\xb8!H9\xf8sUCr\xe5H\xebK\x0d\
\xe3\x1d:\x1f\x02\xa74~S\xe2\xce\xe5A\xe5\xf9t\
\xd4\xb0\x93\x0dA\xfe\x02\x1c;`\x9e\x1b\x16\xdf\xc7\xfa\
\x05\xf0\xca\x80\xb1\x0e\x99/\x81\x93\x80\xcb\x80=\x03\xb6\
\xf8\x06\xf0\xe1\x01\xe3f9\xa4\x082\xf4\x93\xab\xf3\x80\
'g\xd9\x95\x9b\x1a\x8b\xc0\xb9\xc0\x13\x03&K\xf3\x89\
V\x11\xa4\x1c\xf3(\x92\xd4\xdcN\x03^\xac\x19`\xed\
\xda\x128\x15x\xa1r\xf7\xe5\x98H\x91d\xedoE\
\x90\xa7\x813+:\xd9\x09\xdc^Qo\xe9\xfa\x13\xd8\
\xb1\xf8I\xc3\xbe\x8a6\x9e\x01\xce\xaa\xa8\x9fmi\x11\
\xe4e\xa0\xbc\xe6\x8c\xde\xca_\x14\xdf\x90Gi\xe5\xa8\
+o\xdck^1\x94\xf7\xa4'gh\xbd\x08\xf26\
\x10\xfd\xb1\xd3\xeb\x8bop~$C\xe3\xf6PM\xe0\
\xcf\xc0q\xc1Q\xe5GWG\x06kg]V\x04\xf9\
w\xc5\x0e\x1f\x03.\xa8\xa8\xb74\x0f\x81G\x81\xf3+\
\xda\xd9\xee\xa7\x14\x15S\xad\xaeTAV\xc7~\xddV\
V\x90@b>\x83\x04 %-Q\x90@\xb0\x0a\x12\
\x80\x94\xb4DA\x02\xc1*H\x00R\xd2\x12\x05\x09\x04\
\xab \x01HIK\x14$\x10\xac\x82\x04 %-Q\
\x90@\xb0\x0a\x12\x80\x94\xb4DA\x02\xc1*H\x00R\
\xd2\x12\x05\x09\x04\xab \x01HIK\x14$\x10\xac\x82\
\x04 %-Q\x90@\xb0\x0a\x12\x80\x94\xb4DA\x02\
\xc1*H\x00R\xd2\x12\x05\x09\x04\xab \x01HIK\
\x14$\x10\xac\x82\x04 %-Q\x90@\xb0\x0a\x12\x80\
\x94\xb4DA\x02\xc1*H\x00R\xd2\x12\x05\x09\x04\xab\
 \x01HIK\x14$\x10\xac\x82\x04 %-Q\x90\
@\xb0\x0a\x12\x80\x94\xb4DA\x02\xc1*H\x00R\xd2\
\x12\x05\x09\x04\xab \x01HIK\x14$\x10\xac\x82\x04\
 %-Q\x90@\xb0\x0a\x12\x80\x94\xb4DA\x02\xc1\
*H\x00R\xd2\x12\x05\x09\x04\xab \x01HIK\x14\
$\x10\xac\x82\x04 %-Q\x90@\xb0\x0a\x12\x80\x94\
\xb4DA\x02\xc1*H\x00R\xd2\x12\x05\x09\x04\xab \
\x01HIK\x14$\x10\xac\x82\x04 %-Q\x90@\
\xb0\x0a\x12\x80\x94\xb4DA\x02\xc1*H\x00R\xd2\x12\
\x05\x09\x04\xab \x01HIKv-.\xb6ts\xb0\
\xb74\x8f\x13/\xa0\x13L\xdc2.\x02\x1e\x0cr\xd8\
\x0b\x5c\x17\xac\x9du\x99\x82\xcc:\x9e\xd9m.\xf22\
\xab\x5c\x9f\xb0\x5c\xf4\xf3o\xb3\xdb\xfd\x80\x0d)\xc8\x00\
h\x87\xf8\x90r\xb5\xdb\x22\xc0V\xb7\xf3\x80'\xb30\
R\x90,IN\xdb\xc7\xad\xc0\xa5\x9b.\x1f^\x9e5\
~\x0d|\x0d\xf8\xfb\xb4[\xe9\xbb\x9a\x82\xf4\xe5\x9b}\
\xf6\xe3\x81\x0f\x01OgmTA\xb2&k_\xa3\x10\
P\x90Q0:IV\x02\x0a\x925Y\xfb\x1a\x85\x80\
\x82\x8c\x82\xd1I\xb2\x12P\x90\xac\xc9\xda\xd7(\x04\x14\
d\x14\x8cN\x92\x95\x80\x82dM\xd6\xbeF!\xa0 \
\xa3`t\x92\xac\x04\x14$k\xb2\xf65\x0a\x01\x05\x19\
\x05\xa3\x93d%\xa0 Y\x93]\xdf\xbe\xce\x01\xae\x00\
\xce_\xb6\xf08P\xbeE\xfc\x93U\xb4\xa4 \xab\xa0\
\xee\x9a[\x118\xd8\x8f\xb2\xf6/\x06\x95\xff\x7f~J\
|\x0a2%m\xd7:\x18\x81}\x8bo\x02\xef\xd8\x06\
\xd1s\x0bA.\x99R\x12\x05\xf1A;\x07\x02g\x01\
\xbf\x0bndRI\x14$\x98\x8ae]\x09\x5c\x09\xdc\
U\xb1\xc2d\x92(HE*\x96v#P\xde\x80\x7f\
\xb9r\xf6I$Q\x90\xcaT,\xefB`\x88 e\
#\xdd%Q\x90.y;i%\x81\xda\x97X\x9b\xa7\
\xef*\x89\x82T&iy\x17\x02g\x00\x8f\x00G\x0f\
\x9c\xbd\x9b$\x0a20\x11\x87\x8dN\xa0\x1c\x1c\xbc\xbb\
a\xd6.\x92(HC\x22\x0e\x1d\x9d\xc0n\xe0\xa6\x86\
YG\x97DA\x1a\xd2ph\x17\x02\xb7\x0076\xcc\
<\xaa$\x0a\xd2\x90\x84C\xbb\x11\xd8\x03\x5c\xdf0\xfb\
h\x92(HC\x0a\x0e\xedJ\xe0;\xc0\xb7\x1aV\x18\
E\x12\x05iH\xc0\xa1\xdd\x09|\xb7\xf1$\xd8\xcd\x92\
(H\xf7\x8c]\xa0\x91\xc0\xf7\x80k\x1a\xe6h\x92D\
A\x1a\xc8;t2\x02\xdf\x07\xbe\xd1\xb0\xda`I\x14\
\xa4\x81\xbaC'%\xf0\x03`g\xc3\x8a\x83$Q\x90\
\x06\xe2\x0e\x9d\x9c\xc0\x1d\xc0U\x0d\xabVK\xa2 \x0d\
\xb4\x1d\xba\x12\x02?\x04\xbe\xde\xb0r\x95$\x0a\xd2@\
\xda\xa1+#\xf0\xa3\xe5\xb5H\x86n ,\x89\x82\x0c\
E\xec\xb8U\x13\xb8\x07\xb8\xbca\x13!I\x14\xa4\x81\
\xb0CWN\xe0\xc7\xc0W\x1av\xb1\xad$\x0a\xd2@\
\xd7\xa1\xb3 \xf0S\xe0K\x0d;9\xa8$\x0a\xd2@\
\xd6\xa1\xb3!\xf03\xe0\xf3\x0d\xbb\xd9R\x12\x05i\xa0\
\xea\xd0Y\x11\xf89pY\xc3\x8e\x0e(\x89\x824\x10\
u\xe8\xec\x08\xdc\x0f|\xa6aW\xef\x93DA\x1ah\
V\x0e-\xe7~\xfa\x1cp\x02\xf0\x81\xca\xb1\x96\xd7\x11\
\xd88mi\xdd\xa8\xffV\xff\x9f$\x0a2\x04a\xfd\
\x98/\x00\xf7\xd5\x0fs\xc4\x8a\x08\xfcO\x12\x05\xe9\x9f\
\xc0\x85\xc0C\xfd\x97q\x85\x91\x09\x94\xcc>\xa9 #\
S=\xc0t\xe5\x94\x9a\xe5\xe5\x95\xb7\xf5#\xb0KA\
\xfa\x86v:\xf0\x87\xbeK8{G\x02\xcf)HG\
\xba\xcb\xd3i\xae\xe4\xba\x16}\xdb:tfW\x90\xbe\
Y\x97\xf3\xcd*H_\xc6]gW\x90\xaex\xf1%\
V_\xbe\xbdg\xf7%Vo\xc2\xcb\xeb^\xf8&}\
\x02\xd0\x1d\x96\xd8\xed3H\x07\xaa\xef\x99\xd2\x8fy\xfb\
3\xee\xb1\x82\x1f\xf3\xf6\xa0\xba\xc5\x9c\x1e(\x9c\x10\xf6\
\x08Ky\xa0p\x04\x88\xb5S\xf8U\x93Zb\xc3\xeb\
\xfd\xaa\xc9pv\x8eLL\xc0/+&\x0e\xd7\xd6\xda\
\x08\xf8u\xf76~\x8eNL\xc0\x1fL%\x0e\xd7\xd6\
\xda\x08\xf8\x93\xdb6~\x8eNL\xc0\x936$\x0e\xd7\
\xd6\xda\x08x\xda\x9f6~\x8eNL\xc0\x13\xc7%\x0e\
\xd7\xd6\xda\x08x\xea\xd16~\x8eNL\xc0\x93W'\
\x0e\xd7\xd6\xda\x08x\xf9\x836~\x8eNL\xc0\x0b\xe8\
$\x0e\xd7\xd6\xda\x08x\x09\xb66~\x8eNL\xc0\x8b\
x&\x0e\xd7\xd6\xda\x08x\x19\xe86~\x8eNL`\
\x0fp}C\x7f\xdb^\xd6 :\xb7\xbf(\x8c\x92\xb2\
n*\x02\xb7\x0076,6\x9a\x1ce\x0f\x0a\xd2\x90\
\x84CG'\xb0\x1b\xb8\xa9a\xd6Q\xe5P\x90\x86$\
\x1c::\x81+\x80\xbb\x1bf\x1d]\x0e\x05iH\xc3\
\xa1\xa3\x128\x03x\x048z\xe0\xac]\xe4P\x90\x81\
i8lt\x02W\x02w\x0d\x9c\xb5\x9b\x1c\x0a20\
\x11\x87\x8dN\xa0\x9c}\xb2\x9c\x85\xb2\xf6\xd6U\x0e\x05\
\xa9\x8d\xc3\xfa^\x04\x86\x08\xd2]\x0e\x05\xe9\x15\xb7\xf3\
\xd6\x12\xa8}\x895\x89\x1c\x0aR\x1b\xa3\xf5\xbd\x08\x94\
s\x86\x95\xeb\xa8Dn\x93\xc9\xa1 \x918\xac\x99\x8a\
\xc0>`\xc76\x8bM*\x87\x82L\x15\xbd\xebD\x09\
\xdc\x06\x5c\xbbE\xf1\xfe\xc5\xbf\xef\x02\x9e\x8fN6F\
\x9dG\xd2\xc7\xa0\xe8\x1cc\x12\xb8tqU\xae\x8b\x80\
\x8f-\xber\xf2/\xe0q\xe0\xd1U]gEA\xc6\
\x8c\xd6\xb9\xd2\x11P\x90t\x91\xda\xd0\x98\x04\x14dL\
\x9a\xce\x95\x8e\x80\x82\xa4\x8b\xd4\x86\xc6$\xa0 c\xd2\
t\xaet\x04\x14$]\xa464&\x01\x05\x19\x93\xa6\
s\xa5#\xa0 \xe9\x22\xb5\xa11\x09(\xc8\x984\x9d\
+\x1d\x01\x05I\x17\xa9\x0d\x8dI@A\xc6\xa4y\xe8\
\xcdu\x1c\xf0A\xe0\xf7Y[W\x90\xac\xc9\xf6\xed\xeb\
N\xe0\xe3\xc0)\xcbe\xfe\x01\xfc\x06\xb8\x1ax\xad\xef\
\xd2\xd3\xce\xae \xd3\xf2\xce\xb0\xda_\x97\xcf\x1a[\xf5\
RN\xc0\xf0l\x86FK\x0f\x0a\x92%\xc9i\xfa(\
'V(\xbf\xfe;\xd8\xedM\xe04\xe0\x9f\xd3l\xa9\
\xef*\x0a\xd2\x97o\xa6\xd9/\x06\x1e\x086T.W\
pM\xb0v\xd6e\x0a2\xebxf\xb5\xb9\xbd\x8bg\
\x85o\x06w\xf4[\xe0\x9c`\xed\xac\xcb\x14d\xd6\xf1\
\xccjs\xe5GK\xe7W\xec\xa8<\xb6\xd6\xfe\xa6 \
k\x1f\xe1d\x0d(H\x00\xf5c\xc0\x05\x81:K\xf2\
\x11P\x90@\xa6\x0a\x12\x80\x94\xb4DA\x02\xc1*H\
\x00R\xd2\x12\x05\x09\x04\xab \x01HIK\x14$\x10\
\xac\x82\x04 %-Q\x90@\xb0\x0a\x12\x80\x94\xb4D\
A\x02\xc1*H\x00R\xd2\x12\x05\x09\x04\xab \x01H\
IK\x14$\x10\xac\x82\x04 %-Q\x90@\xb0\x0a\
\x12\x80\x94\xb4DA\x02\xc1*H\x00R\xd2\x12\x05\x09\
\x04\xab \x01HIK\x14$\x10\xac\x82\x04 %-\
Q\x90@\xb0\x0a\x12\x80\x94\xb4DA\x02\xc1*H\x00\
R\xd2\x12\x05\x09\x04\xab \x01HIK\x14$\x10\xac\
\x82\x04 %-Q\x90@\xb0\x0a\x12\x80\x94\xb4DA\
\x02\xc1*H\x00R\xd2\x12\x05\x09\x04\xab \x01HI\
K\x14$\x10\xac\x82\x04 %-Q\x90@\xb0\x0a\x12\
\x80\x94\xb4DA\x02\xc1*H\x00R\xd2\x12\x05\x09\x04\
\xab \x01HIK\x14$\x10\xac\x82\x04 %-Q\
\x90@\xb0\x0a\x12\x80\x94\xb4DA\x02\xc1*H\x00R\
\xd2\x12\x05\x09\x04\xab \x01HIK\x14$\x10\xac\x82\
\x04 %-Q\x90@\xb0\x0a\x12\x80\x94\xb4DA\x02\
\xc1*H\x00R\xd2\x92CV\x90\xb7\x81#\x82\xa1\x96\
+\x98\x9e\x10\xac\xb5,\x17\x81?\x01\xc7\x07[z\x07\
82X;\xeb\xb2r\x01\x9d\x97\x81\x93*vy2\
\xf0JE\xbd\xa5\xebO\xa0<>\xca\xe3$z+\x8f\
\x8f\xf28Y\xfb[\x11\xe4i\xe0\xcc\x8aNn\x00n\
\xad\xa8\xb7t\xfd\x09\x5c\x0f\xec\xa9h\xe3\x19\xe0\xac\x8a\
\xfa\xd9\x96\x16A~\x09|\xb6r\x87\xe7\x01OV\x8e\
\xb1|=\x09\x9c\x0b<Q\xb9\xf5\xfb\x81K+\xc7\xcc\
\xb2\xbc\x08r!\xf0\xd0\x80\xdd\x95ka\xbf8`\x9c\
C\xd6\x87\xc0\xa9\xc0\x0b\x03\xb6\xfb\x09\xe0\xe1\x01\xe3f\
7d\xe3J\xa45o\xc067\xb1s)\xd7K\xb3\
\xeb\xcc\x0d\xb5\x108\x05(\x0f\xf2}\x03&I\xf5A\
\xce\x86 \x05\xc4\x8e\x0106\x86\xbc>\xf0/M\xc3\
\x92\x0e\xedD\xa0\xbc28\xaea\xee\xdb\x81\xf2\x873\
\xc5mC\x90\xd3\x17/\xb5\x9e\x02\x0eO\xd1\x95M\xac\
\x8a\xc0\xbb\x8b\x97Vg\x03\xcf\xaej\x03c\xaf\xbb\xf9\
b\xef\xb7\x01\xd7\x8e\xbd\x80\xf3\x1dR\x04\xf6\x02\xd7e\
\xeax\xb3 '.\x9fE\x8e\xc9\xd4\xa0\xbdLF\xe0\
\xcd\xe5\xb3\xc7\xab\x93\xad8\xc1B\x9b\x05)\xcb]\xbe\
x\xfdy\xcf\x04\xeb\xbaD>\x02W\x00\xf7fk\xeb\
\xbd\x82\x94\xfev\x017gk\xd4~\xba\x12\xd8\xbd|\
\xdct]d\x15\x93\x1fH\x10%YE\x12\xeb\xbbf\
Z9J$[\x09R\xfe\xefb\xe0\x81\xf5\xcd\xcd\x9d\
O@\xe0\x12`\xff\x04\xeb\xacl\x89\x83\x09\xb2!I\
\xf9\x5c\xdb7\xee+\x8bh\x96\x0b\x977\xe4\xe5\xb8Y\
j9\xb6{\x06\xd9H\xa6|\xbau\xf5\xf2\xeeq\x92\
Y>^'\xdbT9\xceq\xc7\xf2\x9e\xea\xd3\xaa\xad\
\x08n\xf7\x0c\xb2y\x5c9\x98\xf8\xd5\xc5A\xa0O\x03\
\xc7N\x16\x89\x0b\xcd\x81\xc0\x1b\xc0\x83\xc0\xdd\x99\x0e\x02\
F\xc0\xd6\x08\xb2y\xbe\xf2\xfe\xa4\xdc\xcbwv\x8eZ\
\xde\xa3?\xba\x8a\xec\xcb\x9a\xd5\x11(?vzky\
/\xdf\xb1+/\xa3\xd2\xbf\x94\xda\x0a\xf7\x7f\x00 N\
\xde\x8c\xe7B\x88;\x00\x00\x00\x00IEND\xaeB\
`\x82\
\x00\x01\x08q\
\xff\
\xd8\xff\xe0\x00\x10JFIF\x00\x01\x01\x01\x00\x90\x00\
\x90\x00\x00\xff\xdb\x00C\x00\x08\x06\x06\x07\x06\x05\x08\x07\
\x07\x07\x09\x09\x08\x0a\x0c\x14\x0d\x0c\x0b\x0b\x0c\x19\x12\x13\
\x0f\x14\x1d\x1a\x1f\x1e\x1d\x1a\x1c\x1c $.' \x22\
,#\x1c\x1c(7),01444\x1f'9\
=82<.342\xff\xdb\x00C\x01\x09\x09\x09\
\x0c\x0b\x0c\x18\x0d\x0d\x182!\x1c!22222\
2222222222222222\
2222222222222222\
2222222222222\xff\xc0\x00\
\x11\x08\x04\xec\x047\x03\x01\x22\x00\x02\x11\x01\x03\x11\x01\
\xff\xc4\x00\x1f\x00\x00\x01\x05\x01\x01\x01\x01\x01\x01\x00\x00\
\x00\x00\x00\x00\x00\x00\x01\x02\x03\x04\x05\x06\x07\x08\x09\x0a\
\x0b\xff\xc4\x00\xb5\x10\x00\x02\x01\x03\x03\x02\x04\x03\x05\x05\
\x04\x04\x00\x00\x01}\x01\x02\x03\x00\x04\x11\x05\x12!1\
A\x06\x13Qa\x07\x22q\x142\x81\x91\xa1\x08#B\
\xb1\xc1\x15R\xd1\xf0$3br\x82\x09\x0a\x16\x17\x18\
\x19\x1a%&'()*456789:C\
DEFGHIJSTUVWXYZc\
defghijstuvwxyz\x83\
\x84\x85\x86\x87\x88\x89\x8a\x92\x93\x94\x95\x96\x97\x98\x99\x9a\
\xa2\xa3\xa4\xa5\xa6\xa7\xa8\xa9\xaa\xb2\xb3\xb4\xb5\xb6\xb7\xb8\
\xb9\xba\xc2\xc3\xc4\xc5\xc6\xc7\xc8\xc9\xca\xd2\xd3\xd4\xd5\xd6\
\xd7\xd8\xd9\xda\xe1\xe2\xe3\xe4\xe5\xe6\xe7\xe8\xe9\xea\xf1\xf2\
\xf3\xf4\xf5\xf6\xf7\xf8\xf9\xfa\xff\xc4\x00\x1f\x01\x00\x03\x01\
\x01\x01\x01\x01\x01\x01\x01\x01\x00\x00\x00\x00\x00\x00\x01\x02\
\x03\x04\x05\x06\x07\x08\x09\x0a\x0b\xff\xc4\x00\xb5\x11\x00\x02\
\x01\x02\x04\x04\x03\x04\x07\x05\x04\x04\x00\x01\x02w\x00\x01\
\x02\x03\x11\x04\x05!1\x06\x12AQ\x07aq\x13\x22\
2\x81\x08\x14B\x91\xa1\xb1\xc1\x09#3R\xf0\x15b\
r\xd1\x0a\x16$4\xe1%\xf1\x17\x18\x19\x1a&'(\
)*56789:CDEFGHIJ\
STUVWXYZcdefghij\
stuvwxyz\x82\x83\x84\x85\x86\x87\x88\x89\
\x8a\x92\x93\x94\x95\x96\x97\x98\x99\x9a\xa2\xa3\xa4\xa5\xa6\xa7\
\xa8\xa9\xaa\xb2\xb3\xb4\xb5\xb6\xb7\xb8\xb9\xba\xc2\xc3\xc4\xc5\
\xc6\xc7\xc8\xc9\xca\xd2\xd3\xd4\xd5\xd6\xd7\xd8\xd9\xda\xe2\xe3\
\xe4\xe5\xe6\xe7\xe8\xe9\xea\xf2\xf3\xf4\xf5\xf6\xf7\xf8\xf9\xfa\
\xff\xda\x00\x0c\x03\x01\x00\x02\x11\x03\x11\x00?\x00\xe9\xe4\
O8o\x0b\xb0\xb7j\xeb\xfc\x1aH\xd2Lg\xaa\xb1\
\x15\x98\xfaS\x7fg\x9b\x85\x5c\x0faZ~\x148\x8a\
t=A\xcdC)\x1d%\x14QHe)\xb4\xbby\
\xe6\xf3J\xe1\xfa\xe4U\xa8\xd3\xcb\x8dS9\xc7z}\
\x14\x00T\x17\x17\x96\xf6\xa33J\xa9\xecz\xd4\xf5B\
]\x1e\xcey\x0c\x92FY\x8frM\x00e^\xf8\x9f\
\x82\xb6\x91s\xfd\xf7\x1f\xd2\xb9]sT\xbd\xb8\xb7\xfd\
\xfc\xc5\x95\x88\x1b{\x1f\xc2\xbb\xe5\xd14\xe5\xff\x00\x97\
e?Z\xc1\xf1$6\x91O\x0c\x09m\x12\xe1K\x1c\
 \xff\x00>\xb4\x01\xe7q\xab\xb4\xb1\xb6\xe2\xcd\x9e9\
\xae\x9dm\xdd\xf8H\x9b'\xa7\x15sK\xb6\x81\xaf\xe1\
\xdc\xa8#F\xdc\xc4\x81\xd0sZZ\xa6\xba\xd2\x93\x0d\
\x97\xee\xa3\x07\x05\xc7\x04\xd3b0\x19\x1a#\xb5\x94\x83\
\xd0\x8fJ\x02\xe79\xedO`3\x96\xcb\x1c\xf3\xeaj\
[k9\xf5\x09\x96\x18\x13\xeb\xe8>\xb4\x016\x97d\
\xf7\x97\xa9\x18\x1b\xa3\x07.{\x01]L\xd7/w?\
\xd8\xac\xdb\x0a\xbcI'\xa7\xb0\xf7\xaa1E\xf6e]\
.\xc5\x83Ly\x9ea[\x96\x96\x91Y\xc0\xb1F8\
\x1dI\xef\xefHb\xdb\xdbGk\x10\x8e5\x00w\xf7\
\xae#^\x84\xc5\xaa\xc800NEw\xb5\xc9\xf8\xba\
5\x8aXn\x98\x85B\x08,x\x1e\xd4 9\x86C\
\xb5eC\xf3\x8e\xde\xa2\xa6\x05d\x8fx\x1dk.]\
]Y\x8cVQ\xb5\xc3\x8f\xe2\x1d\x056\xd3M\xbc\xbf\
\xbcHo\xae\x0cQ\xcc\xdf*!\xc0\x0d\x8c\x8ab-\
\xcf\xacZZ\xe1|\xcf2O\xee\xc62MX\xb2\xd7\
\xb5\xe9@\x8e\xcd|\x88\x8f\x19\x93\x9f\xcb51\xd0!\
\xd3\x0f\xfa\x90y\xfb\xe4d\xd4\xc8\x00\xc0\x07\x02\x804\
\xf4\xfd\x1e\xd7Q\x91_S\xbc\x9a\xe2o\xee;|\xbf\
\x87\xf9\x15\xd4Z\xe9\xd6v`\x0b{x\xd3\x1d\xc0\xe7\
\xf3\xaeB\xdd\xceG<\xf5\xae\x9bO\xbe.\x04r\x1e\
\x7f\x84\xd2\x19\xa5\xda\x8a(\xa0\x02\x8a(\xa0\x02\x8a(\
\xa0\x00\x8c\x8ey\xa2\x8a(\x00\xa2\x8a(\x00\xa2\x8a(\
\x03#X\xb7\xba Oo3\xfc\xa3\x05\x05d[\xeb\
7\xf0\xb6\xd3&\xf0:\xac\x83#\xf3\xeb]uf_\
i\x11]\x02\xd1\x8d\x92{t4\x00\xcbmz\x09Y\
Ru0\xb7\xf7\xba\xaf\xe7Z\xa0\x86\x00\x8eA\xf4\xae\
:\xe6\xca{f+\x22\x91\x9e\xfd\xaaK=F{&\
\xc2\x9d\xc9\xfd\xc2x\xfc(\x03\xae\xa6K\x12\xcd\x0b\xc4\
\xe3*\xeb\xb4\xd4v\x97q^E\xbe&\xe7\xba\x9e\xa2\
\xa7\xa0\x0f2\xbb\xb5{;\xa9 \x7f\xbd\x1b\x10>\x9d\
\xa9\xd6\x17S\xe9\xd3\x19-_j\xb7\xdf\x8f\xf8[\xea\
+\xa4\xf1M\x86\xfd\xb7(9 \x02G\xafj\xe5\x15\
J\x13\xbb\x9ab;-6k=Qw\xc0Z\xd2\xec\
}\xe5C\x8c\xfe\x15\x7f\xcf\xbd\xb4\x1f\xe9\x11\xfd\xa21\
\xcf\x99\x1f\x04}Epq\xcb,\x13\xac\xb0\xc8RT\
\xe5XW\xa0iw\xe3Q\xb1I\xb0\x03\xf4u\x1d\x9a\
\x90\x13\xc1w\x05\xd0\xccR\xab\x1e\xe3\xb8\xfc*j\xcf\
\xbc\xd2\xa1\xb9&H\xcbA7i#\xe0\xfe5T^\
\xea\x1ag\xcb{\x11\xb8\x84u\x9a1\xf3~\x22\x806\
\xaa9%T\x1c\xd58\xf5{;\xa1\xfe\x8fs\x1bz\
\xf3\xc8\xa6\xf9\xf0\xb3`\xca\x99\xfa\xd04L\xd23\xf2\
i\x9di\x00\xc8\xe0\xe4z\xd2\x91H\xa1\x08\xa5\xa3\x1c\
Q\xcd0\x0f\xa5\x18\xe6\x83\xd7\x02\x8e\xf4\x00\x1fj@\
1N4\x94\x00{\xd2P:\xd2\xd2\x018\xa2\x97\xda\
\x93\xad\x00&M\x14\xb8\xa3\xb50\x12\x97\x02\x90\x0e1\
G\x22\x80\x0eqK\xcd\x188\xa3\x9cb\x80\x1e\x92\xb2\
\x1e?*\xb2\x92\xab\xfbU?\xa7Z\x5c\xe0u\xc5\x02\
h\xbfEA\x14\xc3\xa3T\xf4\x00QE\x14\x08(\xa2\
\x8a\x00(\xa2\x8a\x00(\xa2\x8a\x00(\xa2\x8a\x00(\xa2\
\x8a\x00(\xa2\x8a\x00(\xa2\x8a\x00(\xa2\x8a\x00(\xa2\
\x8a\x00(\xa2\x8a\x00(\xa2\x8a\x00(\xa2\x8a\x00(\xa2\
\x8a\x00(\xa2\x8a\x00(\xa2\x8a\x00(\xa2\x8a\x00(\xa2\
\x8a\x00(\xa2\x8a\x00(\xa2\x8a\x00(\xa2\x8a\x00(\xa2\
\x8a\x00(\xa2\x8a\x00(\xa2\x8a\x00(\xa2\x8a\x00(\xa2\
\x8a\x00(\xa2\x8a\x00(\xa2\x8a\x00(\xa2\x8a\x00(\xa2\
\x8a\x00(\xa2\x8a\x00(\xa2\x8a\x00\xaa\xcbmkh#\
\x99\xd1c\x03\x07q\xac[\x1dCM\xb0\xbb\x98\x09\x8e\
\x1b\xa1U$W=,\xb2\xce\xdb\xe5\x91\x9d\xbb\x965\
\x03\x00A\xc9\xfc1@\x1d\xa3x\x9bN^\x86F\xfa\
-\x09\xe2m=\xdb\x04\xca\xbe\xe5\x7f\xc2\xb8\xd4\x19\xe3\
9\xf6\xebV\xedt\xcb\x8b\xc9\x02\xc4\x9cu'\xa0\xa0\
\x0e\xe6\xde\xea\x1b\xb4\xdf\x04\x81\xd7\xa1\xc7j\x9a\xa8i\
\xf0\xdbYB\xb6\xc9*\x19:\x90\x1b\x93W\xe8\x00\xa2\
\x8a(\x00\xae\x07X\x9d\xefu\x9b\x93\x18\xca\xa3\x04\x07\
\xb0\x03\xaf\xeb\x9a\xedonR\xd2\xd5\xe4f\x00\xe3\x0a\
3\xd4\xd7\x08\xce\xab\x1e\x0b`u'\xb9>\xf4 \x14\
\x01\x0cEs\x92G&\xab\xb3\xe3\xa74\xf8\xc4\x97\x0e\
\x11\x019\xe8\x05tzg\x87\x00\xdb-\xd7\x1e\x8b\xeb\
@\x8c\x9d;H\xb8\xbf|\x95\xda\x9d\xd8\xd6\xf5\xcb\xc7\
\xa5@\x966(\x1a\xe6^2:\xfdM^\xbf\xbc\x8b\
L\xb4\xf9To\xfb\xb1\xa0\xeaMU\xd3\xe0K\x18_\
P\xd4$T\x9aA\xb9\x99\xce6\x8a\x06\x5c\xd3l\x16\
\xc6\x0c\x13\xbaV\xe6F\xf55=\xcd\xd5\xbd\x9c&k\
\x89\x928\xc7\xf11\xc7\xff\x00\xae\xb9\xdb\x8f\x13\xdc_\
K\xf6}\x0e\xd4\xccOY\x9c|\xa3\xf0\xff\x00\x1cR\
\xdbxb[\xa9E\xd6\xb3t\xf7\x12\xe7>X?(\
\xfc(\x10\x93x\x9a\xea\xfaS\x0e\x8bd\xd2\xfa\xcd \
!G\xe1T\xaf\xfc-w\x7ff\xf7:\xad\xe3\xcf*\
\x9d\xc25?.>\x9d?J\xeca\x82+x\xc2C\
\x1a\xa2\x8e\xca1Nu\x0e\x8c\xa7\xa1\x18\xa0\x0f5\x8e\
\xd9-\xd7dQ\xaa\xaf\xb0\xa8\xaeQ\xcc[\x90\x91\x22\
\x10\xea\xdd\xc1\x075\xb5un#\x9aE\xf4\xaa\x12(\
\xc8\x02\x98\x1d\x95\xaf\x91\xadiP\xdc2\x8f\xde\xa6H\
\x1d\x8fz\xe7\xf5=&{',\x80\xbc=r*\xe7\
\x83\xee\xb0\x976\x0d\xff\x00,\x9b\xccO\xf7O_\xd7\
\xf9\xd7N\xca\x1ca\xb9\x14\x86p0\xc8A\xcdi\xdb\
JA\xe0\x9a\xbf\x7f\xa0$\x8ce\xb5![\xba\xf65\
\x93\x89-\x9fd\xaaT\x83\x8e\x94\x01\xd3\xd9\x5c\xf9\xc8\
\x15\x8f\xcd\xfc\xea\xe5s\x96\xd7\x04\x10w`\x8e\x95\xbd\
\x04\xc2h\xc3\x03\xcfz\x00\x96\x8a(\xa0\x02\x8a(\xa0\
\x02\x8a(\xa0\x02\x8a(\xa0\x02\x8a(\xa0\x02\x8a(\xa0\
\x06\xc9\x1aJ\xa5]C\x03\xea+\x22\xe7BG;\xa0\
r\xa7\xfb\xa7\xa5l\xd1@\x1c\xaa\xdb\xdfi\x93\x09B\
\x1c\x83\xc9\x1c\x86\x1e\xf5\xd1\xda\xdd%\xd4\x22E\xe0\xf7\
S\xd4T\xe4\x03\xc1\xe4zSV4V,\xaa\x01<\
\x9cP\x04W\x96\xe2\xea\xd1\xe2#\x928\xfa\xd7\x9f]\
@\xf1L\xe8\xc3\x90pG\xa1\xafH\xaes\xc4:x\
\x0d\xf6\x94\x1f+p\xff\x00^\xc6\x84\x07)\xf8sZ\
\xfa\x06\xa7\xf6;\xe1\x13\x92\x22\x97\x82\x0f\xf3\xac\xd9\x10\
\xa1 \x8c\x10qQ\x0c\xabd\x02=\xe9\x88\xf4\xec\x8e\
\xbcb\xab\xcc\xfb\x81^0z\xfb\xd6n\x8d\xa9\x1b\xdd\
=\x03\x1f\xde \xda\xde\xe3\xd6\xafR\x1aG\x1b\xaf\xe9\
\x91Y\xcd\x1c\xf6\xe3\xcbf?6\x0f\x06\xb1\xbc\xc9\x16\
M\xacN\x09\xf9Z\xbb]z\xdf\xcf\xb1\xce9S\x91\
\x5c|\xd0\xf9\xb1\x95'\x1e\x87\xd2\x81\x96-\xf5;\xbb\
s\x98\xe5`\x07l\xe6\xb7,\xfcH\xac\xdbnSn\
\x7f\x8d:W)nw\x06V?:\x1c\x1a\x97!z\
v\xefN\xc0z\x143E<bH\x9c:\x9e\xe0\xd3\
\xc75\xc1\xda_\xcfg(\x92\x17\xc7r\xbd\x9b\xea+\
\xad\xd3uhu\x05\xda0\x93\x0f\xbc\x87\xfaz\xd2\xb0\
\x1a\x06\x90\xf3\xc9\xa3\x14\xbe\xe6\x90\xc3\xb5'zZJ\
`!4\xb4\x1e\xb4q\xebH\x03\xbd\x1dh\x1crh\
\xa0\x02\x8e\xb4Q\x8c\xd0\x02b\x8c\x1aZ1@\x09\x93\
A\xe0\xe7\xb5.)\x0d\x00\x18\xc7\x02\x93\xb74\xb9\xa4\
\xeah\x01r@\xa9\xe2\x97\x1c7J\xaeG\x14\xa3\xaf\
\xb5\x00\xcd\x01\xc8\xc8\xa2\xab\xc3.\x0e\x0dX\xa6 \xa2\
\x8a(\x10QE\x14\x00QE\x14\x00QE\x14\x00Q\
E\x14\x00QE\x14\x00QE\x14\x00QE\x14\x00Q\
E\x14\x00QE\x14\x00QE\x14\x00QE\x14\x00Q\
E\x14\x00QE\x14\x00QE\x14\x00QE\x14\x00Q\
E\x14\x00QE\x14\x00QE\x14\x00QE\x14\x00Q\
E\x14\x00QE\x14\x00QE\x14\x00QE\x14\x00Q\
E\x14\x00QE\x14\x00QE\x14\x00QE\x14\x00Q\
E\x14\x00QE\x14\x00QE\x14\x01\xe7\x8bm4\xc7\
\x08\x8c\xd9\xea\x02\xd5\xdbo\x0e\xdfM\xb4\xbca\x07\xfb\
F\xbbP\xa1z\x00>\x82\x97\xad\x00b\xda\xf8r\xde\
 \x0c\xecdo\xee\x8e\x05U\xd7\xb5!i\x18\xb2\xb3\
\xfd\xd9?x\xa8\xc5o]N \x81\x98\x9cW\x03\x7f\
+\x5cN\xeeH\xe6\x80\x16\xc2i\x12\xfa\x16\xcf\xcf\xb8\
\x0c\xe6\xbd\x0e\xbc\xefNB\xfa\x95\xb2\xe3$\xcc\xa7\xf0\
\xcf\xf8W\xa2P\x01U\xee\xef\x22\xb3\x87\xcc\x90\xe7\xd0\
\x0e\xf5,\x8f\xe5\xc6\xcf\x82p3\x81\xd6\xb9\xa3o}\
\xac]\xb3:\x98\xe3S\x81\x9e0=\xa8\x036\xfa\xfa\
k\xf9\xb7\xbb|\xb9\xe1GaTe\x8f\x00\x17\x1c\xe7\
\x18\xad=RHl$6\xb6\xeb\xf3\xf4i\x08\xc9&\
\xb3m\x227\x9a\xad\xa5\xbeI28'\xe8:\xd0\x07\
g\xa3i\xd1\xdaY\xa3\x18\x80\x94\x8c\x96=kBy\
\xd2\xde\x17\x96B\x02\xa894\xb2H\xb1G\x96\xe8\x06\
+\x93\xd4\x8d\xdf\x89o\x8e\x9dn\xe6+8\xcefq\
@\x8a/\xae\x9b\xedQ\xa5\x86\xdd\xae\xa6S\xb6\x18\xff\
\x00\x85}\xcdi\xc5\xe1\xdb\xcdVaq\xad\xdc\xb3\x0e\
\xa2\x05\xe0\x0fj\xdc\xd3\xb4\x9b=.\x11\x1d\xac*\xb8\
\x1f{\xb9\xfcj\xf5\x03!\xb6\xb4\x82\xce!\x15\xbcK\
\x1a\x0e\xca?\x9f\xadME\x14\x00QE\x14\x01\xcek\
6\xc5n\xb7\x806\xb75\x87,}\xcf_\xa5v:\
\x9c\x02[}\xd8\xe5k\x9a\x9a#\xf3P\x05]\x22s\
c\xaf\xdb1?$\xb9\x85\xcf\xd7\xa7\xea\x05w\xb5\xe7\
7\xa8\xc9\x1f\x9a\xbc<d8?J\xf4\x1bi\xd2\xea\
\xd6+\x84\xfb\x92(q\xf440%\xa8.l\xe1\xba\
M\xb2\xa6}\xfb\xd4\xf4P\x06\x04\xdaL\xd6\xccZ&\
\xde\x9e\x9d\xc5:\xd2\xe1\xa1\x93\x9c\x8fQ[\xb5Z{\
(\xa7\xe7\x1b[\xd4P\x05\x85`\xea\x19NA\xa5\xaa\
\xf6\xb0\xc9\x02\x14b\x08\x1d\x0dX\xa0\x02\x8a(\xa0\x02\
\x8a(\xa0\x02\x8a(\xa0\x02\x8a(\xa0\x02\x8a(\xa0\x02\
\x8a(\xa0\x02\x8a(\xa0\x02\xa3\x9e\x14\xb8\x85\xa2\x90e\
X`\x8a\x92\x8a\x00\xe1\xef\xacZ\xdeV\x89\xf2Jt\
>\xab\xebY\xb3|\xab\x81\xcdw:\xb5\x97\xda\xad\xcb\
 \x1er\x0f\x97=\xfd\xab\x89\x9e2\xaex\xc2\xe7\x81\
\xe8})\xdc\x0bZ\x15\xd0\xb7\xbcUbB\xb7\x0d]\
\x8dy\xf23#\x82:Wm\xa6\xdc\x9b\xab$\x90\xfd\
\xeeA\xc5&4Iw\x1f\x99k\x22\xfbW\x11*\x10\
\xec\xb8\xe9\xeb]\xe9P\xc0\x8fZ\xe4\xb5\x0b\x7f.\xe5\
\x80\xeeh@\xcc\x89 e\x95$@\x06~V\xa1\xa3\
\x079\xef[\xba\x5c0\xcd#[\xcc\xa0\x87\x07\x19\xea\
\x0d%\xf6\x8b=\xb9\xdd\x1f\xcf\x1f\xea)\xdc\x0e\x7fn\
\xdeON\xb5\x22\xb3FC\xc6\xd8a\xd0\x83\xc8\xa9\x9a\
\x13\xc8?J\xaeP\xa8\xe0q@\x8e\xbbF\xd6\x96\xf5\
\x04\x13\x9d\xb3\xa8\xe0\xff\x00{\xe9Z\xf8\xe2\xbc\xed]\
\xd5\x94\x82U\x97\x90A\xe9]\x86\x8d\xab-\xf4~T\
\xa7\x17\x0a?\xef\xa1\xea)44\xcdN\xd4S\x8d%\
!\x88E\x14\xb4P!\x08\xcd%.)q\x8a\x00J\
i\xe6\x9dK\x8a\x00oN(\xebK\x80h<t\x14\
\x0cn9\xa0\xd2\xd2`\x9a\x00\x00\xc7ZA\xd6\x97\x19\
\xa3\xa1\xe9@\x08s\x8e\x94\xa3\x81FI4\x11\x9a\x00\
\x5c\xf3Va\x93#\x04\xf3\xda\xaa\xf6\xa7\xa9\xc6\x08\xea\
(\x06]\xa2\x99\x1b\x87Z}2B\x8a(\xa0\x02\x8a\
(\xa0\x02\x8a(\xa0\x02\x8a(\xa0\x02\x8a(\xa0\x02\x8a\
(\xa0\x02\x8a(\xa0\x02\x8a(\xa0\x02\x8a(\xa0\x02\x8a\
(\xa0\x02\x8a(\xa0\x02\x8a(\xa0\x02\x8a(\xa0\x02\x8a\
(\xa0\x02\x8a(\xa0\x02\x8a(\xa0\x02\x8a(\xa0\x02\x8a\
(\xa0\x02\x8a(\xa0\x02\x8a(\xa0\x02\x8a(\xa0\x02\x8a\
(\xa0\x02\x8a(\xa0\x02\x8a(\xa0\x02\x8a(\xa0\x02\x8a\
(\xa0\x02\x8a(\xa0\x02\x8a(\xa0\x02\x8a(\xa0\x02\x8a\
(\xa0\x02\x8a)\x09\xc0'\xd2\x800<Ey\xb2?\
(\x1es\x8a\xe4dbKd\xe35\xab\xad\xcf\xe6\xdf\
\xc83\x90+\x19\xc7\xcd\x93\xd0{\xd0#w\xc2\xd6\xfe\
~\xa8f#\x22%\xcf\xd0\xf4\x15\xda\xd6'\x85\xad>\
\xcf\xa5\xf9\xac\xb8i\x8e\xef\xc3\xa0\xad\xba\x06\x14\xc9d\
\x11B\xeez(&\x9fX\xbe\x22\xbd\xfb=\xb2\xc2\xa7\
\x0d'-\xf4\x14\x01\xca]\xb7\x9dt\xf2\x93\x92Ny\
<U\xcf\x0a\xc6g\xd6g\x9d\x01\x22(\xf6d\xf4\x04\
\xff\x00\xf5\xab\x1ey7\xe4\xe4\x84\xc7&\xba\xaf\x0e,\
z?\x86\x0d\xdc\xdcy\x84\xcas\xd4\xfaS\x02\xde\xbd\
z\xd0D\x96\xb6\xff\x00=\xd4\xdf*\x81\xce\x05^\xd2\
\xb4\xf5\xd3\xac\xd6!\xcb\x9f\x99\xdb\xd4\xd6n\x85h\xf7\
W\x0f\xab\x5c\xa9\xdf'\xfa\xa0{-t\x14\x80(\xa2\
\x8a\x00(\xa2\x8a\x00(\xa2\x8a\x00F]\xcaT\xf45\
\xcd\xde@c\x95\xd4\xd7KY\x9a\xad\xbe\xe5Y\x00\xfa\
\xd0\x07/s\x16\xf5a\x8c\xf1\x8ek\xa2\xf0\xac\xden\
\x83\x0a\xe7\xe6\x84\xb4G\xdb\x07\x81\xf9b\xb2fA\xbb\
n*\xc7\x84\xdf\xcb\xb9\xd4m\xbboY\x14}z\xff\
\x00J\x00\xe9\xe8\xa2\x8a\x00)\x0eq\x91KE\x00 \
>\xbcR\xd1E\x00\x14QE\x00\x14QE\x00\x14Q\
E\x00\x14QE\x00\x14QE\x00\x14QE\x00\x14Q\
E\x00\x14QM\x91\xb6\xad\x00F\xed\x96\xfaW;\xae\
i\xf8V\xba\x89x\xff\x00\x96\x8a\x07>\xc6\xba\x0ak\
\x00A\x07\xa1\xe2\x81\x9e~\xcaA\xf6\xc6Emxv\
\xe8\xac\x8dn\xe7\xe5nW\xea)5m/\xec\xec^\
5\xfd\xc9\xe4{\x1f\xf0\xac\xdbv{{\x84\x91A\x05\
XQ\xb8\x91\xdb\x8a\xc2\xd6\xa1\xdb(\x7fZ\xdc\x8d\x84\
\x91\xab\xafF\x00\x8a\xa1\xacG\xbe\xcc\xb6>\xed$6\
bX\x1c^D{\x07\x15\xd5\xd7'jv\xdcE\xfe\
\xf0\xfeu\xd6P\xc1\x19\xb7\xda<7 \xb2\x00\x92\x0f\
\xca\xb9\xdb\x9d>kBU\xd7\x8f^\xd5\xda\xd3$\x89\
%B\xae\xa0\x83\xebL\x19\xc0\xb4y\x1cTQ\xb3\xc1\
 \x91[k)\xc8#\xb5u\x17\xda\x1e\x01\x92\xdf\x91\
\xfd\xda\xc1\x9a\xdc\xa9 \xa9R:\x83N\xe0uzN\
\xa6\xba\x85\xbf\xccq2\x8f\x98z\xfb\xd6\x81\x19\x18\xaf\
?\xb7\xb9\x92\xc6\xe1d\x8d\x88e?\xa7\xa5v\xf6\x17\
\xd1j\x16\xa2T?\xef/\xf7i\x09\x16h\xc7\x14\xbd\
\xa8\xe9HbR\x1a^\xf4\x1a`&(\xa5\xa0\x81@\
\x0d\xfci6\xd3\x8f4\xb4\x80n(\xc5-&\x06q\
@\x09\x93\x9aL\x9av\x06i6\x9c\xd00\xe7\x14\x80\
\xe3\xad-'\xd6\x80\x14\x8c\xf6\xa0pis\xc7\x14\x94\
\x01,NU\xbe\xb5j\xa8\x03\x83V\xe2p\xcb\xd6\x81\
2J(\xa2\x98\x82\x8a(\xa0\x02\x8a(\xa0\x02\x8a(\
\xa0\x02\x8a(\xa0\x02\x8a(\xa0\x02\x8a(\xa0\x02\x8a(\
\xa0\x02\x8a(\xa0\x02\x8a(\xa0\x02\x8a(\xa0\x02\x8a(\
\xa0\x02\x8a(\xa0\x02\x8a(\xa0\x02\x8a(\xa0\x02\x8a(\
\xa0\x02\x8a(\xa0\x02\x8a(\xa0\x02\x8a(\xa0\x02\x8a(\
\xa0\x02\x8a(\xa0\x02\x8a(\xa0\x02\x8a(\xa0\x02\x8a(\
\xa0\x02\x8a(\xa0\x02\x8a(\xa0\x02\x8a(\xa0\x02\x8a(\
\xa0\x02\x8a(\xa0\x02\x8a(\xa0\x02\xa3\x99\xb6B\xc7\xd0\
T\x95WQ}\x962\x9fE\xa0\x0e\x0e\xe9\xb7\xce\xee\
z\x96&\x9bib\xf7\xd7q\xc3\x18\xe5\xce\x0f\xd2\x86\
\x05\x8f_z\xe9|/bQ^\xed\xc7'\xe5L\xd0\
#\xa0\x8e5\x8a%\x8d\x06\x15@P=\xa9\xf4Q@\
\xc4$\x01\x93\xd0u\xae\x03T\xbdk\xfdR\xe1\xf2L\
hv'\xb8\x1dk\xac\xd7\xaf\xc6\x9f\xa4\xcd6p\xe4\
m\x8c\x7f\xb4k\x85\x89JD\x8as\xbb\xbf\xd6\x84!\
\x0d\xb9\xb9\x9a\x1bT\x5c4\xaf\xb4\x0fj\xe8\xeeP\xea\
\xda\x8c:T\x1cZ[(\xf3\x08\xf6\xedXVry\
\x13Ir\x06]W\xcb\x8f\xdc\x9a\xedt-;\xfb>\
\xc0o\xe6y~y\x09\xeb\x93Lfs\xebwV\xb2\
\x18V\x08\x95\x13\xe5\x0aA\xe9W-|A\x04\xac\x16\
\xe23\x11\xec\xddT\xd4\xda\xae\x9a\xb7P\x99\x11@\x94\
\x0c\x82\x07Z\xe4\xd9^6!\x86\x08>\x94\x80\xef\x95\
\x83\xa8e \x83\xd0\x8e\x86\x96\xb9\x0d;R\x96\xc5\xb1\
\xf7\xa2\xcf\xcc\x99\xe8=\xab\xac\x8aT\x9a%\x922\x0a\
\xb0\xc84\x00\xfa(\xa2\x80\x0a(\xa2\x80\x0a\x8eh\xc4\
\xb0\xb2\x1e\xf5%\x14\x01\xcd\xcd\x16\x1c\xa9\x07\xae*-\
\x15|\x8f\x118<y\xb0\x11\xf8\x82+^\xfe\xdf\x0d\
\xe6\x0e\x87\xaf\xd6\xb3a\x8c\xa6\xb3i \x1d\xd9O\xe2\
(\x03\xa4\xa2\x8a(\x00\xa2\x8a(\x00\xa2\x8a(\x00\xa2\
\x8a(\x00\xa2\x8a(\x00\xa2\x8a(\x00\xa2\x8a(\x00\xa2\
\x8a(\x00\xa2\x8a(\x00\xa2\x8a(\x00\xa8dl\x9a\x95\
\x8e\x05@\xc2\x80CsKF(\xa0c\x1e5\x95\x0a\
0\x05H\xc1\x15\xcd\xea\x16\x0di&\xe5\x19C]=\
2HRd(\xe0\x10h@\xca\x1a=\xc0\x9a\xccF\
s\xba2A\xfaU\xe9bYbh\xdb\x90\xc3\x15Z\
\xd3N[I\xdeDbC\x0c\x10j\xed\x00s+k\
\xe4j(\x87\xfb\xc3\x15\xd2\xd5K\x8b?6\xe6)\x94\
r\x0f5n\x80BQN\xa4\xa0\x02\xa9\xdd\xe9\xd0\xdd\
\xa9\xdc\xb8o\xef\x0a\xbb\xda\x93\xa8\xa0\x0e7P\xd1\xa4\
\xb6b\xdbI_\xef\x0a\xa7cy6\x9dr\x1e>\x99\
\xc3)\xef]\xeb\x22\xba\x95e\x05OPk\x9c\xd4\xf4\
\x22\x0bM\x00%{\xa8\xea(\x11\xbdmq\x1d\xd5\xba\
\xcd\x1be[\xf4\xf6\xa9OJ\xe4\xb4\xbb\xd6\xd3\xae6\
6|\xa6\xe1\x97\xd3\xde\xba\xd5!\xd02\x9c\x83\xd0\xd0\
0\xedIN\xc5&(\x01\x0d\x06\x8aR(\x019\xf4\
\xa3\x14\xa34\x87\x9a@\x06\x93\x9cR\x91G4\x00\xda\
\x0e3N\xa6\x9e\xb4\x00\x1aAF9\xa0\x1cP0=\
x\xa0R\x8fz8=(\x01;\xd4\x90\xb0V\x1c\xf5\
\xa8\xf3\xce)GJ\x01\x97\xa8\xa6\xa1\xca\x03N\xa6H\
QE\x14\x00QE\x14\x00QE\x14\x00QE\x14\x00\
QE\x14\x00QE\x14\x00QE\x14\x00QE\x14\x00\
QE\x14\x00QE\x14\x00QE\x14\x00QE\x14\x00\
QE\x14\x00QE\x14\x00QE\x14\x00QE\x14\x00\
QE\x14\x00QE\x14\x00QE\x14\x00QE\x14\x00\
QE\x14\x00QE\x14\x00QE\x14\x00QE\x14\x00\
QE\x14\x00QE\x14\x00QE\x14\x00QE\x14\x00\
QE\x14\x01GL\xbd\x17p\x0c\x9f\x98\x0a\x87^\x93\
\xcb\xd3Xwc\x8a\xc3\xd3\xae\x1a\xd6\xe1[?)<\
\xe6\xb4\xfcD\xe2]:&R0\xcd\x9f\xad\x00s\xb6\
6r\xde]\xa4J1\xb8\xf2}\x07\xadw\x90\xc4\xb0\
B\x91 \x01T`V^\x83\xa7\x9bko:A\xfb\
\xc9\x06F{\x0a\xd7\xa1\x80QEEs2[[\xc9\
;\x90\x125,h\x03\x8b\xf1\x8e\xa0&\xd4\xe0\xb1V\
\x1ba\x06I=3YO&\x22w^F\xdc\x8a\xcb\
\xb9\xb9\x92\xee\xee\xe2\xf9\xf8i\xd8\x91\x9fJ\xaeo$\
g\x8a\xdd\x0eY\x9b$\x0ab;/\x0a\xe9\xff\x00l\
\xb8[\x89W0\xc1\xc8\xcfv\xae\xe2\xb14+\xabH\
l\xa1\xb5_\x92L|\xd9\x1fx\xfb\x1a\xdb\xa4\xc6\x15\
\x91\xaa\xe9+r\x0c\xb1\x0cI\xe9\xebZ\xf4P\x07\x04\
\xc8\xd0\xb9VR\xa4u\xad]#T\xfb4\xbeK\x9f\
\xdd1\xff\x00\xbeMk\xea:Z^!d\x00K\x8e\
\x0f\xadr\xd3C%\xac\x8c\x92\xa1R\x0f\xe9@\x1d\xd7\
\xff\x00\xae\x8a\xcc\xd1\xae\xcd\xc5\xa0G9t\xe3\x9e\xe2\
\xb4\xe8\x00\xa2\x8a(\x00\xa2\x8a(\x01\x92 x\xca\x1e\
\xf5\x92#\xc5\xea\x029V\x07\xf5\xad\x9a\xad,\x19\x9d\
$\x03\xeb@\x16h\xa2\x8a\x00(\xa2\x8a\x00(\xa2\x8a\
\x00(\xa2\x8a\x00(\xa2\x8a\x00(\xa2\x8a\x00(\xa2\x8a\
\x00(\xa2\x8a\x00(\xa2\x8a\x00(\xa2\x8a\x00c\xf0*\
#Os\x93L4\x0d\x05%;\x14b\x80\x1bKE\
.(\x01?\x0a(\xa7P\x03i1N\xc5&(\x00\
\x14g\xda\x97\x14c\x14\x00\x98\xe2\x8a)q@\x09\xda\
\x93\x18\xa7v\xa4\xeb@\x19z\x8e\x92\x97Jd\x8c\x05\
\x97\xdb\x8a\x87I\xb9x\xdc\xd9\xcf\x90\xc3\xee\xe6\xb6\x88\
\xe2\xaa\xdcX\xc5;+\x9c\x87S\x90\xc2\x80,\xf6\xa4\
\xc7\x14\xbd\xa9h\x01\xb8\xa44\xea\x08\xa0\x06\x91E\x06\
\x97\xf0\xa4\x02\x11E\x1c\xd2\x1e\xb4\x00f\x8cd\xd2\xf0\
h4\x00\xd3IO\xebI\x8c\x1a\x00LR~\x14\xe3\
\x8fZLP\x02c\x8e\x07ZU\xa0\xe6\x80Oz\x00\
\xb1\x01\xc8\x22\xa5\xaa\xf1\x1c7\xd6\xacS\x13\x0a(\xa2\
\x80\x0a(\xa2\x80\x0a(\xa2\x80\x0a(\xa2\x80\x0a(\xa2\
\x80\x0a(\xa2\x80\x0a(\xa2\x80\x0a(\xa2\x80\x0a(\xa2\
\x80\x0a(\xa2\x80\x0a(\xa2\x80\x0a(\xa2\x80\x0a(\xa2\
\x80\x0a(\xa2\x80\x0a(\xa2\x80\x0a(\xa2\x80\x0a(\xa2\
\x80\x0a(\xa2\x80\x0a(\xa2\x80\x0a(\xa2\x80\x0a(\xa2\
\x80\x0a(\xa2\x80\x0a(\xa2\x80\x0a(\xa2\x80\x0a(\xa2\
\x80\x0a(\xa2\x80\x0a(\xa2\x80\x0a(\xa2\x80\x0a(\xa2\
\x808\xd6\x8c\x9c\xe2\xb5\xf4\xd0\x97p\xac\x17\x0a\x1ba\
\xca\xe6\xabKnb\x94\xa3\x0a\x9a\xd0\x88\xa6F\xe7\x83\
\xcf\xd2\x807\xbbb\x8a(\xa0\x02\xb9\x7f\x1b_\x984\
\xd4\xb2\x8c\xfe\xf2\xe5\x82\xfe\x1d\xeb\xa7$($\xf4\x15\
\xe7:\xa5\xd9\xd4\xf5\xe9\xa7\x191A\xfb\xa4\xf4\xcfz\
\x10\x18z\x82\x08\x15\x15O\xca\x17\x07\xf0\xa4\xf0\xfd\xb0\
\xb8\xb8k\xd7_\x95N\x12\x97]gX\xa3\x08~g\
m\xbcV\xf6\x91d\x96\xd6\x96\xf6\xc4c\x91\xb8\xfdi\
\x88\x93s)\xdc\x0e2y\xad\xdd/]eU\x8a\xe7\
$g\x01\x8fZ\xcb\xbd\xb2\x92\xces\x1b\x83\x8c\xf0\xde\
\xb5\x01\xc1\xf5\xe6\x90\xce\xf5\x1dd@\xe8AS\xd0\x8a\
urZn\xad%\x93\xed|\xb4]\xc7\xa5u0\xcf\
\x1d\xc4BH\x982\x9e\xff\x00\xe3@\x12UK\xdb\x08\
\xafc\xc3\xaf\xcc:7z\xb7E\x00`\xd9ZOa\
|\x01RQ\xb8$V\xf5\x18\xa2\x80\x0a(\xa2\x80\x0a\
(\xa2\x80\x0a1\xcd\x14P\x01E\x14P\x01EU\xbb\
\xd4ml\x973\xca\xaa}\x07Z\xc6\x9b\xc51\xe7l\
\x11\x16>\xa6\x80:?\xc2\x8a\xe5\x87\x89\xae3\xf3F\
\x98\xa9W\xc4\xcf\x9f\x9a\x11\x8fQ@\x1d%\x15\x86\x9e\
#\x88\xfd\xf8\x9cU\xa8\xb5\xbb9N7\x95>\xe2\x80\
4\xa8\xa6G4r\x8c\xc6\xea\xc3\xd8\xd3\xe8\x00\xa2\x8a\
(\x00\xa2\x8a(\x00\xa2\x8a(\x00\xa2\x8a(\x00\xa2\x8a\
;P\x04M\xc9\xa6\x9aq\xa44\x0c\x05\x14\x01K@\
\x09\x8a(\xef\x8aZ\x00LR\xd2\xd2P\x02Q\xda\x8a\
_j@%\x14R\x8e\x050\x13\x1e\xd4\x9d\xa9\xd4\x9d\
\xa8\x00\xedI\xd2\x9dHh\x01;PE-\x18\xe2\x80\
\x1bA\xa7R\x1e\x94\x00\xda)H\xa0\x8cP\x03H\xa5\
\xc5\x18\xa0\xd2\x00\xa44\xb4\x1a`&)\x0d;\x14\xdc\
R\x00\xa2\x97\x03\x14\x9d\xe8\x011\xcd\x1d\x05-&y\
\xa0\x03\xa8\xcd&0x\xa5\xc5\x00q\x8a\x00tg\x0d\
\x9a\xb5UEY\x1d)\x83\x16\x8a(\xa0AE\x14P\
\x01E\x14P\x01E\x14P\x01E\x14P\x01E\x14P\
\x01E\x14P\x01E\x14P\x01E\x14P\x01E\x14P\
\x01E\x14P\x01E\x14P\x01E\x14P\x01E\x14P\
\x01E\x14P\x01E\x14P\x01E\x14P\x01E\x14P\
\x01E\x14P\x01E\x14P\x01E\x14P\x01E\x14P\
\x01E\x14P\x01E\x14P\x01E\x14P\x01E\x14P\
\x01E\x14P\x01E\x14P\x01E\x14P\x05;\xebo\
4\x07Q\xf3\x0a\xa0\xa8\x00\x1fJ\xdb\xea0k:x\
\x0cnX}\xda\x00\xbb\x0bo\x85\x0f\xb5IPZ6\
a\xc7\xa1\xa9\xe8\x03#\xc4z\x88\xd3\xf4\x99\x18\x7f\xac\
\x7f\x95@\xf5\xae\x1e\xde3\x0c(\xacr\xc7\x93\x8e\xe6\
\xb4\xfcM{\xf6\xcdh@\x091\xdb\x80N?\xbd\xda\
\xa9/\x11\xb3\xb68\x06\x98\x8a\xf0\xd8\x9dKR\xdc\x17\
1Z\x0d\xed\xf5\xedZ\xd1\xf0A\xe9\x8a\xd2\xf0\xbe\x9b\
\xff\x00\x12[\x89\x99\x7fytI\xe7\xd0t\xff\x00\x1a\
\xa8\xf6\xef\x0c\x92+\x8c`dP\x07Y5\xb4W\xb6\
\xe1d\x00\xe4p}+\x98\xd44\xa9,\x98\xb0\x05\xa3\
\xec\xc2\xb7n\xf5!ag\x04\x862\xc1\x94\x7f*\x9e\
\xd6\xea\xdfR\xb6\xde\xb8*z\xa9\xedHg\x12_\x92\
:\x9a\xb9e}-\x9c\xa1\xa3o\x94\xf5S\xd0\xd6\x9e\
\xa7\xa1\x1c\xb4\xb6\xbf\x8a\xfaV\x0b+\xc6\xfb\x5c`\x8e\
\xd4\x01\xddZ\xdc\xc7w\x02\xcd\x17\xdd?\xa1\xf4\xa9\xab\
\x91\xd1\xb5!gpQ\xff\x00\xd5?_c\xeb]h\
 \x80A\x04\x1e\xf4\x00\xb4QE\x00\x14QE\x00\x14\
QE\x00\x14QE\x00\x15\x8b\xadkb\xcdL\x16\xe4\
\x19\xcfS\xfd\xda\x9bY\xd4\xc5\x85\xb9\x0a\x7fz\xc3\xe5\
\xc7j\xe3Uf\xbb\x9c\xe03\xbb\x9c\x8crM\x00C\
!y\xa4g\x96Gw'9cRC\x1e\xe1\x8cd\
\xe7\x18\x1dk~\xcf\xc2\xef&\xd6\xbb\x93b\xff\x00q\
~\xf1\xff\x00\x0a\xde\xb4\xd3m,\x97\x10\xc2\xa0\xff\x00\
x\xf2h\x03\x94\xb6\xd1\xefn9XH_\xef7\x02\
\xb4b\xf0\xd4\xa4\xfe\xf2eQ\xe89\xae\x97\x14P\x06\
*xr\xdc\x11\xe6J\xed\x8f\xc2\xac\xa6\x89f\x9f\xc2\
\xc7\xeakF\x8a\x00\x86\x0bX\xad\xc6#\x5c\x0a\x9a\x8a\
(\x00\xa2\x8a(\x00\xa2\x8a(\x00\xa2\x8a(\x00\xa2\x8a\
(\x00\xa0\xf44Pz\x1a\x00\x88\xd0iH\xa0\xd01\
\x05\x14\xa2\x96\x90\x0c\xefKK\x8eih\x01(\xc5-\
\x14\xc0JJwzB)\x00\x9d\xe8\xc7\x14\xa3\xad-\
\x00 \x14P(\xa0\x04\xa2\x97\x1cQ\x8a`&8\xa4\
<\x0a^\xd4\xbd\xa8\x01\xb4R\xf6\xa3\x14\x00\xd3\xd2\x90\
\x8a~)\x0e)\x00\xdaR)h\x22\x98\x0d4\x86\x9c\
h\x22\x80\x1bI\x9aq\x18\xe9I@\x06)\xb8\xe6\x9d\
K\x8ei\x00\xca1N\xa4\xa0\x04<\xd2`\xf5\xa7b\
\x8c\xd3\x01EX^TUqV\x17\xee\x8f\xa5\x00\xc5\
\xa2\x8a(\x10QE\x14\x00QE\x14\x00QE\x14\x00\
QE\x14\x00QE\x14\x00QE\x14\x00QE\x14\x00\
QE\x14\x00QE\x14\x00QE\x14\x00QE\x14\x00\
QE\x14\x00QE\x14\x00QE\x14\x00QE\x14\x00\
QE\x14\x00QE\x14\x00QE\x14\x00QE\x14\x00\
QE\x14\x00QE\x14\x00QE\x14\x00QE\x14\x00\
QE\x14\x00QE\x14\x00QE\x14\x00QE\x14\x00\
QE\x14\x00S]\x03\xae\x0d:\x8a\x00\x8e\x18\xfc\xb0\
G\xadGyt\x96v\xb2M'E\xed\xeb\xf4\xa9\xd9\
\x82\xa9f8\x00\x12O\xb5p\xba\x8d\xe4\x97N\xd9c\
\x82\xdf(\xa0\x0c\x93+I<\x927\xde\x95\x8b\x1f\xe9\
S\xb0iPF\x83\x99\x0a\xa8\x1e\xe7\x8a\x83f98\
\xadM\x0e\xd4\xddk\x16\xdc\x12\x88L\x87>\xc3\x8ab\
;{Kt\xb5\xb4\x8a\x04\xfb\xb1\xa8Q\xf8V.\xb9\
\x1e\xc9C\x8e\x01\xad\xf6!A,p\x05gMn\x9a\
\xb1\xcb\x82 S\x81\x8f\xe2\xa42\xb6\xa4\x82o\x0e+\
\xae2\x88\xac\x0f\xe1\x5c\xc6\x95\xa9\xcdcz\xad\x9f\x91\
\xbe\xf0\xed]\xc4\xf6\xab\xfd\x98\xf6\xcb\xf7DeEy\
\xc4\x89\xb2]\xa4\x93\x8a\x00\xf4\xd8&I\xe2YP\x82\
\xad\xde\xab\xde\xe9\x90^\xaf\xcc\xbb[\xfb\xc3\xads\xde\
\x1b\xd4\xfc\xb9\x05\xb4\xad\xf2\xbf\x03\xeb]5\xd4\x0d<\
[VGC\xea\xa7\x06\x809\x8b\xbd\x16\xe6\xdb\x95\x1e\
b\x7f\xb3\xd6\xb54K\xe2\xc9\xf6IN\x1dy]\xdd\
\xfd\xaa\xb5\xd5\x8e\xa1\x10&;\x99[\xea\xe7\xfck1\
\xae/\xad\xe4\x0c]\x83\x0e\xe4s@\x1d\xb5\x1d\xab\x90\
\x8f\xc4\x17\xa8F\x5c?\xa8p?\xa5_\x8b\xc4\xe9\xc0\
\x96\xd9\x86\x0e2\x874\x01\xd0QTm\xf5\x8b\x1b\x9c\
m\x98)?\xc2\xfc\x1a\xba\x0eFG\xd6\x80\x16\x8a(\
\xa0\x02\xa3\x9aA\x14M&>\xe8\xce*JB\x01\xea\
2(\x03\x95].\xf3W\xbby\xee?u\x19=\xfa\
\xe2\xba\x0b=:\xda\xc1q\x02`\x9e\xacy&\xad\xe2\
\x8a\x00(\xa2\x8a\x00(\xa2\x8a\x00(\xa2\x8a\x00(\xa2\
\x8a\x00(\xa2\x8a\x00(\xa2\x8a\x00(\xa2\x8a\x00(\xa2\
\x8a\x00(=(\xa2\x80\x19E\x14P0\x02\x96\x8a)\
\x00\x94\xb8\xa2\x8a\x001IKE0\x0aLR\xd1H\
\x03\x14b\x8e\xf4P\x01\x8aJZ1@\x08:Q\x8e\
){Rv\xa6\x02v\xa3\xb5-\x14\x00\x98\xa44\xea\
\x0d\x006\x82)qHi\x00R\x1a\x0d)\xa6\x03M\
\x06\x96\x82=\xa8\x00\xa6\x9aq\xa6\x9e\xb4\x00\x9d\xe9{\
\xd1\xde\x8e\xf4\x00\x1aJ(\xa0\x04\x074b\x8cQ\x8f\
z\x00p\xa9\xd7\xa0\xa8\x005`q@0\xa2\x8a(\
\x10QE\x14\x00QE\x14\x00QE\x14\x00QE\x14\
\x00QE\x14\x00QE\x14\x00QE\x14\x00QE\x14\
\x00QE\x14\x00QE\x14\x00QE\x14\x00QE\x14\
\x00QE\x14\x00QE\x14\x00QE\x14\x00QE\x14\
\x00QE\x14\x00QE\x14\x00QE\x14\x00QE\x14\
\x00QE\x14\x00QE\x14\x00QE\x14\x00QE\x14\
\x00QE\x14\x00QE\x14\x00QE\x14\x00QE\x14\
\x00QEAwu\x1d\x9d\xa4\x97\x12\x1f\x95\x06~\xb4\
\x01\x91\xe2MG\xc8\x81l\xe3o\xde\xcb\xf7\xb1\xd9{\
\xd7,\xef\x81\x93\xd3<\xf7\xa5\x9a\xe6K\xbb\x89.f\
?3\x9c\x8foj\xadqu\x1d\xb2ns\xd7\xa2\xf7\
4\xc4N\xa1H\xe0\xe4\x03\xc9\xf4\xae\xaf\xc3z{[\
\xc6\xf7\x12\x02\x19\xc6\x14\x1e\xb8\xaek\xc3Z}\xce\xb1\
x\xb7s.\xcb\x18\xc98\x1co?\xd6\xbb\x0dN\xf0\
\xc6\xabk\x07\xfa\xe98\x00v\x14\x86,\x8e\xd7\xd7&\
\x04\xcf\x94\x9f|\xfa\xd2\xb6\xabg\x04\xebm\xb8\xa9\x03\
\x19\xc7\x03\xebVl\xed\x85\xad\xba\xc7\x9c\xb7s\xeak\
\x91\xd4~]Bpz\xef4\x01\xdad\x11\xc1\x04\x1f\
\xd6\xbc\xefW\x83\xec\xda\x8c\xa9\xce\x03V\xfe\x93\xac\xb4\
%`\xb8$\xc7\xfc,z\xadW\xf1]\xb6\xe6\x8e\xe2\
3\xf2\xb8\xfb\xc3\xbd\x029\xdbyY\x1b\x8e0r\x0d\
w\xda.\xa1\xf6\xfb\x00\xccG\x98\x87k\xd7\x9e\xa1\xc7\
Z\xe8<9x \xd4U\x0ba&\x1bO\xd7\xb50\
;B\x01\xea8\xaa\xf3YC:\xe1\xd4~Ub\x8a\
C0.|:\xad\xb9\xa1 \x1fCY3\xe9\xb7\x16\
\xf9\xdc\x87\x1e\xb8\xae\xd6\x90\xa8a\x86\x00\x8fC@\x1c\
\x09\x8f\xa6A?Z\xb5g\xa8]X\xb0\x11\xcaLc\
\xf8\x1b\x91]D\xfa]\xb4\xfdSi\xf6\xac\xbb\x9d\x0a\
E\xe6&\x04P\x06\x95\x86\xab\x0d\xe8U?$\xdd\xd0\
\xd5\xfa\xe3\xda\xcah\x0f\xce\x84\x11\xd0\x8a\xd1\xb1\xd5\xa4\
\x84\xacw\x19t\xfe\xf7q@\x1b\xf4SQ\xd6D\x0e\
\x8c\x0a\x9e\x84S\xa8\x00\xa2\x8a(\x00\xa2\x8a(\x00\xa2\
\x8a(\x00\xa2\x8a(\x00\xa2\x8a(\x00\xa2\x8a(\x00\xa2\
\x8a(\x00\xa2\x8a(\x00\xa2\x8a(\x00\xa2\x8a(\x01\x0d\
\x14\x1a(\x18b\x8cQE\x00\x18\xa3\x14Q@\x09K\
\x8a(\xa0\x03\x14b\x8a(\x01\x05.(\xa2\x80\x12\x8a\
Z1@\x09\xda\x8aZJ\x00(\xa2\x8a@\x14QE\
0\x12\x8a\x5cQ\x8a\x00i\xa4\xa7\x1a)\x00\x98\xa0\xd2\
\xd2P\x02b\x90\x8au!\xa6\x02b\x93\xbd-\x1d\xe8\
\x018\xa4\xc5\x07\xad\x14\x00\x94\xb8\xa3\x14P\x02\xaf,\
\x05OQF>o\xa5K@\x98QE\x14\x00QE\
\x14\x00QE\x14\x00QE\x14\x00QE\x14\x00QE\
\x14\x00QE\x14\x00QE\x14\x00QE\x14\x00QE\
\x14\x00QE\x14\x00QE\x14\x00QE\x14\x00QE\
\x14\x00QE\x14\x00QE\x14\x00QE\x14\x00QE\
\x14\x00QE\x14\x00QE\x14\x00QE\x14\x00QE\
\x14\x00QE\x14\x00QE\x14\x00QE\x14\x00QE\
\x14\x00QE\x14\x00QE\x14\x00QE\x14\x00W!\
\xe2MG\xedW\x02\xce3\xfb\x88\x8f\xef1\xdd\xabw\
Y\xd4E\x8d\x99\x0a\xd8\x9eN#\x1e\x87\xd7\xe9\x5c+\
\xb6\xf3\x80I\xf7\xf5\xa6!\xae\xfbC9\xe0\x01\xce*\
\x86\x89\xa6K\xe2=o\x92E\xbar\xc4vZ\x92\xfc\
<\xa5m!\x04\xcb+\x01\x81\xef^\x87\xe1\xed\x194\
]1 \x00y\xad\xf3H\xde\xa6\x80.\x91\x0e\x9dd\
\x165T\x8e1\x85\x00t\xaaZ]\xbbM+\xdf\xcc\
2\xec~L\xf6\x15\x1e\xa4Z\xfe\xf6;\x18\xc9\xda\x0e\
d \xf6\xad\x84EDTQ\x85Q\x80)\x0cuq\
\x1a\xa3gS\x9d\x8f\xf7\xcdv\xcc\xc1\x11\x98\xf4\x035\
\xe7\xd7R\x99.d\x90\xf2Y\xb3@\x06\xec\x8e\xbdj\
Cz\xedb\xd6\xd2\xe5\xe2\x07*OU?\xe1U\xa3\
p\xcd\xb78\xa9\x0a\x83\xc6~\xb4\x08\xcd\x7f\xbf\xc0\xe3\
\xa8 \xd4\xb6\xcc\xc8\xea\xea\xd8`A\x1fQQK\x17\
\xd9\xe7\xceO\x96\xc7\xf24\xf4\x0d\xb8\x8c\x0a`ze\
\xa5\xc0\xba\xb3\x8aps\xbd\x01?Z\x9a\xb1|3?\
\x99\xa7\xb4d\xfc\xd1\xb7\xe8z~\xb9\xad\xaaC\x0a(\
\xa2\x80\x0a(\xa2\x80\x11\x95Xa\x94\x11\xefTg\xd2\
\xa0\x97\x95\x1b[\xda\xaf\xd1@\x190\xdb\xdc\xd8>S\
\xe6N\xebZqH$\x5c\xe0\x83\xe8i\xf4P\x01E\
\x14P\x01E\x14P\x01E\x14P\x01E\x14P\x01E\
\x14P\x01E\x14P\x01E\x14P\x01E\x14P\x01E\
\x14P\x01E\x14P\x01IKF(\x18\x94R\xe2\x92\
\x80\x0a)qI@\x05.(\xc5\x14\x00b\x8cQE\
\x00\x18\xa4\xa5\xa4\xa4\x01E.(\xc50\x12\x8a(\xa0\
\x02\x8cQE \x0cRR\xd0i\x80\x94QK\x8a\x00\
J(\xa0\xd2\x01(\xefK\x8a(\x01)\xa6\x9ch\x22\
\x80\x12\x90\x91KHh\x011I\x8aZ)\x80b\x93\
\x14\xb4/4\x80\x91\x06\x07\xd6\x9d@\x18\x14S\x10Q\
E\x14\x00QE\x14\x00QE\x14\x00QE\x14\x00Q\
E\x14\x00QE\x14\x00QE\x14\x00QE\x14\x00Q\
E\x14\x00QE\x14\x00QE\x14\x00QE\x14\x00Q\
E\x14\x00QE\x14\x00QE\x14\x00QE\x14\x00Q\
E\x14\x00QE\x14\x00QE\x14\x00QE\x14\x00Q\
E\x14\x00QE\x14\x00QE\x14\x00QE\x14\x00Q\
E\x14\x00QE\x14\x00QE\x14\x00QE\x14\x00Q\
E\x14\x01\xe7\x9a\x85\xec\x97\xf7O<\x87\x93\xc2\xaf\xf7\
W\xd2\xaa\x16\x11\xc6\x5c\x9003C`\xbe3\xf8\xd5\
V\x8eMF\xfa\x0d:\xdc\xe5\x9c\xe0\xd3\x11\xd0\xf87\
M\xfbM\xc4\x9a\xac\xe3;X\xac9\x1d\xfb\x9a\xec\xae\
f\x10[\xbc\xa7\xb04\xcb+H\xacl\xe2\xb6\x88a\
#]\xa3\xdf\xde\xb3<Gr\x22\xb5\x8e-\xc4y\x8c\
\x06\x07zLd\x9a2\x0f.[\xe9O2\xb1\xc1?\
\xdd\xadUp\xeb\xb8\x03\x8a\xa3en\xf2G\x19\x95v\
\xc6\x8a\x02G\xfe5\xa1\xfc\xa8\x02\x8e\xaf1\x83M\x95\
\x81\xc1`\x14~5\xc48\x07\x9e\xf5\xd5\xf8\x8aL[\
\xc6\x9e\xacMr\xad\xc99\xedB\x02$@\x085e\
p@\xf5\xc5B\xc3<\xe7\x8c\xe34\xb1\xb7\x18-\xd2\
\x81\x0d\xb9P\xc8r3\xd8\xd6o\x98a\x97\xcaf\xf9\
[\xee\x13[\x0eCq\xebY\xf7Vfdd\xe7\x8f\
\xba})\x81\xd2xf\xe28\xae\x9c4\x8a\xa1\xe3\xfe\
#\x8eG\xf95\xd6\xe7>\xe3\xd4W\x94\xe9\xf2\x17`\
\x1b\x89\x22m\xad\xf8\xd6\xf5\xae\xabwe\x80\x92\x92\x83\
\xf8\x1b\x91\x8a\x00\xee(\xac\xbb\x0dr\xda\xf4*9\xf2\
\xa5\xec\xacz\xfd\x0djR\x18QE\x14\x00QGZ\
?\x1a\x00(\xa3\xfc\xf4\xa2\x80\x0a(\xa2\x80\x0a(\xa2\
\x80\x0a(\xa2\x80\x0a(\xa2\x80\x0a(\xa3\x81\xd7\x8a\x00\
(\xa2\x8a\x00(\xa2\x8a\x00(\xa2\x8a\x00(\xa2\x8a\x00\
(\xa2\x8a\x00(\xa2\x8a\x00))h\xa0a\x9a1E\
\x14\x00QE\x14\x00Q\xde\x8a(\x00\xa2\x8a)\x00Q\
E\x14\x00b\x8cQE0\x12\x8a\x5cQ\x8a\x00J)\
qI@\x06(\xa2\x8a\x00)\x08\xa5\xa2\x80\x12\x8a\x5c\
R\x1a\x00CA\xa5\xa44\x80)\x0d)\xa44\x00\xdc\
sKA\xebE0\x10\x8atc\x14\x01\xcd<\x0cR\
\x01h\xa2\x8ab\x0a(\xa2\x80\x0a(\xa2\x80\x0a(\xa2\
\x80\x0a(\xa2\x80\x0a(\xa2\x80\x0a(\xa2\x80\x0a(\xa2\
\x80\x0a(\xa2\x80\x0a(\xa2\x80\x0a(\xa2\x80\x0a(\xa2\
\x80\x0a(\xa2\x80\x0a(\xa2\x80\x0a(\xa2\x80\x0a(\xa2\
\x80\x0a(\xa2\x80\x0a(\xa2\x80\x0a(\xa2\x80\x0a)2\
=i\x0b\x81@\x0e\xa2\x9a\x1c\x1a]\xc2\x80\x16\x8a\x01\
\xcd\x14\x00QE\x14\x00QE\x14\x00QE\x14\x00Q\
E\x14\x00QE\x14\x00QE\x14\x00QE\x14\x00Q\
E\x14\x01\xe5\xb7\x12-\xb5\xbb79\xc6\x00\xae\x87\xc0\
\xfa1\x86\x07\xd5.\x13\xf7\xd3p\x99\xec\xbe\xb5\x81\xa6\
\xd8\xbe\xbb\xacG\x00\x07\xc8\x8f\xe6\x90\x9e\xd5\xe8\xf3M\
\x0e\x9dg\x93\x80\xa8\xb8U\x1d\xfd\xa9\x88u\xdd\xd4V\
p\x19%8\x1d\x80\xefX\xf6\xd6R\xea:\x92j\x17\
\x83\x08\x9c\xc5\x11\xfd\x0dIik.\xa58\xbc\xbc\x18\
\x8c\x1f\xdd\xc7\xdb\x15\xb0\x17\x0eO\xa0\xc0\xf6\xa41\xfd\
\xb1E\x14\xc9f\x8e\x15\xdd+\xaa\x0fV8\xa0\x0e\x7f\
\xc4rft^\xc1\x7f\x9ds\xc7\xadj\xeb\x17\x90]\
^9\x85\xfc\xc0\x98\x04\xafJ\xc8fr\xa4\xa2\xfc\xc6\
\x806\xect\xcf\xb5h\x92\xb2\x83\xe6o%{\x93\x8a\
\xc3t\xf2\x9f\xe6\x18\xc7\x5c\xd7K\xa6\xe9\xda\x98\xb1\x84\
Ky\xe5\xae2Q}\xea\x9e\xb7\xa4\x98]d\x05\x99\
\x18rh\x03#z\x05V-\xd6\x98fV\x90\xa8V\
\xc8\xef\x8e)c@\x83\xcb*\x08\x150^\x9d\x07\xa5\
1\x18W\xb3\xc9\xa6\xde\x99b\x840\x98m'\xdf\xd6\
\x9f\x05\xce\xa5tXy1\xc4Gj\xb7\xab[y\xf6\
rc\xef\x0eG\xd6\x8bV\x13Z\xc3 \xeaTs@\
\x11m\xd4\xb2w\xcd\x1a\xe7\xba\xd6\xb5\x86\xa9\xa9\xc6V\
+\x8b\xe61\x03\x8d\xc3\xa8\x1f\xd6\xa6\x8e\xc1\xee\xed<\
\xebs\xb8\x8e\x1d;\x8a\xa6\xd1\x94m\xac0\xc0\xe3\x04\
R\x19\xd5Ccu<k$z\xbc\x8e\x87\xa1\x06\x9f\
\xfd\x8fv\xdf{T\x9f>\xcc\x7f\xc6\xb9\x9b-B\xe3\
O\x904NpO\xcc\x8cx5\xd7i\xba\xbc\x1a\x8a\
a\x7fw0\xea\x84\xff\x00/Z\x00\xaf\xfd\x8ft1\
\xff\x00\x13I\xf8\xf7?\xe3K\xfd\x93v\x0eF\xa9>\
~\xa7\xfck^\x8a\x00\xc9\x1am\xfa\xfd\xddI\xcf\xd4\
S\x85\x9e\xa8:_\x83\xf5Z\xd4\xa2\x803\x02k\x11\
\xff\x00\xcbX\x1f\xfd\xe1\xfe\x15*\xcd\xa8(\xc4\x96\xb1\
\xb7\xfb\x8d\x8a\xbdE\x00T\x17\x92\x0f\xbfi(\xfa`\
\xd4\x8bw\x1bpC\xa1\xff\x00iMOE\x00Dn\
!\x1f\xf2\xd5~\x99\xa8\x9a\xf4t\x8a\x19$>\xc3\x8a\
\x99\xa3\x18\xc8\x8d\x09\xf7\x00TE\x99?\xe5\x83\x81\xfe\
\xc1\xa0\x08\xbc\xdb\xf9\x07\xc9\x0aE\xfe\xf9\xcd\x1ff\xbd\
~$\xbb\xda?\xd8\x15*\xde@\xa3\x0e\xc5\x0f\xfbc\
\x9a\x9d$I\x06Q\xc3\x0fc@\x14N\x96X\xe5\xee\
\xe7o\xf8\x15'\xf65\xb7v\x90\xff\x00\xc0\xabF\x8a\
\x00\xa2\xbaM\xb2\xff\x00\x7f\xfe\xfa\xa9V\xcdc\xfb\x92\
\xca?\xe0Uf\x8a\x00\xaf<\xb2[\xc2\x5c)\x94\x0f\
\xe1\x03\x9a\xa4\x9a\xf5\xb98h\xa4\x5cu\xe0\x1a\xd5\xeb\
YW\xda4s\x93$'d\x9e\x9d\x8d\x00\x5c\x8bP\
\xb5\x9b\xeeL\xbfF\xe2\xac\xfd9\xae:[Iam\
\xae\x0a\x9fZ\x9e\x0b\xeb\xab]\xbb\x1c\x94\x1f\xc2\xdc\x8a\
\x00\xea\xa8\xaa6Z\x9cW\x8b\x83\xf2I\xfd\xd2\x7f\x95\
^\xa0\x02\x8a(\xa0\x02\x8a(\xa0\x02\x8a(\xa0\x02\x8a\
(\xa0\x02\x8a(\xa0\x02\x8a(\xa0\x02\x8a(\xa0aE\
\x14R\x10QE\x14\xc6\x14QE\x00\x14b\x8a(\x00\
\xc5%-%\x00\x14R\xe2\x92\x80\x0aCKE\x00%\
\x14\x1a(\x01\x08\xa0\xd2\xd2R\x01;\xd2\xe3\x9aZ1\
\x9a`\x00S\xa8\xa2\x81\x05\x14Q@\x05\x14Q@\x05\
\x14Q@\x05\x14Q@\x05\x14Q@\x05\x14Q@\x05\
\x14Q@\x05\x14Q@\x05\x14Q@\x05\x14Q@\x05\
\x14Q@\x05\x14Q@\x05\x14Q@\x05\x14Q@\x05\
\x14Q@\x05\x14Q@\x05\x14R\x16\x02\x80\x16\x9aX\
\x0aabi\xb4\x00\xf2\xe6\x9b\xb8\xfa\xd2Q@\x0b\x9a\
J(\xa0\x05\xa4\xa5\xcd%\x008\x1aP\xd4\xca(\x02\
`\xd9\xa5\xcdD\x0d8\x1a\x00}\x14\x03\x9a(\x00\xa2\
\x8a(\x00\xa2\x8a(\x00\xa2\x8a(\x00\xa2\x8a(\x00\xa2\
\x8a(\x00\xa2\x8a(\x03\x03\xc3\x9abh\xda?\x9b7\
\xfa\xd9\x06\xf9\x09\xa2\x04\x93Z\xbd\xfbL\xa0\x8bX\xcf\
\xc8\x0f\xf1\x1a\x9bY\xba\x84\xec\xb6\xf32O,\x13\x93\
\x8alRj\x13B!\xb3\x80[D\x06\x03\xbf\xde\xff\
\x00\x0a\x00\xd7y\x22\x82<\xbb* \xe9\x93\x81Y\xf2\
\xebQo\xd9k\x1b\xdc7\xfb#\x8f\xce\x88\xf4df\
\x0fw+\xce\xfe\xe7\x8a\xd1\x8e\x18\xa1]\xb1\xc6\xaa=\
\x85\x00e\xed\xd5\xaf?\x89mS\xd0u\xa7\xa6\x87\x09\
p\xf72I3\x0f\xef\x1a\xd4\xa4c\x80O\xa5\x00r\
7\xd1D\x97s,H\x15wc\x02\xa1\xb3\x83\xed\x17\
\xd1E\xd8\xb75-\xc9&V<\xe4\x9a\xd2\xd0-\x06\
Z\xe5\x97\xd9\x7f\xc6\x807\x80\xc6\x00\xedQ\x5c@\x97\
0\xb4N8?\xa5KE\x00pw\xb6\xafip\xf1\
2\x91\x83\x90}E@\x8f\x9e;\x8a\xec5\x8d<]\
\xc1\xbd\x07\xce\xa2\xb9\x07M\x8eGOQ@\x87\x10\x19\
y\xefU\x96\x1f*\xd0\xb2\x8f\x90HT\xe3\xb7\xa5X\
\x0d\xd4q\xcd\x5c\xd1\xa2[\xa6\xbd\xb3a\xfe\xb1\x03\xaf\
\xd6\x98\x10iw\xefev%\xc1\xdaxa\xea+\xae\
\x9e\xc6\xd3Q\x85_h\xf9\x86U\xd6\xb8FV\x86f\
GR\x19x\x22\xbao\x0ej\x03\xfe<\xe4n\xbc\xc7\
\x9f\xe5HeK\xfd\x02x>h\xb3\x22\x0fN\xb5\x8c\
\xbee\xbc\xcaP\xb2:\x9c\x83\xdcW\xa3\xf5\xed\xf5\xaa\
\x17\xbaM\xb5\xe2\x90P+\x1f\xe2\x02\x80)h\xfa\xf2\
\xde\x01ou\x85\x9f\xb3\x1e\x03V\xe5q7\xda%\xcd\
\x93\x16\x03|\x7f\xde\x15\xb3\xa2\xebK2\xad\xb5\xcbb\
P0\xae\x7f\x8b\xd8\xfb\xd0#v\x8a(\xa0aE\x14\
P\x01E\x14P\x01Gj(\xa0\x04dV\x18`\x08\
\xf4\x22\xaa\xbe\x9f\x099\x8f17\xaa\x1cU\xba(\x02\
\x89{\xcb_\xbe\x05\xc4c\xf8\x87\xde\x15f\x1b\x88\xa7\
\x5c\xc6\xd9\xc7P{T\xb5\x13@\x85\xf7\x8f\x95\xff\x00\
\xbc\xbd\xe8\x02Z(\xa2\x80\x0a(\xa2\x80#\x96\x18\xe6\
\x5cH\xa0\xd6|\xfaB\xb7\xfa\xa3\xf8\x1a\xd4\xa2\x809\
\xa9,d\x85\xfed \x8e\x84v\xad\x0b+\xf7M\xb1\
\xcf\xc8\xec\xf5\xa8@#\x04d{\xd5ilbs\x90\
6\x9fj\x00\xb2\x08# \xe4R\xd5[t\x92\x06(\
FS\xb1\xcdZ\xa0\x02\x8a(\xa0\x02\x8a(\xa0\x02\x8a\
(\xa0\x02\x8a(\xa0\x02\x8a(\xa0\x02\x8a(\xa0\x02\x8a\
(\xa0\x02\x8a(\xa0\x02\x8a(\xa0\x02\x8a(\xa0\x02\x8a\
(\xa40\xa3\x14QL\x04\xa5\xc5%-\x00%\x06\x8a\
\x0d\x00!\xa2\x83A\xa4\x01N\xa0\x0cQLAE\x14\
P\x01E\x14P\x01E\x14P\x01E\x14P\x01E\x14\
P\x01E\x14P\x01E\x14P\x01E\x14P\x01E\x14\
P\x01E\x14P\x01E\x14P\x01E\x14P\x01E\x14\
P\x01E\x14P\x01E\x14P\x01E\x14\x84\x81\xde\x80\
\x16\x90\x90)\x8c\xf4\xcc\x9a\x00q\x7fJo^\xb4b\
\x8a\x00(\xa34f\x80\x0a(\xa2\x80\x0a(\xa2\x80\x0a\
(\xa2\x80\x0a(\xa2\x80\x0aZJJ\x00\x90\x1ax9\
\xa8iA\xc5\x00ME5M:\x80\x0a(\xa2\x80\x0a\
(\xa2\x80\x0a(\xa2\x80\x0a(\xa2\x80\x0a(\xa2\x80)\
\xdbi\x96\xd6\xbc\xaa\x06~\xa5\x9b\x93W0\x07n(\
\xa2\x80\x0a(\xa2\x80\x0al\x9f\xea\x9b\xd8\x1ab\x5cG\
$\x8f\x1a6Y>\xf0\xa5\x9c\xe2\x07?\xec\xd0\x072\
\xd04\xf7+\x1a\x7f\x13b\xbah![x\x16$\xe8\
\xa3\x1fZ\xa5\xa7[mf\x99\x87=\x16\xb4h\x00\xa2\
\x8a(\x00\xeb\x5c\xee\xb5\xa5`\xfd\xa2 Gr+\xa2\
\xaewT\xd7\x1b\xed\xbfc\xb5\xc1\x00\xfe\xf1\xba\xfe\x14\
\x01\x81\xb3\x9fz\xbf\xa4\xb7\x93\xabB\xdd\x03\x82\xa6\x93\
X\x88Y\xde*c\x0b \x04Tv\xec\x16x\xdc\x1e\
\x8c1@\x8b~'\xb1h\xe5\x17q\x8f\x95\xce\x1b\x1e\
\xb5\x87i1\x8eUu$2\xb6\xe5>\xf5\xe87\x10\
%\xe5\xab\xc4\xe3*\xeb^y{i%\x8d\xdbD\xc0\
\xf0r=\xc5\x03=\x0a\xc6\xed/m\x12u=F\x08\
\xf45b\xb9O\x0c_\x85\x9c\xdb1\xf9e\x19\x1e\xcd\
\xde\xba\xba\x00B\x03\x0c\x10\x085\x8b\x7f\xe1\xf8go\
6\xdc\xf9rg8\xeckn\x8a\x00\xa7\xa7\xfd\xa5m\
\xc4wC\xf7\x89\xc6A\xe0\xd5\xca(\xa0\x02\x8a(\xa0\
\x02\x8a(\xa0\x02\x8a(\xa0\x02\x8a(\xa0\x02\x8a(\xa0\
\x02\x8a(\xa0\x02\x8a(\xa0\x02\x8a(\xa0\x02\x8a(\xa0\
\x02\x8a(\xa0\x02\x8a(\xa0\x02\x8a(\xa0\x02\x8a(\xa0\
\x02\x8a(\xa0\x02\x8a(\xa0\x02\x8a(\xa0\x02\x8a(\xa0\
\x02\x8a(\xa0\x02\x8a(\xa0\x02\x8a(\xa0\x02\x8a(\xa4\
0\xa2\x8a)\x80b\x8a(\xa0\x04\xa2\x97\x14\x94\x00\x1a\
1KE\x02\x0a(\xa2\x80\x0a(\xa2\x80\x0a(\xa2\x80\
\x0a(\xa2\x80\x0a(\xa2\x80\x0a)\x09\xc50\xb9\xa0\x07\
\xe4SK\xd4{\x8d%\x00I\xb8\xd1\xba\x99\x9a3@\
\x0f\xddK\xba\xa2\xa5\xcd\x00M\xba\x96\xa1\xcd85\x00\
IE74\xb9\xa0\x05\xa2\x8a(\x00\xa2\x8a(\x00\xa2\
\x8a(\x00\xa2\x8aBq@\x0bH[\x14\xc2\xc6\x9b\x9a\
\x00qsM'4\x94P\x01E\x14P\x01Fh\xa3\
\x14\x00\x94R\xe2\x8cP\x01E\x14P\x01E\x14P\x01\
E\x14P\x01E\x14P\x01F(\xa2\x80\x0a(\xa2\x80\
\x174\xe5je\x14\x01>h\xa8\xc3b\x9e\x0eh\x01\
h\xa2\x8a\x00(\xa2\x8a\x00(\xa2\x8a\x00(\xa2\x8a\x00\
(\xa2\x8a\x00)\xb20H\xd9\x8fa\x9auQ\xd6'\
\xfb6\x95p\xf9\xc1\xdaE\x00ahW\xc6]jL\
\xb6|\xcc\xe2\xba\xa6P\xcaA\xe8k\xce\xbc?q\xe5\
\xeb6\xfc\xfd\xe7\xc1\xfeU\xe8\xd40\x11T*\xed\x1d\
\x05-\x14P\x01E\x14\xc9$H\xa3i\x1c\xe1Td\
\x9fj\x00\xcb\xf1\x06\xa9\xfd\x9de\xb63\xfe\x917\xca\
\x83\xd3\xde\xb9m26\x9e\xfe(\xc6N\xe7\x04\x9f^\
\xe6\xa1\xbe\xbd}OP\x92\xe9\xb3\xb7\xee\xc4\x0fe\xad\
o\x0b@e\xd4$\x98\xfd\xd8\x93\x00\xff\x00\xb4h\x03\
C\xc5\x16\x8b-\xbcR`\xf0v\xe4v\xaev\x09\x1a\
7\x0a\xfd{\x1a\xed\xb5H|\xfd>E\x03\x91\xc8\xae\
,\x223\x0f0t=\x8d\x00wV\x8f\xbe\xd66\xcf\
\xf0\xd6n\xbd\xa5\x0b\xeb\x7f65\xfd\xf2r1\xdf\xda\
\xaf\xd825\x94M\x19\xf9v\xd5\x9a\x00\xf3h\x1aK\
K\x80\xe0\xeddo\xa75\xe8v\xb7\x02\xea\xd6)\x94\
\xf0\xc35\xcf\xeb\xba`G\xfbDk\x85o\xbd\x81S\
\xf8n\xe7\x09%\xab6q\xf3'\xf5\x14\x01\xbfE\x14\
P\x01E\x14P\x01E\x14P\x01E\x14P\x01E\x14\
P\x01E\x14P\x01E\x14P\x01E\x14P\x01E\x14\
P\x01E\x14P\x01E\x14P\x01E\x14P\x01E\x14\
P\x01E\x14P\x01E\x14P\x01E\x14P\x01E\x14\
P\x01E\x14P\x01E\x14P\x01E\x14P\x01E\x14\
P\x01E\x14P\x01E\x14P0\xa2\x8a(\x10QE\
\x14\x00QE\x14\x00QE\x14\x00QE\x14\x00QE\
\x14\x00QE\x14\x00QE\x14\x00R\x16\x02\x9a\xcd\x8a\
\x8c\x9c\xd0\x02\x96\xcd74Q@\x05\x14Q@\x05\x14\
Q@\x05\x14Q@\x05\x14Q@\x0b\xba\x9c\x0d2\x8c\
\xd0\x04\xa0\xd3\xc1\xcdCJ\x1a\x80%\xa2\x9a\x0eis\
@\x0b\x9aB\xd8\xa6\x96\xa6\x93\x9a\x00R\xd4\xd2sE\
%\x00\x14QE\x00\x14QE\x00\x14QE\x00\x14Q\
E\x00\x14QE\x00\x14QE\x00\x14QE\x00\x14Q\
E\x00\x14QE\x00\x14QE\x00\x14QK\x8a\x00J\
(\xa2\x80\x0aPqIK@\x12+S\xb3P\xd3\x83\
b\x80$\xa2\x906is@\x05\x14Q@\x05\x14Q\
@\x05\x14Q@\x05s\xde0\x9c\xc7\xa4\x88\xc1\xe5\xdc\
g\xf0\xae\x86\xb9?\x1a\xb1\xd9n\x9e\xf9\xa1\x01\xcci\
\xaf\xe5\xea\x100\xeb\xe6.?:\xf5:\xf2\x9b0M\
\xf5\xb8\x03\x932\x80?\x11^\xadC\x12\x0a(\xa2\x81\
\x85s\x9e*\xbe+l\xb61\x13\xbe_\xbcGe\xae\
\x89\x98\x22\x16=\xab\x85\xd4$k\x9b\xe9fs\xf7\x89\
\x0b\xf4\x14\x01\x9c\xa9\x8d\xa1F:\x0c\x0a\xeet\x1b\x1f\
\xb0\xe9\xaa\xac1#\x9d\xcd\xf5\xac-\x03O77^\
t\x83\xf7qz\xfa\xf6\xae\xc2\x80\x1a\xea\x1d\x0a\x9e\x84\
b\xb8\x9b\xc8\x0c7n\x84b\xbb\x8a\xc2\xd7\xac\xb7/\
\x9e\x83\x9e\xf4\x00xnrc\x96\x06?t\x86\x1fN\
\xf5\xbb\x5c~\x911\x83Q\x88\x93\x80\xe7i\xfa\x1a\xec\
;P\x03%\x89f\x89\xa3q\x955\xca\x98\xdfJ\xd4\
\xd5\xc08\x0d\xf9\x8a\xebj\x8e\xa7b.\xed\xc9\x03\xe7\
Q\xc5\x00]F\x0e\x81\xd4\xe5H\xc84\xb5\x9b\xa3L\
Z\xd7\xcac\xf3\xc6pG\xb5iP\x01E\x14P\x01\
E\x14P\x01E\x14P\x01E\x14P\x01E\x14P\x01\
E\x14P\x01E\x14P\x01E\x14P\x01E\x14P\x01\
E\x14P\x01E\x14P\x01E\x14P\x01E\x14P\x01\
E\x14P\x01E\x14P\x01E\x14P\x01E\x14P\x01\
E\x14P\x01E\x14P\x01E\x14P\x01E\x14P\x01\
E\x14P\x01E\x14P\x01E\x14P\x01E\x14P\x01\
E\x14P\x01E\x14P\x01E\x14P\x01E\x14P\x01\
Lf\xc7\x14\x8c\xc6\x98Nh\x01\x09\xcd\x14Q@\x05\
\x14R\xe2\x80\x12\x8a(\xa0\x02\x8a(\xa0\x02\x8a(\xa0\
\x05\xc5%-%\x00\x14QE\x00\x14g\x14\x99\xa4&\
\x80\x1f\xba\x97vj*Ph\x02L\xd1\x8ah4\xea\
\x00(\xc5\x14P\x01\x8aJZ1@\x09E.(\xc5\
\x00%\x14\xb8\xa3\x14\x00\x94QK\x8a\x00J\x5cQ\x8a\
(\x01(\xa5\xc5\x18\xa0\x04\xa5\xc5\x18\xa2\x80\x12\x97\x14\
b\x8a\x001F(\xa2\x80\x0cQ\x8a(\xa0\x03\x14Q\
E\x00\x18\xa3\x14Q@\x06(\xa2\x8a\x00(\xa2\x8a\x00\
PqN\x06\x99K@\x12\x83\x9a*0qO\xcd\x00\
-\x14Q@\x05\x14Q@\x05q\xde3b. \x1e\
\x8b\x9a\xeck\x91\xf1\x9a\x8d\xf6\xe7\xd4b\x84&cx\
n\xdf\xed:\xfd\xb0\xc6DY\x94\xfe\x1d?\x5cW\xa3\
\xd7)\xe0\xbb\x1d\xb0\xcf\xa88\xe6S\xe5\xa7\xd0u\xfd\
\x7f\x95ut0AE\x14P2\x9e\xa5(\x8e\xcd\xf9\
\xe4\xd7 \xc8e\x95QA,N\xd5\x1e\xf5\xd0kR\
\xb38\x89{u\xa5\xd1\xf4\xdd\xa4]J>c\xf7\x07\
\xa7\xbd\x00hi\xf6kcf\x90\x81\xf3us\xeaj\
\xd5\x14P\x01L\x9a5\x9a&\x8d\x86A\x18\xa7\xd1@\
\x1cd\xf05\xb5\xcb/FS\x91]u\xac\xc2\xe2\xda\
9\x7f\xbc\xbc\xd5-V\xc7\xed\x11\x19Q\x7fx\x07\xe7\
PhS\xfe\xeeKv<\xae\x18\x03\xe9\xde\x806h\
<\xd1E\x00R\x16\xff\x00g\xbd\xf3P|\x92\x0c7\
\xb5]\xa3\x14P\x01E\x14P\x01E\x14P\x01E\x14\
P\x01E\x14P\x01E\x14P\x01E\x14P\x01E\x14\
P\x01E\x14P\x01E\x14P\x01E\x14P\x01E\x14\
P\x01E\x14P\x01E\x14P\x01E\x14P\x01E\x14\
P\x01E\x14P\x01E\x14P\x01E\x14P\x01E\x14\
P\x01E\x14P\x01E\x14P\x01E\x14P\x01E\x14\
P\x01E\x14P\x01E\x14P\x01E\x14P\x01E\x14\
P\x01E\x14P\x01Q\xb3P\xed\x8a\x8c\xf3@\x05\x14\
Q@\x05\x14Q@\x05.i(\xa0\x02\x8a\x5cQ\x8a\
\x00J)qF(\x01(\xa2\x8a\x00\x5c\xd2QFh\
\x013I\x9aSI@\x05\x14R\xe2\x80\x1bE.)\
(\x00\xcd<\x1an(\xa0\x09(\xa6\x03O\xa0\x02\x8a\
(\xa0\x02\x8a(\xa0\x02\x8a(\xa0\x03\x14f\x8a(\x00\
\xa2\x8a(\x00\xa2\x8a(\x00\xa2\x8a(\x00\xa2\x8a(\x00\
\xa2\x8a(\x00\xa2\x8a(\x00\xa2\x8a(\x00\xa2\x8a\x5cP\
\x02QK\x8a1@\x09E\x14\xb4\x00\x94\xb4b\x8a\x00\
)h\xc5\x14\x00\xe0\xd4SE\x14\x01%\x14Q@\x05\
`x\x8fL\x93Rkt\x8f\x83\xbb\x19\xf4\xad\xfa\xa3\
\x7f\xaa\xd9i\xd1\x99.eU\xdb\xd8\x9e\x7f\x0a\x04M\
ei\x1d\x95\x946\xd1\xfd\xc8\xd0(?\xd6\x9dsy\
me\x11\x96\xe6x\xe1A\xd4\xbb\x01^u\xa9\xfcE\
\xba\xbb\xb8k]&\xdc\x8c\x9c\x07#,il<!\
\xabk\xae\xb7Z\xd5\xcb\xa4g\xf8\x18\xe4\xfeT\xfd@\
\xe9\x1b\xc6\xfa[\xdd\xa5\xbd\xb2\xcd>[\x05\xd1x\x1e\
\xf5\xd2\xe4c5\x9d\xa7hZ~\x97\x18[{u\x07\
\xbb\x11\x93Z_\xca\x90\xcc\x81nn\xf5\x17,?v\
\xbd}\xebX\x00\x17\x00\x0c\x0a\x00\x03\xa0\x02\x96\x80\x0a\
(\xa2\x80\x0a(\xa2\x80\x0e\xbdk8i\xa6-E.\
b`\x17\x90\xc3\xda\xb4h\xa0\x02\x8a(\xa0\x02\x8a(\
\xa0\x02\x8a(\xa0\x02\x8a(\xa0\x02\x8a(\xa0\x02\x8a(\
\xa0\x02\x8a(\xa0\x02\x8a(\xa0\x02\x8a(\xa0\x02\x8a(\
\xa0\x02\x8a(\xa0\x02\x8a(\xa0\x02\x8a(\xa0\x02\x8a(\
\xa0\x02\x8a(\xa0\x02\x8a(\xa0\x02\x8a(\xa0\x02\x8a(\
\xa0\x02\x8a(\xa0\x02\x8a(\xa0\x02\x8a(\xa0\x02\x8a(\
\xa0\x02\x8a(\xa0\x02\x8a(\xa0\x02\x8a(\xa0\x02\x8a(\
\xa0\x02\x8a(\xa0\x02\x8a(\xa0\x02\x8a)\x09\x02\x80\x14\
\x9cTL\xe6\x86|\xd3q@\x09E\x14\xb8\xa0\x04\xa2\
\x97\x14\x94\x00\xb8\xa2\x8c\xd1@\x06(\xc5\x14P\x01E\
\x14P\x01\x9a3IE\x00\x19\xa34b\x92\x80\x0a(\
\xa2\x80\x02(\xc5-%\x00&)sE\x14\x00\x94\xb4\
b\x8a\x00J)qI@\x06)T\xd2Q\x9a\x00\x90\
sE0\x1cS\xc1\xa0\x05\xc5%-\x18\xa0\x03\x14b\
\x8a(\x01(\xa5\xc5\x18\xa0\x03\x14b\x8a(\x00\xa3\x14\
\xb8\xa3\x14\x00\x98\xa3\x14\xb8\xa3\x14\x00\xda\x5cR\xfe\x14\
\x94\x00b\x8a)q@\x09\x8a1E\x14\x00Q\x8a\x5c\
Q\x8a\x00m--\x14\x00\x94R\xe2\x8cP\x02b\x8a\
\x5cQ\x8a\x001F(\xa2\x80\x0a:u\xa4'\x14\xc2\
s@\x0e-E2\x8a\x00\xb3M\x92E\x8dK9\x00\
\x0fZ\x86\xee\xee+H\x8b\xc8\xc0\x003\xd6\xbc\xe7\xc4\
~.\x92r\xd1[\x9c\x0e\x9cw\xa0F\xdf\x88|g\
\x0d\x8a\xc9\x14\x04\x17\xe9\x91\xcdqvV\x1a\xcf\x8c/\
\x9c\xa1a\x0e~i[\xa0\x1e\xd5g\xc3~\x13\xb8\xf1\
\x05\xd7\xda\xafY\x96\xd4\x1c\xb1\xfe\xf7\xb0\xafW\xb4\xb4\
\x82\xc6\xd5-\xed\xa3X\xe2A\x80\xaa)\xec\x06>\x85\
\xe1-7B@\xd1\xc5\xe6\x5c\x1f\xbd,\x83'\xf0\xf4\
\xad\xfa(\xa40\xa2\x8a(\x00\xa2\x8a(\x00\xa2\x8a(\
\x00\xa2\x8a(\x00\xa2\x8a(\x00\xa2\x8a(\x00\xa2\x8a(\
\x00\xa2\x8a(\x00\xa2\x8a(\x00\xa2\x8a(\x00\xa2\x8a(\
\x00\xa2\x8a(\x00\xa2\x8a(\x00\xa2\x8a(\x00\xa2\x8a(\
\x00\xa2\x8a(\x00\xa2\x8a(\x00\xa2\x8a(\x00\xa2\x8a(\
\x00\xa2\x8a(\x00\xa2\x8a(\x00\xa2\x8a(\x00\xa2\x8a(\
\x00\xa2\x8a(\x00\xa2\x8a(\x00\xa2\x8a(\x00\xa2\x8a(\
\x00\xa2\x8a(\x00\xa2\x8a(\x00\xa2\x8a(\x00\xa2\x8a(\
\x00\xa2\x8a(\x00\xa2\x8ac=\x008\xb6*\x22I\xa0\
\x92i(\x00\xc5\x14Q@\x05\x14Q@\x05%-\x18\
\xa0\x03\x14QE\x00\x14QE\x00\x14f\x8a1@\x09\
E.(\xc5\x00%\x18\xa5\xc5\x18\xa0\x04\xc5\x14\xb8\xa3\
\x14\x00\x94b\x97\x14\x9d\xa8\x00\xc5\x14Q@\x09E.\
(\xc5\x00%%;\x14\x94\x00b\x93\x14\xecRP\x01\
@\xe2\x8a(\x01\xe0\xd3\xaa*r\x9a\x00\x92\x92\x80s\
K@\x09\x8a1K\x8aJ\x001F(\xc5.(\x01\
)qF(\xa0\x04\xa5\xc5\x18\xa2\x80\x0a(\xa2\x80\x12\
\x97\x14Q@\x09\x8a1K\x8aLP\x02\xe2\x92\x96\x8a\
\x00J\x5cQE\x00\x18\xa3\x14Q@\x06(\xa5\xc5%\
\x00\x14\xd2p)\xc4\xe2\xa2=h\x00'4\x94Q@\
\x05\x14\xb8\xa2\x80<\xabZ\xd7\xa7\xd4\xe5o\x98\xf9c\
\xa0\x15c\xc2\xfe\x12}^aut\x19m\x01\xcf\xa6\
\xff\x00\xa5K\xe1\x7f\x0c\xb6\xad*\xdc\x5c\x82\xb6\x8a{\
\x8co>\x82\xbd6(c\x82%\x8a$\x08\x880\xaa\
\x07Jb\x12\x18c\xb7\x85a\x85\x02F\x83\x0a\x07j\
\x92\x8a)\x0c(\xa2\x8a\x00(\xa2\x8a\x00(\xa2\x8a\x00\
(\xa2\x8a\x00(\xa2\x8a\x00(\xa2\x8a\x00(\xa2\x8a\x00\
(\xa2\x8a\x00(\xa2\x8a\x00(\xa2\x8a\x00(\xa2\x8a\x00\
(\xa2\x8a\x00(\xa2\x8a\x00(\xa2\x8a\x00(\xa2\x8a\x00\
(\xa2\x8a\x00(\xa2\x8a\x00(\xa2\x8a\x00(\xa2\x8a\x00\
(\xa2\x8a\x00(\xa2\x8a\x00(\xa2\x8a\x00(\xa2\x8a\x00\
(\xa2\x8a\x00(\xa2\x8a\x00(\xa2\x8a\x00(\xa2\x8a\x00\
(\xa2\x8a\x00(\xa2\x8a\x00(\xa2\x8a\x00(\xa2\x8a\x00\
(\xa2\x8a\x00(\xa0\x9cS\x09\xcd\x00\x0c\xd4\xc3E\x14\
\x00\x94R\xe2\x8cP\x02QK\x8a1@\x09E\x14\xb8\
\xa0\x04\xa5\xc5\x18\xa34\x00b\x8cQE\x00\x18\xa3\x14\
Q@\x06))h\xc5\x00%\x14R\xe2\x80\x12\x8a\x5c\
Q\x8a\x00J)qF(\x01(\xc7\x14Q@\x09E\
.(\xc5\x00%\x14\xb8\xa3\x14\x00\x94b\x8a\x5cP\x02\
Q\x8a\x5cQ\x8a\x00LQK\x8aJ\x001I\x8av\
)(\x01CT\x80\xe6\xa2\xa5\x06\x80$\xa2\x90\x1c\x8a\
Z\x00ZJZ(\x00\xc5\x18\xa2\x8a\x001F(\xa2\
\x80\x0cQE\x14\x00b\x8cR\xe2\x92\x80\x0cQK\x8a\
1@\x09E\x14\xb8\xa0\x04\xa3\x14\xb8\xa3\x14\x00\x94R\
\xe2\x8cP\x02R\x13\x8a\x09\xc0\xa8\xc9\xcd\x00\x04\xe6\x92\
\x8e\xf4P\x01\x8a1E\x14\x00QK\x8a(\x02Ha\
\x8e\xde\x15\x86\x14\x09\x1a\x8c*\xafAO\xa2\x8a\x00(\
\xa2\x8a\x00(\xa2\x8a\x00(\xa3\xa5\x14\x00QE\x14\x00\
QE\x14\x00QE\x14\x00QE\x14\x00QE\x14\x00\
QE\x14\x00QE\x14\x00QE\x14\x00QE\x14\x00\
QE\x14\x00QE\x14\x00QE\x14\x00QE\x14\x00\
QE\x14\x00QE\x14\x00QE\x14\x00QE\x14\x00\
QE\x14\x00QE\x14\x00QE\x14\x00QE\x14\x00\
QE\x14\x00QE\x14\x00QE\x14\x00QE\x14\x00\
QE\x14\x00QE\x14\x00QE\x14\x00QE\x14\x00\
R\x13\x8aBi\xa4\xd0\x00M6\x96\x8cP\x02QK\
\x8aJ\x00(\xa2\x8a\x00(\xa5\xc5%\x00\x14R\xe2\x8c\
P\x02QK\x8a1@\x09E.(\xc5\x00%\x14\xb8\
\xa3\x14\x00\x94R\xe2\x92\x80\x0a(\xa2\x80\x0a(\xa2\x80\
\x0a(\xa2\x80\x0cQ\x8a(\xa0\x04\xa2\x96\x8a\x00J\x5c\
Rb\x96\x80\x0a1E\x14\x00b\x8cQE\x00\x18\xa2\
\x8a(\x00\xc5&)h\xa0\x04\xc5\x18\xa5\xa2\x80\x01\xc1\
\xa7\x83\x9ae\x14\x01%.)\x81\xa9\xf9\xa0\x03\x14b\
\x8a(\x00\xc5\x18\xa5\xc5%\x00\x18\xa2\x97\x14b\x80\x12\
\x8a)q@\x09E.(\xc5\x00%\x14\xb8\xa3\x14\x00\
\x94\xb8\xa3\x14f\x80\x12\x90\x9cR\x16\x14\xc3\x93@\x01\
94\x94Q@\x05\x18\xa2\x97\x14\x00\x98\xa3\x14Q@\
\x05\x14\xb8\xa2\x80&\xac+\xedvkY\xccb\xdcc\
8\x04\xf7\xad\xda\x82[;y\xff\x00\xd6D\xa6\x809\
\x89\xbcQp:G\xb4{\x0a\xcb\xb8\xf1\x85\xea\x9f\xdd\
\x8e=I\xae\xb2\xe3@\xb4\x9caWms\xf7\xbe\x0c\
v%\xa2|\xfa\x0az\x08\xc7o\x16j\x0e?\x80\x1f\
\xc6\x98\xde'\xbe^\xe3\xf34]xn\xfa\xdf\x90\x0f\
Z\xcc\x96\xcet\xfb\xe8\x7f*\x04o\xdbx\xd6\xfa\x07\
\x1eb$\x8a{\x1c\xd7S\xa5x\xa6\xc7R\xda\x8c\xde\
L\xdd\x02\xbf\x7f\xa5y\x91F\x07\x95\xe3\xd4\xd4@\xbc\
m\x90J\xb7\x5c\x8av\x03\xdb\xa8\xae\x07\xc3~-x\
\x19m5\x07-\x19\xfb\xb2\x1f\xe1\xfa\xd7z\xae\xae\xa1\
\x94\x82\xa4d\x11\xde\xa4b\xd1E\x14\x0c(\xa2\x8a\x00\
(\xa2\x8a\x00(\xa2\x8a\x00(\xa2\x8a\x00(\xa2\x8a\x00\
(\xa2\x8a\x00(\xa2\x8a\x00(\xa2\x8a\x00(\xa2\x8a\x00\
(\xa2\x8a\x00(\xa2\x8a\x00(\xa2\x8a\x00(\xa2\x8a\x00\
(\xa2\x8a\x00(\xa2\x8a\x00(\xa2\x8a\x00(\xa2\x8a\x00\
(\xa2\x8a\x00(\xa2\x8a\x00(\xa2\x8a\x00(\xa2\x8a\x00\
(\xa2\x8a\x00(\xa2\x8a\x00(\xa2\x8a\x00(\xa2\x8a\x00\
(\xa2\x8a\x00)\x1a\x96\x9a\xc6\x80\x10\xd2\x1a(\xa0\x04\
\xa2\x97\x14b\x80\x12\x8cR\xe2\x8cP\x02b\x8a\x5cQ\
\x8a\x00J)qF(\x01(\xa5\xc5%\x00\x14R\xe2\
\x8cP\x02QK\x8a1@\x09E.(\xc5\x00%\x18\
\xa5\xc5\x18\xa0\x04\xa3\x14\xb8\xa4\xa0\x03\x14QE\x00\x14\
R\xe2\x8cP\x02b\x8cQE\x00\x18\xa3\x14R\xe2\x80\
\x12\x92\x9d\x8aJ\x00J)qF(\x00\xa3\x14R\xe2\
\x80\x13\x14b\x8a(\x00\xc5\x18\xa2\x8a\x001IKI\
@\x05.(\xc5\x14\x00R\xe6\x92\x97\x14\x00\xec\xd2\xd3\
)A\xa0\x07\xd1I\x9aZ\x00(\xa2\x8a\x00(\xa2\x8a\
\x00(\xa2\x8a\x00(\xa2\x82q@\x06j641\xa6\
\xd0\x01E\x14P\x01\x8a1E\x14\x00b\x8a(\xa0\x03\
\x14b\x8a(\x00\xa2\x8a(\x02j(\xa2\x80\x0a(\xa2\
\x80\x11\x95[\xa8\x06\xaa\xcd\xa6ZN\x0e\xf8W'\xda\
\xad\xd1@\x1c\xdd\xdf\x85a\x901\x84\x8c\xf6\x06\xb9\xab\
\xff\x00\x0e\xdc\xdb\x93\x98\xb2\x07p3^\x93HT0\
\xc1\x00\x8fCE\xc5c\xc6\xde\xcd\xa3o\x98`\xfaW\
O\xe1\x9dzK&KK\x96-l\xdc)=T\xff\
\x00\x85u\xd7\x9a=\x9d\xe2\x90\xd1\x00\xc7\xf8\x94W7\
y\xe1i \xf9\xe0!\x87\xb50;5!\x97+\xc8\
<\x82)k\x0fC\xbb1@-n\x0e\x19~\xe9'\
\xf4\xad\xcaC\x0a(\xa2\x80\x0a(\xa2\x80\x0a(\xa2\x80\
\x0a(\xa2\x80\x0a(\xa2\x80\x0a(\xa2\x80\x0a(\xa2\x80\
\x0a(\xa2\x80\x0a(\xa2\x80\x0a(\xa2\x80\x0a(\xa2\x80\
\x0a(\xa2\x80\x0a(\xa2\x80\x0a(\xa2\x80\x0a(\xa2\x80\
\x0a(\xa2\x80\x0a(\xa2\x80\x0a(\xa2\x80\x0a(\xa2\x80\
\x0a(\xa2\x80\x0a(\xa2\x80\x0a(\xa2\x80\x0a(\xa2\x80\
\x0a(\xa2\x80\x0a(\xa2\x80\x0a(\xa2\x80\x0akS\xa9\
\x18t\xa0\x06\xe2\x92\x96\x8cP\x02QK\x8a1@\x09\
E.(\xc5\x00%\x14\xb8\xa3\x14\x00\x94R\xe2\x8cP\
\x02QK\x8a1@\x09E\x14P\x01E.(\xc5\x00\
%.(\xc5\x14\x00\x94R\xe2\x8cP\x02QK\x8a1\
@\x09\x8a1K\x8a1@\x09E.(\xc5\x00&)\
)\xd8\xa2\x80\x1bKE\x14\x00Q\x8a(\xa0\x04\xa5\xc5\
\x14P\x01\x8a(\xa2\x80\x0cQ\x8a\x5cQ\x8a\x00LQ\
\x8a\x5cQ\x8a\x00J)qI@\x06))h\xc5\x00\
\x18\xa2\x8a\x5cP\x02QK\x8a1@\x05(4\x94\x0a\
\x00}\x14\xd0i\xd4\x00QE\x14\x00QE!8\xa0\
\x00\x9cS\x0bf\x82sI@\x09E.)(\x00\xa2\
\x8a(\x00\xa2\x97\x14b\x80\x12\x8a\x5cQ\x8a\x00J)\
qF(\x01(\xa5\xc5\x14\x01-\x14Q@\x05\x14Q\
@\x05\x14Q@\x05\x14Q@\x05\x14Q@\x14nt\
\xc8\xae\x1br\xfc\xad\xedVm\xa3x\xa0X\xdd\xb72\
\xf7\xa9h\xa0\x02\x8a(\xa0\x02\x8a(\xa0\x02\x8a(\xa0\
\x02\x8a(\xa0\x02\x8a(\xa0\x02\x8a(\xa0\x02\x8a(\xa0\
\x02\x8a(\xa0\x02\x8a(\xa0\x02\x8a(\xa0\x02\x8a(\xa0\
\x02\x8a(\xa0\x02\x8a(\xa0\x02\x8a(\xa0\x02\x8a(\xa0\
\x02\x8a(\xa0\x02\x8a(\xa0\x02\x8a(\xa0\x02\x8a(\xa0\
\x02\x8a(\xa0\x02\x8a(\xa0\x02\x8a(\xa0\x02\x8a(\xa0\
\x02\x8a(\xa0\x02\x8a(\xa0\x02\x8a(\xa0\x02\x91\xa9i\
\x0d\x00&))h\xc5\x00%\x14\xb8\xa4\xa0\x02\x8a\x5c\
RP\x01E.)(\x00\xa2\x97\x14P\x02QK\x8a\
1@\x09E.)(\x00\xa2\x8a(\x00\xa2\x8a(\x00\
\xa2\x8a(\x00\xa2\x8a(\x00\xa2\x8a(\x00\xa2\x8a(\x00\
\xa2\x8a(\x01)qE\x14\x00\x94\xb8\xa2\x8a\x00J\x5c\
QE\x00\x18\xa3\x14Q@\x05\x14Q@\x05\x14Q@\
\x05\x18\xa2\x8a\x001F(\xa2\x80\x0cQE\x14\x00Q\
E\x14\x00QE\x14\x00R\x83IE\x00;4\xb4\xda\
Bh\x01I\xa6\x93Fi(\x00\xa2\x97\x14b\x80\x12\
\x8cR\xe2\x8cP\x02b\x8cR\xe2\x8cP\x02QK\x8a\
J\x00(\xa5\xc5\x18\xa0\x04\xa2\x97\x14b\x80\x0cQE\
\x14\x01%\x14Q@\x05\x14Q@\x05\x14Q@\x05\x14\
Q@\x05\x14Q@\x05\x14Q@\x05\x14Q@\x05\x14\
Q@\x05\x14Q@\x05\x14Q@\x05\x14Q@\x05\x14\
Q@\x05\x14Q@\x05\x14Q@\x05\x14Q@\x05\x14\
Q@\x05\x14Q@\x05\x14Q@\x05\x14Q@\x05\x14\
Q@\x05\x14Q@\x05\x14Q@\x05\x14Q@\x05\x14\
Q@\x05\x14Q@\x05\x14Q@\x05\x14Q@\x05\x14\
Q@\x05\x14Q@\x05\x14Q@\x05\x14Q@\x05\x14\
Q@\x05!\xa5\xa0\xd0\x03h\xa5\xc5\x18\xa0\x04\xa3\x14\
\xb8\xa3\x14\x00\x94b\x97\x14b\x80\x12\x8cQE\x00\x14\
QK\x8a\x00J(\xa2\x80\x0a(\xa5\xc5\x00&(\xa5\
\xc5%\x00\x18\xa3\x14Q@\x06(\xc5\x14P\x01\x8a1\
E\x14\x00b\x8cQE\x00\x18\xa2\x8a(\x00\xc5\x18\xa2\
\x8a\x001IKE\x00%.(\xc5\x14\x00b\x8cQ\
E\x00\x18\xa3\x14Q@\x06(\xc5\x14P\x01\x8a)q\
I@\x06(\xc5\x14P\x01\x8a1E\x14\x00b\x8cQ\
E\x00\x18\xa3\x14Q@\x06(\xc5\x14P\x01\x8aJZ\
Bh\x00\xa6\x9aZ1@\x09E\x14\xb4\x00\xb8\xa4\xa5\
\xcd\x18\xa0\x03\x14\x94\xb4b\x80\x12\x8a\x5cQ\x8a\x001\
E\x14f\x80\x0cQ\x8a(\xa0\x04\xa2\x97\x14b\x80\x12\
\x8a\x5cQ@\x0f\xa2\x8a(\x00\xa2\x8a(\x00\xa2\x8a(\
\x00\xa2\x8a(\x00\xa2\x8a(\x00\xa2\x8a(\x00\xa2\x8a(\
\x00\xa2\x8a(\x00\xa2\x8a(\x00\xa2\x8a(\x00\xa2\x8a(\
\x00\xa2\x8a(\x00\xa2\x8a(\x00\xa2\x8a(\x00\xa2\x8a(\
\x00\xa2\x8a(\x00\xa2\x8a(\x00\xa2\x8a(\x00\xa2\x8a(\
\x00\xa2\x8a(\x00\xa2\x8a(\x00\xa2\x8a(\x00\xa2\x8a(\
\x00\xa2\x8a(\x00\xa2\x8a(\x00\xa2\x8a(\x00\xa2\x8a(\
\x00\xa2\x8a(\x00\xa2\x8a(\x00\xa2\x8a(\x00\xa2\x8a(\
\x00\xa2\x8a(\x00\xa0\xd1A\xa0\x04\xa2\x8a(\x00\xa2\x8a\
\x5cP\x02QE\x14\x00b\x8cQK\x8a\x00J)q\
F(\x01(\xc5\x14P\x01E\x14P\x01E\x14P\x01\
E\x14P\x02QK\x8a(\x01)qE\x14\x00\x94R\
\xe2\x8a\x00J)h\xa0\x04\xa5\xc5\x14P\x01\x8aJZ\
(\x01)qE\x14\x00b\x8cQE\x00\x18\xa3\x14Q\
@\x06(\xa2\x8a\x00(\xc5\x14P\x01\x8a1E\x14\x00\
\x94\xb8\xa2\x8a\x001F)qF(\x01\xb4R\xd1@\
\x06))i(\x00\xa4\xa5\xa4\xa0\x03\x14\x94\xb4P\x02\
R\xe2\x8a(\x00\xc5\x14Q@\x05\x14\xb8\xa3\x14\x00\x94\
R\xe2\x8cP\x02QK\x8aJ\x00(\xa5\xc5\x18\xa0\x04\
\xa2\x8a(\x00\xa2\x97\x14P\x03\xa8\xa2\x8a\x00(\xa2\x8a\
\x00(\xa2\x8a\x00(\xa2\x8a\x00(\xa2\x8a\x00(\xa2\x8a\
\x00(\xa2\x8a\x00(\xa2\x8a\x00(\xa2\x8a\x00(\xa2\x8a\
\x00(\xa2\x8a\x00(\xa2\x8a\x00(\xa2\x8a\x00(\xa2\x8a\
\x00(\xa2\x8a\x00(\xa2\x8a\x00(\xa2\x8a\x00(\xa2\x8a\
\x00(\xa2\x8a\x00(\xa2\x8a\x00(\xa2\x8a\x00(\xa2\x8a\
\x00(\xa2\x8a\x00(\xa2\x8a\x00(\xa2\x8a\x00(\xa2\x8a\
\x00(\xa2\x8a\x00(\xa2\x8a\x00(\xa2\x8a\x00(\xa2\x8a\
@\x14QE0\x0a(\xa2\x80\x0a(\xa2\x80\x0cQ\x8a\
(\xa0\x03\x14QE\x00\x18\xa3\x14Q@\x06(\xa2\x8a\
\x00(\xa2\x8a\x001F(\xa2\x80\x0cQ\x8a(\xa0\x03\
\x14b\x8a(\x00\xc5\x18\xa2\x8a\x001F(\xa2\x80\x0c\
Q\x8a(\xa0\x04\xa2\x96\x8a\x00J\x5cQE\x00%\x14\
\xb4P\x02QKE\x00%\x14\xb4P\x01\x8a1E\x14\
\x00b\x8cQE\x00\x18\xa3\x14Q@\x06(\xc5\x14P\
\x01\x8a1E\x14\x00b\x8cQE\x00\x14QE\x00\x18\
\xa3\x14Q@\x09F)h\xa0\x06\xe2\x8cS\xa8\xa0\x06\
\xe2\x8cS\xa8\xa0\x06\xe2\x8cS\xa8\xa0\x06\xe2\x8cS\xa8\
\xa0\x06\xe2\x8cS\xa8\xa0\x06\xe2\x8cS\xa8\xa0\x06\xe2\x8c\
S\xa8\xa0\x06\xe2\x8cS\xa8\xa0\x06\xe2\x8cS\xa8\xa0\x06\
\xe2\x8au\x14\x00QE\x14\x00QE\x14\x00QE\x14\
\x00QE\x14\x00QE\x14\x00QE\x14\x00QE\x14\
\x00QE\x14\x00QE\x14\x00QE\x14\x00QE\x14\
\x00QE\x14\x00QE\x14\x00QE\x14\x00QE\x14\
\x00QE\x14\x00QE\x14\x00QE\x14\x00QE\x14\
\x00QE\x14\x00QE\x14\x00QE\x14\x00QE\x14\
\x00QE\x14\x00QE\x14\x00QE\x14\x00QE\x14\
\x00QE\x14\x00T\x12\xdfZA/\x97-\xd41\xc9\
\xd7kH\x01\xfc\x8dOT\xee\xb4\x9d:\xf8\x96\xba\xb2\
\xb7\x95\x8f\x05\xde0[\xf3\xa0\x0b\x11O\x0c\xcb\xba)\
RA\xea\x8d\x9f\xe5Rg\x8a\xe25o\x05-\xa25\
\xe6\x85$\xb0\xce\x83>Hs\xf3\x7f\xbas\x90j\x95\
\x8f\x8c\xb5\xdb\xc8\x92\xca\xda\xc5&\xbd\x19\x0f.?\x0c\
\x91\xc0\x18\xf7\xfc\xa9\xda\xe2=\x12\x80s\xe9\x5c\x84z\
\x17\x89\xee\xe2O\xb6k\xe6\x02~\xf2B\xbc\x8f\xc4b\
\xb4mt\x0b\x9b\x0b\xe8f\xb6\xd5\xef\x1e\x10q4W\
/\xe6\x07\x18\xed\x9e\x86\x95\x90\x1b\xd4QE\x03\x0a(\
\xa2\x80\x0a(\xa2\x80\x0a(\xa2\x80\x0a(\xa2\x80\x0a(\
\xa2\x80\x0a(\xa2\x80\x0a(\xa2\x80\x0a(\xa2\x80\x0a(\
\xa2\x80\x0a(\xa2\x80\x0a(\xa2\x80\x0a(\xa2\x80\x0a(\
\xa2\x80\x0a(\xa2\x80\x0a(\xa2\x80\x0a(\xa2\x80\x0a(\
\xa2\x80\x0a(\xa2\x80\x0a(\xa2\x80\x0a(\xa2\x80\x0a(\
\xa2\x80\x0a(\xa2\x80\x0a(\xa2\x80\x0a(\xa2\x80\x0a(\
\xa2\x80\x0a(\xa2\x80\x0a(\xa2\x80\x0a(\xa2\x80\x0a(\
\xa2\x80\x0a(\xa2\x80\x0a(\xa2\x80\x0a(\xa2\x80\x0a*\
\xbc\xd7K\x04\x8a\xae\x08\x0d\xde\xa7V\x0c\x01R\x08=\
\xc5\x00-\x14Q@\x05\x14Q@\x05\x14Q@\x05\x14\
Q@\x05\x14Q@\x05\x14Q@\x05\x14Q@\x05\x14\
Q@\x05\x14Q@\x05\x14Q@\x05\x14Q@\x05\x14\
Q@\x05\x14Q@\x05\x14Q@\x05\x14Q@\x05\x14\
Q@\x05\x14Q@\x05\x14Q@\x05\x14Q@\x05\x14\
Q@\x05\x14Q@\x05\x14Q@\x05\x14Q@\x05\x14\
Q@\x05\x14Q@\x05\x14Q@\x05\x14QH\x02\x8a\
(\xa6\x01E\x14P\x01E\x14P\x01E\x14P\x01E\
\x14P\x01Yzf\x89\x0e\x97{\x7fs\x1c\xb29\xbc\
\x93\xccel|\xbdz~g\xf4\xadJ(\x00\xedE\
\x14P\x01E\x14P\x01E\x14P\x01E\x14P\x01E\
\x14P\x01E\x14P\x01E\x14P\x01E\x14P\x01E\
\x14P\x01E\x14P\x01E\x14P\x01E\x14P\x01E\
\x14P\x01E\x14P\x01E\x14P\x01E\x14P\x01E\
\x14P\x01E\x14P\x01E\x14P\x01E\x14P\x01E\
\x14P\x01E\x14P\x01E\x14P\x01E\x14P\x01E\
\x14P\x01E\x14P\x01E\x14P\x01E\x14P\x01E\
\x14P\x01E\x14P\x01E\x14P\x01E\x14P\x01E\
\x14P\x01E\x14P\x05]B\x1f6\xd8\x9e\xa5y\xac\
\xdb[\xc6\xb6m\xa4\xe63\xd7\xda\xb7\x08\xc8 \xf4=\
k\x02\xfa\xdc\xdbN@\x07cr\xb4\x01\xbb\x1c\x8b*\
\x06B\x084\xea\xe7\xec\xef\x1a\xda@\x0f\xdc=Eo\
G\x22\xc8\x81\x94\xe4\x1e\x94\x00\xea(\xa2\x80\x0a(\xa2\
\x80\x0a(\xa2\x80\x0a(\xa2\x80\x0a(\xa2\x80\x0a(\xa2\
\x80\x0a(\xa2\x80\x0a(\xa2\x80\x0a(\xa2\x80\x0a(\xa2\
\x80\x0a(\xa2\x80\x0a(\xa2\x80\x0a(\xa2\x80\x0a(\xa2\
\x80\x0a(\xa2\x80\x0a(\xa2\x80\x0a(\xa2\x80\x0a(\xa2\
\x80\x0a(\xa2\x80\x0a(\xa2\x80\x0a(\xa2\x80\x0a(\xa2\
\x80\x0a(\xa2\x80\x0a(\xa2\x80\x0a(\xa2\x80\x18\xf3G\
\x1b\x22\xbc\x8a\xac\xe7\x0a\x09\xfb\xdfOZ}c\xf8\x87\
B\x1a\xed\xacq\x09\xfc\x97\x89\xf7\xa9(\x18\x13\xee\x0f\
Z\xe3?\xb4\xfcC\xe1+\xb0\x97\xcb\xe7[\xbf\xddR\
\xc5\x90\xff\x00\xba\xddW\xe9\xd3\xda\x9d\x84z]\x15\x9b\
\xa4k\x96z\xd5\xb7\x9bj\xff\x00:\x81\xe6D\xdc2\
\x1f\x7f\xd7\x9a\xd2\xa4\x01E\x19\xc0\xcdf\x5c\xf8\x8bG\
\xb4r\x93j\x10\x06\x07\x05U\xb7\x11\xf5\xc5\x034\xe8\
\xaey<e\xa7N\xec\x96p\xde]\x95m\xbf\xb9\x80\
\x9f\xe7Z\x16z\x95\xd5\xdb\xc7\xbbI\xba\x827\xce^\
fA\xb7\x8e\xeb\x9c\xf5\xe3\xa5\x16\x03F\x8a(\xa0\x02\
\x8a(\xa0\x02\x8a(\xa0\x02\x8a(\xa0\x02\x8a(\xa0\x02\
\x8a(\xa0\x02\x8a(\xa0\x02\x8a(\xa0\x02\x8a(\xa0\x02\
\x8a(\xa0\x02\x8a(\xa0\x02\x8a(\xa0\x02\x8a(\xa0\x02\
\x8a(\xa0\x02\x8a(\xa0\x02\x8a(\xa0\x02\x8a(\xa0\x02\
\x8a(\xa0\x02\x8a(\xa0\x02\x8a(\xa0\x02\x8a(\xa0\x02\
\x8a(\xa0\x02\x8a(\xa0\x02\x8a(\xa0\x02\x8a(\xa0\x02\
\x8a(\xa0\x02\x8a(\xa0\x02\x8a(\xa0\x02\x8a(\xa0\x02\
\x8a(\xa0\x02\x8a(\xa0\x02\x8a(\xa0\x02\x8a\x89\xae#\
I|\xb6l5H\x08<\x83\x91\xea(\x01h\xa2\x8a\
\x00(\xa2\x8a\x00\xaf:J\xa0\xbc-\xcfu=\x0dV\
\x8fTP\xc5fM\xa4w\xc5h\xd5k\x9b(\xeeF\
O\xca\xdf\xde\x14\x01,w\x10\xcb\xf7$S\xed\x9a\x92\
\xb9\xcb\x8bi\xad\x9f\xf7\x83\x8e\xcc(\x8bQ\x9e\x10\x02\
\xc8q\xe8\xdc\x8a\x00\xe8\xea\x1b\xabqs\x09C\xd4r\
\xbfZ\xa3\x0e\xb0\xb8\x1etx\xff\x00i9\xab\xf0\xdc\
Ep\xb9\x8a@\xff\x00C\xd2\x809\xa9Q\xa1\x91\x91\
\xc1\x0c8\x22\xae\xe9\x97\x869|\xb7?#t\xf6\xab\
Z\xb5\x9f\x9b\x1f\x9c\x83\xe6Q\xcf\xb8\xac\x1d\xc47\xa7\
\xa5\x00v#\x9a*\x8e\x9bw\xf6\x886\xb1\xf9\xd0s\
W\xa8\x00\xa2\x8a(\x00\xa2\x8a(\x00\xa2\x8a(\x00\xa2\
\x8a(\x00\xa2\x8a(\x00\xa2\x8a(\x00\xa2\x8a(\x00\xa2\
\x8a(\x00\xa2\x8a(\x00\xa2\x8a(\x00\xa2\x8a(\x00\xa2\
\x8a(\x00\xa2\x8a(\x00\xa2\x8a(\x00\xa2\x8a(\x00\xa2\
\x8a(\x00\xa2\x8a(\x00\xa2\x8a(\x00\xa2\x8a(\x00\xa2\
\x8a(\x00\xa2\x8a(\x00\xa2\x8a(\x00\xa2\x8a(\x00\xa2\
\x8a(\x00\xa8\xae-\xa1\xbb\x81\xe0\xb8\x89e\x89\xc6\x19\
\x5cd\x1a\x96\x8a\x00\xf3]gF\xbb\xf0\x8e\xa0\x9a\xa6\
\x98\xe5\xadw\x05\xc3\x1c\x95\xcf\xf0\xb7\xaa\x9f_\xfe\xb1\
\xae\xa0\xf8\xbe\xc4xpj\xa4\x12\xc7\xf7~VF|\
\xcf\xee\xfd;\xe7\xd3\x9a\xdd\xb8\xb6\x8a\xea\xdaKy\xd4\
<R\x02\xac\xa7\xb8=k\x86\x1f\x0ed\x13\x04:\x98\
\xf27\xe7\x02<6?<g\x1d\xe9\xee#).u\
\xff\x00\x18\xdf4q\xc8\xd1\xdb\x027\x04%c\x8cz\
\x1c}\xe3\xe8\x0fZ\xec4\xbf\x05\xe9:pW\x92/\
\xb5N\x07\xdf\x98dg\xd9z~y\xad\xbb+(4\
\xfbD\xb6\xb6\x8c$h0\x00\xef\xee}O\xa9\xefV\
(lcR4\x89\x02F\xaa\x88:*\x8c\x01\xf8\x0a\
u\x14R\x10QE\x14\x0c(\xa2\x8a\x00(\xa2\x8a\x00\
(\xa2\x8a\x00(\xa2\x8a\x00(\xa2\x8a\x00(\xa2\x8a\x00\
(\xa2\x8a\x00(\xa2\x8a\x00(\xa2\x8a\x00(\xa2\x8a\x00\
(\xa2\x8a\x00(\xa2\x8a\x00(\xa2\x8a\x00(\xa2\x8a\x00\
(\xa2\x8a\x00(\xa2\x8a\x00(\xa2\x8a\x00(\xa2\x8a\x00\
(\xa2\x8a\x00(\xa2\x8a\x00(\xa2\x8a\x00(\xa2\x8a\x00\
(\xa2\x8a\x00(\xa2\x8a\x00(\xa2\x8a\x00(\xa2\x8a\x00\
(\xa2\x8a\x00(\xa2\x8a\x00(\xa2\x8a\x00(\xa2\x8a\x00\
(\xa2\x8a\x00\x82\xea\xd5.S\x07\x86\x1d\x1b\xd2\xb1\xd9\
\xae\xac$\xc6\xe2=3\xc85\xbfL\x96$\x99\x0a:\
\x82\x0f\xe9@\x19\xf6\xfa\xb27\x13\x8d\xa7\xfb\xc3\xa5i\
++\xae\xe5 \x8fPk\x0a\xf3M\x92\xdc\xf9\x91\xe5\
\xe3\xfdEV\x82\xf6H\x1f(\xd8\x1f\xa5\x00t\xf4U\
+-A.F\xd6!d\xfeuv\x80\x0a(\xa2\x80\
\x1a\xf1\xa4\x88Q\xd4\x15\xf45\x8dy\xa42\x82\xf6\xc4\
\xb0\xfe\xe9<\x8a\xdb\xa2\x808\xd2\xcc\x8er\x08n\xf9\
\xea*E\x93\x0c\x18\x12\xad\xfd\xe5\xe0\xfe5\xd0\xde\xe9\
\xb0\xde\x0eF\xd7\xfe\xf0\x1f\xce\xb9\xeb\xbb9\xec[\x0e\
2\xa7\xa3\x0e\x86\x804-\xf5\xa7\x8f\x0bp\x04\x8b\xd0\
8\xeb\xf9U{\xe4\x85\xc1\x9e\xd5\x83!\xfb\xcb\xdd~\
\xb5\x9a\x1f\x9e\xfd{\xd2\xe7\x9d\xcaJ\xb7\xa8\xa0\x0b6\
W\xa6\xd2\xe5\x1c\x83\xb78lzWU\x14\xf1\xcc\xb9\
\x8d\xc3\x0fn\xb5\xc2\x89\xf16\xc9F\xd2z\x1e\xc4\xd7\
S\xa7\xa4w\xb6h\xdb\x8a\xca\x9co^\x0d\x00j\xd1\
T\xbc\xeb\x9bn&C*vt\xfb\xdf\x8d\x14\x01v\
\x8a(\xa0\x02\x8a(\xa0\x02\x8a(\xa0\x02\x8a(\xa0\x02\
\x8a(\xa0\x02\x8a(\xa0\x02\x8a(\xa0\x02\x8a(\xa0\x02\
\x8a(\xa0\x02\x8a(\xa0\x02\x8a(\xa0\x02\x8a(\xa0\x02\
\x8a(\xa0\x02\x8a(\xa0\x02\x8a(\xa0\x02\x8a(\xa0\x02\
\x8a(\xa0\x02\x8a(\xa0\x02\x8a(\xa0\x02\x8a(\xa0\x02\
\x8a(\xa0\x02\x8a(\xa0\x02\x8a(\xa0\x02\x8a(\xa0\x02\
\x8e\xd4Q@\x05\x14Q@\x05\x14Q@\x05\x14Q@\
\x05\x14Q@\x05\x14Q@\x05\x14Q@\x05\x14Q@\
\x05\x14Q@\x05\x14Q@\x05\x14Q@\x05\x14Q@\
\x05\x14Q@\x05\x14Q@\x05\x14Q@\x05\x14Q@\
\x05\x14Q@\x05\x14Q@\x05\x14Q@\x05\x14Q@\
\x05\x14Q@\x05\x14Q@\x05\x14Q@\x05\x14Q@\
\x05\x14Q@\x05\x14Q@\x05\x14Q@\x05\x14Q@\
\x05\x14Q@\x05\x14Q@\x05\x14Q@\x05\x14Q@\
\x05\x14Q@\x05\x14Q@\x05\x14Q@\x05\x14Q@\
\x05e\xde\xe9+.d\xb7\x01_\xba\xf65\xa9E\x00\
r-\xe6@\xfbJ\x95q\xdb\xb8\xadk\x0d_q\x11\
\xdc\x9e\xbd\x1b\xfckF\xe6\xce\x1b\xb4\xc4\xab\xcff\x1d\
EcO\xa2N\x84\x98XH\xbe\x9d\x0e(\x03\xa0\xfa\
QY\x9aT\x93\xa80\xcc\xad\x81\xf7K\x0e\x95\xa7@\
\x05\x14Q@\x056H\x92X\xcaH\x81\x94\xf5\x07\xbd\
:\x8a\x00\xc3\xba\xd02\x19\xad\x9cg\xb2\x9a\xc4\x9e\xda\
{f\xdb\x22\x10~\x95\xda\xb3\xaa\x0d\xce\xc0\x0fRj\
\x9c\xb7v\xf3\xaf\x96\x915\xc7\xb0^?:\x00\xe3\xdd\
\x16T)'O\xe5W\xb4\x1b\xd1\xa7O\xe4\xdcH\xc6\
)8W=\x8f\xbdhM\xa1<\xd9x\x82\xc1\x9e\x8a\
\xc75\x996\x95w\x19(\xf03\x0e\xf8\x19\x06\x80:\
\xb9/m\xa38i\xe3\x04\xfa\x9a+7EF1\xb4\
76\xfc\xaf\xddvQ\xc8\xa2\x806\xa8\xa2\x8a\x00(\
\xa2\x8a\x00(\xa2\x8a\x00(\xa2\x8a\x00(\xa2\x8a\x00(\
\xa2\x8a\x00(\xa2\x8a\x00(\xa2\x8a\x00(\xa2\x8a\x00(\
\xa2\x8a\x00(\xa2\x8a\x00(\xa2\x8a\x00(\xa2\x8a\x00(\
\xa2\x8a\x00(\xa2\x8a\x00(\xa2\x8a\x00(\xa2\x8a\x00(\
\xa2\x8a\x00(\xa2\x8a\x00(\xa2\x8a\x00(\xa2\x8a\x00(\
\xa2\x8a\x00(\xa2\x8a\x00(\xa2\x8a\x00(\xa2\x8a\x00(\
\xa2\x8a\x00(\xa2\x8a\x00(\xa2\x8a\x00(\xa2\x8a\x00(\
\xa2\x8a\x00(\xa2\x8a\x00(\xa2\x8a\x00(\xa2\x8a\x00(\
\xa2\x8a\x00(\xa2\x8a\x00(\xa2\x8a\x00(\xa2\x8a\x00(\
\xa2\x8a\x00(\xa2\x8a\x00(\xa2\x8a\x00(\xa2\x8a\x00(\
\xa2\x8a\x00(\xa2\x8a\x00(\xa2\x8a\x00(\xa2\x8a\x00(\
\xa2\x8a\x00(\xa2\x8a\x00(\xa2\x8a\x00(\xa2\x8a\x00(\
\xa2\x8a\x00(\xa2\x8a\x00(\xa2\x8a\x00(\xa2\x8a\x00(\
\xa2\x8a\x00(\xa2\x8a\x00(\xa2\x8a\x00(\xa2\x8a\x00(\
\xa2\x8a\x00(\xa2\x8a\x00(\xa2\x8a\x00(\xa2\x8a\x00(\
\xa2\x8c\xe6\x80\x0a(\xa2\x80\x0a:TS\x5cEn\x9b\
\xe5p\xa3\xb7\xbf\xd2\xa9\xef\xbb\xbe\xff\x00W\xfe\x8f\x09\
\xfe#\xf7\x9b\xfc(\x02\xd4\xf7p[q#\x8d\xc7\xa2\
\x8eI\xaa\xe2k\xdb\x9f\xf5Q\x0bt?\xc7'-\xf9\
T\xd6\xf60[r\xab\xb9\xcfWnI\xab4\x01I\
4\xd8\xb7o\x9d\xdew\xf5s\xfd*\xe2\xaa\xa8\xc2\x80\
\x07\xb5.h\xa0\x02\x8a(\xa0\x02\x8a(\xa0\x02\x8a(\
\xa0\x02\x8a(\xa0\x02\x8a(\xa0\x02\x8a(\xa0\x02\x8a(\
\xa0\x02\x8a(\xa0\x02\x8a(\xa0\x02\x8a(\xa0\x02\x8a(\
\xa0\x02\x8a(\xa0\x02\x8a(\xa0\x02\x8a(\xa0\x02\x8a(\
\xa0\x02\x8a(\xa0\x02\x8a(\xa0\x02\x8a(\xa0\x02\x8a(\
\xa0\x02\x8a(\xa0\x02\x8a(\xa0\x02\x8a(\xa0\x02\x8a(\
\xa0\x02\x8a(\xa0\x02\x8a(\xa0\x02\x8a(\xa0\x02\x8a(\
\xa0\x02\x8a?\x0aB@\xee9\xe9\xcfZ\x00Z(\xed\
E\x00\x14QE\x00\x14QE\x00\x14QE\x00\x14Q\
E\x00\x14QE\x00\x14QE\x00\x14QE\x00\x14Q\
E\x00\x14QE\x00\x14QE\x00\x14QE\x00\x14Q\
E\x00\x14QE\x00\x14QE\x00\x14QE\x00\x14Q\
E\x00\x14QE\x00\x14QE\x00\x14QE\x00\x14Q\
E\x00\x14QE\x00\x14QE\x00\x14QE\x00\x14Q\
E\x00\x14QE\x00\x14QE\x00\x14QE\x00\x14Q\
E\x00\x14QE\x00\x14QE\x00\x14QE\x00\x14Q\
Q\xcd<v\xe9\xbeF\xc0\xfdh\x02JB@\xe4\x9c\
\x0fSX\xb7:\xcb\x92V\xddB\xaf\xf7\xd8rk6\
[\x89gl\xc9#?\xb1<P\x07C.\xa7k\x09\
 \xc9\xb9\x87e\xe6\xa9\xc9\xae\x0e\x91\xc2O\xbb\x1cV\
F\x09\xc5K\x15\xac\xd3}\xc8\xd8\xfd\x05\x00Zmn\
\xe5\x8f\xca\x11~\x82\xa0}J\xf2N\xb3\xb7\xfc\x04\x01\
Va\xd1&b<\xc6\x0a=;\xd5\xe4\xb1\xb3\xb2M\
\xf2a\x8f\xfb]\xe8\x03&\x11{p\xdf#LG\xae\
\xe2\x00\xa1\xee\x8d\x99fY\xbc\xd9\x14\xe0\xb3\x13\xb1\x7f\
\x1e\xe6\xaf\xdf\x5c\xec\xb7\xdf>b\x8b\xf8!\x1c3\xff\
\x00\x80\xaerI\x1ew\x0e\xe7\x18\xe1#_\xba\x83\xd0\
\x0a\x00\xe84\x90\x97\x92<\xf3\xe6IT\xfd\xe6=>\
\x82\xb6\xab\x1b\xc3\xb1\x95\xb4\x95\xcf\xf1=l\xd0\x01M\
y\x124.\xec\x14\x0e\xa4\xf6\xa6O:[\xc6]\xcf\
\x03\xa0\xf5\xac\x0b\x9b\x99.\xe6,\xc7\x81\xf7W\xb0\xa0\
\x0bw:\xc3\x93\xb6\xdd0\x0f\xf1\x1a\xb9\xa6\xac\xc6/\
6gb[\xa05N\xc3O27\x9b(;G@\
kg\x18\x18\x14\x00QE\x14\x00QE\x14\x00QE\
\x14\x00QE\x14\x00QE\x14\x00QE\x14\x00QE\
\x14\x00QE\x14\x00QE\x14\x00QE\x14\x00QE\
\x14\x00QE\x14\x00QE\x14\x00QE\x14\x00QE\
\x14\x00QE\x14\x00QE\x14\x00QE\x14\x00QE\
\x14\x00QE\x14\x00QE\x14\x00QE\x14\x00QE\
\x14\x00QE\x14\x00QE\x14\x00QE\x04\x8fZ\x00\
*\x1b\x8b\x98\xed\xa12Hx\x1c\x00:\x93\xe9U\xae\
5\x15B\xf1B\x0b\xc8\x067v\x1f\x8dd\xcb#\xcf\
)\x92I\x0b\x1e\xd9\xe8\x07\xa5\x02.\x7fj]3\x12\
\x22\x89\x10\xf4\x0d\x92j\xa1V\x91\x8b<\xce\xed\x9c\x9e\
z}(Q\x91\xce:\xf5\x06\x95pw\x01\x83\xeb\x93\
\xd6\x80\x14Mp\xb0\x05\x8e\xe5\xd5:t\x19\xfa\xd4\x86\
\xe6\xf1\x03b\xe0\xe3\x1dH\x15\x16\x09|zq\xd7\x8a\
6\xed\xce\x00\xc8\xe4\xe2\x80.\xc1\xabJ\x1b\x13\xc4\xb8\
\xeeP\xff\x00J\xd2\x86\xe2+\x84-\x13\x87\x00\xe0\x91\
\xda\xb0\x1b\x92p@=\xe9\xd1\x86\x8d\xc3F\xdeY\x07\
\x9cw\xa0\x0e\x86\x8a\xc4\x8fP\xba\x83\x99I\x95z\x11\
\x80\x0f\xd7\x8a\xd9\x8d\xd6D\x0e\x87 \xf4\x22\x81\x8e\xa2\
\x8a(\x00\xa2\x8a(\x00\xa2\x8a(\x00\xa2\x8a(\x00\xa2\
\x8a(\x00\xa2\x8a(\x00\xa2\x8a(\x00\xa2\x8a(\x00\xa2\
\x8a(\x00\xa2\x8a(\x00\xa2\x8a(\x00\xa2\x8a(\x00\xa2\
\x8a(\x00\xa2\x8a(\x00\xa2\x8a(\x00\xa2\x8a(\x00\xa2\
\x8a(\x00\xa2\x8a(\x00\xa2\x8a(\x00\xa2\x8a(\x00\xa2\
\x8a(\x00\xa2\x8a(\x00\xa2\x8a(\x00\xa2\x8a(\x00\xa2\
\x8a(\x00\xa2\x8a(\x00\xa2\x8a(\x00\xa2\x8a(\x00\xa2\
\x8a(\x00\xa8.-\x22\xba\x0a$\x04\x85\xe9\x83S\xd1\
@\x14?\xb2-}\x1b\xf3\xa5\x1aM\xa8\xea\xac~\xa6\
\xafQ@\x10Geo\x17\xdc\x89\x7f*\x9c\x00\x06\x00\
\xc0\x1d\xa8\xaa\x13\xdeI4\xa6\xda\xcf\x05\xc1\xf9\xe4\xec\
\x9f\xe3@\x13Ov\xb1\xb8\x85\x06\xf9\x8f\xf0z}i\
\xa2%\x845\xcd\xd3\xeee\x19\xc9\xfb\xa9\xf4\xa7\xdaY\
\xc7j\xbf),\xe7\x96v\xea\x7f\xfa\xd5K]\x9bm\
\x90\x8b<\xb9\xc6=\xbb\xd0#\x0a\xf2\xed\xafn\x0c\xaf\
\xc2\xff\x00\x00\xf4Z\xac\x14\xb3\xf1N=\xea[d/\
2\xa8\x1c\x93\x81@\xce\xa7M\x88Ea\x12\xfa\x8c\xfe\
ui\x99Q\x0b1\xc0\x1c\x93B(DU\x1d\x14`\
UK\xd8\xa5\xb9_&>\x14\xfd\xe3\xed@\x197w\
\x0fw>p}\x15E^\xb2\xd3q\xb6I\x87N\x8b\
V\xadlb\xb7\xe7\x1b\x9b\xfb\xc6\xadP\x00\x06\x05\x14\
Q@\x05\x14Q@\x05\x14Q@\x05\x14Q@\x05\x14\
Q@\x05\x14Q@\x05\x14Q@\x05\x14Q@\x05\x14\
Q@\x05\x14Q@\x05\x14Q@\x05\x14Q@\x05\x14\
Q@\x05\x14Q@\x05\x14Q@\x05\x14Q@\x05\x14\
Q@\x05\x14Q@\x05\x14Q@\x05\x14Q@\x05\x14\
Q@\x05\x14Q@\x05\x14Q@\x05\x14Q@\x05\x14\
Q@\x05! \x02OA\xde\x99,\xab\x1a\x93\x91\x9e\
\xc2\xb3n$y>gv#\xb0\x14\x01,\xda\x8b\x90\
L*\xa5{3\x1e\xb5\x98W\xe6%\xd9\xd8\xb7\x5c\xb1\
\xa7\x16C\x81\xc9\xc7aM\xc7\x18,q\xeb@\x87\x17\
]\xa5@\xe0\xf1\x8fj\x8f<\xe0\x1e6\xf3\x8e\x94\xab\
\x96n\x18\xfeT\x02\xd8\xc1\xc9\xcf\xa8\xa0\x05GU\x19\
8\xde\x0f~\x94\x12\xbb\xd8\x0c\x01\xf8sN\x0a:\x01\
\x93\x9e\xe6\x95\x06\x1b'=:\x164\x00\xdc\x10wc\
+\xdb\xff\x00\xafB\xe4\x9c\xb0c\x9e\x86\x94p:\x01\
\x8ap\xe4\xf5\x07\xd0\x0a\x00A\x8es\x8c\x11\xd3\x14\xb9\
V \x0e\x00\xf5<\xd2\x01\x83\x9e\xfd\x0d(\x1c\xe3\xa9\
=\xf1\xda\x80\x17k\x11\xb80\xf4\xe9O\x86\xe6kc\
\x94P\xeaG\xdd'\x18\xa6\x0f\xbc{\x12:Q\xb5\x94\
\xf2z\xd0\x06\x8c:\x81y\x11Z\x22\xa1\xba\x1c\xff\x00\
\x9e*\xf0 \x80A\xc8=+\x08\x12W\x1f\x86=j\
\xfd\xb5\xcaE\x0a#+.\x0e3\xd4P\x05\xea(\x04\
\x11\x90sE\x03\x0a(\xa2\x80\x0a(\xa2\x80\x0a(\xa2\
\x80\x0a(\xa2\x80\x0a(\xa2\x80\x0a(\xa2\x80\x0a(\xa2\
\x80\x0a(\xa2\x80\x0a(\xa2\x80\x0a(\xa2\x80\x0a(\xa2\
\x80\x0a(\xa2\x80\x0a(\xa2\x80\x0a(\xa2\x80\x0a(\xa2\
\x80\x0a(\xa2\x80\x0a(\xa2\x80\x0a(\xa2\x80\x0a(\xa2\
\x80\x0a(\xa2\x80\x0a(\xa2\x80\x0a(\xa2\x80\x0a(\xa2\
\x80\x0a(\xa2\x80\x0a(\xa2\x80\x0a(\xa2\x80\x0a(\xa2\
\x80\x0a(\xaa\x97\xb7\xe9d\x9c\xfc\xd27\xddQ@\x13\
\xcb4p!y\x18\x05\xfeu\x91s\xae\x90v\xdb\xa0\
\x03\xfb\xc6\xb2\xaene\xba\x90\xb4\x8eI\xf4\xec*\xa4\
\x8d\x9d\xa8\x07-@\x17\x9fQ\xbb\xbf\xd9\x11\x94\xaa;\
`\x95\xe0\xe2\xbakKT\xb4\xb7X\xa3\xe8;\xd7-\
o\x183F\x07\x03\x22\xba\xf1\xf7E\x00-s\x1a\xe4\
\xc6[\xed\xa0\xf1\x18\x0b\xf8\xf7\xae\x99\x88U'\xd2\xb8\
\xd9\xc9\x92\xe5\xd9\x8eK14\x01\x18\xc1\xadM\x22\xdf\
}\xda\xb1\x1c.X\xff\x00!Y\xf1\xc7\xb9\xb8\xc5t\
ZD\x1b iOW<}\x05\x00h\xd1E\x14\x00\
QE\x14\x00QE\x14\x00QE\x14\x00QE\x14\x00\
QE\x14\x00QE\x14\x00QE\x14\x00QE\x14\x00\
QE\x14\x00QE\x14\x00QE\x14\x00QE\x14\x00\
QE\x14\x00QE\x14\x00QE\x14\x00QE\x14\x00\
QE\x14\x00QE\x14\x00QE\x14\x00QE\x14\x00\
QE\x14\x00QE\x14\x00QE\x14\x00QE\x14\x00\
QE!`(\x01I\xc0\xa8]\xf0:\xf3I$\xb8\
\xaa3\xdc\x80y`\x0f\xb9\xa0\x07M)\xf5\xe9\xefT\
\x9eC\x92\xc7?\x9d\x0e\xec\xdd\xc6\x0fA\x9a\x8br\x91\
\x80@\xf4\xc8\xcd\x02\x06$3\x0e\x9c\xe7\x8an\x01\xe4\
\x90)\xc0t\xf9\xb23\x8e\x9c\xd02\x18\xfd\xef\xa84\
\x00g\x83\x92\x0fn\x94d\x03\xe8\x07sJ\x01\xe4r\
\x0ez\x93\xde\x95O\xca\x01\xea}(\x00\x0b\xce\x06?\
\x0a\x97\x90\xa7\x9e\x08\xe9\x8aDES\x9c}\x059H\
\xeb\xc1\xc5\x00G\xc9\x1cd\x83\xfd)T\x0c\x029=\
p84`\xa9\xed\xb7\xb58\x80\xde\x84\x1e\x94\x00\xd1\
\x92\xc4\x0d\xcd\x8e\x84v\xa5\x00\xae0q\x8fz3\xd8\
\x91\xb4\xf6\xe9F\x01=9\xce(\x00\xc6N\x0bdz\
f\x9e:g\x04zf\x90/_\x9c\x13N\x04\x1e\xa4\
\xe3\xe9@\x0c9\x1e\xbcz\xf5\xa9\x15\xbe`K\x0ac\
\x03\x9c\xf3\x9fSGn\x09 P\x06\x8d\x93\xe31\xe7\
\x8e\xd9\xab\x95\x96\x8c\xc0\xa1U\xce\x1b\xd6\xb4\x92D\x90\
e\x18\x1a\x00u\x14Q@\xc2\x8a(\xa0\x02\x8a(\xa0\
\x02\x8a(\xa0\x02\x8a(\xa0\x02\x8a(\xa0\x02\x8a(\xa0\
\x02\x8a(\xa0\x02\x8a(\xa0\x02\x8a(\xa0\x02\x8a(\xa0\
\x02\x8a(\xa0\x02\x8a(\xa0\x02\x8a(\xa0\x02\x8a(\xa0\
\x02\x8a(\xa0\x02\x8a(\xa0\x02\x8a(\xa0\x02\x8a(\xa0\
\x02\x8a(\xa0\x02\x8a(\xa0\x02\x8a(\xa0\x02\x8a(\xa0\
\x02\x8a(\xa0\x02\x8a(\xa0\x02\x8a(\xa0\x02\x8a)\x92\
\xca\x90\xc4\xd29\xc2\xa8\xc9\xa0\x08/\xafR\xca\x12\xec\
r\xe7\x85_S\x5c\xb4\xd3\xb4\xd24\x921,\xddj\
K\xbb\x96\xbc\xb8i\x1c\xe0g\xe5\x1e\x82\xab\x80\x18\xf0\
8\xa0\x01I=\x05\x22.\xe9\xcb\x7fp`T\xc8\x99\
\xc7\xf4\xab\xcfb\xd6\xf6\xa2G8i\x1b\x81@\x15\xed\
s\xf6\x84\x1e\xe2\xba\xc1\xf7G\xd2\xb9\x9bU\xff\x00H\
O\xadt\xc3\xa0\xa0\x0a\xf7\xcf\xe5\xd9J\xdd8\xc0\xae\
P\xf2\xd9\xae\x8bY}\xb6\x8a3\xd5\xbaW<\x06M\
\x00Ok\x13K*\xa8\xceX\xed\x15\xd4\xa2\x08\xe3T\
^\x8a\x00\x15\x97\xa3\xdb\x8c\x19\x88\xe0|\xab\xfdkZ\
\x80\x0a(\xa2\x80\x0a(\xa2\x80\x0a(\xa2\x80\x0a(\xa2\
\x80\x0a(\xa2\x80\x0a(\xa2\x80\x0a(\xa2\x80\x0a(\xa2\
\x80\x0a(\xa2\x80\x0a(\xa2\x80\x0a(\xa2\x80\x0a(\xa2\
\x80\x0a(\xa2\x80\x0a(\xa2\x80\x0a(\xa2\x80\x0a(\xa2\
\x80\x0a(\xa2\x80\x0a(\xa2\x80\x0a(\xa2\x80\x0a(\xa2\
\x80\x0a(\xa2\x80\x0a(\xa2\x80\x0a(\xa2\x80\x0a(\xa4\
,\x05\x00-!8\x1c\xd4M6\x07Z\x82I\xf9\xeb\
@\x13\xbc\xa0Uy.\x00<\x92*\xac\x93\x1cs\x91\
\xf8\xd5vrH\x05s\x83\xd0\x9e\xb4\x08\x9aK\x82N\
@b\xbe\xb8\xe3\xe9P\x16f'\x00\xfdp)\xce\xc3\
h\x0a\xaa\xb1\xff\x00\x08\xc9?\x8dD\x02\xee\xce\x01\x07\
\xb14\x00\xa3v\x09 \xe0\x0c\x0c\x9a\x0b\x15\xc0\x00\x10\
=\xc74\x9cs\x80\x07\x19\xe0\xd2\x03\x81\x8e\xdd\xf8\xa0\
\x03\x0arI\x0d\x9e\xf9\xe9@\x04\xe7\x09\x9f\xa0\xa5U\
\x1e\xe3\xd8\x0aP\x0f\xab\x12:\xe6\x80\x03\x9c\x96(\x00\
\xce\x074\xf0\x09\xc1'\x8f~\x94\x81I\x7f\xbb\x85\xea\
y\xa9\xb6\x11\xc9\xcf\x1d\x87J\x00i\x18\x04\x7f\x91O\
\x03\x04c'\xd6\x90d\x9c\x81\x91\xdcw\xa4 7\x07\
\x1f\x8d\x004\xa8A\xce\xe0{`q@S\xb4\xe3>\
\xfd\x8d8\xae\xe0>n;\xfc\xd4\x15\xe3>\x9d\xe8\x01\
\xb88\x1f)\xe2\x9d\xc0\xec9\xf7\xa7\x11\xc1\xc9\xedM\
l\xf20\x17<d\x8c\xe2\x80\x0e\x01\xeb\x9fZ7\x1c\
\x003\xc7SF\x09\x1d\x0e{\xf1Cv\x03\xa8\xfe\x1a\
\x00V\x00\x8c\xb7\xe9L\xc0\xdd\xf2\xe4\x9e\xf5\x22\x9d\xd9\
9\xe3\xbf\x15\x1b\xe4\x90\x09;\x7f,}h\x01\xe8\xdd\
:\x00j\xcco\xe5\xb8e\x1fQ\xebUW\xe5=\xce\
}\xeadc\x8e(\x03N9\x04\x8b\x95\xcf\xa5>\xb3\
\xa0\x9c\xc4\xd8'\xe4?\xa1\xab\xf1\xc8\x92.U\x81\x14\
\x0cu\x14Q@\x05\x14Q@\x05\x14Q@\x05\x14Q\
@\x05\x14Q@\x05\x14Q@\x05\x14Q@\x05\x14Q\
@\x05\x14Q@\x05\x14Q@\x05\x14Q@\x05\x14Q\
@\x05\x14Q@\x05\x14Q@\x05\x14Q@\x05\x14Q\
@\x05\x14Q@\x05\x14Q@\x05\x14Q@\x05\x14Q\
@\x05\x14Q@\x05\x14Q@\x05\x14Q@\x05\x14Q\
@\x05\x14Q@\x05`kw\xbb\xe4\x16\xb1\x9e\x17\x97\
\xfa\xfaV\xb5\xf5\xd0\xb4\xb5i3\xf3}\xd5\xfa\xd7$\
wI!bI$\xe4\x9a\x00L\x16=*h\xd3\x1c\
\x00I\xa7F\x84\x90\xa0d\x9a\xde\xb0\xd3V,K(\
\xcb\xf6\x1d\x85\x007O\xd3Dae\x99~n\xc3\xd2\
\x97V\x07ddz\xd6\x95T\xd4\x97u\xaeq\xf7N\
h\x03\x22\xd0f\xe1+\xa2\xed\x5c\xfd\x9f7\x91\x8f|\
WA@\x18\xba\xe3\xe5\xa3Ol\xd6u\xbc-,\x8a\
\xab\xd5\x8e\x05^\xd5\x80k\xce\xbfuj\xd6\x95k\xb1\
L\xac9\xc6\x05\x00hC\x12\xc1\x12\xc6\x83\x85\x18\x14\
\xfa(\xa0\x02\x8a(\xa0\x02\x8a(\xa0\x02\x8a(\xa0\x02\
\x8a(\xa0\x02\x8a(\xa0\x02\x8a(\xa0\x02\x8a(\xa0\x02\
\x8a(\xa0\x02\x8a(\xa0\x02\x8a(\xa0\x02\x8a(\xa0\x02\
\x8a(\xa0\x02\x8a(\xa0\x02\x8a(\xa0\x02\x8a(\xa0\x02\
\x8a(\xa0\x02\x8a(\xa0\x02\x8a(\xa0\x02\x8a(\xa0\x02\
\x8a(\xa0\x02\x8a(\xa0\x02\x8a\x09\x03\xaf\x15\x13J\x07\
L\xd0\x04\xa7\x8aB\xc2\xa0i\x86:\xd4O6;\xd0\
\x05\x86\x92\xab\xc90\xc1\xe6\xab\xc97@\x1f\x9f\xa7\x15\
\x0b:\x9d\xdb\xb7\x1c\xf6\x02\x81\x12\xc9)'\x00\x8f\xce\
\xa1y\x18\x801\x83M\xea~\xf1\xcf\xbd\x19\x1f\x88\xfc\
\xa8\x00\xc8`H\xe0\x9e\xb5\x11\xfb\x80\x10s\xd8\xe3\xa5\
;\x9e\xbb\x7fZRF\xec\xed\xc9\xfa\xf4\xa0\x04\xe4\xf2\
2\x00\xe9\x91M*s\xd0\xf1\xe9N'\x9c\x8cn<\
\x93\xde\x83\x9e\xe4\x81\xeb@\x09\xf2\x83\xf7H\xf49\x07\
4\xdeO$\x9c\x01\xeb\xd2\x9e\x02\xed$*\xf3\xc1\xcf\
zn\x01c\x9cz\x8f\xad\x00 \x04\x1fC\xeaMH\
\xa0q\xb8\xf1\x9e\xe3\xad\x00\x0e\x83\x19=)\xe12\xdb\
\x81$u\xe4rh\x00U\xf4'9\xa5\x00\x01\xdf4\
\xf0;\x86#\x9e\xf4\x98\xca\xe4\x1a\x00Lc\xb9\xcf\xbd\
\x0b\xc7 m?N\xb4\xe0\x0f_\xe7I\x929\xeb\x9f\
\xd2\x80\x0c\xf6\x1c\x1e\xbd(\x1b\x8f\xae\x0d/\x01@\x0c\
\x09>\xd4u\x19^\xc6\x80\x10\xe4\xe39\xe9\xce\x0d5\
\x89\xed\xb8\x129\xf4\xc5<\xe3\x92@ \xf1\x92(;\
_\x81\xf9P\x04l\x01 \x9e[\xb0\x1d\xe921\xdf\
8\xe9N$\xe3\x9e\x9d\xb3\xcd\x18\xe3\x19\x19\xef@\x0a\
\xb8\xfc\xff\x00ZF\x19<\x9c\xd2(#\x91\xc7\xb9\xa5\
bx \xf4\xe2\x80\x19\x91\x8c\x8c\x00\x0ey\xa9\x17\x8e\
I\xfc3L\x19\x04\xe5\x81&\x9d\x82\x1f\x8c\xfe\x14\x01\
.x\x1cd7ztlQ\x83\xa99\xf6\x1di\x87\
\xa7\xd4\xe3\x93\xd2\x8c\xf3\xca\xf4\x18\xe4\xd0\x06\x9c\x12\x89\
\xa3\xcfppG\xa5KYq\xcf\xe4>T\x0d\xa7\xef\
\x0cV\x928\x91\x15\x97\xa1\xa0c\xa8\xa2\x8a\x00(\xa2\
\x8a\x00(\xa2\x8a\x00(\xa2\x9b$\x89\x12\x17\x91\x82\xa8\
\xeeh\x01\xd4U?\xedK]\xd8\xde\xc7\xdc)\xa6\x9d\
V\x0c\xfe\xed$\x93\xfd\xd5\xff\x00\x1a\x04^\xa2\xa8.\
\xa9\x1eHxf_N\x01\xcf\xe4j{{\xd8.r\
#b\x18\x7f\x0b\x0c\x1a\x00\xb1E\x14P0\xa2\x8a(\
\x00\xa2\x8a(\x00\xa2\x8a(\x00\xa2\x8a(\x00\xa2\x8a(\
\x00\xa2\x8a(\x00\xa2\x8a(\x00\xa2\x8a(\x00\xa2\x8a(\
\x00\xa2\x8a(\x00\xa2\x8a(\x00\xa2\x8a(\x00\xa2\x8a(\
\x00\xa2\x8a(\x00\xa2\x8a(\x00\xa2\x8a(\x00\xa2\x8a\xa3\
\xaa^\x8bKS\xb4\xfe\xf1\xf8Z\x00\xc8\xd5\xee\xfe\xd1\
rcS\xf2'\x1fZ\xab\x0c%\x88\x00d\x9e\xd5\x1c\
0\xb4\xb2q\x92Mt\x96\x16\x02\x04\x0e\xe0o\xfeT\
\x00XX\x08\x14H\xe3\xe7\xfeU~\x8a(\x00\xa8\xe7\
O2\x07LuZ\x92\x8a\x00\xc8\xd3\xa1\x06\xe0\xb1\xe7\
oJ\xd7\xa8 \xb7\xf2Y\xcf\xa9\xc8\xa9\xe8\x03\x1d\xad\
\xde\xebQv*B\x86\xc6Mk\xaa\x85P\xa3\xa0\xa3\
\x14\xb4\x00QE\x14\x00QE\x14\x00QE\x14\x00Q\
E\x14\x00QE\x14\x00QE\x14\x00QE\x14\x00Q\
E\x14\x00QE\x14\x00QE\x14\x00QE\x14\x00Q\
E\x14\x00QE\x14\x00QE\x14\x00QE\x14\x00Q\
E\x14\x00QE\x14\x00QE\x14\x00QE\x14\x00Q\
A!FI\x00S\x0c\xd1\x8f\xe2\x07\xe9@\x0f\xa4$\
\x0e\xa6\xa22\x96\xf6\xa8\xcb{\xfet\x019\x94\x0e\xc6\
\xa3iX\xf4\xe2\xa2/\xd8\x8a\x8d\x9f=\xa8\x10\xf6~\
\xd9\xfc\xcdF\xceJ\x90\x08\xa6\xb18\xe4\xe4\xfd)\x9c\
\x8e\xa7\x9ct\x22\x80\x15\x9c\xee\xc7\xa5FX\x86\xc1?\
\x9d5\x88\xe7 /N(\x040\xdb\x81\xf8\xf5\xfeT\
\x00n%\x89\x1e\x9dOZnB\x83\xb4rz\x01F\
\xc3\x80I \x9e(;\x89\xda\x019\xf5\xeb@\x08I\
\xcfoq\xd4\xd2\x1d\xb8\xda\x0ersO\x08q\x93\xd7\
\xd3\xa0\xa1s\x81\xc1$}(\x02 8;\x97\x1e\xb8\
\xedN\xdb\xdc\x10s\xdb\x147c\x8221\x9c\xd2\x95\
o/q\xc1\xcfl\x7f\xf5\xe8\x01\x8a\xbf \x05\x87\xa6\
)\xd8\x1cg'\xf14\xf0\x0e2OJn1\x92\xc1\
~\xb9<P\x03zps\xf3t\x04R\x8d\xc0\xe7\x18\
c\xc0\xcd=T\xf5\xc0\x1c\x7f\x9cP@$`}h\
\x025PH\xe3\xa7CRm\xc3n<\x03\xdf4\xa3\
\xd7\xf4\xa7l$\xe0\xb1\xdb\xdb\x14\x00\xd2K\x02\xad\x83\
\xdf\xd2\x9d\xf7F8\xc1\xef\x9aM\xad\x82\x1d\xb0\x0f\xa8\
\xa3\x07\x81\x8e>\x82\x80\x10\x11\xc9\xc8#\xb5)\xdaz\
\x13\x9e\xf9\xa3\x03\xaeH\xa5\x00d\x92[\x9a\x007\x11\
\xceO\xd7\x14u\x5c\xe0\xe3\xe9I\xbb\x18=\xbd3N\
?0\xc0 \x0fJ\x00@\xdf.G#\xd0\xd2\xe3\x1d\
\x01?J9\xc8\x1d\x87_z@\x08\xe0t'\x9e\xd4\
\x01\x19\x00\xf2O\x1f^\xb4\x15\x1c\xe7\x19\xed\xc58\xe4\
7\x03\xa7L\x0a\x18\x8c`\x8e\x05\x00&1\x80\xd9#\
\xda\x97\x83\xe9\x9e\xbdh\x0aq\x8f\xc2\x82\xdc\xe0\x83\x91\
\xe9@\x0a\xc0t>\xbd\xe9\xa1@\xc7\xf0\x83\xda\x8d\xdb\
\xb0\x02\xe3\x1f\xa5\x22\x96S\xf3\x1e?\x95\x00J\xb99\
\xe9\x83A\xc6\xeeNA\xeb\xc5\x0ar\x7f\x8b\xebR\x10\
\x18`\xe0\xfaf\x80#\x01H\xc0\xe7\xdc\x0a\x96+\x89\
\xa1P8e\x1c`\x8ac/\x078\xfci@a\x90\
@?\x85 &K\xe7\xca\x89\x10c\xd4U\xc8\xe4\x12\
&\xe0\x08\xfa\xd6~\x15Fx\x00c\x9e\xd4\xa2\xe9 \
<\x12O\xf7Tf\x98\x1aT\x8c\xc1T\xb3\x10\x00\xea\
Oj\xcc\x17\xb3,\x8e\xf9\x05O\xddR:Uy7\
\xdc\x12n\x18\xb2\xe7\xa7\xf0\x81@\x17\xe4\xd4\xe2B6\
\xab:\x9f\xe2R1\xfc\xea\x06\xd5e$\xacv\xbd\x07\
\x05\x9c\x0c\x7f:\xae\xa5W\x80\x06=sK\xb0\x93\xc7\
\x1d\xf3\xeb@\x0fk\xeb\xb7s\x8d\x91)\x18\xc62j\
\x062M\xb3\xcer\xe1z\x06\xe9O<\x0e\xe7\xd8\x8e\
)B\xb6A$\x8a\x008\x1c\xf1\xc7a@\x18nG\
\xe5J\x06\x09\x00\x0c\xe3\x1fZ\x1b$\x12T\x8cs\xd7\
\x14\x00\x00\x0eq\xc1\x1e\xd8\xa6\x94a'\x98\xac\x15\xd7\
\x95lzS\xd5K\xf0\x0e\x07n\xf4'\xa1\xe3\xd2\x80\
/Z\xde\xac\xcd\xe5\xb8+.9\xc8\xc0?J\xb7X\
\xa65f\x1c)\xdas\x9c\xe3\x06\x8d\xaes\xfb\xc7\xcf\
l\xb9\xa0\x0d\xaa+#s)lH\xfb\x8f\xbd4\x87\
a\xb4\xcd&>\xb4\x01\xb2N\x06O\x03\xde\xa9\xff\x00\
iC\x9e\x15\xf6\xe4\x00\xdbx\xaaX\x90\xa0O9\xcc\
}\xd4\x9axR\xa4`\x9cs\x9a\x00\xd0\x8e\xea\x19G\
\xc9\x22\xfd\x09\xc1\xa9\xb3\xc6{z\xd6F\xc5l\x9c\x03\
\x9e\xa7\x02\x95\x03\xc7\x8d\x92\xba\x0fA@\x1a\xd4Vr\
\xdd\x5cF1\x90\xe7\xfd\xa1\x8f\xe5R}\xbc\xe7\x98\x1b\
\x1e\xcc3@\x17h\xaa\x8b\xa8\xdb\xb0\xfb\xc4z\xe4t\
\xab*\xe8\xc3*\xca\x7f\x1a\x00u\x14Q\xf9P0\xa2\
\x8a(\x00\xa2\x8a(\x00\xa2\x8a(\x00\xa2\x8a(\x00\xa2\
\x8a(\x00\xa2\x8a(\x00\xa2\x8a(\x00\xa2\x8a(\x00\xa2\
\x8a(\x00\xa2\x8a(\x00$\x0e{W/\xa8\xcc\xd7\x97\
\x85\x87(\xa7j\x8fj\xdb\xd4\xa7\xf2mH_\xbc\xfc\
\x0a\xa9\xa6Xg\x13J3\x8f\xba\x0d\x00M\xa6X\xf9\
\x11\x89$_\x9c\xf4\xf6\xad*(\xa0\x02\x8a(\xa0\x02\
\x8a(\xa0\x02\x8a(\xa0\x02\x8a(\xa0\x02\x8a(\xa0\x02\
\x8a(\xa0\x02\x8a(\xa0\x02\x8a(\xa0\x02\x8a(\xa0\x02\
\x8a(\xa0\x02\x8a(\xa0\x02\x8a(\xa0\x02\x8a(\xa0\x02\
\x8a(\xa0\x02\x8a(\xa0\x02\x8a(\xa0\x02\x8a(\xa0\x02\
\x8a(\xa0\x02\x8a(\xa0\x02\x8a(\xcd\x00\x14R\x12\x14\
e\x88\x03\xd4\xd4/y\x04`\x13 $\xf4\x03\x9c\xd0\
\x04\xf4U&\xd43\x91\x1cO\x93\xd0\xb6\x00\xa6\x1b\xc9\
Z>\x02\xa1\x1dOZ\x04_$\x01\x93\xc5@\xd7j\
\x1c\xaa\xa9lu=\xaa\x8e\xd2F^B\xde\xecx\xa7\
\xa9\xe3\x0a8\xfc\xa8\x02f\x95\xa4\x1f9\x04u\xc0\xa0\
\x1f\xc2\xa2\xce\x1b<\x8a^\xa3\x1c\xfet\x01!nx\
\xe9L\xdf\x81\x9e\x7f*BNGN=\xe9\xacGs\
\x80(\x01I\xcf<\x9aB\xc7\x1c\x13\xf8\xd2s\x8fO\
\xa5\x00\xe7\x8e3\xef@\x08rz\xfe\x94\xdd\xa4q\x8c\
\xd3\xfd28\xa6\x90v\x93\xc8\xa0\x06\x91\x91\x8c\x0e3\
\x8aoN\xa5\xb3\xeb\xde\xa4`\x09\xc78\xf6\xa6\x95\xcf\
a\xb8\xf7\xcd\x000/\xcc>f=\xf2M&\x09\xc9\
''\xdf\xadH\x17\x03\xa7\xcd\xde\x80\x85G\xaf\xe1@\
\x0c?x\xfc\x81\x8d4\xae\x01\xc6\xd3\x83\x9e8\xa9@\
# \x9c{\x81I\xb0\xfa\xe0\xf3\x93\x8a\x00\x8f\x0d\x9c\
\xed\x18\xecOJr\xa1\xdd\xc1#\xd7\x14\xe6O\x978\
?_j\x02\xa8\xf9\xb0\xd8\x1c\xf2q@\x09!\x0d\x80\
\xa4\xf3\xc9\x19\xa6\xe4\x9e\xc3\xdb#\xad8\x8f\xce\x8c\xe7\
 \x9f\xbd\xdb=>\x94\x00\x1f\x9b\xae@\xf7\xa4U\x07\
\x90x\x1e\x94\xec\x0fPH\xf54l\x03\x82B\x81\xc9\
\xa0\x00\xa9\xe8F{R\xe3\xe5\xe1r\x07\xf7\xa9\x10d\
\xf03\xee)\xfbq\xd4\x83@\x0d\xe8{b\x90\xf0x\
\x5c\xe3\xad)\x03\x8c\x9c\xf1\x9cS\xb0w\x91\xc8\xf4\xa0\
\x06\x101\xd0R\xf1\x8e\x1b\x1f\x8d8\x0c6q\x92:\
qI\xb0\x93\x8c\x12:\xe6\x80\x1a\x06\xe1\xd8\x0f\x5cR\
\x91\xdf\x8e:qK\x93\x9c\x1e\x9fZ>b1\xfc4\
\x00\xd00\xd8\x1c\x8faK\xd7\x82O4\xa0\x829\x03\
\x1f\xca\x82\x08a\xc8\x07\xd4P\x03q\xfe\xd1\x1f\xa5'\
\xa7-R\x1e\x178\xcf8\xe6\x9a\x14\x1cg\xeb\xc5\x00\
3\x0arH\xe9\xcd\x01C68\xdb\xefO\xda\x09\xc6\
\xee\xa2\x97j\xe4\x91\xc94\x01\x1e6\x9d\xa0\x01\x9fl\
\xd0Ns\x8c\x1f\x5c\xd4\x9cd\x85\xf9\xb1\xe9\xda\x94\xc7\
\x91\x8d\xa7\xd4\x11@\x11\xae}*Q\xf2\xa1$\x9e\x06\
M\x07j\x1d\xecp=\xea\x84\x93\xcb,n\xa4\xa0S\
\xd8u\xa0\x0b\x0dvI\xf9b$c\xe5\xcf\xf5\xa8\xe4\
\xbbwR\x15vg\xbey\xa8\xd4\x9d\xbbO\x1e\xa74\
\xa12\x0f\x00\x81\xdc\xf5\xa0\x04\xf3\xe6\x90*;\x11\x83\
\xd7\x1djh\xc1\xcf9\xc0\xeej0\xbc\x9e~\x9e\xd5\
0\xe38\x00\x0fj\x00v?\x88g\xf3\xa3\x91\xfc\x1c\
zR\x80K`\x03\xf8\xd0\xbc/\x05\x874\x00a\x97\
;\xb7};R\x11\xf2\xe7s{\x01JT(\xc0\x05\
\xbe\xa6\x94.\x0f<zs@\x08Fx\xe8=\xe9\x0a\
\x91\xd8~y\xa7\xe0\x9fL\x9e\xd4r\x0eF1\xf4\xa0\
\x06\xed\x1c\x10\xaa=\x07z\x00\xe0\x0c\x0e8\xe0\xd3\xf6\
\x96\x19\xe0\xfa\x1cR\x84\xc1\x03\xaf\xaf\x14\x00\xc2\x09\x18\
\xce>\x94\xb9\xe3\x199\xf7\xa4\x00\xb7f\xcf\xb58\x0c\
g\x9e\x9e\xf4\x00\xd1\x908\xfcM/<\x80;\xf6\xe9\
GE\xe4\xe3\x1dy\xebF\xd09\xe9\x9fS@\x09\x80\
N3\xf9u\xa7m\xc1\xf5\x1fZ\x08\xe7#\x03\xb6E\
7\x80x9>\xd4\x00\xe5\xc6O\x07\xf1\xa4\xea1\x81\
\x91\xd4S\x88\xc2\x82H\x03\xde\x98zr~\xbcP\x02\
\xf7\xe83N\x1c\xafL\x1fri\xa0\xe1F\x01#\xf5\
\xa7\x1cw9\xa0\x00c\xb1\xc5\x19\xc9\xec~\xa2\x94\x83\
\xc1\xc7\xe9I\xb4\xa8\xc2\xf1\x8fZ\x00\x0a\xe4`\xe0\x8e\
\xfcS\x0ch?\x87\x1c\xe7\x8a\x7f\xa60~\xa6\x80H\
\xea(\x00\xf9\x94\x8d\xb2\xc8\xb8\xf7\xa3|\xe0\xff\x00\xc7\
\xcc\x98\xfa\x0a\x0fN\xa3\x14\xab\x9e\x84\xe7\x8a\x00Q$\
\xa38\x9d\xce~\x95 i1\xfe\xb9\x8d@\x7f.)\
\xd9\x00p\xdd(\x02o2`0%\xe4t\xc8\xa7\x19\
\xa5\xe3\xf7\x9d=\xaa\x11\xd7\x1b\xb9\xa7\x83\x8e\xdf\x86(\
\x18\xed\xf3c\x0b)\xcf\xb8\xa6\x89n\x15\xb0\x5c0\xf4\
+N\x04\xfaQ\x8e1\x83@\x12-\xcb\xe3\x0e\x8aO\
\xa8\xa7}\xa8wF\x15\x0e)FG\xff\x00\xae\x80'\
\x13\xc6\x7f\x8b\x1fZ\x97\xafNj\xa63\xef\xf5\xa5\xc6\
=\xbe\x94\x01k\x14Ua\xb8tcN\x0e\xe0rs\
@\x13\xd1Q\x89\x1b\xb8\xa7\x07\x1e\xf4\x00\xea(\xc8=\
(\xa0\x02\x8a(\xa0\x02\x8a(\xa0\x0c\xf9\xa1k\xbb\xe1\
\xb8\x11\x1c|}M_\x00(\x00t\x14\xb8\xc5\x14\x00\
QE\x14\x00QE\x14\x00QE\x14\x00QE\x14\x00\
QE\x14\x00QE\x14\x00QE\x14\x00QE\x14\x00\
QE\x14\x00QE\x14\x00QE\x14\x00QE\x14\x00\
QE\x14\x00QE\x14\x00QE\x14\x00QE\x14\x00\
QE\x14\x00QE\x14\x00QHX\x0e\xb4\xc6\x98\x0e\
\x80\x9a\x00\x92\x98\xd2\xaa\xf4\xe6\xa1\x92bN\x07\x03\xd2\
\xa03\x0e\x9c\xd0\x22w\x9d\x87B?*\xacg\x9b\xa0\
\x98\xf3\xd3\x81M\xc1f\xc6M\x19\xc0\x07\x8c\xff\x00*\
\x00g\x96\xccr\xf2\xb3\xf3\x9c1\xe2\x94&\x07\xf9\xe6\
\x94z\x92iF\xd0\x07\x00\x0f\xaeh\x018\x07\xae}\
@\xa59\xc0\xc9\xfa\xe2\x93\x07'\xa7\xbe\x0d(\x04\xf0\
\xd8#\xde\x80\x00\xd9#\x80~\xb4\x80\x82\x07\x184\xec\
n\xcf\x18>\xd4\xb8\xf9zd\xf6\xa0\x00d\xf0@\xa3\
i# \x0a\x17<\x9f^M)\xeb\x9eO\xd0\xd0\x02\
\x1cc\x9e\x9fJL\x1e8\xeb\xebN!\x87~\xbe\xf4\
\xb8\x1d\x0eq@\x0c\x00t\xe6\x81\xef\x9c\xfb\xd3\xba\xf6\
\x19\xa0\xaeI\xe0~4\x00s\xeaO\xe3M\x0398\
9=\xb3\x9ap\x03\x18\xc0\xcd8t\xc1\xe0\xd020\
\xa7\x07\xbf\xb8\xa4\xfb\xa9\x85\xc9\xfaT\x9d:\xf2\x0d5\
\xba\xe7\x02\x81\x0d\x038\xe3\x04v4m\xdaq\xce>\
\xb4\xf2\x01\xea\x07\xe3\xd6\x8cd\x0e\xd4\x01\x13p:6\
}\xa8`1\x82[\xb7z\x93\x18\xe4\x1c}(\xc0=\
\xcf\xaf\xdd\xa0\x08\xbac\x1d:Q\xd4\xe0\xfat'\x9a\
~\x0f#wZ\x0cgn9\xfc\xfb\xd0\x03\x15y=\
\xc7\xa7\xa5\x18\x1b\xb2\x06\x7f\x0a\x93\x04.\xe3\xc1\xa6\x8e\
\xa0\xe7\xf0\x06\x80\x10\xaf\x04\x9f\xcf\x02\x8c7BG\xd4\
\x8az\xf1\xf2\x91\xcf\xd6\x90\x0c\xf0\x08'\xde\x80\x10}\
r=\xa8\xc1\x1d9\xa5\xc1\xce3\x91N\xe7\xd4\x00z\
\xf3@\x0d\x03\x0b\x8e\x7f1JG$\x81\xdb\xad/S\
\xd7\x8f\xa5.\xd3\xf8\x1e\xd4\x00\xc2\x07\xde\x1e\x9d)\xb8\
\x04\x93\xcf\xb9\xefR\xfe&\x823\xdf\x04\xd0\x04X\x1f\
R=)p\xcc\xb9\xfd)\xccv\x9er}\xe8\x0b\xd0\
\x8c\xe2\x80\x13\x18$\x83\xf9\xd3H%\x81\xcf\x1d\xf8\xa9\
\xb6\xe3\xf2\xe2\x9a\x01'\x04\x91\xf4\xa0\x08\xf0I\x00\x9e\
\x94\x05\xe3\x83\xf4\xf7\xa7l\xdb\x9e9\xf5\xcd(\x00\x9e\
\x02\x91\xda\x80\x11r{b\x8c\x10\x0f\x19\xfa\xd3\xf6\xb0\
\x19\xe9Razm\xa0\x08\x80\x1b\x8f\x03\x81\xc6*\xad\
\xd3\xb2\xca\xaa\xbd\x00\xc9\xc7\xadL\xf2\xbf\x98\xc8\x87\xe4\
\x1cq\xd75_c\x12\x09\xceG\xa9\xa0\x08\x0ce\x89\
\x04\x93\x8ey\xcd9\x14\xe0g\x83\xfe\xedL\xc0\x11\x8d\
\xd9#\xaf8\xa3\xb0e\x18\xfch\x021\x1a\x83\xd3\xea\
1O\x00\x7f\x16A=F)\xd8\xees\x93\xcd*\x80\
\x06\x02\x8e}O4\x00\xb8\x00\x81\xce\xd3K\xf8\xf5\xfc\
)pH\x00\x05\xfc\xe9\xc1@9`:\xf1@\x0c\xda\
IS\x86\xe3\xd0\xd3\xd5\x1bvW\x95\x07\xd7\xb5*|\
\xad\x8c`z\xd3\xfa\x0c\xf0}\xa8\x01\x81\x0a\xb1\x04\xb6\
q\x81\xc5\x1e\xb9\xc8\xcfzw\x1f\xdd\xa4\x18\xc7l{\
\x8a\x00iB0r\x7f:1\xd0\xe0\xd2\x8cr1\xc5\
.\xda\x00\x14dpX\xd2q\xb4\x81\xe9\x9aq9=\
I\xfa\x8a1\xcf\x07\xa5\x003\x18\xe9\xc5/|\x0a\x5c\
\x1f\x7f\xce\x90)9\x18\xf9{P\x02q\x9e\x98\xfa\x0a\
0I\xc6\xdcc\xda\x8c\xfd\x07\xe3K\xc3`\x91@\x08\
x\x1f{\x02\x80\xc3\xa8`O\x5c\x0ay8\xfa{\xd2\
2z\x11\xcf\xa5\x00Dr\xc7=\xfb\x0ap\xceI\xe7\
?_J\x00`p1\x91\xebF\xec\xe7\x9c\xfa\x9cP\
\x01\x8c\x8e\x99>\xb4\xb8\xc9ny\x1d\xe9pq\xc1\x22\
\x94g=M\x00'\x04\x80s\x91\xda\x8c}y\xf5\xa7\
\x8f\xc7\x14\x9e\xf9'\xf1\xa0\x04\x19'\x03\xa0\xa4\xc7L\
\xe7#\xad/\x04pM.:\x7fZ\x00Br\x08\xf4\
\xe0\xd2\xed>\xb8\x14t\xe0p=\xa9\xc1G\x03\x04\xfd\
h\x01\xa2,\x9eM?g\x18\xa3\xf8iFs@\x0d\
\x00\x82)\xd9\xcfa\xd7\x06\x94\x01\x8e@\xe6\x94\x01\x9f\
j\x06\x03\x93N\xdb\xc6p)1\xcd;\xfa\xd0\x02m\
\xc1\xe6\x8cw\xefJ:w\xa3\x14\x00R\xf6\xc8\xa3\x8e\
\xb8\xa3\x14\x00\xbcQE/\xd2\x80\x14\x0au6\x9c(\
\x01iA\xa4\xa2\x80\x1fE4\x1cS\xa8\x00\xa2\x8a(\
\x00\xa2\x8a(\x00\xa2\x8a(\x00\xa2\x8a(\x00\xa2\x8a(\
\x00\xa2\x8a(\x00\xa2\x8a(\x00\xa2\x8a(\x00\xa2\x8a(\
\x00\xa2\x8a(\x00\xa2\x8a(\x00\xa2\x8a(\x00\xa2\x8a(\
\x00\xa2\x8a(\x00\xa2\x8a(\x00\xa2\x8a(\x00\xa2\x8a(\
\x00\xa2\x8aL\x8a\x00Z;SZE_\xfe\xb5D\xf2\
d\xf5\xfc(\x02Vp\xbe\xff\x00J\x8d\xa5\xa8L\x87\
\xd6\x98\xccs\xed@\x12\xb4\x9e\x95\x0b1=\xa8\xc1\xe3\
9\xa48\xf4\xc9\xa0\x00\x81\xd3\x1c\xd3I?\xe4S\x88\
\xef\x9eiq\xeb@\x86\x10z\xf7\xa3\x1c\xf74\xee}\
G\xd6\x90.:\xf5\xe9@\x08\x0f\xa8\xa5\xed\x9fJ^\
;\xf3F\xd0Gq@\x09\x91\x9eH\x1fN\xf4\x98\xee\
\xdd)\xf8\xc1\xe3\x9a1\xbb\x8c\x0cP\x03J\x8f`h\
\x00\x0e\xc2\x9c\x06=iA%\xba\xd0\x03Tw\xe3\x9a\
\x02\x8fQ\x9a\x5cs\xc09\xa7c\x1dOZ\x067\x07\
\xb1\x1b\xbbR\xed u\xcd.0s\x9f\xca\x97\x19\xed\
\xc5\x000(\xceG#\xda\x97nO=)\xd8\x18\xc7\
\x14\xb8\xed\x93@\x09\x8ct$\xd2\x90q\xce3K\x8f\
\xd2\x97\x1c\xe0\x0a\x00\x8d\xb0[\xd3\xda\x9aW\xf1\xa91\
\x93\x9c\x0a1\x83@\x0c\x0aG'&\x9d\x8e1\xfa\xd3\
\xc0\xa0(\xec(\x02=\xa3\xbf\xe5M\xdaA#\x9a\x9c\
\xa0&\x9aT\x9a\x00\x84\xc6}Fh\xda\xddN1\x9a\
\x9ba'\xad#.x>\x94\x01\x18]\xa0\x1c\xf1K\
\xc3s\xb4\xfeU\x22 ?ZF\x88n\x1f\xe3@\x11\
\xb2d\xee\xc7\x02\x9b\x8c\xb6\x00#\xd6\xac\x18\xc0\x19\x03\
\xadG\xb4.Oz\x00M\xb9\xf5\xcf\xb1\xa0\xa7\x1c\xd3\
\xc2\x8e\xa7\x02\x9e\x10f\x80\x22\xc6\x06{\xf6\xe6\x94'\
\x07\xadK\xb74\xa1NzP\x04\x050\x07\xbd3\xcb\
\x1b\x97\x81\xf8\xd5\xbd\xbcS\x18\x13\x8c~\xb4\x01ZA\
\xb0\xe3\xff\x00\xafR\x81\x95\x14\xf0\x85\x80,\xbc\xd4\x9b\
h\x02\x1d\xbd2(+\x828\xa9q\xcf4\x83\x8a\x00\
\x88\xe3\xb0\x14(\xdc0i\xf8\x0a77\x03\xd6\xa02\
\xb2\xb1\xda\x10\xf3\xd2\x80$1\x169\x07\x22\xa2\x92@\
\x8cU@\xdc\x0f9\xa4/+\x1f\xbc}\x80\xa6\x059\
\xc9'4\x08\x8b\xcb\xc9\xe4\x9e\xb94\x04\x1c\x1e\x80\x0e\
\x951\x07\x9cn\xe6\x822Gz\x00\x8c\xa2\x86\xe4\x01\
\xdcu\xa5\xe8{c\xde\x9e\x15\xb8\xe7\xa1\xee{R\x05\
\xcf?\xca\x80\x11U\x89\xces\xcfLt\x14\x18\xf2s\
\xfcB\xa5\x0b\x93\xc7#\xdc\xd3\x82\x8c`\x8a\x00f\xcc\
c\x03\xf4\xa5\xd9\x81\xc98\xa7\x85\xef\xfaR\x85\xc7#\
\xbd\x004)\xef\xcd \xe9\xd3\x1e\xf4\xf2\xb8\x1c\x0a1\
\x9f\xfe\xbd\x004\xaf\xf9\x14\xdc79\xcd?\x04\x0e\x05\
\x18\x03\x07\xf9\xd0\x03}\x7f\x955\x7f*y\x03\x8e)\
@\x1d=(\x01\xa5q\xd0b\x97i\xa5\xc1\x19\x06\x8e\
1\x8c\xd0\x03\x08#\xb8\xa4*~\xf7\x15'\xe2\x7f*\
h\x1f7\xaf\xb5\x00 \x1f\x8f\xd6\x8d\xbb\x80\xc0 S\
\xf6\x8cR\x101\xd3\x9a\x00n\x02\xf6<{Rw\x1c\
\x1a~03\x8e\xb4\x87\x00\xe7\x80G\xad\x005\x97\xb9\
\xcf\xe3MP\x08\xe0\x9ay\x00\xf3\xd4t\xa0\x03\xd0\x1e\
\xd4\x00\xdcdQ\x8c\xf4\x19\xc7\x5cS\x80=\x07\xf8R\
\xed\xc5\x007\x00\xe7\x8eE;\x00t\x1cP:\xfbP\
\x01\x1cu\x06\x80\x10\x1e\x7f\xc4S\xb6\x9c\xe0\x0e=i\
q\xe8sG>\xe2\x80\x13\x07\x1cf\x9c\x0e\x07Nh\
\x07\x14\xea\x067\xa7\xbd(\xe9\xd6\x8d\xa3\xd6\x94`P\
\x02`PE)\x19\xa5\x1cP\x01\x8e)y\xc7\xb5 \
\xce3J2h\x00\xedK\xd7\xbd\x14w\xa0\x03\xebJ\
\x05\x1fZ:\xd0\x01J(\xa5\x14\x80\x5cR\x81I\x9f\
\xa7\xe7K\xcf\xd6\x80\x16\x97\x14\x94\xb4\x00R\xd1\x8a)\
\x80\xb4RR\xd0\x01E\x14P\x01E\x14P\x01E\x14\
P\x01E\x14P\x01E\x14P\x01E\x14P\x01E\x14\
P\x01E\x14P\x01E\x14P\x01E\x14P\x01E\x14\
P\x01E\x14P\x01E\x14P\x01E\x14P\x01E\x14\
P\x01E5\x9dW\xa9\xa8^R\xc7\x03\x81@\x12\xbb\
\x81\xc7z\x85\xa4\xa8\xcb\xe4\xfbS{P\x03\xd9\xb2=\
\x0d3\xf1\xa4>\xc4Q\xc63@\x06\x0f\xa1\xa0\x8f_\
\xe7F\x01\x1cf\x97\x82{\xd0\x03H\x0b\xdb?J\x5c\
\xfeTc\xa68\xcd\x1c}h\x00\xff\x00?Z1\x9a\
\x5c}i@\x1dI4\x00\x10x\xc1\x19\x14\x85{\xf3\
N\xc0\x1d\x85/\x1e\xb4\x01\x1e\x09>\x82\x8c{\x1ei\
\xe4\x123\xde\x8e\x008\x22\x80\x1b\xb7&\x94\x0ap\x07\
4\xecP\x030~\xb4m\xc0\xa7\xe3\xf0\xcd\x00g\xa0\
\xa0\x08\xc0\xf6\xa7m'8\x14\xed\xb4\xa0`\xf7\xa0\x06\
\x81\x8aR\x0fj~\x05\x05h\x01\x9f\x85-;\x14\x01\
\x8a\x00o\xb5(\x18\xa5\xc5.\x05\x00FW\xd4\x1ap\
\x18\x1dsO\xc7\xb5&=(\x01\xa0b\x9dJ\x07\xad\
 \xe2\x80\x17\x14\x9bFqK\xd2\x97#\x14\x00\xdcb\
\x99\xdf\x95\x15/ni\xa4d\xf5\xa0\x06\x0e\x1b\x8av\
=\xa9B\xe0\xe4\xd2\x91\x8a\x00c\x1f\x94\x8e\x94\xdc\x0c\
t\xc9\xa9J\x8cz\xd3J\x9cg\xbd\x00\x22rps\
O\xc5\x0a?:\x5c\xe6\x80\x0c\x0a1Fih\x01:\
\xf4\xa8\xf7e\xca\x91\xf8\xd3\xc0\xc0\xa6\x80@\xf6\xa0\x07\
\x03\x9a\x5cqM,\xa0s\x80i\x0c\x82\x80\x1d\x8e9\
\xa8\xda@\xa7\x18&\x98\xc4\xb1\xe4\x9aO\xce\x80\x09\x18\
\xb1\xe8p*\x22\xbc\x13\x83\x83Rq\xd4\x91\x93HO\
\x1d\xe8\x01\x98\x18\xe9\xf9R`\xfe4\xfcg\xd0}(\
\xef\x9cP!\xbbs\xd7\x04\xfdh\xfa\xf6\xa7\x0e[\x9c\
\xe6\x97o\xeb@\x09\xb4p0>\xb4\x04\xe7\xd0\x1ap\
S\xfe\xd5H\x05\x03\x19\x8e\xd4\xa1r=\xea@\xbct\
\xa0\x0cP\x03@\xa3\x189\xa7\xe2\x92\x80\x1aG\xa7J\
i\xe7\xb14\xfcv&\x90\xaeG\xbf\xbd\x00G\xd0\xf0\
\x0d!\xa7\xe0\x13\xce)\xbd:\xd0\x02\x0eO\x07\xf3\xa5\
\xc6O<f\x8ct\xc7z\x00\xeeh\x00\xc0\xea\x0e~\
\xb4S\x81\xe3\x034\x984\x00\xde\x98\xc8\x1cPz`\
p)\xdd\x8f\x18\xcf\xad!\x14\x00\x9e\xff\x00\xccQ\xdf\
\x91JG~\xa7\xebI\xb4{P\x01\xceq\xde\x90\x8e\
\xb8\xe0\x1e\xd4\xecq\x8e>\xb4c\xe6\xe4\x8a\x00i\x1c\
q\x9a\x02\xe4\xff\x00\x858\xe0pG^\x94\xbbh\x01\
\xbby\xe0b\x93\xb9\x14\xf0=sF\x06\x0d\x004\x9a\
=\x87\xe1N\xc6{\x9a1@\x08\x14\xe6\x80;\xf5\xa7\
\x05\x07\xb94w\xe3\x8a\x00h\x188\x00\xd3\xa8\xcf\xa1\
\xa3\xbf_\xd6\x80\x0f\xc2\x94`Rd\x1aQ@\x05\x14\
Q\x9a\x00)\xd9\xa3\xf0\xa4\xa0\x05\xa2\x81\xf8\xd2\xe3\xda\
\x80\x0e\xb4\xb8\xa4$(\xc9<\x0e3T\xefuKk\
\x15O1\x8b\xbb\xb6\xd5H\xfeb\x7f\xc3\xf1\xa0E\xc7\
u\x8d\x19\xdd\x82\xa2\x8c\x92x\x18\xf5\xac/\xf8J\xa0\
y\x08\x82\xd6g\x8cg\x12\x92\x14\x1f\xa6y\xacmO\
R\xb9\xd4\x18\xc7#\xf9p\x8c\xe6\x11\xd0\xe7\xa6\xefS\
\xed\xd2\xa0^W\x9cd\x1e\x08~\x98\x1e\xff\x00\x85;\
\x05\xcb\xad\xac\xeb\x0e\x1aF\xb9\x8a#\x8e\x14(*\x06\
s\x83V\xff\x00\xe1 \xd4\x8c\xa8\x8b\x0d\xa9\x18\xe7;\
\xben:\xfbs\x93\xf8\xd6B\x00\xe1\x84`c9\xc1\
n\xbe\xf4\xa1L\x88\xcd\xc0\x19\xe3\xb1\xfa\x8a,#n\
?\x15J\xae\xbev\x9e\xc5H\xcebpNs\x8eA\
\xc6+n\xcbR\xb7\xbe\x8c4LU\x8f\xf0?\x0c?\
\x0f\xf3\xd2\xb8\xcc\x01\x9d\xe0\x9c\xf1\x96\x19\xc0\xa6\xacl\
e\x12\xab\x05\x922|\xb7S\xf7?_\xaf\xebE\x80\
\xf4\x1f\xe7Er1\xeb\x9a\x9c\x0b\x961N\x8a\xb8\x00\
\x8f\xbd\x80{\xf1\x8epk\xa5\xb1\xbd\x8e\xfe\xd1'\x8c\
\x15\xcew!\xea\xa4v4\xac;\x96\xb1E\x19\xa2\x81\
\x85\x14Q@\x05\x14Q@\x05\x14Q@\x05\x14Q@\
\x05\x14Q@\x05\x14Q@\x05\x14Q@\x05\x14Q@\
\x05\x14Q@\x05\x14Q@\x05\x14Q@\x05\x14Q@\
\x05\x14Q@\x05\x14\x84\x81\xd6\xa1y\xbb'\xe7@\x13\
\x16\x0b\xd4\xe3\xebP\xbc\xd9\xc0C\xd3\xbe*6\x05\xd8\
\x16\xc9\xa0\xfd\x08\xa0\x04\xce\x07\x5c\xfdi1\x9e\xf8\xfa\
\xd3\xba\xf5\xcd!#\xa0\x1f\x9d\x004v\xc9\xfd(9\
\xe9\x93\xf8\x0av\xd1\xeb\xd2\x9b\x81\xe9\x8a\x000\x0f\xad\
&\x09\x18 \xd2\x91\xcf\xa5\x00g\xa0\xc5\x00!\xeb\xd0\
\x8a1\x8a\x5cu\xc9\xfd)q\xc6zP\x03q\xcf?\
\x874aXt\x14\xa4\x1e\xa3\xf9R\x91\x9f\xa5\x00\x1c\
\x8f\xff\x00U\x18\xe7\xa8\xa5\xa3\x8fj\x00\x00\xfaR\xe3\
\x8aLs\x81\x9a^\xa7\x9a\x00\x0d\x03\x8a2\x07|S\
\x81\xcfJ\x00\x00\xc74\xb4b\x97\x14\x00\x94S\x80\xa3\
\x14\x00\x94\xa2\x8a\x5cP\x01\x8a\x5c{\xd1K\x8a\x00f\
)i\xd8\xa6\x81@\x0b\x8a1\xc5(\xa5\xc5\x007\xf0\
\xa2\x9d\x8a1@\x0c\xe9\xd2\x8e\xf8\xa7b\x822(\x01\
p\x0d4\x0a]\xb8\xa5\xe9@\x0c\xc1\x1fJP\xb4\xe3\
\xd2\x81@\x08Fh\xe2\x96\x8cP\x01\x8ei1KE\
\x006\x8c\x0cb\x96\x8a\x00\x07\x14QE\x00!\x14\x8c\
B\xaf\xbd\x07'\xbd7\xa5\x003\x03\xaf\xf3\xa5\xc7j\
\x5c\x0c\x7f\x8d'\x1e\xb4\x00\x84Rb\x9d\x8aN\xf8\xa0\
\x06\xf7\xf5\xa4'\x8e\xa6\x9f\xd7\xa7\xf2\xa6\x9e\xbe\xf4\x00\
\x9d\xa91\xfa\xd3\xc2\xe4\xd2\xed\xc1\xe9@\x0d\xefJ\x06\
N\x08\xa7\xed\xe6\x9d\xb6\x80\x19\xb0\xe7<\xd3\xf1N\x0b\
\x8aZ\x00Lb\x93\x14\xeaLP\x03h\xa7Rb\x80\
\x1b\xf8\xd2q\x9a~)1@\x0c\xc6y\xa6\x91\x83\xc0\
\xcdHA\xc7JL{\xd0\x04x\xff\x00\x22\x80\x06z\
T\x9bG\xa5\x07\x18\xe9@\x11\xfe\x1c}h\xc1\xea?\
\x9d?\x03\xb8\xa3\x18\x1d(\x022\xbc\xf5\x14\x1e\xbc\xd3\
\xf0}\xe98\xee\x0d\x007\x18=\x7fJ_\xe7\xf4\xa7\
c?\x85&>\xb4\x00\x9c\xfa\x9f\xca\x97i\x1d3\x9a\
]\xa2\x80\x00\xed\xcd\x00 \x1d\xf1@\x19\xa7b\x8d\xbe\
\xfdh\x01\xa7\xda\x81\x80;R\xb0\x14`\xf4\xe2\x80\x13\
\x02\x93\x1e\xd4\xfcb\x809\xa0\x06b\x9cF=iq\
\xcfj\x08\xc7j\x00f)q\xc7?\xca\x97\x00u\x14\
\x1c\xd0\x02g\x1cR\x82('\xa6i0OZ\x00Z\
3K\x8cRu\xc7\x14\x00s\xf8R\xf3\xda\x81\xd3\xaf\
4\x85\xd5\x07\xccq@\x0e\x1f\xe7\x9a\xa1\x7f\xaaEf\
\xa1C#\xcc\xdc*\xee\xe0{\x9ae\xf5\xe1*bB\
@\xe7'8\xaev\xe5\xd3\x0e\xe8\x03\x01\xceC\x1e\xbe\
\xa7\xf4\xa6+\x89\xa8\xdd\xcb\xa8\xb6\xdb\x89C\xa2\x1f\x96\
4\x05B\xf4\xff\x00\x0e\xf5^)\x165;\x11\x81<\
\x91\xdb?\xd6\x91\xc8a\x96\x00\x05\xe0m\xcf_\x7fZ\
B\xa1\xdb\xe5]\xaa\x08\xe4\xff\x00\x85\x04\xdcP\x1f*\
B\xb0\xe7$\xed\xf5\xfc9\xa7\xc7(\x8c\x16\xda\x0b\x86\
\x049\x04\xf0q\xc63L\x0a\x15\xbe\x5c\x0ep=E\
I\x19\x03\x01AP\x0f]\xbf{\xe9\xcd\x03\x10\xaa\xab\
\xb1)\x85\xe7\x0b\x8e1\xda\x9c\x03\xa7\xdd\xc6OFR\
A\x1f\xa7\x15$q\xed\x8d\xbe\xe8c\x80N\x07<\x0e\
\x9f\xe7\xd6\x9b\x8c`\x96n\x87$\x1e\xa7\xf3\xa0\x00a\
c\xdaF\xd2\x0f~i\xe6@\x17\xee\x92X\x00\x1b\xbf\
\xa7\xf4\xa5\xf9[n\x0f~\x03\x1c\x13@\xe0r70\
9\x04\x8fj\x00\x02\xab\xe4y\x9bO\xf0\xe0q\x9e\x7f\
\xfa\xf5-\xbd\xc5\xd5\xa4\xbel\x0e\xa5\xba2\xbfC\xef\
\x81\xdf\x8a\x8fhE]\xcc\xb9\xcfR\x7f\xfa\xd4\xe1\x12\
\x12\xa5H9\xfb\xdf\xe7\xf1\xa0\x0d\xbb]jf\x91\x0d\
\xccqG\x09\x5c\xbb)8\x1e\xf9\xfe\x95\xb6\x8c\x1dC\
)\xca\x91\x90k\x8bR\x18\x05\xca\x83\x9e1\xd0w\xfe\
\xb5\xb5k\xaa\xbcA\x12X\xd4\xc2\xab\x86(\xb8+\x8e\
\xf8\xff\x00\x0a\x07sr\x8aEeu\x0c\xa4\x15=\x08\
\xa5\xa40\xa2\x8a(\x00\xa2\x8a(\x00\xa2\x8a(\x00\xa2\
\x8a(\x00\xa2\x8a(\x00\xa2\x8a(\x00\xa2\x8a(\x00\xa2\
\x8a(\x00\xa2\x8a(\x00\xa2\x8a(\x00\xa2\x8a(\x00\xa8\
\xcc\xb8m\xa1sH\xcc\xc4`p)\xb8\x18\xe9@\x0d\
l\xb6X\x9e\xbd\xbbR~T\xecs\x8a?:\x00o\
\x02\x8c{R\xe3\xda\x93\x14\x00\x98\x14\x13\x900\x7f*\
\x5c\xfdh\x04\xfd(\x01?\xcfJNqK\x8a1\xc5\
\x00!\x00\xf1\xde\x809\x19\x07\x1fZ\x5c\x12(\x07=\
\x85\x00'\x14\x00;d\xfdiq\xe9HA\xf5\xa0\x05\
\xe8{\xe2\x83\xd2\x97\xeb\x9a03\xc7\x02\x80\x1b\x8eq\
K\x8e\xd8\x14\xb8=i\xdd\xe8\x01\x81x\xa3\x06\x9ex\
\xce)\xa0{u\xa0\x07\x0f\x9b\xa84\xa0b\x80\xa4u\
\x02\x96\x80\x0c\xfbQ\x8a)\xc3\x9a\x001KE\x14\x00\
\x98\xa5\xa5\xe9K@\x09\x8aZ\x05\x14\x00\x98\xa4\xe9N\
\xa2\x80\x1bO\xc5&)h\x011KE\x14\x00QE\
\x14\x00Rb\x96\x8a\x00m.)i(\x00\xc5\x18\xa2\
\x8a\x00J(\xa2\x80\x12\x8au&(\x01)1KE\
\x004\xd2S\xe9\xa6\x80\x1b\x8aL{\x0au)\x14\x00\
\xc2=\xe8\xe7\xde\x97\x14m\xf6\xa0\x04\xe9I\xf5\x14\xec\
R\x81\xeb@\x0d\xdbN\x0b\xc5(\xa7P\x02b\x96\x8a\
(\x00\xa2\x8a(\x00\xa4\xa5\xa2\x80\x0cQ\x8a(\xa0\x04\
\xa2\x96\x8a\x00JLS\xa9q@\x0c\xc5\x18\x19\xa7\xe2\
\x9b\x8a\x00n3I\x8a~)(\x01\xb8\x1e\x94\x98\x19\
\xedO\xc5/\xe3@\x11\xe3\x1d\xa8\xc5?\x14c\xde\x80\
\x1a)1\xcd<\x8a1@\x0d\xfc(\xc6i\xfbh\xdb\
@\x0d\xdbI\x8e:T\x98\xa3\x14\x01\x1e\x0d(\x1cS\
\xf1I\x8a\x00f(*GJ~(\xa0\x06\x01\x8e\xd4\
\x84T\x98\x14\x98\xa0\x06\x1aN\xb5&(+@\x11\x81\
K\x8c\x0a\x0e\x14g5^I\xc0=\x7f\x0a@J\xee\
\xaa:\xd5\x0b\x9b\x95\x19\x03\x07\xf1\xa8.ov\xf1\x83\
\x9e\x95\x8fq;\xc8r\xaeNz\x0d\xb9\xaa\x15\xc7\x5c\
\xdc\xef+\xb0\x16\x04\x02@\xe6\xa91\xe5\x91\x9c\x8c\x8c\
\x0e}\xfb\xfe\xb4\xad\xb6Uo-@\x1b\xbe\x5cc?\
\xa5\x0d\x91\x9cK\xbc\xe7\x1f.\x0f\xf9\xed\xfa\xd0\x22\x1e\
\x98'\x9ex\x00\x11\xcf\xe9R*\xfe\xf0(Q\xc2\x93\
\xc09\x1fZ$\x04\x90\xa4(\x1b\xb2\x00$\x0f\xe6i\
F0\x83 \xf5\x0a7\x93\xd0b\x81\x08\x81\x9b\xee\xe0\
\xe3\xb1\xc8\x07\xb6*\xc4H^B\x0cdq\xc9\xdd\x9a\
\x8c*\xee\x18!K\x1f\xe1\x1c\x1f\xadZA\xb5\x0a\x8c\
m\xeb\x81\xc8#\xe9@\xc6\x90\x18\x1d\xa1yRzu\
\xc55S \xb2\x9d\xd8>\x83\x07\xafO\xd2\xa7\xdaD\
l\x09$\xf5\xc6\xde\xb4\xcd\x85\x08m\x8c\xb9\xc6\xd0\x14\
\x11\xf4\xa0\x06\x1e@\xe3\x19\xef\x9f\x94})H\x01r\
w\x9e;\x903N\xe3{(^1\x9e\xa3\x02\x85\x8f\
\x0a\x0f\xc8\x08?\xc3\xd0\x0a\x00`+\x8d\xb8\x00\x82{\
\xe3\x15:\xe0\x80w\x92I\xe0~\x14\x80\xec\xc6\x02\xe0\
pH\xc7#\x9e\xf9\xa7\x8c\xa2g{\x01\x9c(\x00\x11\
@\x11\xb1\xc3\xf7\xe7\x92I\xfd?Z\x9a'\xc3\xe1T\
d\xf3\xd0\xf1\xef\xd2\xa3\x90\x12C ,>\xb4\xc1\xb8\
0\xde\x14\x1c`\x12x>\xc6\x80:m.`\xd1\xb4\
9'\xcb\xe4\x13\xe8s\x81\xfaV\x85s6\x92\x95\x97\
\xcd\x80(~\x01b{zs[\xd6\x97B\xe2\x10N\
\x04\x83\x87\x14\x86X\xa2\x8a(\x18QE\x14\x00QE\
\x14\x00QE\x14\x00QE\x14\x00QE\x14\x00QE\
\x14\x00QE\x14\x00QE\x14\x00QE\x14\x00QE\
\x14\x01\x09\xa2\x96\x8cP\x02\x1e~\xb4\x98\xa7sF(\
\x01\xb8\xa4\x22\x9dI\x8c\xf4\xa0\x06\xe2\x8av)>\xb4\
\x00\xdct\xa3\x14\xe3\xf4\xa0s\xeb@\x0d\xf7\xa5\xa5\xc6\
\x05'=\x87\x14\x00\x984\xbbi\xcb\x93\xc6)\xc1\x09\
\xc5\x003h\xefGN\xbc\xfe\x15 Bz\xe2\x9c\x10\
\x06\xcfz\x00\x88g\xd2\x97\x18\xe7\x15)Pi\xbb9\
\xeb@\x0c#4\x80qR\xec\xf7\xa4\xdb@\x0d\x02\x8c\
S\xb6\x9c\xe2\x9c\x14\x0a\x00f)@\xa7b\x96\x80\x1b\
\x8a;\xd3\xa8\xa0\x06\xf7\xa5\xfaR\xe0Rb\x80\x16\x8a\
(\xa0\x02\x8a(\xa0\x02\x8a(\xa0\x02\x8a(\xa0\x02\x8a\
(\xa0\x02\x8a(\xa0\x02\x92\x96\x8cP\x02QK\x8aJ\
\x00))\xd8\xa4\xc5\x00.))h\xc5\x00%%-\
\x18\xa0\x06\xd1N\xa4\xc5\x007\x14\x84S\xf1F(\x01\
\x98\xa3\x14\xfcQ\x8a\x00n(\xc5:\x8a\x00J)q\
I@\x05\x14~4P\x01E\x14P\x01E\x14\xb8\xa0\
\x03\x14b\x8a\x5cP\x03iiih\x011KE\x14\
\x00\x98\xa4\xc5:\x8cP\x031F)\xd4b\x80\x1b\x8a\
\x5cS\xa8\xa0\x06\xe2\x8cR\xd1@\x09\x8aZ(\xa0\x02\
\x8a(\xa0\x02\x8a(\xa0\x02\x823E\x14\x00\xda\x5cR\
\xd2P\x02QAp;\xd5yn\x14t<P\x04\xc5\
\x95z\xd42\x5c\xaa\x8cw\xaa3\xdem\xe8k6K\
\xb3\x9d\xc4\x1d\xbf\xde\xcfo\xf3\x8a\x05r\xf5\xc5\xf8\x1c\
)\x19\xebYs\xdf\x16\xca\xee\xc3z($\xd4^a\
v\xda\xed\xee1\xdf\xda\xab\x1eP\xab\x1e\x00\x00\x05\xea\
\xa7\xfaS\xb0\x87\xcd\xb1\xd5A&gl7\x98\x14\x85\
\x00\xe7\xe5\x03\xaf\xa7\xadA\xb1Il\xe3\x9e\x84&x\
\xa9\x09\xdc\x00P\xad\x8f\x98\xe4\x9eO\xd7\xbd4('\
\x0c\x08\x03\xef\x10\x0fO\x7fZ\x00G\x07n6\x86\xc1\
\xfe\xefO\xccS\x19J\x9d\xca\xc1O\xa9\x18\x07\xe9R\
yj\x8a8\xf9\xff\x00\xba\xc0\xe7\xf1\xa4\x01\x81\xca\x80\
\x19\xbd\x10q\xef@\x09\xb3n7\xaa\xb7s\x96\xc7\x1c\
zS\xc9\x04\xee\x0b\x82I\x04\x11\x9eO\xa6:Q\x1a\
\xefP\xa3n1\xc1\xc7'\xf0\x19\xfdj\xca\xa0\x05X\
62\xbc\xfet\x00E\x18D\xe0{\xf2\xdf\xfdcO\
%I\x04\xb0+\x8f\x94\xf6\x14\xfc\xb0\xe0\xb6\xdfA\x8e\
\x94)\xc0\xc8nH\xc61\x8a\x044\x96\xdd\xf2\xe1\xb9\
\xee\xa4\xe0q\xde\x91\xa3o7\xee\x11\x8c\x929\xc7\xd6\
\x95\x08\x09\xbb\xa8<\x12I\xcf\xd3\xd2\x9d\x9e6\xaf]\
\xb8=I\x1c\xfb\xd01\xbb\x018)\xd3\xa7l{\xd2\
\xe1\x10\x90@M\xc4{\xff\x00\x9e\xd5&N\xdf\xb9\xec\
I\xa6\xe7j\xf2\xd8\xc8?\xc1\x92\x0fj\x00\x8c1#\
\x00\x91\x83\xc0'\xad\x07n7\x83\xbb\x9e9\xc1\x1cc\
\xd3\x1e\x94\x13\xf7\xbem\xad\x9f\x94\x81\xd3\xf0\xfa\xd3K\
\x03\x96,x\x18\xe4g\xd3\xff\x00\xaf@\x13\x10Y[\
\x1b\x86\x06}\x00=y\xa8\x18`\x91\xb0\xe4\x1c\x82\xdc\
\x93\xe9\x8fJ\x9a0\x0cg\x91\xc8\xcfA\xfaTn\x01\
vg8\x1dx\xeb@\x13@\xff\x007.\x09\xefW\
b\x9b\xc9\x91d\x00\x9d\x87$\x03\xd7\xda\xb2\xc1%\xb1\
\x8c\x83\xc8\xc3\x02j\xd2>\xecg\x07\xd4\x029\xfas\
@\xce\xa6)Rh\xf7\xa1\xc8\xa7\xd7/\x1c\x85$\x0f\
\x13la\x9c\x1cs\xf8\x8cV\xed\x95\xe8\xbaVS\x81\
*\xfd\xe1\xea=i\x01n\x8a(\xa0aE\x14P\x01\
E\x14P\x01E\x14P\x01E\x14R\x00\xa2\x8a(\x00\
\xa2\x8a)\x80QE\x14\x00QE\x14\x00QE\x14\x00\
\xcaJZLP\x02QN\x22\x93\x06\x80\x13\x8a)\xdb\
\x0d&\xd3@\x09HG\x1c\xd3\xb6\xb7\xa5\x01X\x9eE\
\x003\xbf\xb5.qRl\x5cR\x85\x03\xa0\xa0\x08\xc2\
\xe7\xb5(\x88c'9\xa9(\xa0\x00\x00\x06\x00\xa2\x8a\
(\x00\xa2\x8a(\x00\xa2\x8a(\x00\xa2\x8a(\x00\xa2\x8a\
(\x00\xa2\x8a(\x00\xa2\x8a(\x00\xa2\x8a(\x00\xa2\x8a\
(\x00\xa2\x8a(\x00\xa2\x8a(\x00\xa2\x8a(\x00\xa2\x8a\
(\x00\xa2\x8a(\x00\xa2\x8a(\x00\xa3\x14Q@\x05\x14\
Q@\x05\x14Q@\x05\x14Q@\x05\x14Q@\x05\x14\
Q@\x05\x14Q@\x05\x14Q@\x06\x05&\x05-\x14\
\x00\x98\x1e\x94\xbczQE\x00&\x05\x18\x14\xb4P\x02\
`R\xe0QE\x00\x14b\x8a(\x00\xa2\x8a(\x00\xa2\
\x8a(\x00\xa2\x8a(\x00\xa2\x8a(\x00\xa2\x8a(\x00\xc5\
\x18\xa2\x8a\x001IKF(\x01(\xa5\xc5'j\x00\
(\xa0\x90\x06O\x1fZ\x89\xa6Pp\xbf1\xf6\xa0\x09\
h\xcf\xf95RK\xa6\xe8\x06*\xac\xb3d\x12['\
\xb6s\xc5\x02/\xbd\xca\x0e\x078\xaa\xcfx\xb9\xe5\xaa\
\x8bL\xd9\xe0\xb6O`*\x9b\xccW\x0aI8>\x86\
\x804\xa6\xba*\x06\x18sY\xb3\xde\x92\xc7\x0eJ\x8e\
\xb9B?\xa5B\xee\xc3-\x90\xc3\xb1^\x7f.8\xa6\
\x0d\xcc\xc7\xe5#\x9e\x98\xed\xfe4\x08G\x91_i\xcb\
\xe7\x18,\x17\x8c~u\x1e\xe0x\xe0\x121\xd3\x9a\x90\
\x92\x17`\x1bT\x0ex\xebL\x1b\xb3\xce\xe6\xee6\xfa\
\xe3\xa50#l\x96\xda\xb8\xe3\x8c\xef\x19\xa2FV\xf9\
Xg\x83\xf2\x86\xe0\x8e\xff\x00\xce\x82\x8c\x183\x05\x00\
\xe0\x8c\xe0S\xd4d\x06\x05\x97\x04\x10W\xa1\xf5\xed\xfe\
q@\x11;+\x1c\x82C\x9e\xc78\xe3\xf4\xefC\xe4\
`18=\xc7R1\x9az\xc4ps\xbc\x8e\xa0v\
\xef\xdb\xf2\xa4\x01p\x06>o\xbd\x8e\xe2\x80\x18R0\
\x9f,q`\xa9 \xf5\xe0\xf1\xfc\xe8E\x0c\x0bz\xf1\
\xd3\x8f\xff\x00W\xd350\x04|\xa1q\xb7\x0409\
\x5c\xfa\x03\x8e\x98\xa4\xdaF\x15y\xdb\xce\x06O>\xbe\
\xff\x00\x8d\x00(\x1b\xc6C\x0eFFG\x1cu\xfc\xaa\
t\x8b\x03\x0adP\x01$\xed\xe9\xde\x98\x90\x06\x88\x8c\
\x0e\xdd\xb8\x1f\xfdz\x90+\x026.\x079\x1bz\xfb\
\xfeT\x00\x01\xbb%\x5c\x16\x1d\xd7\x9c\xe2\x94)\x0b\xb8\
\xe3\xf4&\x93\x85\x1c\x10\x07\xdd9\x5cc\xdb\xf4\xa0/\
\x04\x95=0W\x1f\xd6\x80\x13\x0c\x0bn?1\xe3=\
\xc7\xb58\x95\x04\x05!\xb0\x01-\xb4\x8ei\x0b\x0d\xd9\
E\xdaW\x8c\xe7\xde\x9c\x0c\x80\x14!\x8f\xfc\x0b4\x00\
\xe2\x08\xdd\x8f\xba{u4\xdd\xc8\xa0\x8c`\x8cd\x03\
\xc6(+\xf3\xae@by\xe2\x97\xa9!\xc8\xcf@H\
\xed\xf9P\x04L\xa4\x10q\x95\xee1\xed\x8c\xe3\xaf\xeb\
M\x01@\x19d\xe7\x9c\xe0S\xe5]\xce\xc0\xe0c \
\x1c\xd3\x19N\xd6$`r8\xc7\xf8P\x00\x81\x82\x83\
\x90\x17\xa1c\xce=\xa9X\x92\xd9\xec\xde\xc3\xf1\xa3n\
\xc2\x08]\xeb\x8c\xe7\xb8\xa91\x9f\xbe\x8c1\x93\x9d\xbc\
P\x040\xc6\xa7\x1b\x8c`\xa88\xc9\x03\x1f\xcb\xb5K\
nI\x8f<\xe4q\xc9\xc5\x0c\x0b:\xaf\x1d\xb3\xceq\
\xeb\xd7\xde\x84R\x14\x81\xbd\x7f*\x00\x94\xb6\x01\xe3\xe5\
$\x0c+\x1e9\xe7\xf4\xa9 \xb96\xd2\x09c;X\
v<\xf1\x9c\x9ac\x02C\x10I\xc7q\xc0\xa4\x05\x0b\
\x12\x03s\xd7#\xa1\xefHgKkr\xb7v\xeb2\
\x02\x03v=\xaaj\xe6m\xe7\xb8\xb6\x04\xc1#yg\
\x90\xa7\x91\xd3\xd2\xac\xdb\xea\x97j@\x91VA\x8f\xbc\
F?Z,3v\x8a\x8a\x09D\xd1\x07\xe3$\x0c\x80\
z\x1e\xf5!`\x01$\xe0\x01\x92Oj@-\x15\x8f\
w\xe2\x0bx\xe5hm\x8a\xcd2\xf5$\xe1\x07\xb1l\
\x1fN\xd9\xaa\x12\xeb\xba\xa3\x05\xf2\xed\xad\xe39\xe7v\
\xe6\xe3\xf4\xa7a\x5c\xe9\xea\x0b\x9b\xcb{8\x0c\xd72\
\xacq\x8e\xe7\xfc\xf3\xf8W0\xd7\xda\xac\xa5K]\x88\
\xc0\xe3\xf7Q\x01\x9c\x9f|\xf6\xe2\xab\xed\x92GG\x96\
ye*N\xc33\x16+\xf9\xd3\x0b\x9b\xa7\xc4\xfax\
\xdcqq\xb4\x0e\xbeKs\xed\xebMo\x12DA1\
Z\x5c8\xecIU\xcf\xe0N\x7fJ\xc9\x00\x95\xe1X\
\x93\xf2\x9c\xf4\x1f\xe7\xe9H>L\xab\x05\xcfL\x03\x8c\
\xd1a\x1b\x03\xc4\xd6\x83\x1el\x171\x82pIL\x81\
\xf9\x1f\xe5Z\xf1\xcb\x1c\xd1\x89\x22uta\x90\xcar\
\x0f\xe3\x5c\x93\x8c\x86P\xcc7dc\xb7^?\xc9\xa9\
m/g\xd2\xcbad\x9e\x069)\xc6P\xe7\x92\x08\
\x1c\xfd(\xb0\xeeutU4\xd5l$\x89d[\xb8\
v\xb0\xc8\xcb\x80\x7f.\xb5*\xde[;m[\x88\x99\
\xb1\x9c\x07\x07\x8aC'\xa2\xab\xc9}i\x12\x17\x92\xe6\
\x15Q\xdc\xb8\xff\x00?\xfe\xba\x8e\xefQ\x86\xd6\x01 \
\x22R\xff\x00qP\x8f\x9a\x80.QX\xc9\xad\xc8?\
\xd7\xd90Q\x8c\x94m\xd8\xcf=*\xecZ\xa5\x9c\xce\
\x11e\xda\xc7\x9c:\x95\xa0W.QH\x08##\x9c\
\xf4\xa2\x81\x86)qE\x14\x00QE\x14\x00QE\x14\
\x00QE\x14\x00QE\x14\x00QE\x14\x00QE\x14\
\x00QE\x14\x00QE\x14\x00QE\x14\x00QE\x14\
\x00QE\x14\x00QE\x14\x00QE\x14\x00QE\x14\
\x00QE\x14\x00QE\x14\x00QE\x14\x00QE\x14\
\x00QE\x14\x00QE\x14\x00QE\x14\x00QE\x14\
\x00QE\x14\x00QE\x14\x00QE\x14\x00QE\x14\
\x00QE\x14\x00QE\x14\x00QE\x14\x00QE\x14\
\x00QE\x14\x00QE\x14\x00QE\x14\x00QE\x14\
\x00QE\x14\x00QE\x14\x00QE\x14\x00QE\x14\
\x80(\xa34\xc7\x968\xd8+\xba\xa9=\x018&\x98\
\x0f\xa2\xa8\xcd\xaa\xdbE/\x94\xa5\xa5\x93\xd1\x06qU\
%\xd4&\xb9\xc0\x8c\x18S<\xe0\xe4\xb7\xf8P#V\
Y\x96\x14,\xdf\x80\xeej\xb9\xbdb8\x8fi\xf5&\
\xb32w\xee`Y\x9b\x82\xddO\xe3N\xdeG8<\
{P\x05\xb6\x94\xb1\xf9\x9b'\xf4\xa64\xa3\x19\xe7\x8e\
\x9c\xd5s '\x00\xf2E1\xdd\xb7\x00\x18\xe3\xb9 \
b\x80$i\xf7\x0e\x1b\x1fZ\x84\xb7S\xbb>\x984\
\x9e\xd99\xe8x\xe2\x9a@\xdc\x09 \x0fs@\x11\xfc\
\xbb\xbdO\xb1?\xce\xa3`\xfbNr\xe3\x18\x01I\x18\
\xfc\xf3S0\x19\xc1'$g\xebLe\xf9wa\x98\
\xe38\xcfZ\x00\x83$\xa1\xdc\xcb\xb7\x9f\x9b<-0\
,L\xdf!C\x81\x96$~\xb53)\x1c\x80\x0az\
\x92?\x97zB\x0f\x94]\x89\x07*@\xc0\xfe]\xa8\
\x11]#\xdc\xc46Xv\x18\xc7\xe09\xe9Ou\xc1\
B\xaa\xca3\xc6q\xb7\xa7\xd6\x9f\xb4\x00A\x00v\xe2\
\x8f/a\x03\x01\x9b\xae[\xb7~)\x80\xc2\x18!\xc9\
\xe0\x8e\x06\xccs\xe8sH\xa8\x01+\x22\xe1\x89\xca\x91\
\xd0~G\xde\x9c\xb1\xa3\x83\x82\xc4zg\x91\xf8\x93N\
X\xc6\xee\x11\x8a\xf6\xda:\xfet\x00\xc5Q\x1cA\x99\
\x81 \x1cs\xd7\xd2\x94#e\x95\x0b\xb6FH\x04q\
\xfdjIK6\x11\x8e\x15[#\x1di\x8d\x1f\x0d\x90\
\xccT\x8c\xfc\xbd\xfd\xa8\x00\xe23\x81\xbc\xb0# t\
\xe0~\x9e\x94\x02\xcc\xc7i\x01\xc9\xe5OQOu}\
\xccv\xe4\x9e\xa1\xbb\x9aqa\x82\x98$\x0e\xe0\x8e\xb4\
\x01\x18\x0a\xc4FF;\x8eNi\xc2(\xcb+\x14\xc1\
\x00\x0e\x063\xeb\xde\x9f\xc6G-\x86\xcf\x14\x84\x01\xf2\
\xe3vs\xeb\xfeE\x00!@\x0fB?\x03\xd3\xfcy\
\xa4e\xf9x\x8c\x12;\x95\xcei\xe5\x03/9\xe9\xc8\
\x00dR\xec\x0e\xe0\x00\x0e?\x88\xb7O\xaf\xf94\x00\
\xd0p\x87\x01\x06}\xbb\xd0\xa1\xe3\x9b\x00m\x18\xe4\x0c\
ph\xc3\x1e6(\xc9 \xf1\xd2\x9c\x02\x048\xe7\x03\
$\x85\xe9\xf4\xa0\x06\xe5@\xdf\xb5\xb2N3\x8e3\xfe\
}(\x0a6(\x0c8\xe9\xd4\xff\x00\x9ei\xcc\x06\xe0\
T\x8c\x11\xc9\xf4\x1f\xe7\xd6\x82\xac\xa3\x1fx\x8f\xa7\xf4\
\xf7\xa0\x08[k\x15\x01\xd4\x0e\x01\xc8\xe0\x8f\xc2\x90\x9e\
\xa0H\xa4\x0cv#>\xb59\x06E\xdc\xbe\x9d\xc61\
\xf9S\x18\x1d\xdd\xf88\x00t\xa0\x08\x82\x006\x92O\
l\x80z~\x7f\xad#4\xa0\x90\x00\xc8\xe8B\xe4\xd4\
\xdc\x8d\xd99#\x19\xc8=z\xf4\xa24+\x96a\xec\
Nz\xfd(\x02\x1d\x86E\x01\xf3\x8e\xb9$\x0f\xc2\x9c\
\xa1\xd0\xed={f\x9e#\xc1,\x9bry\xcf\x1cR\
\xac\x04.6\x91\x8c\x1e\x06s@\x13\xc6@\xf4V\xee\
zS\xccc\x04\x8d\xdc\x9e\x80\xd4^l6\xc4y\xb2\
\xaao\xe4\x06=k-\xae%\xba\x91\xdcK\x22\x05b\
\x00\x18\x18\x1e\xd4\x01\xaa\xe1-\xd3\xccw*\xa0|\xc5\
\xdb\x80:Q%\xdc\x10\xa4n\x5c2\xb6q\x86\x18\xe2\
\xb0\x8a\xcc\xca3#\x95\x18\x01X\xe3\xdf\xa7\xe1K\x0c\
!&\x00\x1d\xe3 \x0d\xc0\x0cg\xa7\xf34\x05\xcds\
}q!)\x16\xc8\xe1 \x86\xeaY\x87\xd7\xb5@\xea\
\xd2\xda\xac\x02G\x10#\x02\xab\x92Gn\xbe\xbd(\x85\
vp\x0eX\x9eFs\x9a\x7f\x07\x90[9\x00\xed\xeb\
\x9a,\x00S\xcb\x01T\x05\xe7 \xf4^\xfd\xbd(;\
r<\xc6U\xcfc\xce\xeayUV*\x04\x84r\x01\
\xc7\x03\x1f\xfe\xa3H\x0b\x06'\x03'\xa7 \xe6\x80\x19\
\xe5\x0eJ\x18\xf9\xe0|\xbf6?\x1a#\x5c\x85,\xa5\
\x8eGn\x95.\x06\x15w\x13\xc7C\xda\x8d\xaa\xc4\x00\
B\x9eM\x000\x86\xdeN\x199\x04\xe5rq\xf8\x1a\
P\x8c\xd8\x00\xeeoL\x00=i\xcc\x00\x18\xc0\xc7r\
\x09\xcd8F1\x93\x93\xdb\x9a\x00\x8c\xa2\x95\x5c\x1d\xae\
1\x9c\x9f\xfe\xbdHv\x96\x0a2\x01\xc9\xeb\xd0Q\xf3\
uT\x90\x1f\x5cp(e\xcb\x12z\xe3\x9c\x0e\xa2\x80\
\x13\xc9Vp\xc5\x09\x03\x8d\xc4\x0e\x7f\x1f\xebM\xdb\x1e\
\xc2\x04\x7f)\x5c\x12\xc0S\xd5N\xec\x85##\x19\x0b\
\x8a\x009R@\x00\x02z\xf3H\x06\x08b?\xc1\x19\
Q\xdb\x1c\xff\x00\x9f\xf0\xa28!\x0c]c\x1f\xed`\
\x1ej]\xe1\x8889\xecA\x1f\xad)\xe8Ac\xed\
@\x0d\xda\xa9\xb8\xaa\xf2Nzc\x07\xfc=\xa9\xdeZ\
8!\xd3#\xa7*i\x99\x04\xe3\xa9\x1cg\xb0\xa9\x11\
\x00~3\xd7\x1ct\xcd\x004D\xb1\x10\xc8\x9e^\x06\
>PG\xf2\xa2\x9f\x83\xb5\x98\x00=\xb2y\xa2\x80:\
j(\xa2\x82\x82\x8a(\xa0\x02\x8a(\xa0\x02\x8a(\xa0\
\x02\x8a(\xa0\x02\x8a(\xa0\x02\x8a(\xa0\x02\x8a(\xa0\
\x02\x8a(\xa0\x02\x8a(\xa0\x02\x8a(\xa0\x02\x8a(\xa0\
\x02\x8a(\xa0\x02\x8a(\xa0\x02\x8a(\xa0\x02\x8a(\xa0\
\x02\x8a(\xa0\x02\x8a(\xa0\x02\x8a(\xa0\x02\x8a(\xa0\
\x02\x8a(\xa0\x02\x8a(\xa0\x02\x8a(\xa0\x02\x8a(\xa0\
\x02\x8a(\xa0\x02\x8a(\xa0\x02\x8a(\xa0\x02\x8a(\xa0\
\x02\x8a(\xa0\x02\x8a(\xa0\x02\x8a(\xa0\x02\x8a(\xa0\
\x02\x8a(\xa0\x02\x8a(\xa0\x02\x8a(\xa0\x02\x8a(\xa0\
\x02\x8aB\xca\xa3\x92\x05D\xd71\xa8<\xe4\x8e\xd4\x01\
5B\xf71'V'\xe8*\x94\xf7{\xbe\xf1\x0a\x07\
`j\x9c\xd3Hx\x1d(\x11y\xf5x\xa3\xce`\x98\
\xe3\xa6\xd0\x0e\x7fZ\xa56\xb3u*\x91\x15\xba\xc3\xc9\
\x1b\xd9\x81#\xe9P0 \x92A\xc6y\xe3\xf9R\x02\
\xcc\x87i\x03>\xe4\xe3\xde\x81\x0a\xf3\xdd\xcc\xf9k\x89\
\x02\xf6D\xc2\xe3\xf2\xebQy\x08\xca7\xee\xc8\xe9\x93\
\x92\xbf\x9dO\x86\xc1 \x93\x8f\xf6y\xe9L\x1c\x10G\
$\xfa\x9e\xb4\x00.\x11\xb3\x92\x8a\x08'\x8e\xbf\x95(\
\xf9\x98\xfc\xe1\xbd\xb9\x034\xb8R\x09%\x86}:\x0f\
\xca\x94G\xce\x18\x9e\x9ds\x9c\x8a\x06\x00\xa9\xe8\xb8a\
\xc0\x14n\xc7C\xc9\xfa\xfeT\xa3\x87\xe1:t&\x9d\
\xd0\x85\xc8\x00\xf7\xc1\xe0\xd0\x00}@\x1cw#\x15\x1f\
'\x03\xae\x7f\x87i\xa7\x91\x9e\x0f'9\x1dq\x8av\
\xcerI\x1c`\x81@\x0c1\x90Fr\x01?JM\
\x98\xc8n=\xc6\x05<\xa8\x03h\xcf\xb7\x14(\xc3\x8c\
\xb1\x1d\xfa\x0a\x00f9\x18\xc1\xc8\xe4o\xe9L\x08q\
\x82r@\xeb\x9a\xb0\x81K\x10{u\xe3\xf9Q\x80\xbc\
2\xf1\xd3\xd6\x80+\x98\x97n\xe2\xa01\xe8\x0e)\x0c\
g\x03n\xd3\x85\xf9}3R\xb2\xa0\xceA#\xe9N\
\x03\x1c\xab\x10;\x8c\x02(\x02\xb9\x5c\xe4q\x9cs\xcd\
\x1bN0P\x9ct\xf9\xff\x00\x9dNW=\xb0\xbf\x85\
4\x00\x9c\xed\x01\xbb\x9c\x8a\x00\x8dX\xe4\xe4g\x1d\x00\
&\xa3\x08\x10\x05\xc6}\x06\xe3\x8a\x99\x97i\xce2?\
\xde\xa6\xb2\x11\x92\xb8^x\xf6\xa0D!A88\x03\
\x19\xe0u\xa5\x11\x15\x90n?.0\x06\xd1\xcf\xd2\xa6\
D\xf9K\x14\xc6:\x82?\x95 ES\xf7F1\xc1\
\xef\x9fj`D\x10\xae\x19\xc0n\xe4l\x14\xa66l\
(f\x0a:\xfc\xa3\x9f\xc6\xac\xe3(\x08\xea=\xbf\x0a\
aF\xc6\xe0\xa4\x01\xd8\xf4\xa0\x06\x9f\x95\x00U\xc0\xe3\
$\x9eE($\x8e\x18\xed \x10\xc0\x8e\xb4\xe5\x1dN\
\xcf\xc1y\xcd=\x82\xa8?*\x8f`G\x14\x80\x8bg\
\xce\xac3\xed\xea)N{\x93\xb4\xfb\x91Sme#\
\xe5\x18\xf5\xcd7h\x0b\xb5\x80#\xdd\xa8\x02\xb9\x07\xe6\
m\xa3,GBz}(\xd82r\x06\x08\x03\x0a\xa0\
f\xa6\xf2NF\xd1\x9e{\xe7\xa54*o\x01\x8f \
\xe4\xff\x00\x8d0\x18S9\x0b\x90\xcb\xcf\x18\x14\x8e\xb8\
\x8c\xe3$\x8ezr\x07\xb7\xa5N\xa8\xccr\xcb\xce;\
\x0a\x19v\xf5RO\xe9H\x08\x01!\x08)\x93\xb4\x8f\
N)\x00e\xce\x17\x1fN1S\x18\xdbx\xe4m\xea\
03\x9a_-\x8e3\xbb\x07\xa9\xc7\xe8h\x01\x80\x12\
\xdb\x83\xb1\xe0\xf1\x9e3@\x04\x02\x0c\x85I\x1cg\x9c\
T\xc8\xbb8\xdb\xc1\xef\xc7\x15/\x94\xa0\xaf\xccr;\
\x9e2h\x02\xaaF6\xee-\xbb\xae9=\xaa\x83\xea\
\x8a\xa4\xf90nB\xc4\x13\xbb\xf9\xfb\xd5\x97\xbc\xdc\x84\
E\x09U\x07\x1c\x9c\x92*\x8aA\xb96\x84\x04\x1cd\
\xfe9\xe9\xde\x98\xca\xb2\xcb-\xd5\xc1y@.\x01\xc0\
\x09\x9d\xa3\xf2\xa5\x10\x90\xdb\x95@\x1e\xc0\xe7>\xf5d\
F\x19\x9b%w\x0e>\xe6\x0e)\xe12~U\xc68\
9\xcf\x1fJ\x09\x18#\xdcI\xfb\xc7\x04n\xc7z\x96\
;r8\xcf\xcc:\x8e\x08\xed\x8e?\x0a\x121\x8eI\
\xc7U\xc0\xe0T\xfbrF7q\xd4\x81\xc8\xfa\xd0\x03\
\x02\x11\x8f\x94\x83\x9f\xbb\xd3\xfaR\x80\xdeY\x01\x8e\x11\
\xb2\x1bvI\x1f\x95H\xb1\xfc\x8cw\x0c\x81\xf7v\x8f\
\xf3\x9e\x0dM\x1cj\xd1\x82\x83\x9c\xfd\xee\x84P2\x1e\
J\x8c\x06;\x89\xc8\x07\xd7\x8aQ\x12\xab\x01\x809\xef\
V_\xe6R\xa4\x15=\xfe\x5csL`\xa5\x87\xcb\x8f\
N)\x01\x0f\xce\x0eB\x8eO9=\xa9\xca7\x11\x83\
\x91\x9fQ\x9cS\xc7\x00\xa9$\x83\xd9\x80\xce>\xb4\x81\
O\x1b\x80$\xf1\xda\x80\x14\x06U\xce\xdf\x98\xf3\xc9\xa4\
\x7f\x99\x02\x909<\x9aw\xcb\xf7@\x00c\xb1\xe9\xf5\
\xa3o\xde\xf9z\xf7\xceh\x02-\x83\x19\x0a\xa4\xfa\x9e\
i\xd8\x0d\xf5\x1d\xb1\x9ehl\x82:7L\xaa\xe7\x9a\
\x19\x07q\xdb#\x00\xe7\x14\x00\xcc\x15S\x93\x93\x9f\xee\
\xf4\xa5\xe7%H\xc9\x18\xc1\xdbN\xd8\x0e\x00\x006y\
<\x91N(\x0a\x8e\xa7#'\x1d\x7f\x0a\x00`L\x9d\
\xec\x5c\xf7\xe4\x01\xc55\xa5\xcc\x9dB\xa0\xee;\xd3\x9e\
&L\xe3,1\xc0sL\x8c\x00\xb8\xd9\xbb\xd8\xf4\x14\
\x00\xbc\xb6\x0b\x13\xf9\x8ar\xe5I\xc1\xe4\x9f\xc2\x93\xf8\
\x80\x00z\xf5\x06\x9cA \x82\xa0\x0e\xb9\xdd\xd6\x80\x1c\
\x18\xaeF\x0ez`QJ@ d\x13\xee\x0f4P\
\x07IE\x14PPQE\x14\x00QE\x14\x00QE\
\x14\x00QE\x14\x00QE\x14\x00QE\x14\x00QE\
\x14\x00QE\x14\x00QE\x14\x00QE\x14\x00QE\
\x14\x00QE\x14\x00QE\x14\x00QE\x14\x00QE\
\x14\x00QE\x14\x00QE\x14\x00QE\x14\x00QE\
\x14\x00QE\x14\x00QE\x14\x00QE\x14\x00QE\
\x14\x00QE\x14\x00QE\x14\x00QE\x14\x00QE\
\x14\x00QE\x14\x00QE\x14\x00QE\x14\x00QE\
\x14\x00QE\x14\x00QE!`:\xd0\x02\xd1Q\xb4\
\xe8\x83\x93U\xa5\xba\x07\xb9\x03\xd3\xbd\x02-4\x8a\x87\
\x04\xf3\xedPIs\xce3\x81U\x1e\x7f\xc3\xebU\xdd\
\xd9\x99\x97<\xf6\xcfj\x00\xb1%\xc6s\xb7\x9czU\
wr\xd9\xe5\x80\xce\x0f4`\x02s\xdc}i\xbdI\
\x5c\xe0f\x81\x0cr\xa3\xa8\xcf\xb9\xcd \x1b\x978\xe0\
}y\xa90\xc0c\xb7l\x1cPs\xd8\x86\xfa\xe7\x8a\
\x06G\x8c\x81\x90rq\x8cP6\xe4\xee\x18\xc7\x03\xb6\
)\xe0`\xf2I'8\xcd.09\x19\xef\x83\xeb\xe9\
@\x86\x10\x0bg\x19\xcf\xa8\x1e\x94\x03\xf2`u\xf4\xe3\
\x8a~\xc5#$\xb0\xed\xd3\xbd*(\x19^1\xe8=\
\xa8\x01\x81\x06v\x96l\xf5\xc18\xa0)$\xe4\x9fO\
\xa5<\xae9?\x90\xa7\x1c\xe7\xb8\xfa\xd01\x88\xb9l\
\x8c\xe3\x18\xeb\x9a]\xbc\x9f\x98\x0fQ\xba\x9e\xc0\xe7\x82\
s\xeb\x9cS\x80\xc6\x09c\xcfQ\x9a\x00\x8f\xe6e$\
0\xdd\xdb<\xe2\x94\xa9\xc6\x1b\x00\x1a\x91A^rs\
F\xc0~\xf0\x1cP\x03\x15x\xef\x9f\xf3\xd2\x9d\xb3#\
\x96\xe3\xd0\x8e\x94\xfce\xb3\xcf\x14\xe0\xbcg\x1c\xfb\xd0\
\x03\x02\xee<\x8f\xd3\x18\xa6:\xf1\xb4\x0c\x7f\x8dO\xb7\
\x8e\x055\x93-\xf3\x01\xf8\xd0\x05vL\x93\x81\x92:\
S\x966\x1dq\x9f\xf7p*m\xa78\xe3\x1d\xeaM\
\x81\x861\x91\xef@\x15\x8a\xe4\xf1H\xd1\xe3\x9c\xfe\x00\
U\xb1\x1e?\x87\x83F\xc1\xd0~\xb4\x01E\xa2v\xc9\
\xf4\xfaSB\xc8\x17\x8cq\xd7\xe6\xff\x00\xebU\xcf(\
ci$\xe7\xbd\x0d\x18\x00\x02M\x00U\xd8\xc3\xef\xe0\
\xa9\xf74\xe0\xb1\x92\xac\x01\xc7\xb0\xa9\xe3\x85y\x19>\
\xd9\xa5\xf2\x14J\xb8'\x03\xb6M\x00Tx\xb0\xc5\x9b\
+\x9e\x9c\x9cRF\x99\x0d\xb4\x10\x9d\x00\xc5]x\x14\
\x01\x80p=MB#\x00\x84Q\xc63\xde\x80\x18#\
s\x82\x09\xfc\x80\xa4H\xf9?7\x19\xf4\xebV\xd2\x15\
\xc6*@\x83\x1e\xf4\x01UP\x9c\xfazb\x9a\xf0\xf0\
\x09\x19\xcfJ\xb8#\xc9\xed\x8axL/\xf4\xa0\x0c\xd1\
\x03\x19s\xf3\x0f\x97 \x96\xfe\x94\xc1\xb4\x5cm p\
}\x0d_tbF\xc1\xc8\x1cf\x9c\xb1|\xdb\x88\xc3\
w\xc1\xa0\x0a\xe2>x\x07\xdf\xda\x95\xa3\x01O\x19\xc7\
lU\x92\xbe\x94\x85q\x8fj\x00\xacUJr9\xc7\
z\x8d#\x5c\xb0\x09\xb4\x8e\xfc\x03V\xca\xe5\x8b\x1cc\
\xd4\xd5)n\x0a\xb11\x05lc\x01\x97\xf9\x9a\x00\x95\
\xa0\x91\xd8`\x9d\xb5N\xe2|\xa4\x90\xc2K0\x05Y\
\x88\xe9\xda\x95\xa6\x9eC\xbb\xcd#\xfd\x95\xfb\xa2\xa2\x09\
\xd8\xb3\x1eI\xfc\xe8\x02\xb2BF>f\xda\x0e\x02\x82\
\x07\xf3\xa7\x08wDw\x12H\x05\xb0_\x18\xfcj\xc2\
\xab\x12F\xe3\x8c`\x1e)\x02\xb0?)#\xd4\xee\xc6\
\x7f*b\x22\xf2\xc2r\x08=\xb2M(Ff\x1bB\
\x95\xee9$\x9a\x91\x97\x92\x01\xce:1\x1c\x9a\x95#\
o\xba\x09=\xfec\xc5\x00Ba=y\xc8\xe7\x03\xa1\
\xa9V\x1cm\xc19\xe9\x8fO\xf1\xfcj\xc2\xc4\xa3\xae\
\x0d(B\x07Bs\xda\x90\x10\xf9g \x92\x0bv\xc2\
\xd3\x84c\x0a\xc5y\xcf8\xff\x00\x0a\x98F0};\
\xf3K\xb3\xe68\x1c\xe2\x81\x90\x85\xdc2:c\x14\xc2\
\xad\xc1\x03\x83\xd4\x91V\x0a\x0e\xbf.})\x08\xf9\x86\
F\x09\xf4\x19\xa0\x08\x02\xe3\x93\x800F1H\xaaX\
\xe3<t\xe4t\x15)\x00\xf2W\xf2\xa5\x01p\x14\xe7\
\x8e\xf4\x00\xc0\x9bq\x80O\xe0)\x0a\x1c\x0e\x9f\x9f\xf8\
T\xbbx9\xfc\xe8\xc0\xed\x9a\x00\x84\x87`\xc0\xb7\x1c\
\xe3\x06\x9b\xb7\x1c1\x19\x07\xd75;\xed\xed\xd7\xda\x90\
 \xc7'\x03\xd6\x80#T\x1c\xecS\xd3\xa5&\xd5\x00\
n\x07\x8e\xddEJ\x15q\x91\xfc\xcd\x01~PXu\
\xe6\x80\x22\x19\x04u8\xe4\x0csQ\xc8\x98\xc9l\xe0\
\xfb\x0f\xd6\xac\x10\xa7$\x8e\xfc\xf1\x9aiUa\x9ep\
{\xe3\xf9\xd0\x22\x15@\x147\x1f\x95?\x03 \xb1\xce\
{\x9f\xf3\xd2\x9e\xc0\xe39\xe7=\xa8\x09\x91\x9d\xdc\x1e\
\x984\x00\xcd\xa0}\xe0\xc0\xfa\x83\xfe\x14T\xac:m\
\xfd8\xa2\x81\x9b\xd4QE\x03\x0a(\xa2\x80\x0a(\xa2\
\x80\x0a(\xa2\x80\x0a(\xa2\x80\x0a(\xa2\x80\x0a(\xa2\
\x80\x0a(\xa2\x80\x0a(\xa2\x80\x0a(\xa2\x80\x0a(\xa2\
\x80\x0a(\xa2\x80\x0a(\xa2\x80\x0a(\xa2\x80\x0a(\xa2\
\x80\x0a(\xa2\x80\x0a(\xa2\x80\x0a(\xa2\x80\x0a(\xa2\
\x80\x0a(\xa2\x80\x0a(\xa2\x80\x0a(\xa2\x80\x0a(\xa2\
\x80\x0a(\xa2\x80\x0a(\xa2\x80\x0a(\xa2\x80\x0a(\xa2\
\x80\x0a(\xa2\x80\x0a(\xa2\x80\x0a(\xa2\x80\x0a(\xa2\
\x80\x0a(\xa2\x80\x0a)\x8f\x22F2\xc7\x1f\xd6\xaaI\
x\xe5r\x9f/\xa6z\xd0\x22\xd4\x93$y\xc9\xe4v\
\xaaou\xcf^\xb5X\xc9\xbb\xbf9\xceI\xa4\xc1\xc1\
\x04\xe0\x0e\xf9\xe6\x80$i\x89c\xd2\xa1\xcf8\xc1'\
\xd4\xd0@\xc7PNpqFv\xa1\xc9\x03\xf0\xa0\x06\
\x80:qF\x17\x9e0>\x9c\xd3\xb9PC\xe3w\xb0\
\xa5\x19#>\xbd\xf1\x9a\x00g;\x8e\xde\x84riy\
\xc8\xef\xef\x91N\x0aX\x9c)\xf4\x14\x0c\xf3\x91\x83\xee\
\xbcP\x03G8'\xa09\x1c\xd3\xb1\xf2\xe3$\xe3\xae\
)\xfc\x8eN\x1b=\xb1N\xeb\xd8\x8f\xa1\xa0\x08\xf6\x82\
\xa3\xa1o\xad!\x8c\xe4\x96?J\x97\x1e\xd9>\xf4\x15\
\xf4\xc7\xe3@\x11l;F\x00\xc0\xe4S\xd50\xb9\xc7\
^\xe2\x9d\xb4\xb0\xc7\x00\x0fz\x91\x10c\xa0\xc7a\x9a\
\x00\x8cFI\xe3\x8e\xfcR\x08\xcfB2~\x99\xa9\xb1\
\x93\xdcQ\xb7\xd3\x14\x01\x0e\xd3\x9c\xe0S\xc2\x86$\x0c\
\x02z\x01Rl\x19\xcf>\xf4\xe5Q\xbb\xff\x00\xad@\
\x11\x81\x81\xd0\xd1\xb7\x9c\xe7\x8fz\x9fn{\x1aB\xbc\
\xe4s\xf5\xa0\x08\xb1\x8e)pq\x9a\x97n~\xb4\x05\
\xe7\x93@\xc6c\x9c\xd2\x14\xf6\x19\xf7\xa9\x02s\xd2\x9c\
\x07\x18\xe6\x80\x22\xd9\x85\xc0\x1cS\x80\xc0\xe6\x9cWp\
\xe7\x8a1\x91\x83@\x06>\x98\xa3h\xed\xfa\xd2\xaa\xe7\
\x8c\xd1\xf3\x03\xc8\xa0\x04\xda?*\x89\x83n'\x8a\x9f\
<\xf4\xa6\x1f\x98\xf3@\x11\x01\x97<\x1f\xa5I\x8fz\
~\xc0\xa78\xa7\x10I\xe0\xf1@\x15\xdc\x13\x80\xd9>\
\xc2\x9b\xb5\x8eq\x81\x8e\x9e\xb5i\x93w\xb50\xc6\x03\
d\x0cP\x02\xaa\x8d\x99\xdb\x8aP\xa0v\xe6\x97q\xe0\
w\xa0\x8eh\x018\xcd\x00\xee\x07\x1d\xa9H\xc0\xa4\xc6\
\xd48\x1dh\x02\x15bY\xb223\xc1\xa9G9\xa6\
\xec\x0a\xb9\x1cc\x9e)\x86V'\x00\x0cc\xad\x00J\
O|\xe2\xa1y\xd3\x0d\xe5\xe1\x9a\x98\xee\xce=*\x22\
\xbd\xb6\xe0P \x96Fu\xd8H\x03<\xe3\xd2\xa0t\
''\x8eF\x0f\xbf\x15)\xc8\xcfC\xc0\xefARy\
;y\xf7\xe9@\x15\xca\x1cm#\xaf=)B1\xee\
A\x1f\xca\xa6\xd9\x85\xe9\x9f\xc6\x90&y\xc1\xe4\xe6\x80\
\x22\xd83\xb8\x0c\x11\xdc\x8eiQp0B\xfe\x22\xa7\
X\xce>l\xe3\xd8\x0ei\x04K\xf8v\xe34\x00\xc1\
\x16@ \xe7\x1c\xe4T\xa101\x82\xbe\xb5,q\x90\
8\xc7>\xd5*\xa8\xed\xc5\x00@\x91\xf5\x1e\x9d\xe9\xea\
\xa4~5.\xdc\x0e3I\x8fJ\x00\x8fh\x07\xb74\
\xd6\x5c\x0e\xb9\xfa\xd4\xbbI\x1d\xa9\x0a\xf1\xd3\xf5\xa0\x0a\
\xcc8\xc0\x03\x8aN\x09\x07\x8a\x99\x97\x8e\xff\x00\xca\x9a\
W\xe6\x04\x13\x9fj\x00\x87\x00\x10\x0fOQJ\x17\xfb\
\xdf\x89\x02\x9cA''\x8fa@\x5cg\x03\x93\xf5\xa0\
\x04\xda1\xf2\x82\x01\xebF2z\x81O\x039\x04q\
HA\x03\xa5\x00G\xf3q\xf9\xf6\xa3\xb9$r{\xd3\
\xfe\xf0\xe9\xc6)\x06\x10\xe3\x00\x0a\x00ils\x9c\xf4\
\xebI\xd7\xe6\xc9\xeb\xf9S\xc2\xe0\xee\xcez\xd2\x95\x00\
\x91\xb8g\x1e\xb4\x00\xc6U'\xb1\xcfP)\x19Fs\
\x8c\x1f\xd6\xa4\x0b\x96\xce\x07\xe3JU\x89\xe0\x82\xbfN\
h\x02-\x8b\x81\x90\x0eO\xe1A^>^[9\xa9\
\x82\xe4\xe0t\xf4\xa3nx\xc1&\x80\x22\xc1\xc7<\xd1\
Sm \xf2\xbcQ@\x1a\xb4QE\x03\x0a(\xa2\x80\
\x0a(\xa2\x80\x0a(\xa2\x80\x0a(\xa2\x80\x0a(\xa2\x80\
\x0a(\xa2\x80\x0a(\xa2\x80\x0a(\xa2\x80\x0a(\xa2\x80\
\x0a(\xa2\x80\x0a(\xa2\x80\x0a(\xa2\x80\x0a(\xa2\x80\
\x0a(\xa2\x80\x0a(\xa2\x80\x0a(\xa2\x80\x0a(\xa2\x80\
\x0a(\xa2\x80\x0a(\xa2\x80\x0a(\xa2\x80\x0a(\xa2\x80\
\x0a(\xa2\x80\x0a(\xa2\x80\x0a(\xa2\x80\x0a(\xa2\x80\
\x0a(\xa2\x80\x0a(\xa2\x80\x0a(\xa2\x80\x0a(\xa2\x80\
\x0a)\x09\x0a\xa4\xb1\x00\x0e\xf5\x0b\xdc\x01\xc4x'\xbf\
\xb5\x00L\xee\xa8\xbb\x98\x80=\xea\xac\xb7\x9d\x04+\x9f\
Rj\x16\xdd#fG\xcf\xb7jLp3\xcf\xd6\x80\
\x1a\xe5\x9d\xb7Hw\x1fq\xd2\x9a\x11\x89\xe3\x8e?\x1a\
~\xdc\xe4\x0aM\xbc\x80x\xcf\xb5\x02#e<}\xdc\
\x8e\xbcR\x1d\xc4\x0f\x97\x1c`s\x8a\x90\x8e\xbc\x9eh\
a\x93\xdc\xd0\x04Y \x923\xcf\xbd\x18\xe79#\xd7\
\x06\xa4+\x91\x9c\x9e)\xa0`\x8e\xc7\xde\x80\x182\xd8\
\x19'\xf0\xa5 \xb0\xc7\xf8\xf1R\x1f\xe2#?\x9d'\
a\x9c~\x04\xd0\x03\x00\xcfL\x0e\xf8\xa7\x0eI\xe3\xf2\
\xa5\x0a\x01\xcfN\xdc\xd3\xb00h\x016\x91\x93\xd7\xeb\
K\x9fP\x0f\xd0\xd0\x01\x1e\xa0\x1fQ@V n\xe7\
\x1d\xb1@\x0b\xdf\x03\xf9\xd2\x8c{Rg\x078\xe3\xd7\
\xbd.\xdc\x9c\xa9?\x9d\x00;\x03\xb1\xa5\x1dx4\xe4\
Q\x8er\x0d8g\x1cu\xa0\x06\x01\x9e\xd8\xa7m\xf9\
\xa9\xe0ds\xd6\x9d\xb6\x81\x91\xed\x19\xe9\xd6\x9c\xa3\x8e\
\xf4\xec{R\xed\xe2\x80\x1b\x8fAK\x8fZp\x1e\x94\
\xecP\x04Dw\xefN\x18\xa7\x11\x93I\x8e1\x8a\x00\
P\xa3\xa5!S\xebO\x1d(\xc1\xa0\x08\xf6\xfaQ\xb4\
}*]\xb4l\x14\x01\x08\xca\x9e\x99\xa7\x93\xbb\xb5H\
\x14\x0e\x94\xdcP\x022\x06\x1di\xaa\xa34\xecQ\x8a\
\x00P)\xbc\xd2\xe2\x96\x80\x12\x90\xf4\xa5\xa44\x00\x80\
c\xa5\x18>\x94\xb4v\xa0\x04#4\xd6`9\xa7\x13\
L8\xa0\x08\xdd\x8b\x8c\x1e\x07\xb54\x0cS\x88\xa0\x83\
\xed\xf9P\x03=21M\x00\xf3\xedO\xc7\xa8\xfd)\
0>\x94\x08a^:\x8c\xe3\x1d)\x84s\xf7\xb8\xa9\
v\xfa\xe4\x8f\xad!@y\x19\xf7\xe6\x80\x22\x19\xc7L\
\xd3\xc2s\xec}\xaa@\xa7\xa8\xe9\xe9O\x09\xcex\xa0\
\x08R1\x8cT\xaa\x9cT\xaa\xa3\x19\xc74\xe0\xb8\xa0\
cV0\x06)\xd8\xa5\xc7\xbd\x1fJ\x00i\xfaSq\
\x91O\xa4\xc5\x007\x14\xd2\x09\x1fz\xa4\xa0\x8a\x00\x88\
\xaex<\x8a\x8d\x90\x1e\x0dO\x8ei\xbb8 \x0a\x00\
\x83\xcb\xc7NqJ\x10\xa8\xcf\xeb\x9a\x9fg\xbd\x05(\
\x02\xbf\x97\xc18\xfc(\xd9\xd4\xed\xe9S\x95\xebM*\
(\x11]\x97 \x80?1N\xd9\x81\xce9\xf5\xa9L\
y\x19\xefM\xdb\x8eA\xa0\x08\xf0\xc3\x808\xfeT\x05\
=\xb3\x83Sm\xeb\x80y\xa0\x01\xd3\x14\x00\xccg\x83\
\x90~\xb4t\x18\x04\xe6\x9f\xb7\x04zR\xf6\xa0\x08\xf6\
\x9ct\xa6\xe3\x0d\xd2\xa7\xc1'\x81\xc5&\xcf\x9b\xd6\x80\
\x22\x19\xc7J*\x5c\x01\xe9E\x00^\xa2\x8a(\x18Q\
E\x14\x00QE\x14\x00QE\x14\x00QE\x14\x00Q\
E\x14\x00QE\x14\x00QE\x14\x00QE\x14\x00U\
Yg\xb9\x132\xc1j\xb2*\xf0X\xcb\xb7\x9fLc\
\xde\xadUxp\xd2\xdd\x0c\x83\xfb\xc1\xdf\xa7\xca\xb4\x00\
\xcd>\xeeK\xdbd\x9d\xa0\x11\xab\xaeF\x1fw\xf4\x15\
n\xa8h\x9c\xe8\xf6\xc7\xfd\x93\xfc\xcd_\xa0\x02\x8a(\
\xa4\x01E\x14P\x01E\x19\xaa\xf7\x97\xb6\xfa}\xbb\x5c\
\x5c\xb9H\xc7\x04\x85-\xfa\x00M\x00X\xa2\xb9\xeb/\
\x19i\x97\xb7&\x0d\xb70\x9c\xed\x0d,XR\x7f\x0c\
\xe3\xf1\xae\x87\xfc\x8a`\x14QE\x00\x14QE\x00\x14\
QE\x00\x14QE\x00\x14QE\x00\x14QE\x00\x14\
QE\x00\x14QE\x00\x14QE\x00\x14QE\x00\x14\
QE\x00\x14QE\x00\x14QE\x00\x14SY\x80\x18\
\xcf5\x5cn\x04\x1d\xdc\x8a\x00\xb5LiQz\x9c\xfd\
*6\x91\x88\xc7\x02\x98\x07\xa0\xa0\x06\xc8\xe6bA\xe1\
Go\xf1\xa6m\xc7`\x07\xb5I\xdf\xd2\x8e\xc4\x1es\
@\x11\x91\xea\x0f\xe7M\xc0\xfc\xaaR\xbcph\xc7\xbd\
\x00C\xd7\xa9\xfdi>\x5c\x0e\x87\xf3\xa9H\xf7\xa6c\
\x00r~\x98\xa0B\x103\xd3\x14\x85N{\x1ap\x19\
\xe0\xd2c\xe5\xcey\xa0\x06c'n)A\xc8\x1c6\
s\xd4S\xb1\xcf^}\xe9@\x1d\xbdh\x01\x98\xe7\x91\
\xf9\x1a2v\xe3#\x1e\xf4\xec\x13\xd4\x1f\xc2\x9e\x10\x83\
\xfdh\x0209\xce\xecQ\xb4\xe3\xa5H#\xee\x0f>\
\xf4\xa3\x1dB\x93\xef@\x11\x81\xf2\xf2)\xf8\x00\xfa\xd3\
\xc0\xe7\x91\x81J\x06Fq\x83\xe8h\x19\x08\xeeH<\
\xf4\xe2\xa4@@\xc1\xeb\xebB\xc7\xd4\xe3\x9a\x93\x1cP\
\x03q\x9aU\xc5(R:\xf3J\x17\x9a\x00P1K\
N\xc7\xb5\x07\x8e\x82\x80\x13\x18\xa5\x184S\xb8\xc7\x14\
\x00\x00(4\xec\x0aL\x0a\x00LRb\x9fI\x8a\x00\
E\xa7QE\x00\x14QE\x00\x14QE\x00%%:\
\x9ah\x01(\xa2\x97\x14\x00\xda1\x9aS@\xa0\x02\x90\
\x8e)\xd4\x11@\x11\x9aB=\xe9\xf4\x98\xa0\x08\x99q\
\x8fjJ\x94\x8ai\x5cP\x04x\xe2\x93\x19\xe3'5\
!\x1c\xe2\x80\x0e(\x02\x22\xbd\xe9Ury\xa9\xb6f\
\x8d\x9cP\x03\x00\xe3\x14\xfd\xbcw\xa5\x00S\xa8\x01\xb8\
\xa2\x96\x92\x80\x174RR\xd0\x01\x8aJZ(\x01(\
\x02\x97\x14\xa0P\x03q\xcd\x1b\x06sO\x02\x9d@\x11\
m\xa4\xdbR\xe2\x93\x14\x01\x0e\xd1HEJV\x8d\xa2\
\x80\x22\xda3F\xd0F\x00\xcf\xd6\xa5\xdb\xefK\xb6\x80\
!\xd9\x8e\x94\x9bO\xa5M\xb6\x97`\xa0\x08B\xe0\xd2\
\xf9|\xf4\xa9\xb6\x8a1@\x11\x05\xc7jR\xb9\xa91\
F(\x02?,t\xe7\x14T\x94P\x03\xe8\xa2\x8a\x00\
(\xa2\x8a\x00(\xa2\x8a\x00(\xa2\x8a\x00(\xa2\x8a\x00\
(\xa2\x8a\x00(\xa2\x8a\x00(\xa2\x8a\x00(\xa2\x8a\x00\
++L\xb3\xb8\x82\xe6yf\x18\xdd\xef\xd4\xfa\xd6\xad\
\x14\x01\x9f\xa2\x7f\xc8\x1a\xdb\xe8\x7f\x99\xac\xbdW\xc4\xe2\
\xda\xe9\xad\xedU\x19\x93\x87v\xc9\x19\xf4\xabv\xb7?\
b\xf0\xa1\xba\xcf\xfa\x98\x1d\xc6{\x91\x9a\xf2\xf4\xb9r\
K3\x96$\xe4\xe7\xbd1\x1d\xb8\xf1M\xd1\xea\xf1\x8f\
\xa2\xd3\x87\x89.\x9b\xfeZ\xa8\xff\x00\x80\x8a\xe2\xbc\xe3\
\xebN\x17E\x7f\x8a\x8b\x08\xecO\x88\xee\xc1\xcf\x9f\xc7\
\xfb\xab\xfe\x14\xc6\xf1=\xd0\x19\xf3\x8f\xfd\xf2\xbf\xe1\x5c\
y\xb9l\xe4\x9e=\xa9\x86fc\xc1\xebE\x80\xecm\
\xbc]:]/\x9c\xfb\xe3\xfe!\x81]\x06\xb5\xac\xc7\
\xa6@\xa10\xd3\xc82\x8b\xe8=k\xc7\xc5\xc35\xe1\
\xc18\xce\x05u\xda\xb0\x95\x96\xca\xed\xc9+5\xb2\x05\
>\x85x#\xf4\xfdM\x16\x19-\xb6\xabset\xd3\
G!\xdd+n\x93=\x18\xfb\xd7i\xa5\xea\xb1\xeaP\
\x92\xab\xb2U\x1f2\x9f\xe6+\xceSt\x8c8\xc9=\
+\xbc\xd1\xb4\x89,,\x83\xac\x86;\x899p@a\
\xf4\xf5\xfc\x88\xa43j\x8a\xab\xe7\x5cD\x7f{o\xbd\
I\xfb\xf0\x9c\xe4z\x958\xfd3RGu\x04\xc4\x84\
\x90n\x1dT\xf0\xdf\x91\xe6\x80&\xa2\xb2\xf5\x8dn\x1d\
\x22\x02\xce\x0b\xbf]\x80\xe0\xd5\x9d6k\x8b\x9b\x08\xa6\
\xb9E\x8eY\x06\xe2\x8b\xfc \xf4\x14\x08\xb7E\x14P\
0\xa2\x8a(\x00\xa2\x8a(\x00\xa2\x8a(\x00\xa2\x8a(\
\x00\xa2\x8a(\x00\xa2\x8a(\x00\xa2\x8a(\x00\xa2\x8a(\
\x00\xa2\x8a(\x00\xa2\x8a;P\x04L\x014\xccS\xfb\
\xd1\x8a\x00a\x14z\xd3\x8d7\xad\x004\x82h4\xec\
Rb\x80\x1aG4\x86\xa4\xc5 \xe7\xb7\x14\x01\x1e3\
JPc=\xe9\xf8\xcd&\x0eh\x02\x221\xc1\xa3\xe9\
\x93\xf5\xa9\x08\xf4\x19\xa4\x00\x93\xc0'\xf0\xa0\x06\x95\x03\
\x9e\x9fJo\xe2\x05ZX[\xf8\xb1NX\x10u\x19\
9\xcd\x00V\x8d$l`\x1cz\x9a\x98B\xc4\x0f\x98\
sS\xf6\xc7j(\x02!\x00\xeesOX\xd1Sh\
\x1cS\xa8\xa0\x08\xccC\xb1\xa5\xf2\x87~x\xc5>\x8a\
@G\xe5\x01\xd0\xd0#\xf9\xbb\xe2\xa4\xa2\x98\x0d\x08\x07\
J]\xa3\xd2\x96\x8a\x00(\xa2\x8a\x00L\x0fJM\xbc\
\xd3\xa8\xa0\x02\x8a(\xa0\x02\x8a(\xa0\x02\x8a(\xa0\x02\
\x8a(\xa0\x02\x8a(\xa0\x02\x92\x96\x8a\x00LRS\xa9\
1@\x09@\x18\xa7Q@\x09\x8a1KE\x007\x14\
b\x9dE\x003m\x01qO\xa34\x01\x1e\xda6\xd4\
\x94P\x030i9\xf45%\x14\x01\x1d\x19\xa9(\xc0\
\xa0\x08\xf1EIE\x00GEIG\x1e\x94\x01\x1f\x14\
\xb4\xfe=(\xc0\xf4\xa0\x06R\x81N\xc5\x14\x00QE\
\x14\x00Rb\x96\x8a\x00m--\x18\xa0\x04\xc5%;\
4\x94\x00\x94R\xe2\x92\x80\x0a(\xa2\x80\x0a(\xa2\x80\
\x0cQE\x14\x00\xea(\xa2\x80\x0a(\xa2\x80\x0a(\xa2\
\x80\x0a(\xa2\x80\x0a(\xa2\x80\x0a(\xa2\x802u\x09\
\xef\xacK\xce\x9f\xbd\x80\x0c\x91\x8c\x95\xfa\xd5K\x7f\x15\
\xdb\xb8\xfd\xeac\xddMt8\xed\xda\xb9\xbdg\xc2\xd1\
]\x86\x9a\xcc\x08\xa6<\x95\x03\x86\xff\x00\x0a\x00\xd3\x8b\
\x5c\xd3\xa6\xe9t\x88{\xef;\x7f\x9d\x5c\x8a\xe6\x09\xff\
\x00\xd4\xcf\x1c\x9f\xee8?\xca\xbc\xb2\xe2\xd6\xea\xcef\
\x8ae*\xdd\xc3\x0f\xe5U\xfc\xc3\x1b\xf2q\xf44\xc4\
{\x05\x15\xe4\x03U\x92/\xb8\xf2\x01\x9cp\xd4\xf5\xd6\
\xaeH\xc7\x9b0>\xbb\xcd\x00z\xe5\x15\xe4\xe3\x5c\xbd\
\xfe\x1b\xa9\xd7\xfe\xda\x1aq\xd7u\x12\xb8\x17\xf7\x03\xe8\
\xe6\x80:}nC\x17\xc3\x99H8%UO\xd0\xc8\
\x01\xaf5\x8eL1\xff\x00\x1a\xd4\x96\xee\xea{#g\
%\xcc\xed\x09\xc6T\xb9\xc1\xe7?\xce\xa9\x8b\x15\x03>\
d\x9f\xf7\xd5\x08\x06\x87\xc9\xfb\xd8\xfcE=J\xf59\
'\xebM:rg\x89\x9f\x1f\xef\x9a\x91\xad\x10s\xb5\
\x9b\xfe\x06\x7f\xc6\x81X8\x03\x80\xd4oUR\xc78\
Q\x9c\xd2\xa5\x9cd\xff\x00\xaa\xff\x00\xc7\x8dO\xf64\
e\xda\xd8\xc1\x18<\x9a\x00\xc1\xb4&F\x0f\x9c\xf3\x93\
^\xbb\xa7i\x91\xea\xde\x0d\xb2\x85\x8e\xd7\x0aJ7\xa1\
\xc9\xaf?M.\xde5\xf9G\xe0\x0dhAysm\
\x1a\xc3\x0c\xf3\xa2(\xc0\x0a\xed\x8f\xe7C\x19\xd2i\x9a\
J\xdaMay$\xa1\xc4\x93\x98\xc2\xe3\x81\xc3\x0f\xe6\
\x05vu\xe5\x7flb\x8a\x86I\x0a\xa9\xca\x82\xc7\x83\
\xeb\xf5\xeb\xf9\xd5\x81\xab\x5c\xb0\xc0\x99\xfe\xb94\x01\xe9\
/\x22D\x85\x9d\x95Gr\xc7\x8a\xc6\xd4\xb5\xcb\x18\xd0\
\xa8D\xb8q\xd0\xb0\xc8\x06\xb8\xb9o%n^F\x7f\
\xc4\xd4\x02\xe0\xef\x19\x05\x98\xf4\xe6\x80,E\x1d\xc6\xb7\
\xe2+[R\xf2\x18\xb7y\xd2\x06\xf9\x80\x1d\xbf\xafz\
\xf4s4\xd1\xfd\xf8\x0b'\xf7\xe29\xfd:\xfeY\xae\
s\xc3\x96\x86\xc5d\xbb\x92=\xb3M\x807\x0e\x8a+\
t^\xfa\x81He\x98\xaea\x98\xedI\x06\xf1\xd5\x0f\
\x0c>\xa0\xf3R\xd52\xf0\x5c\x80\xb2\xc6\xad\xe9\x91\xc8\
\xfazS\x84\x12 \xcc7\x0c\x06~\xec\x9f8\xfc\xfe\
\xf7\xeb@\x8bTU9\xefM\xae>\xd1\x13`\xff\x00\
\x12r\x07\xd7\xa1\xfeu<W0\xce3\x1c\x8a\xde\xc0\
\xf3\xf9P2Z(\xa2\x80\x0a(\xa2\x80\x0a(\xa2\x80\
\x0a(\xa2\x80\x0a(\xa2\x80\x0a(\xa2\x80\x0a(\xa2\x80\
\x0a(\xa2\x80\x0a;QE\x000\x8aLT\x84f\x9a\
A\x14\x00\xc3I\x8c\xd3\xf0i\xca1@\x11\xed\xcd8\
\xa6)\xf4P\x04~^G\x5cS\x8cj{sN\xa2\
\x80#\xf2\x87sG\x92\xb8\xea\x7f:\x92\x8a\x00j\xa0\
^\x94\xea(\xa0\x02\x8a*/\xb4\xc1\xe7\xf9>jy\
\x98\xce\xcd\xc38\xf5\xc5\x00KP\xdc\xdd\xc1g\x09\x96\
y\x02'L\x9e\xe7\xd0z\xd3\xd2X\xe4,\x11\xd5\x8a\
\x9c0\x04\x1c}k;[\xb7\xf3m\x16_\x9b0\xb0\
`@\xce;\x1f\xf1\xa4\x06\x843Gq\x12\xcb\x13n\
F\x19\x04T\x95\xcf\xe8W0$\xd3\xc2\xb2nF\xc3\
\x06\xdc\x0a\xafl{g\xaf\xbd\x5c\xbf\xd4\xd5\x7fqi\
2\x19\xf7mo\xe2\xd8=Ojb53M2\x22\
\xb0Vp\x18\xf4\x04\xf2\x7f\x0a\xe7\xa5\xb8\xbc\x956\xbd\
\xd4\xa0\x0f\xee\x10\x84\xfe T>]\xb3[B\xedp\
\xc6\xe5x\xfd\xees\x8c\xfa\x8f\xa7Z\x02\xe7SM.\
\xa1\x82\x922z\x0c\xf5\xac[\x0b\xcb\x98\xe7\x8e\xdaA\
\xbd\x09\xc6\x18\xe5\x87\xbei\xa9\xae\xc8\x1d\x8c\xf0\xae3\
\xf2\x858`\x0f\xaeh\xb0\x5c\xde\xcd!`\xbc\xb1\x00\
q\xd4\xd6D\xd7\xd3\xdd\x85:s\x8c.|\xc58\x0c\
3\xd3\xaf\x15.\x9c.\x9a9V\xf16\x8d\xe0\xa7@\
I\xeb\xdb\xde\x804\xb3\xcf\xebKL\x1bwg\x8c\xf4\
\xebO\xcd\x03\x0a(\xa2\x80\x0a(\xa2\x80\x0a(\xa2\x80\
\x0a(\xa2\x80\x0a(\xa2\x80\x0a(\xa2\x80\x0a(\xa2\x80\
\x0a(\xa2\x80\x0a(\xa2\x80\x0a(\xa2\x80\x0a(\xa2\x80\
\x0a(\xa2\x80\x0a(\xa2\x80\x0a(\xa2\x80\x0a(\xa2\x80\
\x0a(\xa2\x80\x0a(\xa2\x80\x0a(\xa2\x80\x0a(\xa2\x80\
\x0a(\xa2\x80\x0a(\xa2\x80\x0a(\xa2\x80\x0a(\xa2\x80\
\x0a(\xa2\x80\x0a(\xa2\x80\x0aLR\xd1@\x09\x8a)\
h\xa0\x02\x8a(\xa0\x02\x8a(\xa0\x02\x8a(\xa0\x02\x8a\
(\xa0\x02\x8a(\xa0\x02\x8a(\xa0\x06\xbbmFlg\
\x038\xae6\xf7[\xd6\xc4\xcf\xb1\x92$\xdd\xc0T\x07\
\xf9\xe6\xbb>\xa0\x8fZ\xce\x9bJI\x09*Fh\x03\
\x86\xbd\xd55k\xa8\xca\xdc\xca$\x1d\xb3\x12\xff\x00\x85\
bK\x14\xaf\xd6GS\xfe\xea\xff\x00\x85v\xda\x84v\
\xf6\xf2\x18\x9fc0\xfe\xe9\xe9X\xf7\x11@\xcb\x95\x1c\
\xd3\x11\xcd\xfd\x8ai\x0f\xfc|0\xfa\x01A\xd3\xa7\x1d\
.\x0f\xe5[\x91\xdb\x8c\x9e\x058\xdb\x00s\x8f\xd2\x80\
9\xff\x00\xb0\xddg\x8b\x81O\x16\x97\x83\xa4\xeb\xff\x00\
|\xd7B\x96\x80\xf2\x16\xac-\x97\x1d(\x03\x9cKK\
\xbc\x10\xd3G\x8f\xf7jAiq\x8c\xefO\xfb\xe6\xba\
?\xb1p8\xa8\xde\xd4\xe7\x01q@\x1c\xf8\xb2\xb9a\
\x83\x22\x01\xfe\xe1\xa8\xfe\xcbq\xbb\xfdx\xff\x00\xbe+\
\xa2\xfb\x13\xf5\xcb\x0a\x8cZ\x1ex4\x08\xc3\xfb\x1c\xe7\
9\xb9 \x9f\xf6)E\x9c\xe3\xad\xc3\x9f\xf8\x07\xff\x00\
^\xb6Z\x02\xa7!i\xa6 9\xc5\x033\x05\xac\xa0\
\x7f\xadc\xf5\x152\xdb\xcf\xff\x00L\xc7\xfc\x04\xff\x00\
\x8d[ /\xaf\xe3O\x04c\x8a\x00\xa6,\xdb\xa9h\
\xff\x00\xef\x83\xfe4\xf5\xb6\x03\xa8S\xf8\x1f\xf1\xab \
\x82y\xe9N\x1f\x8d\x00U\x92\x10\xeb\xb5C(\xf65\
5\xa4\x8da(\x91\x15X\xff\x00\xd3E\x06\xa4\x04f\
\xa3\x92\x11#\x12\xcc\xc4{\x1a\x00\xec\xb4\xeb\xc8\xaf\xad\
L\x8cQ\x1c\x1c0'\xa5K,\xb6q\xfd\xe9\xd7>\
\x83\x9f\xe5\x5c\x96\x96\xf1Z\xdd)\x91wD\xc7\x0e3\
\xda\xbb\xd8-\xed\xe3Uhb\x8dA\x19\xca\x8aC3\
\x91\xcb7\xee-\xa7\x7f\xf6\x99v\x0f\xfc{\x07\xf4\xab\
\xd1\xad\xd3\x0eLq\xfd>c\xf9\xf1Vh\xa0\x08\x0d\
\xb0q\x89dw\x1e\x84\xe0~C\x03\xf3\xa2\x1b+{\
v-\x0cJ\x99\xeb\x8a\x9e\x8a\x00(\xa2\x8a\x00(\xa2\
\x8a\x00(\xa2\x8a\x00(\xa2\x8a\x00(\xa2\x8a\x00(\xa2\
\x8a\x00(\xa2\x8a\x00(\xa2\x8a\x00(\xa2\x8a\x00(\xa2\
\x8a\x00(\xa2\x8a\x00(\xa2\x8a\x00(\xa2\x8a\x00(\xa2\
\x8a@\x15N\xf7R\xb7\xb01\x09\xb7\xe6C\x80\x15K\
~<U\xca\x82\xe6\xde\x1b\x88\xf1<K\x22\xaf \x15\
\xcf\xe5\xefL\x0a\xa9\xaeX\xc92D\xb2>\xe7m\xa3\
1\xb0\x04\xfeU\x06\xa7\xa4\xdb\xb0\x9a\xf7\x04H\xa0\xbb\
q\xbbv\x07\xe6?\x0a\xa9e{\xa3\xf9\x9eo\xd9\x8c\
2\xabeK\x02\xd8\xf7\xf6\xfe\x95^\x1d^\xee\x05p\
\xf2\xc533r\xb2\xf6\xed\x81\x8e\xd4\xc4I\xa7\xdd[\
X\x99n\x16)\x9eIG;0W\x03\xf9\x1a\xe8\xa0\
\xb8\x8a\xe2%\x926\x040\xc8\xc7QY\x16\x9ae\xa5\
\xf5\xb2]\xf9R\xc0d\x04\x94W g=\x85cJ\
\x22\xb5gy\xb0\xae\x8d\x8d\xcap\xc4\x8f\xa7_\xce\x90\
\x5c\xd3\xd6\x0c\x1fn\x8e\x19 (\xa0n\xde\xa0|\xd9\
\xe9\x91\xecA\xaa\x0dw\x05\x98\xc0p\xe5~\xee\x17\x07\
\xd7\xa0\xe9T\xe5\xd5n\x1e9\x12\x09e\x8d_\x00\xb3\
6\xe2q\x9e9\xe9\xd6\xa8\xee*G\xbf9\xabH\x96\
\xcb\xf3j\x93\xb9\xcc1\xaa\x83\xd4\x93\xfeqQ=\xdd\
\xcc\x8ac3u\x18!F?\xcfJ\xa9\xc6\xeew0\
#\x8ct\xa7p\x07\x04\x80\x07q\xcd\x16\x0b\x92\xb3\xbe\
\xdd\xa2R1\xce3\x8f\xc7\x22\xad[k7\x96\xa8\xcb\
\x22\xa5\xd27A)\xe4~5C\x1bp\x08\x0a;\x1a\
r\xb0\xe8[#\xb6i\xd8W/\xfd\xbe\xd1\xe4s%\
\xbc\x88\x9dTE\x8c\x9a\xbfguw/\x98\xb63;\
\xa8Q\x95b3\xc8\xe0s\xdf\x8a\xc3\x01\x95I\x01x\
=qK\x1a\xb28}\xc1YNT\xe7\xbf\xf94\x9a\
\x1agM\x15\xe6\xa3\x0c\xe1n\xc8(p\xdf0\x1c\x8c\
\xe3\xa8\xad\xa8\xdc2\x86\xecFEr\x96Z\xd4\x85\xd6\
;\xe2\xb2\xc4I\xf9\xc8\xe7=\x86+\xa5\x8et`\xbf\
0\x1b\x87\x00\xf0j\x19W-\x8eh\xa6)\xa7\xd0\x01\
E\x1dzQ@\xc2\x8a(\xa4\x01E\x14S\x00\xa2\x8a\
(\x00\xa2\x8a(\x00\xa2\x8a(\x00\xa2\x8a(\x00\xa2\x8a\
(\x00\xa2\x8a(\x00\xa2\x8a(\x00\xa2\x8a(\x00\xa2\x8a\
(\x00\xa2\x8a(\x00\xa2\x8a(\x00\xa2\x8a(\x00\xa2\x8a\
(\x00\xa2\x8a(\x00\xa2\x8a(\x00\xa2\x8a(\x00\xa2\x8a\
(\x00\xa2\x8a(\x00\xa2\x8a(\x00\xa2\x8a(\x00\xa2\x8a\
(\x00\xa2\x8a(\x00\xa2\x8a(\x00\xa2\x8a(\x00\xa2\x8a\
(\x00\xa2\x8a(\x00\xa2\x8a(\x00\xa2\x8a(\x00\xa2\x8a\
(\x00\xaeg\x5c\xf1\x18\x88\xb5\xa5\x8bfP0\xf2\x0f\
\xe1\xfa{\xd6\xd6\xa5\x15\xd4\xf6m\x0d\xa3\xaa;\xf0\xcc\
\xc4\x8c/\xb5aZ\xf8Kcfy\xf2}\x12\x81\x1c\
\xdaD\xecK1c\xee{\xd5\x94\x85\x9b\xb6k\xb2\x87\
B\xb1\x88\x7f\xab\xde\x7f\xda5ml\xad\x91p\xb0 \
\x1fJw\x03\x8a\x8e\xd2L\x8c\x03\x8fj\xb4\xba|\x84\
r\xad\xf9W\x5c\xb0B\xa3\xe5\x8dG\xe1O\xda=\x05\
 \xb1\xcaG`\xcb\xc6\x05YK^3\xb6\xb7\xcc\x08\
{S~\xcc\x83\xa5\x031\x96\x13\xe8i\xdfe\x04\xf2\
+X[\x80i\xc2\x10;P\x069\xb2\x07\x8d\xa2\x9a\
4\xf59\xf9x\xad\xcf)}(\xf2\x96\x800\x1bM\
R\x08\xc75V\xe3N\x0a\xa4\x8e\xf5\xd4\xf9K\xe9M\
kx\x98r\xb4\x0a\xc7\x01qo\xb4\xf4\xaa\xb9\xda=\
+\xd0%\xd2mf\xfb\xca\x7f\x03\x5c\xae\xb7\xa5}\x8e\
bT\x9d\x86\x98\x8c\xc5\x19>\x95<p\xb4\xae\x11\x14\
\xb3\x1e\xc2\xa0L\xf4\xae\xcbB\xd3E\xb5\xb0\x9eU\xc4\
\xd2\x0c\xfb\xaa\xd036\xd3\xc33I\xf3\x5c7\x94?\
\xba9?\xe1Z\xb1xv\xc607\x07\x90\xfa\xb9\xff\
\x00\x0a\xd6\x03\x03\x02\x8aC8\xfdcD6Y\xb8\x80\
\x97\x84\xf0A\xea\xbf\xfdj\xd7\xf0\xed\xe1\x9e\xcb\xc9\x7f\
\xbd\x17L\xfaV\xc3(e*\xc0\x10z\x82:\xd40\
Y[[1haT'\xae(\x02z(\xa2\x80\x0a\
(\xa2\x80\x0a(\xa2\x80\x0a(\xa2\x80\x0a(\xa2\x80\x0a\
(\xa2\x80\x0a(\xa2\x80\x0a(\xa2\x80\x0a(\xa2\x80\x0a\
(\xa2\x80\x0a(\xa2\x80\x0a(\xa2\x80\x0a(\xa2\x80\x0a\
(\xa8\xaedxm\xa4\x924\xde\xea\xbf*\xfa\x9a\x00\
\x97\xa5\x15\xce\x93\xab_D\xd8\x13*\xe7\x1f.\x22\xcf\
\xd0\xf5\xfdi\xdfo\xbf\xb6u\xb5%\x1aH\x802;\
\x8c\x93\xed\xdb\xf3\xa6\x22\xd5\xee\xa9$WO\x04H\xb8\
\x8f\x05\x9d\x8ez\xd4\x07T\xbcU'\xf7\x04\x80N0\
y\xe7=j\xac\x97s\xdd\xab\x09D%\xc7\x01\x80`\
\xcb\x9cg\xa19\xe9\xde\x9di\x02]M\xf6wyc\
ln\xdc\x8e0\xc0}h\xb0\x17\xeeuu6\x80B\
\xc5'\x920\xca\xc5\x09U'\xd7\x15D6\xb5{\x0a\
l\x91|\xb7\x00\xef\x8c\x81\xcf\xd7\xb7\xebSj\x96\xf6\
\xb6\xcd\x00\xfb4\xac\xac\xbbI\x8eB\xbc\x0f_S\xcf\
\xad7\xfbQcH\xa3\xb2\x8c$h\x0eble\x8f\
#\x1c\x03\xdf\x9c\xe6\x81\x90\x5c\xc1sm\xb8]\xddY\
\xee<\x80\xcf\xf3\x11\xdb\xa8\xfet\xc4\xbfk``\x09\
\x1b)\x05\x8eI \xf3\xc6pO\xa1\xfc\x8d7P\xbe\
\xb4\x99V\xe0A)\xbcu\xe5Cap\x0e\x0f\xe7\xce\
=k\x0e^&w\x0c\x181\xe4\x11\xc7\xd3\xe9B%\
\x9b\xb7\xda\xb4\xf3[m\x92E\x85\xb3\x94\xf2_\xef\x1f\
\xf0\xac\x15RB\xeeP\x009\xc6x\xcd\x12a\xben\
\xf8\xc6\x00\xe8=\x050\x96\xedT\x90\x9b\x1cy'r\
\x80{SY\xc6\xce:w\xa6\x0c\xa3\x01\xc3\x13\xd8\x9a\
\x7fA\xcf\x03wJb\x142\x8cc\x03\xd34\x8cX\
\x1eH\xc9\xee)\x5c\x83&\xd1\xca\x8e\x9cS6\x97\x0c\
[\xee\x8fj\x00\x13`\x0d\x93\xf3\x1aT\xc4\x81@\xe0\
/n\xa6\x93j\x03\xeb\xed\x8a\x95q\xb7\x9cl\xec\xa0\
\xd3\x11 \xc8L\x81\xd0\xf44\xd3 \xe7\x1b\x7f\x1e\xd4\
\x15\x04\xfc\xbc\xe3\xf4\xa7:\xaf\x96w\x00N=1H\
`\xa4\xb0%\x88\xe4w\xa4\x92\x04\x97\x1b\x89 t\x07\
5,c\xe6\x0aG\x18\xea:S\x1dq\xd1\x05\x03L\
\x16\xf2\xee\x17\xdb\x1d\xdc\xca\xa0`e\xb3\x8e\x9d3\xf4\
\x15z=sPV!\xae\x06\xd2\x07\xf0\x8e\xdf\x85g\
\xba\xb3\x11\xb8\xe0\x81\xf9SUH\x19\xe0\x9e\x94\x0a\xe7\
E\x17\x88.\xa2vi\xe3\x12\xa0\xe3lc\x9c\xd5\xe5\
\xf1.\x9eH\x0eeA\xea\xc8\x7f\xa5s*\xfb\x95w\
\x1e\xa3\xa6;\xd22u\xd8r\x0f_\xad+\x15s\xb9\
\xb7\xba\x82\xee1$\x12\xac\x88z\x1555y\xfc7\
W\x16\xb2\x09-\xdbi\x5c\xe0\x1e\x83?\xfe\xba\xe9-\
<Gnmw]\x91\x14\x88\xab\xbcu\xc9\xeeEK\
Asr\x8adSG:+\xc4\xc1\xd5\x86A\x1d\xe9\
\xf4\x8a\x0a(\xa2\x80\x0a(\xa2\x80\x0a(\xa2\x80\x0a(\
\xa2\x80\x0a(\xa2\x80\x0a(\xa2\x80\x0a(\xa2\x80\x0a(\
\xa2\x80\x0a(\xa2\x80\x0a(\xa2\x80\x0a(\xa2\x80\x0a(\
\xa2\x80\x0a(\xa2\x80\x0a(\xa2\x80\x0a(\xa2\x80\x0a(\
\xa2\x80\x0a(\xa2\x80\x0a(\xa2\x80\x0a(\xa2\x80\x0a(\
\xa2\x80\x0a(\xa2\x80\x0a(\xa2\x80\x0a(\xa2\x80\x0a(\
\xa2\x80\x0a(\xa2\x80\x0a(\xa2\x80\x0a(\xa2\x80\x0a(\
\xa2\x80\x0a(\xa2\x80\x0a(\xa2\x80\x0a(\xa2\x80\x0a(\
\xa2\x80\x0a(\xa2\x80\x0a(\xa2\x80\x0a(\xa2\x80\x0a(\
\xa2\x80\x0a\xe6\xbcOp\x19V\x1d\xb8#\xb9=k\xa5\
\xa8n- \xba\x8c\xa4\xd1\xabdc8\xe4P#\x85\
\xd2M\xb2_\xc6\xf7\x87\x11\xaf c#5\xdeC\x22\
M\x18\x923\x95nG\x18\xac\x9b?\x0e\xc3o9\x96\
W2\x10~PF\x05l\x81\x81\x81\xd3\xa6(`-\
\x14Q@\xc2\x8a(\xa0\x02\x8a(\xa0\x02\x8a(\xa0\x02\
\x8a(\xa0\x02\x8a(\xa0\x02\x8a(\xa0\x02\x8a(\xa0\x02\
\x8a(\xa0\x02\x8a(\xa0\x02\x8a(\xa0\x02\x8a(\xa0\x02\
\x8a(\xa0\x02\x8a(\xa0\x02\x8a(\xa0\x02\x8a*\x83\xeb\
61\xcc\xf1<\xa4\x148f\xd8\xdbA\xe9\x8c\xe2\x80\
/c\xff\x00\xadU.\xf4\xdb{\xc7\x0f\x22\xb0p1\
\xbd\x1b\x07\x1e\xfe\xd5\x06\xa1\xa9@ hC\xcb\x99b\
\xdc\x1e1\x9d\xaaz7\xd3\xe9T\xf4\x8b\x14\x91\xe3\xb8\
\x8e\xf1\xddab\xa5\x02\x95\xe7\x03\x83\x92}i\x885\
+(\xec\x84rB\xa7\x07\xe5;\x89bOoZ\xa4\
L\xdbD\x80\xe1\xd0\xef\xc6:\x81\xda\xb5\xff\x00\xb3n\
\xe6\xbc\x95\xae\xaf\x0c\x96\xc7;#\x03\x04g\xa7\xe5Y\
\xf7\xd0Ea40\x89\x1d\xda@K<\x8d\xc8\xfab\
\x8b\x80\xba\x95\xed\xcc\xeem\xfe\xcb\xfb\x96Uep\xa5\
\xbb\x03\xbb#\xa69\xcdeI3\x19\x1b\x19\xc3*\xed\
\xf4-\xd7\xf2\xa9\xda\xe7\x16\xf2Dd&\x09\x00\x07q\
9\x07=\xab1\x99\xdd\x95\x9b\x95P\x00\x04\xf6\x14\xd2\
\x13c\x9ec'B\x153\xe9\xc9=\xea?\x94|\xc7\
\x8a\x0ad\x8cs\x8e\x94\xd6\x0f\x8c\x803\xdf5H\x96\
8d\x9c\x83Q0=\x86\xe3\x8e\xd5)\x04\x10H9\
\xf6\xa8\x950\xcf\xb8\x83\x9e\xe7\x8a\x00@Nz\x06#\
\x8fz3\x87 \x91\xed\xc5.3\xc2\x90\x08\xe6\x95\xb2\
r\xc7$P\x03\x98\x03\xdcdz\x1a\x88\xc9\xc8\xda:\
\xf0y\xa1\x88\xdc\x17w \xe4\xd2\x12\xaa\xd9\x03 \x9e\
0)\x80\xe3\x9c}\xec\xfd(VT'\x19\xe7\xda\x98\
p\x92\x13\x81\xc8\xc1\x14\xf5P\xc3\xa9\x1f\x85\x02&W\
F\xcf\xcc8\xee\x08\xe6\xa4 2\xe1\xb2G\xb5WV\
\x01p\x10\xf1\xe8M<I\x9f\xfe\xb5!\x92\x8c\x02:\
\xe3\xd2\xa5\xceU\xf6\x80H<\xe4\xd4\x19\xc9\xc89\xc0\
\xe3\xebS\xa1\xd8q\x9c\x96^x\xeb@\x0de\xf9s\
\x8e\xbc\xf3P\xed=r6\xf4\xe0U\xb2\xcaPd\xff\
\x00\xb2\xd5]L\x99e\x0b\x8f|P\x03\xa2c\x8c\x91\
\x8a\x9e5\x00\xb2\xe0\xf3\xc8\xaa\xf1\x8f\x9cg `\xf6\
\xcf5m\x17\x85\x93w\x0b\xd7\xd2\x90\xc8\x1e1\xf36\
\x06\xde\xbd* Kn\xe7\xbf#\x15\xa4\xead\xc8\xce\
Cr\x0fj\xa4\xf1\xb8n\x06\xe0\xbdI\xeb@\x174\
\x9dI\xac\xaeB\xb1c\x03\xf5\x04\xff\x00\x17bk\xae\
\x8ax\xa7M\xd1\xba\xb0\xf69\xae\x0c\x8e\x83\x90H\xe7\
\x02\xb54K\xa3kz\xb0\xbb\x95\x81\xd7\x00d`7\
ozM\x0d3\xac\xa2\x8a*\x0a\x0a(\xa2\x98\x05\x14\
Q@\x05\x14Q@\x05\x1f\xe7\xa5\x15\x9b\xa9\xdd\xeaV\
\xf2\xc6\xb66+p\xac>f/\x8c\x1fJ\x00\xd2\xa3\
\xf0\xff\x00\xebV$z\x9e\xa36\x9bw4\x96ki\
4@\x042\xb7\xca}~\x95\x9e\x9a\xdd\xfanF\xb8\
\xb6\x92gu\x11\xa9\x03\xf1\x1dq\xf8g4XGW\
Ef\xe9\xf3\xea\x92\xca~\xdbm\x0cQ\xed\xe3a\xc9\
'\xf35\xa5@\xc2\x8a(\xa0\x02\x8a)\x03\x023\x9f\
\xf3\xfeE\x00-\x14QH\x02\x8a(\xa6\x01E\x14P\
\x01E\x14P\x01E\x14P\x01E\x14P\x01E\x14P\
\x01E\x14P\x01E\x14P\x01E\x14P\x01E\x14P\
\x01E\x14P\x01E\x14P\x01E\x14P\x01E\x14P\
\x01E\x14P\x01E\x14P\x01E\x14P\x01E\x14P\
\x01E\x14P\x01E\x14P\x01E\x14P\x01E\x14P\
\x01E\x14P\x01E\x14P\x01E\x14P\x01E\x14P\
\x01E\x14P\x01E\x14P\x01E\x14P\x01E\x14P\
\x01E\x14P\x01E\x14P\x01E\x14P\x01E\x14P\
\x01E\x14P\x01E\x14P\x01E\x14P\x01E\x14R\
\x00\xa2\x8a)\x80QHX/R\x07\xd6\x96\x80\x0a(\
\xa2\x80\x0a(\xa2\x80\x0a(\xa3\xfc\xfd(\x00\xaa/\xa4\
\xe9\xf2\xca\xd2\xbd\xba\x96nO'\x04\xf7\xe9\xc6jM\
B\xee\x1bKl\xcf!A!\xf2\xd4\x81\x93\x93\xf4\xae\
e\x15mDn\xba\x839GP\x16&b\xef\xcf?\
)=:\xf3\xd2\x98\x8d\x0d]$\x8a\xedp\x22\xf2|\
\xb0\x11p\xb9N\xbe\xdd:RN\xad\x06\x9fl\x90\xba\
\x04\x1f\xf1\xf0\xd6\xef\x81\xbf\x03\xae9\xf5\xa9\xef\xd6\x1b\
\xf4{\x8bI<\xc9\xa2L\x15@\x09a\xd7\x1f\xce\xb3\
\xa0\xbb\x16\xf2\x13\x1b\xf9O \xc3+'\x0d\xcfO\xaf\
4\x012]\xdd\x18S\xca\xbas\x1a\x8e\x8b\x8c\xe3\xdf\
\x22\x98\xfa\x93Y\xc5#^3\xdc#\x0d\xb1\xc4\xc0\x16\
\x0czv\xe0\x7f\x85Cww\xf6o\x94(i\x1b\x90\
:~'\xda\xb3\xa6\xb9\x96pr\xc3`9\x0a\x07\x19\
\xa7a\x5c\x81\xa5y\x15UT.\x098\x07\xfa\xd3I\
\xc9\x19\x03h\xea)\xc0\xe5\xfac\xde\x9c1\xbb%w\
}*\x89\x10\xe3g\x1c\x11\xd4\x9a\x8d\xc9R\x18\x1d\x9e\
\xde\xb5>\x15\xc9\x18>\xf5\x1b.H!N\x03q@\
\x0d.\xc0v\xc7\xa50\xb1'\x95\xcd8\xe5\xf7.H\
>\xa7\xa5!\x07\xd7?N\xf4\x00dn`\x068\xeb\
HC)\xfb\xa3\x07\xa9\xf5\xa4\xe5\xbe\xf0\xc0\x07\x93A\
q\x82\x0eNx\x18\xa0\x06\xe4\xae8\x05O^9\xa8\
\xcb*I\xf2\xe4\x7fCR\xb3\xb0\x03\x00\x1fCU\xb8\
\xcb\x12\xbdi\x88\x94;\x90\xc4\xe34+\x1d\x85\xb1\x93\
\xedQ\xef\xcb\x07\xdaN;S\x80\xda\x19\xb0p{\x1a\
\x00y\x95\xb0\x03(\xfa\x93N\x0c\x0ad\x9d\xa78\xe9\
Q\xa8\x04n#\x02\xa4\xdb\xb4\xe79_A\xeb@\x0f\
@\xc4\xfc\xbc\xadX\x89\xf0\xdc\x8cm \x0c\xd4+\xc6\
2A\xa7\xa1%B\xb1\x1cw\x1d\xe9\x0c\x9ab#\x1f\
)\x19&\x99\xf3\xa0@\xdcg\x93R\xa0f\x08\xe7'\
=\x05:dPpr1\xfc\xa9\x0c\x87\xccq\xb9B\
\xe1\x09\x07\xfcj\xc5\xbb\x89\x17\x94\x00\xb7\xafJ\x80.\
3\xc6H\xec:U\x85\x1f\xba\xdf\x91\xc7 P\xc0\xb7\
\x1f\xcf\x0b\x11\xce?/|S%\x88\xf9d\xaf^\xb4\
D\xeb\x1bn\x07\xaf {U\xbc\xf0\x01\x03\x00\xf5\xf5\
\x14\x80\xc9|\x81\x8d\xa7\x8ey\xa8\xb6\x06\x07<\x03\xd3\
\x9fJ\xbfq\x1e\xe6\xf9\x00\xe0\xd5f\x8fi\xce\xc3\x91\
\xc6OJ`^\xb6\xf1\x05\xcd\xba\xc4\xae\xa2XP\x9d\
\xec\x09,\xc3\xb7\xe5]%\xb5\xfd\xb5\xd8&\x19C\x11\
\x9c\x8e\x84c\xdb\xf1\x15\xc5\x00\x15\xb9\xf9}3RG\
,\xd09\xf2\x1c\xab2\x95$\xf20}\xa944\xce\
\xea\x8a\xe7\xb4\xadu\xdeA\x05\xf3 $\xedW\x1c\x0e\
\x99\xe6\xba\x1c\xd4\x8c(\xa2\x8a\x06\x14QE\x00\x15\xce\
<>'\x96F\x1e}\xb2&p0\xd8\xfe\x95\xd1\xd1\
@\x18\xd6\x9aE\xcb\xa4\xab\xaa]\x0b\xb4\x91B\xf9=\
Tc\xdf\x8a\xafrtM\x1e\xe8\x03b\x0c\xa8\x86P\
\xc13\x8cg\x1c\x9e\xfcu\xfdk\xa1\xea=\xbf:\xe6\
dy\xef\xaf\xdaMKGE\xb4\x803y\x8e\x0e\xe0\
\x17\x9c\xe4\x1e~\x9e\xf4\x08\x9a\xd3L\xfbK\xc3\xa8K\
\xa9\x5c\xc9\x13\xb8\x968\xdd\x8a\x81\x9e@<\xfd?\x0a\
\xd1:\xd5\x88\xbe\xfb\x13LE\xc1p\x81J\x1eO\xe5\
\x5c\xfe\xaf}\x0e\xa9\x141\xa5\xaf\xee\xd1\xb2\xa5\x9f\x1f\
L\x01L\xb1\xbc]:\xe0H\x0c\xe6\x226\xfd\x9c\xcc\
]@\xecFi\xd8.v_\xca\xb9\xddK\xc4\x8f\x0c\
\xf2Ae\x0cn\xc9\xc1\x92F\xe0\x1f@\x07Z\xcd\xd5\
5\x89u9\x04Q#Eo\x1b\x92\x08b\x19\xc8\xe9\
\xe9\x81\xedY\xd9\x8dA\x8d;pr{\xd3HM\x9a\
\xb3\xf8\x8fRR\xa3\x10&A\x04\x05'\xf5\xcdf\x89\
\xee\xa4\x9aQ\xf6\xd9\x87\x9d\xf7\xc0s\x83\xfe\x1d{T\
C;\x8fC\x8e\xb9\xedR\xdb\x83\xbc\x92\xa4\xb5;\x0a\
\xe6\xcd\x8e\xb1qk\x04\x91\xcaw\xed*#2p8\
\xeb\xc8\xfd=kz\xce\xfe+\xc8\x8b\x0c\xa9\x5cn\xdd\
\xc6\x0f\xa6k\x90\x0aZT\x1dAo\x9b<\xd5\xa2\xaf\
\xc9RU\x00\xce3\xde\x93CGaEsZf\xab\
%\xa9H.N\xe8\x88\xda\x87\x19`s\x8a\xe8\xd1\xd6\
E\xdc\x8c\x18{T\x8e\xe3\xa8\xa2\x8a\x06\x14QE\x00\
\x14QE\x00\x14QE\x00\x14QE\x00\x14QE\x00\
\x14QE\x00\x14QE\x00\x14QE\x00\x14QE\x00\
\x14QE\x00\x14QE\x00\x14QE\x00\x14QE\x00\
\x14QE\x00\x14QE\x00\x14QE\x00\x14QE\x00\
\x14QE\x00\x14QE\x00\x14QE\x00\x14QE\x00\
\x14QE\x00\x14QE\x00\x14QE \x0a(\xa2\x98\
\x05\x14Q@\x05\x14Q@\x05\x14Q@\x05\x14Q@\
\x05\x14Q@\x05\x14Q@\x05\x14Q@\x05\x14Q@\
\x05\x14Q@\x05\x14UmA\xa7]>v\xb5Rg\
\x08J\x0fz\x00\xb3\x91Mg\xceUXo#\x81\x91\
\x5c|\x13\x5c\xba\xb4\x8a\xb7\x84\x81\x97v\xdd\xc6*h\
$X\xd9e\x89\x1dNxwF\x00\x80s\x8eh\x11\
\xa5\x15\xc4\xe1\x8e\xe9]d\x07\xe6\x0d\xd35z\xde\xee\
GuIU\x06\x7f\xbaj\x9b^IpQ\xf1\xb4\x01\
\xf7C\x12\x09\xa7\xc5#\xf9\x8a\xc5\xc6\x0bpq\xd2\x80\
,\xcdo#H\xc4(`y\x19=)\xd6\xc9*\xbe\
[\x84\xc7By\xa9\xa4,b&>I\xee*\xa3\xb5\
\xc0]\xc5\xa4U\xfa\x0c\xd02\xfd\x15R\xda\xe4\x90#\
\x95\x86\xfc\xfc\xbe\xe2\xad\xd2\x00\xa2\x9a\xee#B\xecp\
\x00\xc9\xac\x88\xb5\xa9\x98\x12\xd6`\xafU\x0b $\x0a\
`k\xc8\xc5\x22vQ\x92\x018\xaeS\xfbN\xeae\
\x0d%\xdb\xa3\x9f\xe0@\x06\xd3\xe9\x8eNk\x5c\xeb\x8a\
\x84o\xb6\x91@\xfb\xc7r\xf1\xfa\xf3\xdb\xf3\xa7\xda\xdd\
\xd9\x5c_\xb8\x8a\xdc\x09B\x90%\xd8>lu\x19\x1c\
\xff\x00J\x10\x8c\x88\xee\xe4\xb8\xc2\xdd\xe6\xee\xd9\xbe\xf4\
n\x80\x11\xe8G\x00\x83R\xc96\x9b\xf6s\x0d\xad\x81\
b\x5c\x1d\xb2e\x7f\x1d\xdc\x9au\xdc\xa2\xe2\xe6W0\
\xb4d|\x84\xee\x1c\xe0\xf5=\xbfZ\x8b\xcbU\xc0-\
\x22.N\xed\xa4q\xf8\x11LDRC\x1c\xae\xd8\x84\
B\x0f\x0a\x15\xcbt\xfa\xd3\xaf\xf5\xc9\xe6\xb5kx\xa3\
M\xcc\x08i\x01\xe1}\xc7\xbf\x06\xa9_ND\xdeE\
\xa7\x99\xe5#|\xd33e\xa4c\xeb\xe8>\x95M\xd8\
G\xd3'\xd7\x02\x9aB\xb8\xd6_,\x9f\x99\x8b\x1fS\
\x93NE\xda\xc3\xd3\xb8\xa6\xae\xe0\xe5\x87~\xc2\xa5U\
\xde\x09pj\x84&\xde3\xd9\xba\x83J\xb1y|d\
\x9c\xf3\xc8\xa5\xdd\xb4\x12z\x9e\x99\xa5\x05\x81\xfb\xb9\xed\
@\x0a\xdbv\x90\x0es\xe9U\xe4BW\xf8\xb2;z\
\xd5\x86\xe1A\x03\x80j\x10\x1b#\x9c\x83\xcfZC\x22\
pB\x9d\xa7o\xad3\xcb!I\x0d\x81S\xb4C;\
Cdc<\xd1\xc9]\xbce}{\xd3\x11\x16\xd3\x8c\
`\x9c\xf59\xa2L!U\xe3h\xe7\xde\xa4e\x0a~\
U\xc9\x1dFx\xa67$\xee\xc7\xb6Gj\x00\x86G\
\xce\xd1\x91\xcfL\x8a\x8d\x80\xdcN\xee\xbd)\xcf\x9d\xc5\
\x97,q\xf4\xfc\xa9\x8c\xdb\xfau\xf7\x14\xc4*\xfd\xe1\
\x91\xc0\x18>\xa6\x9e~\xf6\x08o\xc2\x9a#\x19V$\
\xf4\xcf\xe1NQ\x90J\x1c\x83@\x0e\x0b\x92[\x07\x9e\
\xb9\xa3\xcb\xc0\xc2p}O4\x026\xfc\xdd}\xaaU\
;\xb8\xdc\x17\xa63\xda\x80\x18A*\x0f9\x14\xe0\xc4\
\xb6\xd0\x089\xe9\x9e\xd5!9\xe1\x9b\x02\x85\xda\x14\xbb\
\xb6;\x1fZ\x06YF\x220\x0f%z\xd3\xbeFU\
.G#\xb8\xa6(\xdc\xbf|\x15a\x9fJD;X\
\xab\xb6\xf3\x91\xdcT\x8cY0\x98\xc0\xe9\xdb\x1c\xd2\xc2\
\xc5\x94\x00\xa0\xabzb\x9a\xe1\x5c\xe00\xcf|\xd2\xc7\
\x1e\xc0\x14\xe3\xe5\xc1\xc7oz\x00\xb2\x89\xbdJ\xe0\xe2\
>1\xdf\xf3\xab\xb1\xb6bRW\x8e\x87\x15\x09\x1bF\
\xf59\x07\xa9\xa9\xe1P\x0e\xc6\xc0\x0dHc%M\xaf\
\x93\xc8=A\xaa\xb2!$\x10y\x1f/J\xd0 \x15\
\xc1\xeb\x92\x0dP\x9f{\xbe\x060r\x0f\xd7\xb5\x00W\
t]\xa0ua\xeb\xd2\xa3b\x18\x10:\xfaT\xe4\x10\
\xdb\xb9\x19\x19\xe2\xa0x\x90\x12H8>\x87\x9ab#\
%\x18\x00\xc3\x00\xfa\xd6\xb6\x95\xad\xb6\x9f\x1bCr\x1e\
H\x17%$\x00\xb1\x1f\xec\xf4\xe9Y!T\x1c}\xe0\
:f\x9d\xb4?\xb0=\xa8\xb2\x04w\xf1\xba\xc9\x1a\xba\
\xfd\xd6\x00\x8auq:~\xa7>\x96\xe3\x1b\xa4\x83\x91\
\xe5\xe7\x85\xf4\xc5t\xf6\xfa\xc5\x85\xc4\x1ej\xdc\x22\x81\
\xc1\x0cpEKV*\xe5\xfa+9\xb5\xcd97o\
\xb8\xd9\x8f\xef)\x19\xfaV\x88 \x8c\x83\xc1\xefHe\
;\xfdF\x1d:%\x92`\xc7sm\x01\x06MPo\
\x12\xc2\xac?\xd1.6\xe3\x92v\x83\xf9\x13\xf5\xfc\xaa\
\xf6\xa5giwj~\xd66\xa2e\xc3\xe7\x05q\xdc\
~\x15\xcd\xddAn\xd7*,\x04m\x16\xdco\x0e\xa5\
\x98\xff\x00\xc0\x8f\x1d{b\x9a\x11gR\xd6\xde\xf1\x16\
\x1bF\x9e\xdcn\x05\xa4#\x04\xfb\x0fJ\xceG\x99w\
\xe6\xf2r\x1b\xe5\xdae$\x1f\xaf\xb7ZVU?}\
\x08\x03=M0\xca\x12\x07\x022f'+!b0\
=\x08\xe8i\x921\xdd!\x91T\xe1\xc7R2y\xa8\
2O\xceI\xc9\xf4\xedJ\x0e\xe6\x00\x90\x09\xefJ\x1b\
p\xc2\x820\x7f:h\x062\xb1\x1c\xae\xec\xfa\x9a\x0c\
`\x15\x05\xf6\x93\xc8\xc5?\x0c\xc7;\xbe\x94\xcd\x9f\xbd\
\x0c\xcf\xf3\x01\xc6)\x88\x97i+\x83\xb7\xf0\xab6\xc0\
\x0c\x93\x9e\xb8\x00\x91P\xc6\xa5\x88S\xb7\xde\xac\xc2\x9b\
T\x96\x0b\x8e\xd9\xa4\xc6J\x98E\x5c`\x9eO\xe7R\
\x95\x06\x06\x04u\x18<\xd41\x92\xceY:\x85\xf4\xa9\
\x99K\x22\xa8?)\xc5!\x90\xcd\x01\xf2\xd4\xa0\xcb\x1e\
\x01\x03\x9a\xb5\xa6\xea\x0da\x98\xe6,\xd0\x93\xbb$\x1c\
\x8aiF\x92\xe51\xb4\xaa\xfb\xd3\xca\x96\x0cX\x0d\xb9\
\xe3\xe9@\x1d\x14\x13\xa5\xc4+,g(\xdd8\xa9+\
\x96\x86\xfe]6I\x02\x00\xf17$7oz\xe8,\
\xaf\xa2\xbe\x84I\x1f\x07\x1c\xaeA\xc5!\xdc\xb3E\x14\
R\x18QE\x14\x00QE\x14\x00QE\x14\x00QE\
\x14\x00QE\x14\x00QE\x14\x00QE\x14\x00QE\
\x14\x00QE\x14\x00QE\x14\x00QE\x14\x00QE\
\x14\x00QE\x14\x00QE\x14\x00QE\x14\x00QE\
\x14\x00QE\x14\x00QE\x14\x00QE\x14\x00QE\
\x14\x00QE&@\x19\xed@\x0bE\x19\xaa\x9a\x95\xe4\
\x966/q\x1c&b\xa4eA\xc7\x19\xc1\xed@\x0d\
\xbd\xd5m4\xf2\xab3\x9d\xec2\x15\x14\xb1\xc7\xaf\x15\
j\x19\xa3\xb8\x85f\x89\x83\xc6\xe3*\xc3\xb8\xae*\xf7\
RMJv\x9dHF\xf2\xcaml2\xe3\xb1\xcf\x5c\
{b\xb6\xce\xb9o\x0e\x97\x19\xb6he\xb8\x0a\xb8\x89\
~P\x0epO\xb5;\x08\xdd\xa2\xb9\x94\xd6\xb5\x82W\
\xfe%\xe2Ec\xc1X\xdb\x1fL\xd7M\xda\x90\x05\x14\
Q@\xc2\x8a(\xa0\x02\x8a(\xa0\x02\x8a(\xa0\x02\x8a\
(\xa0\x02\x8a(\xa4\x01Fh\xaeV\xe6\xc3[\x8a\xf6\
Y\x22{\x89CHY\x19g\xc0\x03<\x02\xa7\x03\xf4\
4\xc4uTVf\x9250%\xfe\xd2enG\x96\
\x00\x19\xe3\xafAW\xe6fH\x5c\xa1\x01\x82\x923\xd0\
P\x04\x94W\x07\x0f\x88\xf5a\xb5\xcc\xd1\xcb\xb9\x81\x10\
\xf9C\x91\xe9\x9a\xec\xae\xe4\x92M>g\xb3\x91L\xbb\
\x0e\xc6\x1c\x8c\xd1`\x0dB\xf5t\xfb\x19n\x99K\xac\
c;A\xebXo\xe2;\xa9\xa2\xdb\x1d\xb2D\xe7\x1b\
]\x9bp\x03\xe9\x81\xcdc\x8b\x9dA%f\x92\xe2\xeb\
\xcd8\x0e\x92\x1c\x82\x7f\xdd\xe9W\xede\xd3\x97My\
u+E\x0e\x8f\xb1]Wi~\xe7\x1bq\xd3\xbdU\
\x85rH\xf5\x9b\xf93\xfe\x93\x08\x5cc\x88\xb23\xf9\
\xd2\xcb\xa9M\xb0\x8b\xa9\x91\xe3\x07<F2\xb5\x91\x7f\
|\xf7\xb3\xb7\x97\x98\xe0W\x22(\xd4\x01\x81\xd0\x1e9\
\xf7\xa8X\xbb\x10\xc5\xf77\xfb])\xd8W5\x8e\xad\
\x14n|\xb1\xb9\x02\xee\x00\x8e[\xd8zT\xa3[\x02\
L2\xfe\xed\x808\xeay\x18?\x95a\xe0\xee'p\
\xdaNiN\xd03\x9f\x9b\x92H\xf4\xf4\xa2\xc1sh\
x\x86P\x9bQ\x08]\xc0\x8c\x0e\xdd\xc5[\x87\xc4'\
\xc8,\xf8w\x07\x05B\xf2~\x95\xcf\x000\xb8\xe2\xac\
\x22\x0c\x1c\x9e\x07j,\x17:4x\xae74D1\
\x07%A\xe4w\xcdO\xa7\xf9\xcb<\x88C\x88\xc0\xcf\
\xcc:\x1fc\x5c\xb1B>`B\x920H\xe0\xd6\x9d\
\x85\xe1Y\xa3-+s\xb4a\xa4'\x83\x9e1\xebR\
\xd0\xeet\xac\x15\xd0\xab\x0c\xa9\x04\x11\xedX\xd2hn\
\x02\xa4\x17%\x22S\xc0n\xc3\xd0Qu#\xcf!\x9d\
\x0d\xca\xc68\xc2\x93\xf2\xe3\xb8\xc5@\x92=\xbc\xb2\xb0\
\x92v.\x9bF\xf9\x1b\x03\xdc\x0fZHd\xbf\xd9A\
2./W9\xc9P1\xc6s\xdc\xe7\xb5Sh\xa1\
\x99\x84\x82&\x8b\xa9\x01\x9f \x0f_\xad:8\xa38\
(\x19\xca\xf1\x95\x05\xb3\xed\x9f\xfe\xbd\x0f4J\x8cX\
\x8f\x97\xa8\xf7\xf4\xa6\x02.\xdc\x9c\xca\xc3\x19\xcb\x9eG\
\xe3\xdf\xf5\xac\xfb\x9b\x936\x150\xb1\x81\xd0\xf1\x9f\xeb\
O\x9av\x9bh\xce\xd5\xec\x01\xfeuP\xee\x0cU\xb3\
\x8e\xd8\xc54\x84/L`\xe4\x11\xcd&\xd6$\x15a\
\x8czS\xc21\x04\x12x\xee)\xdb\x7f\x84\x1c\xf68\
\xa6\x22\x13\x1fls\xefN\x0aF\x01\x19\x03\xa6)\xf8\
\x00\xee\x00zri0@\x1f6\xdc\xf5\xa6!\xbbr\
2:v\x22\xa4T\xc0\xf9\x88\xc8\xf4\xa7m\xdcq\x90\
}h+\x859\x19\x14\x86E\x22\xee\x18\xf9q\xe9\xde\
\xa2\xe9\xceW\x03\xaej`2\xc4\x90\xc5\x85\x1eR\x91\
\x95\xe0\xf4\xa0\x08T\x19\x0f\xca0=\xe9\x1e,:\xaa\
\xae9\xceGz\xbb\xb0/\xca\xb8\xc7\xebP\xb0y\x0e\
\xd5\x18\xdb\xc74\x01]\xa2\x09\x82{u\xa8\x1aR\xce\
@\x00\x1cppE\x5ctuPHB\x07J\xa9/\
\x18\x1b\xb1\xdb\x06\x98\x88\x1f{\x9cn\x1cz\xf6\xa4D\
R\xfc\xe3\x00\xe39\xa9J\xecr\x18\x85^\xd4\xd8\x93\
\x1c\x009\xeeE1\x0e\x03\x03n\xd3\x8c\xf0i@\x01\
X\x0c\x0f\xa1\xa7\x11\xb7\xee\xe7\x8e\xcai@\xe1p?\
\x1a\x00b\x00\xbcaH4\xa9\x86\x00n\x03\xb7\xa59\
\x1b\x96\x5cw\xf6\xa3n\xecg\x1f\xe1@\xc9\xa3R\xa0\
\xeeRy\xc7N\x86\x80\xa0\xb9\x1c0<P\xa7\xcb\x8b\
h\xdb\xd3\xd8\x9aU\xf9\x81\xf9\xb9\xea8\xa4\x04\x8aH\
P@\x19=\xf1N\x90|\xc1\xc1\xe0\xf6\x06\x84\x04\x11\
\xf3\x0d\xa7\xaf=jD\xc4\x8a\xca\x01\xf9M!\x8d\x11\
\x89\x13\xe5\x07\xcc\xcf\x07\x1d\xaa\xd3\xc6N\xd3\xc0\x5c\x90\
A\xefJ\x88B\x86V\xc3c\x03\xd2\xa7\x03\xcc\x8d\x90\
\xfc\xc0\xe0\xf5\xfdi\x5c\x08\xed\xc6Sb\x93\x82\xb9\xa9\
\x90\x99\x10\x1ce\x94\xe0\x9a\x8a5\xf2\x5c!\x19+\x9c\
zb\xa7R\x14oQ\xf2\xb0\xc1\xa40\x93-\x9c\x0c\
g\x1c\xfb\xd5F\xc1\xdcy8\xc1\x02\xac\x9e\x14\xc7\xd7\
\xb8\xc7&\xa0p\xa4\x8e0=E\x00B\x7f\xd6\x101\
\xd7\xbdC(\xc62\x01\xc7B\x05Y(\x14\x11\xd7\xd0\
\xd4N\x08l\xe7\x8cU\x08\xaaP(\xc7~\xb4\x878\
\xe8~\x82\xa5$d\x1c\x1eM(\x07$\xe3\x18\xa0\x04\
\x0aXp3\x9e\xc4S\x04)\x90v\x0d\xddx\x03\x83\
R\x0c\x8c\xf01\xdf\x15\x122\x86\xc9\x07\x9eh\x02\xca\
]I\x1c`8\x84\x8d\xc0\x16\x99\x03\x01\xf5\xef\x8a\xea\
\xf4\xff\x00\xb5yL\xf72\xc3 c\xb9<\x91\x80\x07\
\xf5\xaeA\x82\xb4`rK\x02:U\xfd?Y\x96\xc9\
J\xdd4\xd7\x11\x0f\xb8F\x19\xb9\xf5'\x93R\xd0\xd3\
7\xf5D\x82m>hn'X\x12E\xc6\xe2q\x8f\
\xf1\xaea\xa2\x8cFBI\x1c\x8a>\xe8\x7f\xdd\x93\xf4\
\x07\xaf\xe7Vn\xaf\x05\xf6\xd9.c\xc0\x05\x84F5\
\xce\xd5\xcf~\xa0\xf1\x83\xd4T\x12\xc8V\x05\x07k\xac\
\x8b\x91\x98\xb9\xeb\x8fq\x9f\xa5\x08drH!P\x88\
\x92\x1b\x82\xd9n@\x0a1\x91\x8cc\xd7\xbdWb]\
\xd8\x96\x03<\x90\xdd\x858npK\x83\x93\x93Q\xb0\
.\xb8b9\xf5\x15H\x920\x14\x10\x00\xdd\x9e\x99\xa9\
\x0b\x8eB\xf4\xc5(P>|\x8c\xff\x00*g\xccN\
\xfd\xc3\xd0\xe2\x80\x11X\xeeS\x80\x07\xbd/\xcb\xbc\x8e\
s\x8eqG\x18\xc9 \x9e\xd89\xa5V\x18\xc8c\x80\
9\xf5\xa6\x22xG\x1c\x1c\x13\xd8U\xb4E\x11\x22\xb3\
m\xe2\xaaE\xc0i7\x11\xc7\x00\x9a\xbb\x10,\x83n\
}*X\xc1\x91\x833)#\xa0\x1bML\x06\x11A\
\x03s6)\xa17\xb3c\x80\x1b\xaf\xd2\xa5\x072\x06\
-\xc7a@\xc3\xcb\xc3lS\x8e94*\xe0\x05\x04\
\x9c\x9e\xfd\xa8\x00\xe5\x98\xe3&\xa2u\xc0\x5c\x9c\x13\xd7\
\x9a@S\xba^$\xf9\x95GJ\x83K\xbe:~\xa4\
\x8e\xb8e\x93\x08\xf9\xc0\xc0'\xaeji\x81m\xc5\x86\
[=s\xda\xab\xb4k\xb4\x86\xc1\x1e\xf8\xaa\xe8#\xbe\
\xa2\xb0\xf4MS\xcd\x8c[\x5c\xb8\x12\x83\x88\xc9\xfe5\
\xff\x00\x1a\xdc\xe3\x19\xa8((\xa2\x8a\x06\x14QE\x00\
\x14QE\x00\x14QE\x00\x14QE\x00\x14QE\x00\
\x14QE\x00\x14QE\x00\x14QE\x00\x14QE\x00\
\x14QE\x00\x14QE\x00\x14QE\x00\x14QE\x00\
\x14QE\x00\x14QE\x00\x14QE\x00\x14QE\x00\
\x14QE\x00\x14QFq@\x05f\xdf\xb5\x8e\xa3l\
\xd6\x8d{\x0a\xbb\x1c\x8c:\x92\x0e}3T\xdb\xc4\xd6\
\xc5\xa5I-\xa71\x86($@\x180\xf5\x185R\
k\x0d\x1a\x1d8\xdf\xdb\xa4\xb2\xa7\xcb\x88\xc4\x87\x82H\
\xc0=\xc7\xbd1\x16\xad4\x8b\xfb=B'\x17\xe5\xed\
\xc1%\xd4\x96\x04\xf1\x8c\x00I\x1dj\x17\xd7\xb5X\x1d\
\x9am\x19\xda\x15',\x99\xce\xdcg=1\xd2\xb2l\
t\xc8\xf5+\x89\xdb\xcct(\xbb\xcc\xbf\xeb3\xecO\
\x03?\x85n\xe9\xfa\xf6\x99\x1d\xacP\xfd\xa2v\xda\xa1\
D\x93Fr\xde\xe4\xe3\x14\x80\xa3u\x16\xa5\xa9:]\
[Y\xc2-\x1cnH\xd8*\xb9\xfa\xe7\xbf\xe3P\x8d\
=\x9a9\xc5\xcc\x09\x05\xca\x00bF\x9b\x1ea\xe7$\
\x8c\x9c\xd5\xbdw\xed)\xa8#\xa6\xb5\x1d\xa4r(\xdb\
\x19v\x5c\x00\x0f8\x1dk\x12R\xb2\xce\xf2Mu\x0d\
\xeb\x05\x1b\x9d\x18\xb1\x1d}G\xd2\x98\x16\xad\xae\xeet\
\xc7\x8d<\xc9\x11c\x93\xe7\x84\xed\x01\xb3\xd4s]\x1e\
\x9d\xaeE\x7fq4f&\x8b\xcb@\xfb\x9d\x860x\
\xaesE\x8a\xde}am\x9e\x04\xb8\x89\xa2b\xdb\xd4\
6\xd3\xf5\xae\x86\xf3F\xd2\x96\xc2x\xdc%\xacR\x05\
\x0e\xea\xc1q\x8e\x9c\x9e\x9c\xd0\xc0\xd0\x8a\xf2\xdav\xdb\
\x15\xc4R7\x5c#\x82\x7fJ\x9e\xb8\xbd-4\x8b=\
n9\x12\xea\xe5\xca\xfc\x91\xb3F\x15\x09#\x1d@\xe7\
\xf2\xc7\xbdv\x9d\xa8\x00\xa2\x8aM\xc38$g\xd2\x90\
\xc5\xa2\xb3\xb5\x8dW\xfb&\xd5%\xf2\xbc\xc2\xed\xb7\x05\
\xb0\x07^I\xf4\xe2\xb3c\xf1`\x0e\x05\xc5\x9b\xaa\x9e\
\xf1\xc8\x1f\x9f\xa7\x14\x08\xe8\xe8\xa8\xe0\x9e;\x98#\x9e\
&\xdd\x1c\x8b\xb9O\xb5I@\xc2\x8a)\x92\xcd\x1c\x11\
<\xb2\xb8H\xd0e\x98\xf4\x14\x01V\xff\x00T\xb7\xd3\
\xca\xac\xa1\xdd\xdf\x95H\xd7$\xff\x00\x87Z\xa4<O\
b\x1dVU\x96,\x9c\x12\xea0\xbf\x5c\x13P\xdf_\
h\xba\x8a\xabK,\xc0\xa8\xf9eEa\x81\xecq\x8e\
\xd5R\xcfO\xd1\xae\xaeB-\xec\xd3d\x92b\x97\xe5\
\xdd\xed\xd0g\xe9N\xc275{\xd9\xec\xb4\xf35\xbc\
^c\x82\x061\x903\xdf\x1dMr\xf3\xeb7\xba\x94\
B/\x9d@\xf9\x88\xb6F\x05\xbf\x11\xda\xb7|E4\
\xb6\xbatf\x1b\x93o\x99\x02d\x03\x96\x07\x803\x8f\
\xa5s2\xdd\xdd\xa4J\xbf\xda\xb2\x01\x9e\xbek\xe0s\
\x8f\xce\x84&Y\x8bY\xbf\xb5Q\x04Rgn~I\
\xa3;\xba\x7fCZPx\x92+\x82-\xef\xe0X\xe2\
\x95v\x17\x0f\x95\xcf|\xfa\x0a\xb5{f\x9a\xf5\x9d\xbc\
\xb6\xb7)\xf2\x1d\xc1\xf1\x90r;\x8a\xe7o,.l\
\x9be\xc4\x90\x04\x91\xb6\x86G''\xd3\x1d\xa9\xe8\xc0\
e\xf5\x9d\xad\x9d\xec\x96hd1\xa9%s\x8cs\xd0\
\x02sVm/,\xe1\xd2_Oo\xb4\xc4'9i\
N\xd7\x09\xd3\xd3\x1e\x9e\x95B\xddV&\xcam\x5c\x92\
~S\xcf\xd7\xb5:\xe2m\xf0\xa2\x8d\xa0\x22\x95\x0c\xad\
\x92\xfc\xe7\x9c\xd3\xb0\xaeF\xf71\xc5#\x88\x08\x95\x14\
\xe08M\xb9\x03\xbf5X\xccf\xc1\x91\x8eG+\xb8\
\xf4\xfaS\x00<\x8c\x9c\xf5\xebN\xe0.\xe27\x101\
\xcfjv\x15\xc9Tp\x1f\x04\x1fqR\x16\x0c2\x1c\
\xe4\x7f\x0d1r\x00\x07?5<G\xc8\x0a\xa4\xfb\xd0\
\x03s\x1b\xe1N\x07\xb6*\xc4P\x83\xc0<R\x22\x80\
\xc3w\xe7SFW'\x8e\x94\x00G\x0bo\x1f:\xe0\
t\xe2\x9e\xef\xb4\xb1l\x13\x8e\xde\xb4\x8e\xc1\x0e@\x1c\
\xfe\x95\x0a\x93\xddONi\x0c\x93{?.1\x9e\xd4\
\xd1\xb8\x12cS\x9c\xf1\x8a\x01\xdc8RX\xf2)\xe4\
\x14\x8c\xa8;\x89\xeb@\x1a6\xda\x93*F.\x5c\xc7\
\xb5q\xb8\x1d\xbc\xfa\x9cw\xab\xe49\xf9\xe3\xb8v\xf4\
!\xc9\x1f\xadsx\xf3T\x920}\x8dZ\x86\xee\xe4\
\xdb,\x11\x90\x14\x1c|\xbd@\xa5a\xdc\xbb-\xdd\xc2\
\x03\x14S\xc8\x9d\x0b\x1c\xe7\xa1\xcf\x19\xcdR\x91\xe5\x96\
F\x92YAbrN\x00\xcf\xbf\x1d\xe9\x19\xb6\xaa\xed\
8n\x80\xfb\xd4n\xe5\xb2\x17<\x1c\x9fz\x12\x01\x8d\
\x1e\xe6\x1c\x92\x0f\xa5L\xb1)<\x0eOZj&[\
$`\x8e\x98\xa9\xe1\x8c\xa8,\xc4\xe4\xf6\xa6!\xbd\xf0\
\x09\x5cSv\xe4\xf2F:\x0ejr\xab\xb4\x93\xc8\x03\
\x83L\x08w\x0fM\xbf\xad !\xf2\xc0<\x9e\x05H\
\x10\x15\xc8\xc15&\xce\x00#\x81MU#'\x80\xbc\
\xe0\x0a`0\xa78\xe0z\xe2\x99*\xfc\xca\xa4\x9cT\
\xe7;\x1b\x03\x9e\xc6\xa3\xd8K\x83\xf2\xe7\x1c\x92i\x01\
\x10R\xdf7A\xde\xa5\x8a<\xed\xc9\xf9G=)\xe1\
\x0b\xf1\x80O\xe5V\x04_\xbb'\xa9\xf64\xee\x04\x13\
\xc7\xc0\xf9\x9b9\xedQ*\x12\xfbT\xee\xc7\xe7\xf5\xab\
SB\x19pX\xabc\x8fZ\x88\xc3\xe5\xa2\x9c6\xec\
s\xefH\x08fC\x81\xbb\xf4\x15JD/\x9cm\xdb\
\xef\xebW%'q\xf9\x94c\xa8\xa8\x1a1\x82\xddr\
2~\xb4\xd0\x8a\xac\xae\x1bq\xdap9\xc74\xa0\x95\
\xe8\x0eI\xf4\xe0T\xac\xa4\x15\x18\x0cX\xf2\x078\xa5\
u\x0b\x91\xb7*\x0e\x07\xbd0\x22*S\x90\x08\x1e\xb9\
\xa5p\xc0\x02\xb8\x1e\xc2\x9f\xb0\xef\xda\xb9\x0b\x8e\xc7\xa5\
G)\x18+\x8001\x9a\x00h\x19%O\x07\xd8T\
\xb0\x8cg!\x8e\xde\xc3'\xfaT\x0a\xa8\x0f\xceW*\
3\x9e\x95e\x08\x8dT\x83\x8c\x8c\x921@\x0f\x0a\x14\
c\x80}\xd6\x9d\x83\x828\xc8\xe3\x81NV\xcf\x05\xfa\
\xe0\xf2;R\xe0\xe0\x1e\x98\xe9\xc7ZC#\x01B\xed\
$\xe3\xef/\x1d\xeah\xb8a\xce\x15\x8e>\xa6\x9b\x80\
I=Xv\x14\xf4S\x82\xa3\xe5\x03\x184\x01r\x0d\
\xdf0\xdd\x9c\x1d\xc0U\x91\x81\x90s\xd0\x8e\x94\xc8\x11\
K#/\x19\xebV\x84|\x13\x8e\x7f\xc2\xa4ei\x15\
\x8a)Rw\x0c\x10?\xa58\x13\x96\x5c\x12\x8c;S\
\xd5?w\x96\x14\xa6-\xacP\x0cd\xee_\xad\x00V\
l\x83\xbc\xe4m\xe0\xe4RpI\x00q\xce?\x1a\x99\
\x95[#\x1dxl\xfa\xd4e\x18\x0fu\xe3\x14\x01\x0b\
\x0c\x1c\x11\xd7\xa5D\xc38\x07\xa1\xe2\xacch,G\
^1\xde\x98:\x92\x07\x04\xf5\xa6\x22\x0d\xa5\x1ce\xba\
\x8ai\xcb\x13\x8eA\xefV6\x06\x90\xfa\x81M\xda\x7f\
\xbb\x86\xceFh\x02\xba\x8epA\x19\xe4\xd1\xb5O\x0b\
\xd4T\xf8\xc2\xe0\xf3\xe9\xc7J\x89\xd3k\x9c\x003L\
\x04\xc0\xc63\xcbt\xe2\x97\x0a\x14!<\x9e3\x8ap\
\xe7'\xb1\xe9\xc5\x22\xf3&\xe6\x07\xd0\x0f\xebH\x09a\
i\xed\x95\x84\x17\x0d\x1e\xf1\x86\xc0\x075Zgy\x1f\
\x05\x9aB\xbf\xdf9\xff\x00\xf5T\xe5\x82|\xc7\xa7o\
\xadU\xee\xc4\x92\x09\xebL.0K\x91\xf3\x0d\xb8\xf5\
\xa4\xfb\xe3\x91\x9cs\x9f\xf0\xa0\x81\xb7/\xf3c$\x8a\
\x10\xb6\xd0I`==(\x01\xdc1\x0a8\xf5\xe3\xad\
5\x88!\x90\x8d\xa3\xe9VV=\xa9\xef\xfc\xa9\x1dp\
\xb8\xdb\x92h\x02\xba\xc0\xa2O\x94\xf0:S\xc4M\xf7\
\x14\xaes\xc9\xf6\xa9\x00_1\x8e\x0e\x05K\x1a(\x06\
R\x01-\xda\x80\x1a\xaa\xdb\xb6\x92\x08\x1f\x95ZRG\
L\x83\x9e>\x94\xc5\x88|\xab\x8eKr=\xaa\xd2\x8e\
rF@\xa4\x02D\xbc(\x1c\xee\xc95 \x04\xdc\x85\
\xda\x02\xaa\xd3b\x18\x01\xf9\x0c\xc3\xa1\xa9\x13\xef\xb1'\
\x90)\x0cc\x15!\xf0\x7fJ\xad#\x16P\x0f\x07\x19\
\x06\xa6\xdcv\x10q\xf9\xd5i1\xf37\x19Q\x80)\
\x81\x00\x1bb;\x8e[9\x15\x0b\xa0rN\xec\x9a\x9c\
\xabyJ\x09 \xe3\xd6\x9a\xc9\x80r\xa0c\x81\x83L\
CTm\x5c\x92A\x1d\x0fz\xe94\x0b\xc6\xb9\xb4x\
\xa4pd\x89\xca\xf5\xe7ob\x7fZ\xe6pq\x92\xdc\
t\xc0\xfeuwK\x9d\xe0\xd4S\x18\x0a\xf8\x0eX\xf0\
\x14d\xf4\xf5\xe6\x93@\x8e\xbe\x8a@A\x00\x8eA\x19\
\x1e\xf4\xb5\x05\x85\x14QL\x02\x8a(\xa0\x02\x8a(\xa0\
\x02\x8a(\xa0\x02\x8a(\xa0\x02\x8a(\xa0\x02\x8a(\xa0\
\x02\x8a(\xa0\x02\x8a(\xa0\x02\x8a(\xa0\x02\x8a(\xa0\
\x02\x8a(\xa0\x02\x8a(\xa0\x02\x8a(\xa0\x02\x8a(\xa0\
\x02\x8a(\xa0\x02\x8a(\xa4\x01E\x04\xe0d\xf4\x1c\x9a\
\xc0\x97\xc51y\xa5-md\xb8P\xc4o\x0c\x14\x1c\
u#=\xa9\x88\xdf\xa6\xba,\x88\xc8\xc3*\xc3\x04{\
V=\x97\x89-\xe7YE\xccmn\xf1\xae\xe2\x1b\x9d\
\xc3\xdb\x1dz\x8a\x9a\xcb_\xb1\xbd\x94B\x1d\xa2\x9c\xb6\
\x169\x17\x04\xfd;Q`#\xff\x00\x84gN\x0aU\
|\xe5\x1cp%<c\xebV\x13OM6\xc6\xe4i\
\xf1\x91+\x86a\xb9\x8be\xb1\xdf5vIR(\xda\
I\x18*(\xc9'\xb0\xac{\xedn\xcak\x19c\xb5\
\xbc\x8f\xce\x91Y\x11\x8ep\x0f\xd6\x802\x9e\xfb_\x0f\
!o\xdd\x85<\xa81a~\xb95I\xe1\x10\xab[\
\xcd*\xc4\xc1r\xea\xa8d9\xc7N0:\x1c\xd4b\
8\xcc\x99+\x99\x17\xfb\xcc\x0f\xebR\x85\xda\x0e0\xb1\
\xf1\x928\xc1\xff\x00\x22\xa8\x9b\x95\xcf\xefQFd\x91\
\xa2V\x8d_8,\xb9\xce1\x83\xfc\xe9\xea\x8f\xb1d\
Dd)\xceA\x1c}\x7f^\xd5<s\xd8A\xb0^\
\xe9O+\xb0$I\x8d\xaa\xcb\xfe\xefL\xd2]\x5c\xe9\
\xee\x12C\xa7\xbd\xa2\x8eU\xa1\x99Aa\xee\x08\xe6\x8b\
\x8e\xc2\xcf%\xfcr\xad\xf4fKky\xdflap\
\xbb}T\xae1\xdb\x8e\xb9\xa7[:^I,Z\x95\
\xdc\xb2[\xb2nP\xf2\x12K\x03\xc6;z\xd5[o\
\xb3#\x0b\xb8\xa6yU_&\xd2`\xaad\xed\xd4\x12\
\xac\x07=\xb3M\x9ak#7\xcdc\x1aG\xc7\xee\x85\
\xdbP\xc6\x22\xc9`\xed\xe5\xbcw\x83 \x8d\xa2T?\
L\x9c\x029\xad\x13\xe2mC~A\xb6H\xce@V\
\x8c\x9cz\x0c\xe7\x06\xac\xeaW\x9a}\xf6\x8b\xf6\x8bx\
\xfc\xb9\x16eL\x84\x1b\x81\xceH\xc8\xf6\xcf\xe5Y;\
\xa5h\x00\x173\xa8\x04\x10\x0c\xa7h=3\xec(\x11\
\xd3hZ\xc5\xc6\xa4\xf2,\xd1\xa6\xd5]\xc2X\x91\x82\
\x9fl\x9e?Z\xaf\x7f\xe1\xa7\xb8\xbf\x9a\xee+\x85-\
'iA\xf9}\x81\x07\xa7\xb5X\x9e\xfa}\x13M\xb4\
I\xe3\xfbC\xe3l\x92n\xda\xab\xdf\x93\x8a\x8e\xd7\xc4\
\xc2I\x15g\xb51Fz\xc8\x8c\x5c\x0f~\x9d)\x0c\
\x83M\xbe\xb5\xd3Vk;\xdb\xe38Y0\x01Fe\
N:r+B-7F\xd4ai!\xb6\x85\xd1\x9b\
\x96@G#\xf9W7*\xc9qus$p\xa5\xc2\
;\xb1S\x1b\x05\xc6H\xed\x90s\xc5t>\x1dw\x16\
\x92@\xd6\x86\xdcD\xdc\x12\xa4\x093\xd4\xe0\xf3@\x8d\
tE\x8a5\x8d\x00TQ\x80\xa3\xa0\x14\xea\xa7\xa9_\
\x7fg\xday\xfeQ\x93\xe6\x03h8\xeb\xde\xa8\xdb\xf8\
\x92\xdeX\xb7I\x04\xb1\xb7\xa0\xc3\x02}\x01\xefH\xa3\
j\xa2\xb8\xb7\x8a\xee\xdeH&]\xd1\xb8\xc3\x0a-\xee\
b\xbb\x81f\x85\xb7F\xdd\x09\x18\xa8\xb5\x17\xba\x8e\xc5\
\xda\xcd\x03\xce0T\x1fN\xf4\x08\xc7m\x0e\xd7\xceh\
\xa3\xd4\x9de\x07*\xa4\x82\xc0zz\xd5{\x9d\x0e\xee\
\xdf\x12\xc1?\x9b\x22\xb6\xe0#\x1b\x5cg\xf8\x875Q\
\xf6\xc8\xcc\xf7I\xfb\xd6'qx\xf6\xe4\xf7\xe3\x1d)\
\xb6\xe9n/m\xa4\xf3\x8a\xa2\xb8b\xe1\x0e\x14\x03\x9c\
g\xdf\x8a`,\xba\x96\xa3\xbc\xc3|\xf1\xf9\x00\xaf\x99\
\x1c\xf0\x85 \x1e?\x01Z\x17\xf6\x1a\x15\xb5\xb4w\x06\
iDl@A\x04\xc5\xb7\xfd9\xe6\xa1\xd6M\xbd\xd5\
\xfa\xc9m2\xc8J\xec\x950x\xc7B?3Y\xc8\
\x80c\x0aBy\x9f/\x07 \x90\x01=q\x8c\x0e\x9e\
\xd4\xd0\xb67\xac\xae4{]1\xed\xad/\xd2 \xfb\
\xb3$\x8d\xf3\xee#\xa9\xf7\xaeVx\x96\xd2\xe0\xaa\xdd\
\xc7r\x09\xe5\x90\x92q\xef\xff\x00\xd65b\xe5R\x0b\
\x89 \x12\xa5\xc9\x8c\xf3 \x5c\x0c\xf7\x1c\x9a\xa8#*\
\xb9\x00\x1d\xcd\x9e\xbd\xa9\xa4&\xc6)\x1b\xd3\x8f\xa9\xa9\
\xb0\x0a\x8d\xbc\x8ey4\xd4N\xe7\x83R\xc6J\x8cl\
\xebLEu\x84y\xa4d\x9c\x1f\xba:\xd3\xc2\x02]\
}zT\xcb\x13#3\x03\x81\xe8\xc6\x9eS\x0cN\x06\
\xee\xf4\x5c,UT\xc1\x0a\xc4\xfa\x00*u\x19_A\
OX\xc9;\xb2s\xebR\x881\xd7\x91\xde\x80\x19\x18\
\xe7'\x1c\xf4\xa7\x91\xf3\x13\x9e\xdf\x9d*\xa9\x0d\xc0\xe3\
\x1c\xf1Mw;\xb3\x8c\x9cp)\x0cc|\xc3\xa9\xf6\
\xa6\xa98$\x93\xcf\x1di\x0b\x02\xcd\x90x9\x00Q\
\x1f\xce\xdb\xc8#\x07\xa7\xad1\x13\x0f\x94\xf0H=\xe8\
\xc8vb\x18\x8084\xe7\xc9?)\x19\xc6y\xefH\
\x83\x03\x00}\xeeFF)\x0c\x12\x22\x5c)\x18'\xd7\
\xbdN\xc1c\xca\x86P\xf8\xcehW\xf2H=OL\
w\xaa\xb3\xcc@\x03\x7f^\xdd\xe8\x00\x95\xc6\x03\x16\x18\
_j\x925\xdf\x86_\xc4\x9a\x85S\xcd \xbba\x07\
'\xa75u\x17r\x06\x05T\x9e\xc3\x14\x00\xf4@\xe4\
\x1e\x84\xf7\xab,9\xc1\xce)cQ\xb3\x81\xf3\x1ay\
V\xc7N;sHes\x1a\x80==)\x18\x01\x8c\
u\xeb\x9a\x9c\x82X\x10\x01_jf\xdc\xfc\xe1\xb03\
\xde\x80# \xf4\xc8\x04\x8e\xf4\xd2\xa4\x00>n\xdf\x85\
M\xb0\x95\xca\xe0\xb7\xb8\xa5\xd8\xde_ m\x03&\x80\
 \xfb\xcc\xc9\xb7\x8e\xfcu\xfaR\x08\xc1\xc0#\x91\xd3\
\x8a\x9f\x0cH%y\xec3S\xa2`\xf7\xfch\x02\xa2\
\xc6\xc1\xc0\xc6\x0a\xf3V\xd9\x01\x8c\x15\x18\xc7ZWL\
)\xfa\xd2\xc6\xa4\x0ei\x01\x0c\x89\x85,X\x16\xec}\
*\x1e[\xa8\x03\x1f\xadX\x99\x01\xe78;\xbaT9\
m\xc4\x10=\xc8\x1d(\x02\xac\xea\xb9\xc1\xfa\xf4\xe6\xa3\
\xf2r:\xb0,y\xefS\xc9\x81(-\xc8\xe9\xd2\xa3\
\xf3\x08,Tn\x18\xed\xd6\xa8D/\x16wrw\xe7\
\x81\x9eqA\x8bs\x87e`;\x0ej\xc4\xa4)\x5c\
\x9e}\xfab\x9b\xb0\x90\x0bt\x1c\x8c\xaf_\xc7\x14\x01\
V\x5c\x00@8$w\xaa\x8cw`|\xde\xbfZ\xbb\
 21\x18\xf6n;{Uc\x19\xf3\x15GS\xc7\
'\xa7jb\x19\x0cA\xf7\x1e\x07 \x82\xdd\x7f\x1a\x9b\
f7\x1d\xea\xa4q\x8a\x96\x08\xc8.\x19N:p:\
\x1aQ\x09v\x04\x92\xa4\x1e8\xebHc\x90+0\x19\
\xc7\x07\xa8\xa9\xf6\xaa\xed\x04`v\xcd\x0a\x02\xa0fe\
\xc6qVZ\xd8\xb9\xd8\xa7\x1d\xcf\x19\xa0\x08\xc2 \xe4\
\x8c\x020x\xa6\x08\xda3\x85S\xd7\x03\xd0\x83Wc\
\x880;\x81\xeb\x83\x9e\xf4\xd6\x881\x12p\xca\xa4\x83\
\x9cq\xe9\xda\x90\xc9mW\x86\xca\xe3\x1c\x8e{U\xc2\
\xb9\xce3\x8e\xdf\x8dT\xb6\xca6\xe3\xdf*E^^\
Pu\xa4\xc6BW\x00\x82r)\xe57\x82=\xba\xd3\
\xca\xf1\xc8\x14\x0c\x8f\xc4P\x05\x7f\x95\xc1\xe3\xefw\xc7\
ziN\x09\xeex\xfcj]\xa4\x12GLR\x90Y\
3\xd3#?C@\x19\xed\x86\xc7\x07&\x93a\x03h\
\x07\x15h\xa1\xdf\x9e1\xda\x9a9\x18\x07\x18\xeb@\x8a\
\xcc\x9f6UO=sQ\xba\xb6\xf0\x061\xfcUq\
\x97\x8e\x87\x8e\x95\x13'\xc9\x9crz\xf1L\x08Y\x0b\
\xae2\x06z\xd4,\x98\xf9@ \x1e8\xebV\xc0-\
\x90T\x8c\x0c\x1e)\x81~b\xd9\xed\x81\xed@\x11L\
\x8c\x0a\xecn1\x823Q\xcc\xc0`\x00s\xbb\xf4\xa9\
\xc6\x0b\xb3\x80N\xe1\x8eOjF\x03k\x16\x03\x22\x81\
\x10\x15\x05\x8fp\x0eNj9\x93l\x9f3\x12==\
\xeaP\xdbN6\x9c\x13\x81\x8e\xf4\xd6B\xcf\x81\xc6\xdf\
^\xe6\x98\x11\x15;\xba\x00\x08\xe75\x12\xa9R\x00\x90\
\x00\x0f>\xf5h\x8f\x93 a\xf3\xc7\xbd&\xcc\x8eA\
'\xa9\xe2\x80\x1c\x98%\xb1\xdb\xaf\xb5&\xdd\xbfx\x11\
\xbb\xf1\xa9\xe3Q\xb7\xef\xe4\xf7\xa96\x80\x03u\xe7\x00\
\x1a@W\x11\xe4\xed\x04\xed\xdd\x93\xfe\x15$I\x95\xc9\
R\x07\xd0\xd0\x01\x0b\xc0\xe7\x92G\xbdJ\x83\x0a\x03\x00\
>_J\x00c\x1d\xa57pI\xe6\xa6c\x9c\x81\xc7\
\xcbL*\x1eU\xdd\x9cb\x9f(\x226\x5c\xf2W\xf2\
\xa0c\xd7\x0cW\xa1\xd8(\x18\xdf)\xed\xd2\x94\x0c'\
o\x9b\x8aj\xfc\xcaI\xeb\x9e\xd4\x80GPP\x1e\xfe\
\xd5^Q\xb5X\xb6\x00\xc6\x7f\x1a\xb4z(QPL\
\xbb\xa2npO\x14\xc0\x85\x80*\x80\xe74\x8e\xa0\x83\
\x91\xc0<T\x98-\xc9\xc0#\x8c\xe6\x90\x9d\xc3\x1cd\
\xf6\xcd\x02+\xb0\xd8\xaa\xa0\x1cc\xf1\xa6\x98\xe39\x0c\
\x0f-\xd6\xac\xba1`\xc1O\x0b\xd2\xa0pDJQ\
q\xcfB3L\x0b\x10j\xb7\x96JV2\xb2!}\
\xc4HNq\xc7\x00\xf6\x1cWEg\xa9\xdb\xdeG\xb9\
[a\x07\x05\x5c\x80s\xde\xb9FRG'\x07\xd8b\
\x98\xa5\x96B\xc9\xc3\x00@ z\xd2j\xe3L\xee\x83\
\xab\x0c\xa9\x04u\xc8\xa5\xae6\x1dWP\x88d\xbe\xf7\
S\xd0\x81\xcf9\xe4\x0e\xbd\xebz\x1d~\xc6b2\xed\
\x18 \x1c\xb8\xc0\x04\xf6\xfa\xfe\x94\xac;\x9a\x94R+\
+(e \x83\xdc\x1e\xb4\xbf\x85H\xc2\x8a(\xa6\x01\
E\x14P\x01E\x14P\x01E\x14P\x01E\x14P\x01\
E\x14P\x01E\x14P\x01E\x14P\x01E\x14P\x01\
E\x14P\x01E\x14P\x01E\x14P\x01E\x15\x14\xf7\
\x11\xdb\xa6\xe9\x09\x198\x00u4\x01-\x15F-Z\
\xd6i\x92%,\x0b\x9c)e\xc0&\xafR\x01\xb2H\
\x90\xc4\xf2H\xc1Q\x01f'\xb0\x15N\xcfX\xb1\xbf\
m\x90N\x0c\x98\x0d\xb1\xbeV\xc7\xd0\xd6>\xb2\xfa\x9f\
\xda\xa7f-\x15\x8a \x1b\x83.\xd21\xces\x93Y\
\xda@\xb7\x1a\xad\xb4\xd72\xc4\xaa\xab\x88\xcf+\xf3v\
\xe81Ua\x1d\xab\xa2\xc8\x8c\x8c2\x1b\x83\x5c\xcb\xf8\
ib\x99\xc2\xdf\xa4Q\x12J!A\xb9Ga\x92k\
\xa8\xea+\x87\xd6SO\xb9\xd5n%\x82\xf7\xcd\x9b\x01\
^/(\xba\xa9\x1cp\xc3\xa7\xebI\x03%\x86\xca\xc2\
{{\x97\x8bT\x85\xe7c\xb6-\xe7`\xc8 \xf4=\
~\xb5N'_\xb4A+\xf4\x85\xc1!\x18\x03\xc7\xa6\
M6\x04\xb2c(\xb9\x9e[}\x87\x0aV-\xc0\x8c\
\x03\x8c\xf5\x06\xb7\xac\xf4\xfd\x06\xf5\x10\xda\xca\x1eeA\
\x90%\xda\xed\x81\x8eG_\xd2\xaba\x15\xf5mu/\
t\xf3\x041\xban}\xb2\x86\x5c\xe1\x7f\x03\xd38\x15\
\x9a\x0a\x95\xf9[\x00\x00v\xe7\x8e\xd9\xe9M\xb2\x98\xc4\
\xe5\xbc\x8bi\x91\xc6\xc9\x22s\x9e:\xe3\x9eG5\xb6\
\x9a<7\xe0_Y\xdc\x18a\x97\xfeY2\x8c)\xce\
\x08\x18<t\xe9@\x19\x8a\x80\xef\x91Q\x9b\xcbM\xc4\
\xa8\xc0\xec1\xf5\xe4\xfeU\x01G%\x86\x14o\xe7\x8e\
\xd5v\xf6\xc5\xec\xd4y\xb2\xc2\xc7\xf8#\x8c\xb6s\xfe\
}j\xb1]\xd8%\xb6\xfa\x0e\xe6\x81\x13\xc7\x7fw\xe6\
\x814\xc95\xbb\x90\xb2G>\x0a\xe3\xbe8\xa3Q\x96\
\xda\x1b\xa3\x06\x99\x1c\x11\x15\xc12\x84\x0e2Gl\xe7\
\xdb\xf3\xaa\x8e\x0e\xc0\x7ft\x14\x8e\x9e`'\xf1\x15\x09\
\x90\x8c\x85]\xa89\x00v\xa62U\x92\x07\xba3^\
\xd8\xc59\xe7>Q)\xfat\xcf\xbf\xbd]\xfe\xd1\xb6\
k\x15[;\x0bk{\x85p\x0a\xce\x14\x82\x83=\x18\
\xe0g\x8e\xf8\xac\x87,v\x83\x96Q\xd74\xf5L.\
\xd0N[\x9e\x94XW4\x9bZ\x91\xe16\xd2YX\
\x98\x98\xe7f\xcf\x97>\xb8\xaa\x8a\xcb2.\x04Q\x00\
q\xb5A\x03\xf5\xceEF#<\x0c|\xa7\xabw\xa6\
\xb2\xb6\xec\xe4c8\x0az\xd0\x90\x1b\xf6\x9e$\x92<\
\xc5y\x10\x97\x1c\x87\x8b\x8f\xc3\x15\x9d5\xc5\xb5\xc5\xd4\
\x8fgk\x1a@\xaa3\xb5\x08bH\xc9?\x81\xac\xe2\
\xa5d\xdb\xb7+\xe9\xd4b\x91\x81V\x05K)\xef\x82\
E\x01r\xe1k# 3J\xf0\x12xeM\xfe\xbd\
\xfa\x83\x9f\xe7Z\x9aV\xb3\xa5\xe9\xb6\xcdn'\xbau\
\xdcX\x99#<\x1c\xe3\x00c\xa5s\xec\x9b0\xd88\
=y\xa6\x96$\x8d\xb9\xdb\xfdh\xe5\x0b\x9d\xe8\xd4-\
\xee\xecL\x96\xb3\xc4\xcd\x22\x13\x1a\xb1\x03\x9cp\x085\
\x80a\x94\xc6<\xebE$\x1c\x9d\x91\xed\xe7\xea\x98\xae\
t1Iz\x00_\xefc\xa9\xad\x1b+\xc9-\x88\x02\
0\xc0\x92C)\xe7\xdb\x9a\x5c\xa3\xb9\xd6\xe8\xeeM\xa1\
Q\x0a\xc4\x88\xd8]\xa4\x90\xd9\xe4\xf5\xa8\xef4\xa9\xee\
/\x0d\xcc7\xb2 #\x1eYb\x17=\xba\x11P\xda\
_<\x88\xd1\xc9+\xb2\xb2pv\xe4\x82zc\x1e\xd5\
4\x11\xb9b\x90\xdc\xb8\xc9\xcf\xcc\xa4b\x90\xcc\xd9\xed\
u\x1b$\xe6\xff\x00i\xc1 \x19Y\xb1\xef\x82\x09<\
\xf6\xa9\xee\xa6\xd2\xee#\xda\xeeb\x99p|\xe5\x84\xf2\
\x7f\x01\xde\x9c\xf0<\xb3\xab5\xc21U\xd9\xbd\xf8>\
\xfc\xe3\x9a\x82U\x8a\x16\x04\xcf\x1c\x80\xb1U\x0a\x0e\xe2\
G\xb0\x14\x01\x0c\x96w\x11[\xbc\xe5\xed\xda\x1e\xa0\xab\
\x9c\x11\x9c\x0e1\xdf\xd35\x9c\xd3\xbaK\xbd\x1co^\
G\x1c~U%\xc9\xdf\x1a\xae\xcd\x91\xc4I\x8e2:\
\x02s\xcf\xaej\x14C#n\xe7\x19\xeb\xeaj\x90\x99\
^8\xc3+1\xe3\xe6$\xf7\xff\x00&\x9b\xb4#\x85\
\x04\xe4\xf2>\xb5e\x07\xdf\x03\x01\x8f\x18\xedH\xe8\x16\
@{\x8ad\x91\xc49$\x8f\xc2\x9e\x89\x80w\x0e\xbd\
\xe9QF\x01 \x86\x152\xa9'\xa6\x0fj\x00\x8c&\
\xd6\xce3O\xd9\x81\xc0\xe7\xadN\xa8\x7f\x8b\x81O\xf2\
\xd3~\xecR\x19\x00\x8c\x00s\xc5I\x81\xd7\xa0=)\
\xc7\x96\xc9\x1cPpx\xech\x02\x07\x5c\xf1\xc1\xda9\
\xcdE\xb3*X\x81\x8e\xc6\xa7n\x1b\x81\x9fSP\xbc\
{\xba\x8f\x97\xd2\x80*\xb29\x93=3\xda\xa7B\xeb\
\x81\xc18\xa3\x078$\xee\xed\x8axUo\xbd\x81\xdb\
9\xc74\xc4XHw\xedbW\x83\xcf\x1di\xd2\x8d\
\xa1\x8a\x90\x00\xea;\xd2\xc9&\xd2\x15\x0f8\xfb\xc3\xa8\
\xac\xfb\x96\x91\x8f\xcb\x93\xebR1\x1e|:\xb7\xca\xb8\
\xe8E:\xda)&!\xbf\x87<\xb1\xa8E\xbb4\xc5\
S\xabt\x15\xad\x15\xb0\x820\x87;\xb3\xc9\xcd0!\
1aB`(\xcf\x00\x13ODbA$\xaa\x8e0\
\x09\xe6\xa7)\xf2\x8d\xb8\x19\xea@\xedNH[h\x00\
\x8e:f\x90\x16\x91\x0e\xd0\x82\x92N\x1c\x13\x9e:b\
\x920\xd8\xc3\x1c\x1e\xe4w\xa9@\xc2\x91\x8c\xe6\x90\xc8\
\x82\x90\x00\x1c\xfdi\x9e_PpW5d\x0es\xda\
\x85C\x8c\xf7\xcd\x00WP\x09\xfa\xd0\xe3h\x0b\x93\xb8\
\xd4\xe60\xab\x96\xfdj!\x879\xcf\x03\xa1\xa0\x06(\
\x05\xb2W\x91\xc7\xe1S\x00x4\xbb\x01\xe4\x9ei\xea\
\x01]\xbd\x85\x00&\x07\xa55w\x1e\x0a\x8a\x97\x1d\xfd\
(\xc7\x14\x01\x1b.O@O\xbdV\x9dX\x1e\x07>\
\xb9\xe9V\xf0j\x07\x19'\x00\x91@\x14e\x8cp\x5c\
\xe7'\x8d\xd5\x13\xa2\x17\x18\x5c\xed\xe0`t\x1e\xf5t\
\xab\xb1-\x8e}(\x16\x8ap\x0f?.8\xedLV\
 T\x0a\xc5\xf7\x82\xc4p3\xc0\x1f\x8dC#4x\
\x8f\x1fw\x96b2?\x95k\x1bu\x85C`ds\
\xd3\xb5gJ\x8c\x19\x8c`)\xce\xee\xa7\x07\x9a\x06T\
h\x5c\xcad,\xa0\x15\xe7'\xf9\xd3\x19Z@#\xc7\
N\x9e\x954\xb1\xb8\x00\x90\xddry\xce}\xa81\xb4\
\xb2\x96\x89\x0f\xa6\x08\xe0\x1ab$\xb7\x8f\x11\xf3\x8c\xb9\
\xfe\xef\x7f\xca\xae-\xb3\x85%\x8a\xe3<\xe7\xadOk\
l\x1e!\xf2\xaa\xc9\xc2\xb6\x00\xfd*d\xb6DM\xac\
\xa3%\xb2i\x5cv3c\x12\x1f\xe0,\x07\x00g\x8c\
\x7f\x8dZ\x81N\xec0\xe4z\xd5\x96\x86(\xd7\x9c\x01\
\xbb>\x9c\xd4\xdb\x06KpOz@F\x88I\xed\xf9\
\xd42\xc2\x00}\xb9\xc3}\xecU\xb4\x8f\x04\x9e1K\
$YS\xb7\xbf^i\x0c\xa7\x08\x0e\x9cd\x1e\xbc\xfa\
\x8a\xb7\x19\xc7\x1dGZ\x85\x97i\xc0\x07<U\x88\x80\
\x0c\xb8\x1e\xdc\xd3\x00\xc0&\x82\xbd0*B\xa3\xad4\
\x9cb\x90\x0d\xd89\x1e\xb5\x18?\xc3S\x9e9\xa8O\
/\x9cP\x02\x14\xfc\x87\x15\x09P\x09;p{U\xb7\
M\xa3>\xbd1Q\x95\xdc2:\x8a`W\xdb\xdb\x1c\
\x9aB>n\x7f:\xb3\xb3\x06\x9a\xd1\xe7\x07\xbd\x02\xb1\
Q\xd3n\x02\xf7\xefQ6\x19\xb6\x80\x01\xe9\x81\xfc\xea\
\xc4\xaaC\x90:~\x95X\x15\x12\xb3\xf7<\x02;\x8a\
\x00n\xc0\xacHa\xcf\x14\xc3\x96\x98\x83\x8d\xa3\xadJ\
\xe4\x00\x18r@\xcd3\x03\xbf\x07\xa50\x18\xca\x07\xcc\
\x07OJc!8$g\x1f\xce\xa4 \xe4s\x8cp\
=3J\xc4\xa0?\xe7&\x81\x10`\x126\x9f\xa6i\
Uq\xc9\x1e\xd5/\x97\xb9@\x0b\x90:\xe2\x95c\x05\
\xb0\xa0\x00\x0f\xa7Z\x00!\x8b\x04v\xf5\xe6\xa6d\xdd\
\x22\xe0d/4\xe8\xfa\x03\xdc\xf1\x8a{.\xc4\x0a\xbe\
\xf9\xa42\xba)d27@8\xfa\xd3\xf63l^\
q\x8ejB\x80A\xdb\x1bj@6\xafNOJ\x00\
\x88\xaf\xefB\xf1\xb5W\x9aB7\x068\xcep*R\
\xbf1S\xe9\xcf\xd2\x80\xa0\x90;f\x80\x10\x0c\x82\x05\
@\xa7\x11/\x19\xcbu\xa9\xdd\x98) \x0c\xfaT8\
\xf9Fz\xe3\xb5\x005\xd9\x84\x8a\x07\xa79\xa6\xb8\xdc\
\x8a\xa7\xa1j{/\xcd\xcezT|\x90\xbe\x99\xf5\xa6\
\x04,\xbf\xbc\xc0\xe89\xa9\x14\x83\x8e\xed\xdc\xd2H\x84\
3c\xd2\x98\x03#.y\xf7\xa0\x09\x8e7\x1cg\x03\
\xad4\x8c\xa1\xceFh\x18O1\xb9\xa5\xe4\x0fn\xe2\
\x80!\x95\x15r@\x1cz\xd5b\x15I=;s\xda\
\xaeI\xd4\xee<\x0e\x95\x01\x8f\xe6<`u\xa6\x22\x12\
\x19A\x00\x9c\x13\xc04\xf3\xf3\x00\x1c\x02:\x00G\xf3\
\xa5\xe3\xb8\x07\x9e9\xa7\x15\xc9\xcf\x18\xc7L\xf5\xa4\x04\
\xb0\xcf=\xb3\xef\x86F\xcf\xf7K\x12\x0f\xeb[\xf6:\
\xb4w-\xe5\xc9\x84\x97\xa7\xa6\xef\xa7\xe5\x5c\xe8\x04\x1c\
s\xf3u\xa4\xdaY\x81\x0cF\xc21\x9e\xdf\xe7\x144\
4\xce\xd7\xf9\xd1Y\x16\x1a\xb6\xe5\x09rH c{\
t5\xafRPQE\x14\x00QE\x14\x00QE\x14\
\x00QE\x14\x00QE\x14\x00QE\x14\x00QE\x14\
\x00QE\x14\x00QE\x14\x00QE\x14\x00QE\x14\
\x00T7\x16\xd1]G\xe5\xc8\xbcv#\x82*j\x09\
\x00d\x9cP\x06=\xcd\x8ai\xe9\xf6\xabH$\x9e\xe0\
\x1d\xa3s3c=\xf1U\x86\xb5~\xa4\x07\xb3@H\
\xce\x19Y8\xfc\xa9\xda\x96\xb1gsm%\xbcsL\
\x84\x9c\x19#\x8fv0i\xb0\xe8),\x11\xcbo\xa8\
;#\x0c\xe7` \xd0\x22\x95\xe6\xaf}x\x88\xab\x1c\
\xd0\xedb\xac\xb1)q'LpFz\x91Uo4\
\x8dQ7\xc6\x96^p\xc7\xcaP\xae\xd3\xf8\x1e\x9d\xab\
En.\xb4yf\xb7\x86'\x98o\xc9\x92bp\x7f\
\xdd\x1d\x07\xa7\xd6\xad\xe9\xba\xd4\xf77\xff\x00g\xb9\x8e\
(\xc3((U\x89%\x87$\x7f\x9fJ`;R\xd4\
/4\xbd\x16\x09\x19bk\x92U\x1c\xe3(\xa7\x9c\x9e\
\xdcqX347\xb0\xbc\xd1X*\xdd,\xaa\xb3\xb4\
[\x99p\xc0\xfc\xc0g\x1dG\xff\x00\xae\xb7/\xf5\xd4\
\x8a\xeek?\xb0\xb4\xe51\x9d\xc4\x00N=\x0fj\xcc\
\xba\x9a\x1b\xf8\xe2\x82\xc2\x1f\xb3\xb2\xc8\xcc\xf6\xc0\x042\
q\x9c\x8cp{\xf7\xa1\x01\x9d\xbbs\xed9+\x9c\xb1\
\x0a2}\xbe\x95=\x85\xb4\xadtn,T\x97\x81|\
\xc6\xc1\xc1>\xdf\x8f\xa50E2\xe2=\xa4\x92\xdc\x22\
\x90Z\xafi\xb7\xd2\xe9\xfer\x11\x18i0QX\xf0\
\x18g \xe3'?\x5ct4\xd8\x91[t\x97\x0eZ\
W\x0f+\x1c\xb0\x10\xf3\xfc\xb3N\x96r\xb6-\x12\xca\
\xe1:yh@\xe5N\x7f\x0a\x92\xf3P\xbb\xba\x95\xdf\
\xcfx>a\x84\x8d\xbd=\xf1\x9a\xacK\xb1m\xc7\x92\
I'9\xeb@\x0d\x00\x00\x8aQ\x1a5\x8c\x8c\xb0\xf9\
\x87$\xed\xcezd\xfaT~k\xf9\xde`\xe8\xb8\x18\
\x06\x97a\xdeGU\x07\x8aB\x812\xd9\xc1\x03\xa7\xbd\
4!\xaf.\xec\xb9E\xe0`\x8c`\xfeu\x1a)\x00\
u8\xe9\x9a\x98\xc7\x88\xf9\x19\xdf\xd4\xf4\xa7\xc7\x17\xca\
\x0e\x09\xcfA@\x10E\xb7v\x0eC\x0e0jQ\x84\
A\x9e\x1b\xa6q\xfaT\x91\xc0\x85K\x04`\xc3\x83\x8f\
\xe7NHp\xc3\xe69\xce1\xda\x8b\x80\x8b\x16A\x0c\
\x00\xcfoJi\xb7\xda\xdb\xa3\xe4~\xb5s\x04\xae?\
\x8f<\x80i\xae\x8c\xa3q9\xcf'\x22\x95\xc0\xa5\x22\
:F\xae\x07L\x0cu\xa8\xd9\x06\x0a\xe78\xc6Gs\
V\xf7\x09\x01\x1d:\xf1\xe9U\xca\xf4\x00\x8d\xc0\x93\x93\
L\x08$\x0cw\x8e\xb8\x1c\x11Pm*Tv\xc6j\
K\xac\x82H$\x1c\xf3\xcej\x17A\xc3\xe7$zU\
\x08Gu\xf3\x03`\x8f\xafZ\xd0\x85_\xcc\x0a\x99\xce\
1\xceO\xe9\xf9\xfeU^(\x95\xa5Wf\xdb\xf2\xe1\
F:\xd6\xdd\x8d\xb0\x8c\x97\xe0\x11\xd3\x1d\xff\x00\xcei\
0E\xbb(\x8d\xbe\xd3\x92s\xf7\xb7s\x9f\xce\xb5\xa3\
\x95J\x9f,\x22\x0f@\xa3\x22\xa8\xa8\x00\x86$\x80}\
E\x12\xca\xb10\xcb\x00NH\xf5\xfc*\x19d\xf7\x12\
\xa5\xbcLX\x01\xb3'\x18\xc7c\xe9\xf4\xacI\xe4g\
\x99\xa5.:\x1c.z~t\x5c\xdc\x19[\xe6.\xc0\
\x8c\x91\x9a\x89\xb9V\xd9\x9d\xee\x7fJ\x12\x13cLk\
#\xe5\x8f\x03\x8c\xe7\xad\x0e\xa9\xf2\x8d\xbd8\xe3\xb5=\
\xca\xe1y\xc0\xebK\x18\xc3\x06a\xd7\xa7\xb5P\x85+\
\x1cHX\xaex\xedUR6\x93\xee\x8c\xfb\x9a\xbd\xb7\
q;\x94\x1f\xad8/\xca:\x0f\xa5\x17\x02\xa2[\x15\
\xf9\xcfOj\xb1\xe5\x0e0)\xdbH\x01@\xc6N*\
B=i\x5c\x08\x88$s\x9c\xd0\xc0\x15\xc9\xa9\x0a\x8c\
g&\x98\xd9n\x83\x8a\x00i\x19\xfaSJ\x82\x99Z\
{`\xfd)\x99\xdd\x803\x8a\x00je\x81\x00\x8cv\
\xa62\xed\x19,\x00\xf7\xa5\x91\x80\xc1\x07\x07\xebU\xd9\
\xb7u|/\xb5\x002F\xc4\x84e\x86=x\xa5\x0a\
\x0e\xdc\x9c\xf7\xe6\x83\x86f9<q\xf4\xfc\xe9P\x17\
l\x91\xf2\x8e:\xf3L\x09\x0a\x92\x00\x19\xdc{\x8ak\
\xa6%R0A\xe0\x8av\xdf\x99H\xc9S\xd6\xaeC\
\x17+!'\x83\x9crh\x01!\x80F=\xdb\xbe9\
\x156\x18\xe4c\xbf\x19\xa9\x02\xe4\x10:\x9eqNQ\
\xb7\xae2z\x05\x15#\x18\x11\xc7\x1cq\xfc\xaaT\x1c\
q\xd4w4\xf4L\x0c\xfbS\xb6\x8d\xc0\xe4\xd0\x00\x03\
3\xe7\x1cS\xbe`\x0e\x00\xf7\xa9B\x029\xfc\xe9\xc1\
F\x06\xdf\xc6\x81\x90\x08\x8ezR\x81\xb5\xba\x1c\xe2\xa7\
X\xc7c\xfa\xd2H\x84\x8fz\x00\x81\xce\x0e;{\x0a\
\x864!\x89#\x8c\xe3\x15)\x199\x14\xe08\xf7\xa0\
\x00\x22\xe7\xa74\xaa\xa3=:S\x80\x14\xb8\xe6\x80#\
4\xa0dt\xc5?\x1e\xb4\xbbE\x00B\xc3\x14\xc6\x19\
;W9\xefS\x91\xf9TEI$\xf6\xf6\xa0\x06\x04\
\xf9\xb3\xe9R\xc7\x19\x07\xad\x0a\xb9RM(\x90'\x00\
\xfc\xd4\x00\x93\x1d\xf8$\x1c\x0e\xde\xf5\x5c\x80\x17\x9c\x13\
\xfd)\xf2\x10[$\x9c\xf5\xa8]w\x9f\xf6O\xa1\xe6\
\x9a\x11R\xe2\x22\xd2\xa9\xf9\xb0\x8b\x9c/z\xbbc\x03\
1 \xf2\xb8\xdc\x0fCJb\x05\xb2ON\x9cU\xdb\
8\xf6\x83\xdf\x1d\xe9\x5c\x08\xe2IV\x5c\x85Q\x1b\x16\
\xcf<\xd3\xdfx$\x85\x07<(\xe9\x8fz\xb3\xb4~\
\x14\xd2\xbc\xff\x00\xf5\xa8\xb9El\x1d\xd8r\xb8\x1c\xf4\
\xa4\x86S!|\x01\x80p*\xc7\x97\xeai\x16-\x99\
\xc7~h\xb8\x87*q\x9cT\xa8\x9f/JUS\x8a\
\x91zb\x90\xcaW\x11\xb2\xfc\xdbI\xefInA\xce\
2p3\xcd_ \x11\x83UcM\x93H\xb8\x1d\x01\
\x1e\xe2\x80\x14\x8e*2=\xbaT\xce)\x84p(\x01\
\x0fLS1\x9e{\x1a~)\x83\xaf\xb5\x00L\x10\x94\
\x1e\xd4\xd1\x1e;\x01RG\xc8\xc5?m\x00@P\xd4\
3\x1d\xa0z\xf6\xab\x84\x81T\x5c\x13#g$\x0e\x05\
\x00C*\x96R\xa0\x8ezT\x1b\x08\xc0\xe9\x8e\x05L\
\xc4\x82z\xe1zS\x5c\x80\x09\x1e\x94\xc9 \xc02c\
w>\xf4\xc9\x14\xe4\x94\xc1\x03\xf9\xd4\xa4`\x12H\xcd\
F\xc9\x82x\xe8@\xf6\xcd\x004/\xee\xfd\xfb\xfdi\
\x83,N\xe1\x90\xbd\x0f\xbdJ\xe3laON\xd4\xc1\
\xc2\x15\x19\xf74\xc0x\x1f+7\xa7\x03\xde\x9f\x1a\x9c\
\x8cc\x9a\x8f=;\xa8\x1d\xea`\x08]\xa0\xfd\xe3\x81\
\xc5 $\x8d2\xe5\x8f\xf0\xf1JrC\x1fn*X\
\xd7\x08\x15zRH\xa3k~\x94\x01\x19PWnN\
\x06)\xe7\x04\xe7\xb0\xe9J\xca\x00Q\xdc\x9av\xd0[\
\x1d\xa8\x02 2\x5c\x9e\xa7\x8a@0@\xef\xba\xa6U\
\xf9\x9b\xebLu\xf9\xd4\x8fC\x9a\x00\x82^\x10\x9c\x1c\
\x81M`GR:T\xd2\x8c\xa1\x1b\xba\x8ad\x80\x12\
1@\x111$\x93\x8e\xd4\xd2\xac\xae\xa3 \x8ct\xa7\
\xe0\xe1\x81\x03\x19\xe0SNK\xe7\xbe\xde(\x01\x84\xe4\
0=qQ\xba\xbf\x99\xc0\xca\xd4\xa78\xfch+\x9c\
1\x1c\x8fCL\x08\x83\x02\xa7\x91\x9c\xd4\x80\x16Pz\
g\xd4T'\x00g&\xa4\x04m\x01\x89\xfcM\x00\x0e\
\xb9\xf4\xcdB\xfc\x01\xc9\xc9\xf4\xa9v7\x05\xba\xfa\x0a\
n\xc1\xc1\xe7&\x81\x15\xcan\x979\xc0\x1c\xd4\x9bT\
\x1aq\x1c\xe3\x1dh\x0a\xb8\xe7\xa8\xe9@\x0c\x08w\x00\
?\x03\xe9O'\x04\x926\xf3\x8c\x9a^\xa4dr=\
\xa8'#\x04p(\x01\x13\xe7Nx\xf45\xb9\xa5_\
<\xc5\xe0\x9d\xb7H\x0f\xcb\xc7QX\xaa\x01c\x92\xbc\
\xf3\xd2\xa4\x05\xb7\xab\xa1e=7\x0e)44uT\
Vv\x9f}\xe6\x9f\x22f\x1ef>Rx\xc8\xff\x00\
\x1a\xd1\xa40\xa2\x8a(\x18QE\x14\x00QE\x14\x00\
QE\x14\x00QE\x14\x00QE\x14\x00QE\x14\x00\
QE\x14\x00QE\x14\x00QEF\xf3E\x1ba\xe4\
E>\x85\x80\xa0\x09(=:dw\xa8\xa2\xb9\x86x\
\xc3\xc5\x22\xb2\x9e\x01\x07\xf0\xaa\xfa\x9d\xe3Y[\x17U\
\x05\xcf\xca\xbb\xba\x0f\xad\x006M\x22\xc6Iw\x18q\
\xdc\xaa\x12\x01\xfa\xe2\xad\xc3\x04v\xd0\xacQ(DQ\
\x80\xa3\xd2\xb9\xc8\xae\xef\xe2m\xc6\xe0\xbb0\xc6\x1e1\
\x8c\xfd\x05]]fc\x1a\x9f\xb3\x8c\x8c\x86;\x80\xfa\
\x1f\xc6\x98\x8a:\xa5\xcc\x97\x1a\x93\xa3\x07H\xa1\xf9U\
Np\xcd\xfd\xecw\xf4\xaa\xca\x86;\x88\xa5\x03s\xc4\
\xdb\xf9\xe0g\xa7\xf8\xd5\x99&\x9e\xed\x99\xe5y\x148\
\x19\x89\x5c\xed\x1f\x87CImk-\xdc\x92\x05r\x88\
\x8a0q\xc1bp\x05>\x82!\xb9\xba\x9e\xec3\x5c\
\xda\xdbM\xd9N\x0a:\x8f\xf7\xaa(\xa3\xd3\xc7\xcfs\
-\xdcS!\xc0V\xcb\x02\x0f\x19\x18\x03\xb1>\xf5\x19\
\xba!F\x11I\xdcr\x12Bz}~\x94\xf5x\xd9\
\x81d\xf30\xa0*\xbf\xcd\x93\xeaz~](\x19Z\
\x08\xb6\xc2\xa8\x19\x82\xf3\xc61\x9f|T\xea\x81UN\
F\xe1\xd34\xe6\x5c\x95<\x92O\xe5JT\x92\xa3\x9d\
\xde\xf4\x121\x81w\xeaA'9\x1c\xd0\xd1\xee\x04!\
\x1b\x88\xe2\xa6h\xc1U\xe7>\xb8\xe3\x15&\xc5\x04`\
{\x1e(\x02\xaf\x96\x03*\x90s\x8a\x91!U\xe4\xe4\
\x93\xebS2\x1d\xaa\xc0d\xe7\x91R\x18DD61\
\x8e\xb4\x5c\x0a\xc6\x10\xbf(\x1f7pO\x02\x9f\xca/\
\xcc1\xe9\x81VJ\x06\xdaFi|\x9e\x08'\x9e\x84\
\xfbP2\xac`\x97';\x89\x19\xa9\xfc\xb0\x84\x95L\
\x93\xda\xac\x08\x17+\xd4\x11\xd3\x14\xac\xc9\x19a\xd1\x88\
\xcd \x19\x0a(\xc9!F:\x9a\xabr\x03\x83\xc9P\
\xbe\x86\x95\xae\x09\x1c\x85\xcf~* \xdb\xf3\xb5\xb2{\
\xe0\x1a`B\xea\x03)$\xe7\xd4\x7f_Z\x89\x93$\
\x80\xcd\x8cg8\xab\x0c\x03p\xa7\xafS\xe9Q\xccY\
\x02\xaa)<\xf7\xe6\x98\x8a\xaf\x1e\xe4ee\x00\x8e\x87\
\xbe=i\x82\x0e\xe8O\x5ct\xf4\xab,\x1eL\x8e\x0e\
W#\xb7\xebSE\x00\x19E\xe7\x9e\x17=\x8f\xbeh\
\xb8X\x81\x22\xc3\xf0\xc5\x98px\xe9\xf4\xad\xcbu\xda\
\x14u\x1d2Fj\x1bk!\x80\xe7$\x93\x9e{V\
\x92\xae\xc4\xc0a\x801\xc1\x1c\xd2li\x11\x05\x18b\
p\xbb\x7f\xcf\xe3Y\xb73\xf2\xd8\xc8\x1b\xbe\xa3\xeb\xeb\
R\xde\xce\x0bm]\xd8',\xdf\x86zw\x15Z\x18\
\xfc\xf1\xcev'\x03=\xa8@\xc6\x98\xcf\x93\xb9N\x18\
\xf1\x9fjl\xcc\x163\xbc\x8d\xec0\x06{T\xc7\xaf\
8\x11\xa7J\xa3\x9f:R\xfdW\xb1\xa0@\x88s\xbc\
\xb6\x07aV\xd7.2y^\xa34\xc5S\x81\x80q\
\xdc\x9a\x95\x17`\x1c\x93\xcfz\x00\x91W\xad<&:\
\x83K\x1a\xe0s\xcf\xad?\x1crh\x18\xde\x83\x9f\xc2\
\x91\x81\xc7\x14\xfd\xa3\x8c\xf3\x8aR\x09\x19\xe9H\x08\xb6\
\x91\xd8c\xebM\x93\x81\xde\xa5\xc09\xf4\xa6\xb6:\x9c\
\xf3L\x083\xf3d\xfd\xda\x8eF\x0a\xc4\x02\x7f\x0a\x96\
\xe3\xe5\x00d\xe4\xfaUPv\xb1\xf9\xbe\x83\x19\xa0@\
\xc5Y\x0b\x01\xf4\x15\x01P0\x186X\xf4\xcf\x22\xa7\
1\x14\x00\x05\x04\x13\xfcC\xa0\xa4d\xe3\x00\xfc\xbd9\
\xe2\x80\x19\xb0n$\xe7'\xe9\x83@\x8b\x07\xef0#\
\xb6;\xd3\x8cdd\x82X\xfa\xe3\x9f\xe5SD\xacB\
\xe7v\x1b\x9aw\x02kd\x12uP\x00\xec*\xee\xcc\
\x0e8>\xf4\xd8\xd0\x00A\xc1#\xbe*P\xbb\xb3\xdc\
\x0e\xbcT\xb1\x89\x18\xe7\xefg\x8a\x97`\x00\x9f^\xc4\
P\x11G\x03\x8cz\xd3\xf9a\xc9\x14\x0c`Ns\x81\
\x8av\xd2\x00\x14\xbd\xbd\x08\xa7\x01\xd3\xad\x00\x00\x12\xb8\
\x1di\xe0c\x18\xa6\xa8\x01\xbd\xe9\xd4\x801\xb5\xb3\xde\
\x99+v\xcf4\xae\xdbGNMD:\xd3\x01\x15\x7f\
Z\x90\x0esB\x8ap\xa0\x03\x14\xb8\xef@9\xa7\x0e\
\xb4\x80LQ\x8a~\xda\x0a\xfaP2\xb4\xbc\x8e\xa2\x91\
A=O\x02\xa7x\xb7z\xd3\x18lC\xdf\xda\x98\x86\
\x92\x00\xfa\xf6\xaa\xcd\xc3`~t\xe6}\xdd\x80?J\
fOr}s@\x01!\x94\x00\x09\xfa\x9a\x8c\x00\xbb\
s\x9c\x9a\x97\x00w\xe4})\x1bw<\xf4\xfch\x10\
\xe5nz\xd6\xa5\xb2\x8f(c\xa9\xebY\xa1AP\xc7\
\x1f\x85h\xdb\xe7h=\x8d\x0ch\x94\xafjB\xb5-\
!\x14\x86@W=)\xe1i\xfbh\xc5\x00 \x5c\x1a\
v)h\xc5\x00!\xa8\xca\x8d\xe1\xbb\xe0\x8a\x90\xd3M\
\x00D\xfe\xd5\x13\x1a\x91\xb8\xfcj!\xff\x00\xea\xa0\x03\
\x07\x06\x90\x0az\x83\xb6\x9a(\x02h\xaaj\xaf\x11!\
\xaa\xc5\x00A4\x85\x0e\x05Wl\xed\x1c\xf3R\xba\x96\
s\xc7\x15\x1b\xe1\x7f\x0a\x00\x85\xc1\x1f.3\xf4\xa8\x8a\
\xe4\xe3'\xde\xa5\xdaN_\xf4\xa6\x01\xc1\xe7\x93\xd2\x98\
\x88d\x03\x93\xc9\x03\xadG\x9f,\x9c\x8c\x81\x9c\x93\xeb\
V\x1f\xaf\xbf_J\xac\xec\x11\x0e\xe3\x9flf\x81\x01\
\xf9\xdb\x83\xd3\xda\x98\xaaG$\xfd\x05<6\x0e\x0f\x19\
\xfdiB\x82\xd8c\xd2\x80\x11A \x03\x9e}\x05N\
\x9f3\x07\xc7\x00`qL\xfb\x88py\xe9Vb\x5c\
\xe3<\x9a\x00X\x83\x0fm\xdd)\xcc\xa1\xb8\xedR\xe0\
\x0e\x9d;SYH\x1cw4\x0c\x8c\x8eC\x1e\x99\xc0\
\xa96\x8cR\x91\x96_ju\x00D8\xcf\xd6\xa3n\
:\x9f\xe1\xa9@\xf99\xa6\x15\xc89\xea\x00\x14\x01\x1b\
\xaeF8\xea)\x8e\xb9\xfa\xf7\xa9\x1d0\xcb\x9e\x84\xd3\
\x5c\x90[\x14\x08\xae\xa4\x91\xcez\xd2\x15\xc3\xfe\x14\xf4\
\xe4\x7f\x8d\x18$1\xeb\xf4\xa0\x08O@\x0fs\xda\x95\
pA\x19\xe4\xd3\xc0\x19\xe8}i\x8a\x026s\xd7\xa5\
\x00F\xc9\xf7E3\xfeZ\x05#\xa9\xfc\xaav#\xe9\
\xf5\xa8\x9d\x0a\xf5\x00\x9a`8\x1e:\x1cP\xcas\xd3\
4\x88\x00\xe7<\xfa\x01\xc5H2{\xe3\xd6\x80!e\
\x04\xf4?Zn\x008\x03\xa7rjr>ls\xed\
H\xc3\x9c\x1cd\xd0\x04;I\x1c\x9eE\x18#q'\
\xa7jy\x07<w\xf4\xa8\xdb\xa9\xc1>\xe7\x14\x08r\
}\xee\xa4\x95\xf6\xa7\x93\xf21l~\x15\x06\xf6\xe8\x18\
\x0c\xd4\xe8\x0b(\xc8$7S@\xc9af\x8eD\x99\
FJ\xf23]\x0c\x13,\xf1,\x8b\x8eFp9\xc5\
s\xea\x17\xa0\xcf\x1543\xc9\x0a\x91\x19!s\x9aL\
\x0d\xea*8eYc\xc8 \x9cd\xe3\xb5IH\xa0\
\xa2\x8a(\x00\xa2\x8a(\x00\xa2\x8a(\x00\xa2\x8a(\x00\
\xa2\x8a(\x00\xa2\x8a(\x00\xa2\x8a(\x00\xa2\x8a(\x00\
\xed\x91\x5c\x8d\xca\xba\xcb,\x97P8\x91\xdb9(Y\
G\xd0\xff\x00\x9e\xb5\xbb\x7f\xa9\x1bi\xd6\x18\xa3\x0e\xd8\
\xdc\xf9\xc8\xc0\xed\xf8\xd4_\xdb\x91n\x8f\x11K\xcf\x0c\
\x08\xe9B\x11\x89\xb5S\xe6o1\x09\xc1\x18V\x1c\xf3\
\xd3\x03\xd8\xd7E`\x8d\xfd\x94\x89|\xa0\x90\xbf7\x98\
A\xe3\xde\xb3\x9bY\xbcge\x16\xf0\x81\x9f\x93q9\
\xc7\xd3\xbf\xe9I#]\xdd\xc3\xe5\xcf\x22\x14-\xbb(\
1\xf8}(\xdc\x0bCN\xd3\xe2&Ap\xc1\x1cp\
\xbefA\xef\xc7z\xaf7\x913\xef\x8a\x02\x87\x04\x06\
\x1d\x1b\xf0\xef\xde\x96\x0bUEP\xca\x80\x0f\xbb\xc7\x22\
\x90\xb4@\x82\xb2d\x02r\x00\xcfj`@\xe8\xc0\x86\
\xfb\xa8[\x06\xa5\x85\xeec\xb7\x9e\x0d\x80\x8d\xca\xc1\xa4\
$\x0d\xa4\xe3\x8fS\x91\x8e\xddi\x89p\xe4\x11\xb0\x12\
\x0fu\xca\x13\xd4q\xf4\xa8\xce\x5c\x8c\xbb\xa8\x03\xee\x06\
\xf9s\xec(\x02\x81\x88Fvl\x00gon\xbf\xe4\
S\xe1\x80G\x92\xe0g\xa0\xc9\xedV\xbc\x95\x0b\xf2\xe7\
\xad.\xc0\x02\xed\x18#\xd6\x98\x86\x90\x118\x03\x19\xe4\
\xe6\x91\x97\x07\x1c\x90\xdf\xa5+\x00X)\x1c\x0fJ\x95\
W+\xc62(\x01\xa9\x1e@\xe0\xfe\x14:\x04bN\
pjt\xc1\x1c\x15\x04\xd2\x94\x5c\xe5\x87\xde\xf6\xa4\x03\
\x15\x02\xaeI\xe3\xd7\xda\x97j\xbc\x9c\x9e\xd8\xc5*\xc5\
\x85#\xa9\xcfC\xd0\x0a\x95\x10\x01\xd3\xaf\xeb@\x0d*\
\xa3\xbf\x14\xa7\x85\x18\xe2\x9eGa\x8aB\x80`\x00}\
\xf3@\x08\xce!^\x87w\xadQ\x92S\x9d\xcd\xc9\xcf\
QS\xdc>\xe6)\xc6\xd0j\x91+\xb7\xa8 zS\
\x00Q\xb4\x13\xd7<f\x98[\xf7\x9b\x07\x00\xf59\xc5\
H\x88\x1dx\x1cz\x8aw\x92K0^\x83\x91\x9a\x04\
W\xc6% t\x1c\xfbS\xbe\xcf\xe7fEF8\xe3\
\xe5\x15r;\x1d\xcc\x86@v)\xce\xd0x?Z\xd0\
X\x979U\x03\x1f\x87\xe5E\xc7c>\xdfO,\x01\
\x90m\x0b\xdb\x15m`Es\xc6I\x07\xa95k`\
=\xbaS\x5c\x84\x1c\x0c\xd2\xb8\x11\x96T\x5c\x91\x81\x9e\
\x87\xb7\xd6\xa8\xdc\xdeq\xb7\x97\xe9\xdb\xf3\xa8.\xe63\
H\x13yE\xc62\x0f\x03\xf1\xff\x00\x0cUW-\x8d\
\xbb\xb2\xc5\x88<g\xe5\xa7`\xb8\xe0e\x92^\x99$\
\xe3#\xa5^c\xb25\x8dO^3U\xe0uU\xdd\
\xb5\xc7\x1cdc\x8a&\x98\xc4\xa4\x0c\x17n8\xa0\x06\
J\xe5\xe4\xf2\x01;q\xf3\xff\x00\x87\xd6\x95\xa3U@\
\xab\x80\x07S\xfd)R=\x8b\xb3\x19f\xeaA\xa7\xe0\
:\x81\xb7\xf04\x08js\xea\x15F*x\xe3`A\
c\xb8\x11\xc0\xa4U\xc9\x1f.H\xa9\x90|\xbcg\x1d\
\xcd\x03\x00\x0f!A\xe2\x9d\xcf@;g4\xe5@\xc3\
\x0b\xc0#4\xf1\x80J\x8e\xb4\x80`]\xa3\x9e\xb4\xac\
7S\x82c\x04\xd3\xf0\x00\xe9@\x10\x18\xf02\x0e\x0d\
#)\x18\x1f\xd2\xac\x15\xc9\xe3\x1cSv\xf4?\xce\x80\
*K\x17\x98\xb8\xc61\xeb\xda\xab\x88G\xa9'\x9es\
\x8a\xd1*\xa4\x1c\xf5\xed\x9a\x88\xa7'\x04q\xed@\x15\
Z21\x80\x01=\x8d3hb\xdcg\xeax\xabj\
\x80\xe3'\x19\xe9Q\xe0\x05c\xd4\xe3\xa50!H\xd4\
\x0c\x80px<\x0a\x96(\x93\xcc\x0e\xaaI'\xa7\x18\
\x02\x97`W\xc9\x1c\xf4\xeb\xc1\xa9!L\xb0!q\xde\
\x90\x16\x0a\x82\x08\xce\x0dJ\x80\x91\x8ct\xfdh\xc7\x00\
`ry\xa7\xa2\xfb`P0 \x1c\x03\xc9\xa0\x8c\x8e\
8\xc7\xad;g<\x9aF\x07\x1e\xb9\xa4\x02\x05 w\
\xfci\xd8\xe7\x83M\xe79\xe6\x97!GJ`.8\
\xe2\x9d\xd0\xd3I\x00Uf\x97vB\x9e\x07j\x00\x95\
\xdc\xb9#\x8fjE\x1e\xb5\x1ck\xb4b\xa6_z\x00\
wA\x9ai<\xd2\xb1\xed\xebM\xc6y\xed@\x12\x0a\
x\xa8\xd7\x9a\x99\x14\xd2\x18\xf1\xcd<\x0a\x00\xc58\x0a\
\x00B\x83\xb5A&\xdc{\xd4\xef\x903U\xdc|\xd9\
\xa0\x0a\xd2F3\x91Q\x11\xc6\x08\xc68\xab\x05v\xa9\
\xf6\xe9L\xc7N\x94\xc4@F1\xe9\xdb\x8a]\xa1{\
\x1f|\xd4\x98\x1b\xb2A\xa4\xda\x07A\xd3\xa5\x00 \x19\
#\x9e\x05i[gnOZ\xa7\x1a\x80rFO\xb5\
Z\x87\xae;R`\x8bT\xb4\x82\x96\x81\x85%-\x18\
\xa0\x03\x14\x94\xb9\xa3\x14\x00\xd3Mn\x94\xe3M4\x01\
\x0b\x0c\x9c\xd3qR\x91I\xb6\x80\x1a\x17\x8a\x8c\xe0t\
\xa9\xf1\x81Q\x11\x83@\x02\x1ep*\xc0o\x97=j\
\xb8\x1852\x03\xb7\x06\x80\x18\xe7\x8c\xfa\xd5f\xf9\xdc\
\x01\xc7\xadO!\x19\xda;S\x08\xe3\x03\xbd\x00D\xc3\
\x91\x8e\x95\x1b\xa8\x0d\x9erj\xc1\x00s\x8a\x89\x87\xa7\
\xe7LE9\x1cn\x11\xf5s\xc9\xf6\x15\x03)\x07\x18\
\xe3\xbdX!\x0b\x90F\x09\xefL(\x00\xe9\xcbs\xd6\
\x81\x10\x81\x83\x9c\xe7\x1d\x85X\xd9\xce@\xed\x9a\x11\x07\
 \x8c\x8f\xd6\xa5)\x8f\xe1\xfd(\x01\xa8\xb9]\xcdV\
!\xe1@*~n\x94\xb1\xdb\x96\x0b\xcf\x158\x89T\
\xe4\x0eh\xb8\xc6\x802GaA\x1d\x0f\xa9\xe2\x9eG\
A\xdc\xf5\xa4\xc7\x22\x90\xc4\xc7\xcc(\xc5;\x1f5!\
\x14\x00\xc3\x80\x9c\xd4l2[\x1djl\x02\xb8\xa6\x11\
\xb7>\x99\xa0D\x04c\x00\x9e\x86\x9a\xcaK\x11\x9a\x95\
\xf2\xc4\xfaTL\x0e3\xe9L\x08\xf6\xf1I\x1e1\xc7\
\x14\xe2\xbf(\xcf\xe9H\x9d:c\x9a\x045\x87\x19\xcf\
ja\x01GL\xd4\xdb~^\x95\x1b\xa7\x03>\xb4\x00\
\xc0\x9cc\xaf\xb1\xa1\x94\x13\xc8\xa7\xaa\xfc\xc4\x83I\xb3\
\xe6\xf5\xa0\x0a\x85\xca\xbf\xcd\xdb\xa6*Ue\xc9\xeb\x8f\
jd\xaa\x15\xbf\xd9?\xa5\x228\xe7+\x8c\x9cpi\
\x81c\x1b\xd4\x13\x9cu\xf7\xa6\xb0\x18\xe4\x1a\x03+\x0d\
\xa3\x18\x1d\xea]\xb9\xe3\x9a@Va\x8eB\x92q\xdc\
T\x0eN\xc2\xc78\xf4\xc5^+\xd0c\x92i\xbeX\
\xcfF\xa6\x06s|\x9f\xc3\xb8\x9e\xa3\x155\xa3\x80\xc5\
I\xfa\x1c\xf1V\xda\xd9\x08'\xa9\xf5\xaa\xe6\xcd\xd4\x1d\
\xb9#\xae\x05\x00]\x8cg$\x8az\xa8\xea;U\x18\
\xe7xp\xac2=\x08\xab\xb0J\x92)+\xf9\x1e\xb4\
\x80\x91\x1d\xe2\xdccb\xa7\xf4\xa5\xb1\xd4dI\x0cw\
LYH\xca\xb1\xed\x8a\x00\xecj\xa4\xf0\x8d\xdf0\xf9\
{b\x80:@s\xd2\x8a\xc7\xb1\xbf\xf2\xff\x00u7\
\xdd\xec\xf9\xad\x8f\xc6\x90\xc2\x8a(\xa0aE\x14P\x01\
E\x14P\x01E\x14P\x01E\x14P\x01Eg\xde\xdd\
\xcd\x0c\xc28\xbc\xb1\x81\x93\xbdI\xcf\xd2\xa1\xb7\xbb\xbd\
\x92\xfe4m\xa6\x22\x0e\xe0\x8b\x85\x03\xd74X\x0dj\
)\x19\x82\xa9f8\x03\x92j\x8f\xf6\xc5\x99%C8\
>\xf1\x9e\x9e\xb4\x01\x99\xa9*\x1dQ\xd9T\xe7b\xee\
$\x0cg\xb7\xf95\x03\x10\xa3\x057\xa8\x19\xc1\xabC\
O\x98\xdc;}\xa6\x092\xc4\x8d\xcd\x96\xe7\x9f\xf3\x8a\
g\xd8\xee\xd1\x94\x18HS\xc36A\x03\xdf4\xc4>\
\xd2\xddn\xe5q\xf3F\xe3\xefm\xe5M[\x95\x12\xdc\
\x1d\xf3\x22\xf6\xe1s\xc7\xf9\xcd:\xc0An\xa7\x05\xcc\
\x8f\xf7\x99\x80\xac\xc7\x0dus+\x84\xda[\x80GR\
3\xdf\xde\x80$\x96gi]b*P\x1c\x02i#\
\x8dc\x8c(\x18#\xd0S\xd2\x06\x8e%\x0c9\xefR\
\xc6\xa4\x8f\x98\x93\xe8E\x02+\xaa\x86S\xb8\x1c\x83\x9f\
\xc2\x90\xa8\x19\x1d=\x7f\xfa\xd5i\xd4\x03\xd6\xabN\x0a\
\xa8'\xb7\xa5\x00F\x06[\x86'\xeaipA!F\
\x0fs\xe9L9''\xaf\xf2\xfaS\xc9\xcf\x18\xc9\xf5\
4\x00\xd6S\xc1\xe8EH\x88\xa4\x81\x9eGZnN\
H\xf6\xa5M\xaa\xdc\xe7>\xd4\x01\x22\x0c\x0c\x8f\xbc\xd4\
\xf5\x07\x1d\xcf\xd6\x85N\xc0\xf5\xa7\x85\xe6\x80\x11G\x5c\
w\xa59\xc7\xa7\xd3\xb5.\xde@\xc1\xa5\xc1'\xd0\x1a\
\x06&:`\xfb\xe6\x99#\x15\x1by\xe6\xa6+\xc0\x0b\
HS<zP\x06d\xd8<\x13\x80:\x9fz\xa6\xa1\
\xd9\xb0\xaa\xd9\xe8q\xdcV\xb4\x90\xb362p{f\
\xa3\x16\xc7w\xca)\x88d1\xb3\xa9A\xc0\xc6\x01\xab\
\xd1B6\x85\xc1\xa7E\x08U\x03\x1cw\xab(\x87\x00\
\x91\x83J\xe3\xb1\x1aD@\xcfz\x93h=sO\xe0\
u\xe9H\xec\x15Ni\x5cv\x22\x90\xach\xc4\x91\xc5\
g]\xdd\x9d\xc5\x09\xc1\xcf\x19\xc0\xa2\xee\xe5\xcf\xcb\xc6\
A\xc9\xf6\xf4\xfcj\x81\x05\xbbq\xfe})\xa4K!\
\xd8\x0b\xb1]\xa4g\x1cS\xc489$\x90zv\xe2\
\xacF\xa24\xc9\xc6;q\xde\xa0\x98\xe0\x96f g\
\x81\x9e1LB\xcb&\x01\xda2W\x80\x0dEl\xb2\
\xbf\xef&\xc6\xef\xe1\x14\x80y\x8d\xc9\x18\xfaU\x81\xf2\
\x9c\x01@\x0fS\xbct\xc8\xc7\xe3S'\x088\xcf\xbd\
E\x8f\x9b\xae{\xd4\x80\x12A\x19\xcf\xa7j\x068\x1c\
\x02Nq\xfc\xeaP7($\xe3\xd0Tjy$\xf2\
{\xd4\xc8\xa1\xb6\x96\xe2\x90\x0a2x\x00\x8a\x99P\x01\
\xeahU\x18\x18\x02\x9f\x8es@\xc3\x1dx\x02\xa3e\
\x18\xfb\xc4s\xda\xa7 0\xcd4\xa9\xa0\x06(\xe7\xa6\
1A\x1cs\xdb\xd2\x9e:\x81\x90h<\x8cb\x80!\
 rG\xe0\x0d1\x86\x08Q\x91\x9a\x96L\xfdM4\
\xa9\x0b\xd3&\x80!'<\x0c\xe7\xd2\x82\x80`\x9e\xa3\
\x9cb\xa7\xda\x00\x07\x14\xdd\xacNH\xeb@\xacB\x10\
\xe7>\xfe\x95:)\x00\x1c`\x91J#\x1c\x0eA=\
*q\x11#n8\x1d\xe8\x18\x88\xa4\x9f_z\x90\x0c\
\x02\x0d</\xe1Me\xf7\xa41\x8ci0\xc4\x0e\xb4\
\xe6\x1f7\xe1\x8aN\xdd\xf8\xa0\x08\xdd\x87`i\x8c\xdf\
.{\xd3\xd8s\xc61\xd6\xa2?xm<\x1ab\x18\
\xce\xc4\x1c\xf4\xf6\xa6(\xe6\x9f\xb7\x19\x02\x9e\xa9\xcd\x02\
\x1c\xb4\xa4\xf4\xc5\x1d\x051\x86\xe6\xeb\xc5\x03\x1f\xc9&\
\x94/\xa1\xa4\x1f\xce\x9e\x8b\xf9\xd0\x04\x882ju\x14\
\xd4\x5c\x0a\x91i\x0cp\xa7\x0a\x05-\x002N\x83\x8a\
\xae\xcb\x8c\xe3\xb5L\xc7\xe6\xc1\xa674\x01\x03s\x8a\
aQ\xda\xa5c\x8e\x050\x8e(\x10\xc0\x0eqAO\
\xc2\x9eTg\x83@\x19\xa6\x03B\x9e\xd5r\x05\x18\x19\
\xa8\x14a\xbd\xaa\xc4}i\x02'\xa2\x90\x1c\xd2\xd00\
\xa2\x8a(\x00\xa2\x8a(\x01\x0d4\x8a}4\xd0\x03\x08\
\xa3\x14\xe3E\x001\x87\x14\xccf\xa6\xa6\xe2\x80#U\
9\xa7n\xed\xcd)\xe0R\x00M\x00FW-\xc0\xe2\
\x94\x81\xcejP\xbd\xfaR6\x05\x00V~\x05B\xe3\
\x8ezU\x86\x00\x8ezUw\xe9\xcfJ\x00\xaf!\xe7\
\x06\x9c\x14\x13\xc0\xed\xd6\xa3\xc0-\x90\x01\xfcj\xc2.\
W\x00q\xf5\xa6H\xd5\x8c`\xe3<\xd5\x84\x88\x1e\xbc\
\x001J\x88p\x7fJ\x90!#h\x1f)\xf5\xa2\xe3\
\x1e\xa3\x0b\x81\xf8Q\x8ei\xf4\xdcR\x18\xd3I\x8eE\
>\x93\xbd\x007\x1c\xd0z\x1awzC\xd2\x80\x19\x8c\
\x0ak\x8e\xf5!\xebL-\xb4\xe3\x14\x01\x10\x00\xb7\xa6\
)\x1dF\xd3\x8e\xf4\xe3\xf7\xa9\x08\xf9y\xa6\x22\xb6\x1b\
\x1c\xf5\xa6d\x88\xfa\x93\xee*v\xe0\x9c\xd3B|\xb9\
\xa0@\x0f\x19\xe6\x9a\xeb\x9cS\xc9\xc0\xc747\x04\x0e\
h\x02\x1e\xb9\x184\xa3\x18\xebK\xc8\xef\xcd\x03<\xf1\
\xc8\xa0\x06:\x07\x18\xc5Wx\xb0\xc3\x8cb\xad\x90M\
\x12()\xcd\x00VU\xc68\xe7\x19\xe9V\x13\x04p\
sPr\x19\xb8\xe6\xa4\x88\x90:\x8a\x00y\x18\x00\x7f\
\x91@\x03\xeb\xf8S\xf8a\x93\xcd(\xe9\xd2\x80#\x08\
\x0e1\x9aq\x07\x1e\xe3\xd6\xa4\x07=\xa9\x0a\xe0\xf5\xe6\
\x80+\xcbl%\xc9\x1f~\xa9\x88\xe4\x89\xb1\xceOC\
Z\xb8\xe3\xde\x91\xe3\x12.\x1f\x9fOj\x00\xafop\
\x1b\xe4l\xfdj\xd1\x8c:\xe0\xf7\xe9Y\xf2F\xd1\xb1\
\xf9~l\xd3\xed\xa7e`\xa4\xb1\x07\xd8\xd0\x03g\x89\
q\x82r\x05_\xd1\xae\x18\x07\xb7\x91\xfe\xef\xdc\xcf\x5c\
}{\xd4\x13\xaa\x90[\xdb9\x15GpIct\x0b\
\x94py\xef\x83\x9cP\x07YEW\xb6\xbb\x8a\xe2%\
t\x91[\x9cu\xef\xe9V)\x14\x14QE\x00\x14Q\
E\x00\x14QE\x00\x14QE\x00P\xbd\xb3\x96y\xd2\
D+\x85\x04\x15c\x8aK\x1b9m\xe7\x92G`\x15\
\x866\x03\x91\x9f_j\xba\xf2$k\xb9\xd9UG\x19\
4\xd12\xc9\x1b\xb4\x0c\xaeG\x1cz\xd0\x22\x8d\xfd\xf3\
$\x8do\x8f/ |\xe7\xbf\xaf\xb7J\xab\x0cP\x98\
\xc4\x92\xdc,q\x11\x84e#\x9c}{T\xe6K\x91\
*\x8b\x9d\xad\x018ex\xfa})\xf71A3B\
\xb0\xba\x02\x99\x02?\x5c\x9f\xa5\x03+\x9b\x0d\xb2\xb1S\
\x13\xc4\xfc\xab'\xde\xfcjI\xaf\xe6\x0c\x01\x0b\x80\x08\
t\xe0\x82i<\x88\xe0V!P3|\xa0\x8e\x95\x11\
\x5c\xe4\x7fJb\x18\x1eB\xdc\xb0\x0b\xbb\x82\x17\x1c\x7f\
Z\xb1\x0c1\xa7\xcd\xeb\xcei#L\xa8\xdc9\xc7N\
\xd50A\xd0\xe4\x0f\xa5\x00+\xedo^i\x02\x05\x00\
\x00i\xd8\x03\x14\x1es\x8c\xd0\x03X\x0cs\xde\xa1p\
\x08o\xe7S\xb0\x04Tl\xa3\x8e>\x94\x01Q\xa2\xf9\
\xba\x1c\x0e\x94\xd3\xd7-V\xd9\x01\xc6A\xc7Z\x8b\xca\
\xc2\x9c\x0f\xce\x81\x10\xf2\x0f\x19\xc9\xe7\x93OA\xbb\xb6\
\x0f\xad(\x88\xee\xeb\xd2\xa7\x8a2I$dt\xa0,\
\x22\xa1\x03\x8e\x82\x95F\xe3\x8ay]\xa7\xbe\x058)\
\xc7\x22\x81\x89\x8es@\x19\xe2\x9d\x8c\x1e\xb8\x14\xb8\x1f\
J\x00i\x19^\x9cQ\xc9\xc6{S\xf1\x9eM4\xa9\
\x07$\xf1H\x04?1\xc9\xc0\xc54&\xe3\xd0\xd4\xbb\
s\xd7\x9c\xd4\xc8\x9bi\xdc\x04T\x03\x93\xfaS\xc0\xf6\
\xe9N\x02\x82q\x9eE!\x91\xbb\x05\x078\xf6\x1e\xb5\
\x9dwtw\x02\x1b\x00v\xc6r\x7f\xce)n\xaeA\
\x0c\xb9\x01\x8f\xca\x08\xe7\x1c\xe3?Z\xcev\xdd\xc2\xaf\
=y\xa6\x90\x9b!\xceX\x92I\xcfC\xeb\xf5\xa9\xd1\
\x11J\xb1R\x16\x98\xaa\x067\x8cd\xe6\x96I\x0fl\
\xf1\xd0S\x10\xd9X\xa8<\xe1{qU\xe4\x1eh+\
\x8cg\xa1\xa9\xb9e\xcf#\xd6\xa5\x86-\xc0\x13\xce9\
\xe7\xa5\x02\x22X\x19\x22\x03\x8c\x81\x9e\x95*G\xb5@\
\xcf=j\xca\xa0=i|\xaf\x9b\x9e\x9d\xa8\x19\x0a\xa6\
\x1bp?\x8d\x00\x1c\xe3\x91\xefS\x88\xb1\xf7\x87\xf8P\
\xa9\xf2\xff\x00\x89\xa4\x02\x22\x920\xa3\xeb\x9e\xf50O\
^\xd4\xd4\x05O\x03\x9e\x95(\xe4\x01@\x0a\xa3\x07\xd7\
\xd2\xa5\xdb\xc7\x14\xc1\xc3c\x1cT\xa0P1z\x0c~\
\x94\x85H\xebK\x8eG\xad;\xa1\xcfjC#d\x19\
\xe9\xf9R\xed\xc6\x0f\xafZ\x90.N{R\xec\xcd\x00\
A\xb7\xe6\xec8\xa4#\x07\xbf59C\x8a@\x06N\
3\x8a\x00\x8cB\xa7\x9eH\xa4\xd9\x8e\x95600)\
\x19r(\x01\xaa\xa3#\xd6\xa5Q\xd2\x9a\xab\xc7#\x9a\
~\x08\xa0\x00\x81M\xe9\xda\x9eG\xb54\xf1@\x0ca\
\xda\x9b\xb7#\xd2\x9f\x83\x93\xedM?\x8f\xe5@\x110\
\xc8\xcf\xf4\xa8\xc8;\xb8\xe9S\xb2\xfau\xa6m\xe2\x98\
\x88\xc7^\x94w\xa91\xc54\xfa\x0a\x00\x8f\xa9\xa3\x07\
\xad+t\xe3\xad9W\x8c\x0f\xce\x80\x15T\xd4\xca\xbd\
\xea5\x5cc\xbdXQ\xc5 \x14\x0e)\xe2\x90S\x87\
Z\x068S\x80\xa4\x14\xfa\x00\x85\xbd\xe9\x8dR\xb0\xa6\
c4\x01\x03.M!\x04p*V\x18\xa8\xddO\x18\
\xed@\x0c\xeaq\x8az\x81\x81\xcd\x00s\x9c\x1ax\xce\
h\x00\xc7z\x920s\xedB\x8e*T\xe0b\x80\x14\
\x0cR\xd1E\x00\x14QE\x00\x14QE\x00\x14\xd3N\
\xa4\xa0\x06\x9a)M%\x00\x14\x94\xd6\x90/\xbd7~\
\xea\x00\x5c\x82\xe4\x0e\xd4\xf5\x14\x91 \x00\xfb\xd4\x94\x00\
\x98\xe6\xa3rjBi\x84f\x80+\xba\xe1qU\x1c\
\x90y\xe9V\xe6$\xae?\x95T\x93\xa8\xc0\xa1\x09\x8c\
Q\x97\xef\x8fj\xb8\x8a\xa5\x05A\x12sW\x13\x808\
\xa6\xc1\x0b\x12\x8a\x97\x03\x14\x8bN\xa41\xb8\xa44\xec\
Q@\x0d\xc5%)\xa5\xc5\x003\x14\x94\xea(\x01\xa4\
f\x9b\xb4z~t\xfcS[\xee\xd0\x04O\x8c\xe3\xbd\
5\x80 \x0fJ~>~i\xcc\x80\xfbP\x05YW\
\x1e\xe2\x98\xad\xc6*\xcb\xc6Tb\xa0+\xf3d\x8ab\
\x05\x1d)^\x94)\x18\xe7\xf0\xa5##\x9a\x00\x87\x19\
<R\x10q\xb7\xf5\xa7\xed\xc0\xe2\x97\x18\x1d(\x10\xcc\
\x0a\x00$\xf3\xd0\xd2\x9f\xf3\x8a\x07\xca2s\xf8P\x05\
yP\x87'\xd2\x98@'9<\xd5\xc9\x06\xe58\xeb\
U\xca\x8cs\x9f\xc2\x80\x1f\x0baB\xfa\xd4\xc0`\xf4\
\xaa\xcav\xa8\x1c\xf1\xedVP\xee\x1c\x9eh\x18c\xd0\
P}8\xc58\x02(\xc5\x00 #i4\xb9\xf5\x14\
m\xe7>\x94\xa1N}\xa8\x02)a\x12\xa9\xc1\xe7\xb5\
gyO\x14\x9brr9\xcf\x15\xb0W\x81\xd3\xebU\
\xee!i\x100\x19e\xa1\x08\x82)w\xc6Q\xf8\x14\
\xc6\x8f\x04\x85S\xc7aU&c\xe5\xb2\xb7\xde\xfeU\
b)w&\xdd\xc0\x91\xc6s\xcd0%\x8d\xe4\x80\xb1\
\x87\x0aOS\x81\x9a\xbfk|~\xe3+\x96g=\xf3\
TB\xf5\xc8\xe4\xd0\xca\xc3\xee\xe3\x8aL\x0d\xd12\x12\
\x06q\x91\x9a\x93<\xe3\x22\xb1|\xf3\xb7;\x02\x91\xdc\
zq\xfdEN\x97\x01\x0b\xb8$d\x8c\xfb\xd2\xb0\xee\
i\xd1MW\x0d\xd3\x90y\x06\x8aC\x1dE\x14S\x00\
\xa2\x8a(\x02+\x84\x86H\x8aL\x14\xa7R\x0dAj\
\xf6\xa9\xfb\xb8Waa\xb8\xa9\x18\xff\x00&\x9f}\x12\
I\x01\x0e\x07\xca2=A\xf6\xaa\x90\xc7\x90\x1b8\x1d\
\xa8\x11`\xdbe\xb6\xb3\x96\x1dr{Ud\xc0\x94\x86\
\x01\xb1\xd0\x1f\xf1\xaba\xccg\xaesLe\xe7$r\
h\x19\x09E?(\x18\x1dqHP\x11\x8e\x951\x00\
\xf5\xebL\xc1\xdb\xcf\x5c\xd3\x10\xd00}\x85?\xa8\xe4\
\xd3_\xd4t\xa0t\xcd \x1eGCG\x22\x8c\x93\xc5\
;\xf0\xa0cv\xf7\xc5!\x5c\x9f\xe5O\x19\x02\x9e0\
GJ\x00\x84\xa8\xf7\xa6\x98\xc5Y Sv\xf3\xc8\xe2\
\x80!\x11\xf3\x91NU\xe3\x1d\xaaB\x05\x18\xa0\x06\x10\
\x08\xc7j:\x81\xcd;m\x1d\x07\x02\x80\x1b\x81\x83\x9a\
1\xebK\xb7\xa9\xcd\x1b}h\x01\xbd\xe8\xef\xefO\xda\
)6\x8e\xbd\xe8\x01\xe8\xabRc\x8f\xa55284\
;lB\xc4\xd2\x00wT\x19b\x07\xd6\xa8\x5c]\xe4\
\x15A\xcb~\x82\x92\xe6\xe8\xfc\xc3\xd7\xa5Q\xc1.\xd8\
\xc8\xc9\xceMRBlB\xdb\xa5=\x7f\xc6\x9a~\xf6\
1\xedN'\x03\x8e\x1b\xb552\x13-\xcbS\x100\
\xed\x8a\x8c)c\xd6\xa4\x03\xb9\xcd.9\xe9@\x08\x00\
\x03\x18\x19<T\xd1)\x5c\xe7\xe9\x8a\x89N\xe7\x0as\
V\x90\xf0=i\x00\xaa\xa0u\xcd=F\xdez\xfaR\
{R\x8f\xbb\xee(\x01I\x1d\xe9\xbb\x06Nz\xd3\xb8\
\xeeh^\xfe\xb4\x00\x8a2q\xdb\xa1\xa7\xe4}\x050\
g\x9cs\x9aQ\xc6\x00\x07\x9a\x06H\x0f&\xa5\x075\
\x0a\x8c\x90{\xd4\xeb\xcf\xe1H\x07\x01\xc6i\xc0n8\
\x1d)\xbd8\x154k\x8a\x06.8\xc5.)\xd8\xa2\
\x80\x18F8\xa6\x95\xa9qHE\x00F\x05\x18\xeeE\
;\x14\xb8\xa0\x06\x80@\xcd\x00\xf3Jih\x01\xa6\x83\
\xc8\xc5!\xeb\x81\xcd-\x003\xa7\x22\x9b\xdf\x14\xf3\x8c\
\xd2v\xa0\x06\x15\x1f\x8d7\x14\xf6\xe2\x982[\x9a\x00\
c\x108\xa8\xd8\x8e\xa6\x9e\xe3\x9a\x8bo<\x9ab\x14\
\x0c\xe4\xfeU\x22\x8e\x9d\xa9\x8a?*\x94P\x03\xd4s\
R\x81MA\xde\x9e\x05!\x8e\xa7\x0fSM\xa7\xaf4\
\x00\xa3\x8aw\xd2\x9a8\xa5Z\x00\x1a\x98W4\xf23\
M\xa0\x06m$\xf3M\xdajR8\xa6\x8fJ\x00\x8c\
)\xa7m\xa9\x00\xa5\xdb\xce(\x01\x80T\x98\xa3m-\
\x00\x14QE\x00\x14QE\x00\x14QE\x00\x14QE\
\x004\xd4n\xf8\xe2\xa5<u\xaa\xcd\xc9\xa0\x0619\
\xc5H\xa0qM\x11\x82\xd9\xc9\xa9\xd5@\xa0\x07(\xe2\
\x94\x8a\x07\x02\x82h\x01\xa6\xa3w\xc7z\x90\x9a\xab!\
\xe7\x22\x80\x18\xed\x9c\xe3\xb5Wr\xc4\xfa\x8a|\x87\x8c\
\xf5\x14\xc0\x0b\x1ez\xf6\xa6\x22hx\x00U\xa5\x19\x15\
\x04K\xc6*\xca\xf4\xa41\xea8\xa5\xc5 \xe9K@\
\x09F)qI@\x09F(\xa5\xc5\x004\xd2b\x9d\
M\xa0\x04\xa0\x8c\xd2\xd2\xe2\x80#\x1c\x1e\x07\x14\xbd\xe9\
H\xe3\x14c\x9a\x00g\xa8=j\x17_\xce\xa6#\xe6\
\xcd\x1b\x03\x1c\x13\xc5\x00@\x07\xe7K\xb4T\xa6\x16\x07\
\x8eG\xa54\x83@\x10\x11\x8ah\xe2\xa5a\xc53o\
9\xa6\x223\xd7\x83\x8a1\xce\x05<\x80\x07CG\xde\
\x14\x00\x01\x9e1\xc5C,x9\x1c\x0a\x98\x029\xa7\
\x90\x18s\xd2\x80(\x91\xf4\xa9#$u\xa5d\xdb!\
\x1cm\xedB.\x1bw<\xf5\xa0E\x8c\xfc\xb9\xcd(\
\xc1\xedJ\xb8\xc5\x00z\xd2\x18m\xa7w\xa0\x0a\x5cq\
@\xc4\xc0\xcf\xb50\xa9\xe4\xe4\xf3O\xdb\xc74\x87\x92\
98\xa0E+\x8bX\xc0b\x8b\x86\xfe,\x0a\xcf\xe4\
\x1c\xf3\x8fj\xda+\x8e\x7f\x9dS\xb8\x81@\xdc\x07>\
\x94\xd0\x86\xc5(\x91W\xa6z\xd4\xbbx\xc5T\x8d\xca\
\x1c\x02s\x8e\xb8\xab\x91\x9f1r1@\x09\xd1\x8f\xa5\
(\x18\xe9\xefN+\xcex\xc5\x1bM\x008\xc8^M\
\xe4\xe4\x8e3E Q\x93\xfe4Q`6(\xa2\x8a\
E\x06@\xefMv\xd8\x85\xba\xe2\x99.H\xfas\x8f\
zk|\xe9\xc9\xc0\xcd\x00\x01\x98\x96$\xe3?v\x99\
\xdb\x00S\x80\xc5\x18\xa0\x06\x11\x9ei\x09\xf5\xa7\x9cT\
O\xed@\x0b\x80:S\x0fO\xebF}\x06\x7f\x1ai\
\xc9\x1cP!:74\xe0F8\xa8\xf0H\xe4\xfbS\
\xd4\x8fC@\x0e\xc1\xe7\xee\xf3N\x1cu4\x984\x01\
\xb9\xba\x11@\xc7 fc\xe9S`f\x9e\xa8\x02\xe2\
\x8d\xb4\x00\xd2(\xdbK\x8a1@\x0c#\x1c\xd2c5\
&\x0d0\x8fJ\x00i\x18\xebI\xc0\xe3\xbd?nz\
\xd3q\x8e\xf9\xa0\x04\xf4\xe2\x97\x1e\x94\xa2\x8e\xd4\x00\x10\
(U\xe6\x8c\xd3|\xc0\xb4\x01/\x08:\x8a\xa3sq\
\xc9]\xbc\x03I=\xceT\x81\xd2\xa91$\x8ex\xf4\
\xa6\x90\x98\x87?S\x9f\xca\x98\xdc\x0e\xa7'\xa5<\xe0\
\x1cs\xcf\xa50\xa9/\x9e\xd4\x08k\x0c\xa9\x04\xd0\x10\
\x95\xe0\x1apL\x9cv\xa7\x85\xf6\xa6\x031\xc6;R\
\xf4>\xfd\xa9\xf8\xe7\xde\x80\x01j@\x22\xa6}\x81\xab\
\x1b\x06=\xc561\xcf#\x91O\xcf\xcd\x9eh\x01\x00\
9\xe9F\xe2\xc3\x8e\x94\xa7\x9eFi\x01\x00\x1c\x03\xc7\
j\x06;\x1c\x8a\x08\xc8'\x1fLSA\xcfPiv\
\xf7\xe7#\xde\x80\x17?7\xdd9\xa5Q\xdb\x1c\x8aC\
\x91\xe9J\x06\xecc\x8a\x00x8\x03\xd7\xe9R\xe4\xe3\
\x8cb\xa2\x1d0z\xd4\x8a\x0fZ@M\x18\xc9\xc9\x02\
\xac\x0e\x95\x14J\x02\xd4\xc2\x81\x85-\x18\xa2\x80\x0cS\
i\xd9\xa6\x92\x05\x00'z3M\xcf4\xc2\xf84\x01\
!4\xc6a\x8c\x0a\x89\xa4'\xa7\xe7H\x8cs\xcfJ\
\x00\x98\x0c}ih\xfaQ@\x08sL\xf7\xa7\x93M\
\xce\x0d\x000\xf20j6\xe3\x80jV\xc5V$g\
\xbf\x14\x08\x0f&\x8d\xa3\xf1\xa6dn\xceM/C\xc6\
i\x81\x22\xf4\xa7\xa0\xc9\xa6)\xe7\xa5L\xa3\xd2\x90\x12\
(\x00qN\x14\xd5\xc6)\xfcP1iG\x14\x94\xb4\
\x00\xa3\x07\xbd>\xa3\x03\x14\xf1@\x0bE\x14P\x02b\
\x8d\xb4\xb4P\x01E\x14P\x01E\x14P\x01E\x14P\
\x01E\x14P\x01E\x14P\x01E\x14P\x03X\x12\xb8\
\xa8\x00+Vj6^s@\x0dZx\xa1E;\x14\
\x00\xb4\xc3\xc5<\xd3\x0d\x00F\xcej\x17\xa9\x18e\x8e\
;S\x08\xc8\xc9\xa0\x08\x08\xcf'\xf4\xa6\xaa\x9e\xb9?\
\x8dJW4\x05\xfa\x9f\xc6\x98\x87\xc5\xd2\xac(\xa8c\
\x15:\xd2\x18\xfaJZ1@\x09F(\xa2\x80\x12\x8a\
\x5cRP\x01\x8aJZ1@\x09IKK@\x0c\xa2\
\x9dI\x9fj\x00c\x0e\xf4\xdc\xf3\x8e\xf5#\x0e*=\
\xa7\xe5\xf4\x14\x00\xf6r\xa4\xf1\xee)\x9di\x5c\xe53\
\x91\xc1\xe6\x9a\x0e\x0d\x001\x87\xcdL\xc7\x153\x8e)\
\x98\xe74\x01\x13\x0ei\x00\xc1\xefR\x91L\xee{\xd0\
!\x00\xe3\x9ap\xce}\xa8\x1c\xd3\xb6\x8a\x00\x8d\xd3r\
\xf1\x9c\x8a\x8dFI\x1d\x0f\xb5X\x1f\xa51\xc6\xd6\xc8\
\x1di\x80\xe5\x1d\x06zS\xb1\xd6\x9a\xac=\xf3N?\
6\x08\xa41F1\xe9N\xc57\x1cb\x94.Fh\
\x01q\x91Q\x9f\xbd\x8ct\xa9;t4\x98\xcf\x1d\xa8\
\x02.\xa3\xa1\xe6\x98\xc3#\x07\x92jb\xbf\xa50\x8c\
6M1\x19w1\x14f\xc1\xc2\x9aH&\xf2\xc0\x07\
\x1bG_z\xd0\x9e\x11*\x1cc5\x94N?\x87\x9f\
Z\x10\x8dU\xc1\x19\x1c\x8cf\x80\x06x\xaa\xb6r\x12\
Y\x09\x1csW\x02\xf3\xd6\x81\x8d\x02\x8av\xdcQ@\
\x1aD\xd1\xb8\x0e\xf9\xa0\xd3q\xde\x90\xc4=O\x14\x9f\
\xc3\x8a\x5cR\x81\x8a\x00e--\x18\xa0\x08\xda\xa3j\
\x95\x87\x1c\xd4G\xd2\x80!\xe7<\x8aNH\xcf\x22\xa4\
9\x1c\xd3r\x14t4\x08h\x1f\xe7\x14\xed\xd8\x184\
\xdd\xc7'\x91M\x1dh\x02u\xc9\xab(\xb8\x1e\xf5\x0c\
+\x93\x9a\xb3\x8a\x06-\x14Q\xda\x80\x12\x90u\xa7v\
\xa0\x0cP\x03sI\x8ei\xd4b\x80\x1bMe\x0c)\
\xe6\x92\x80#\x02\x8c\xd3\x88\xa4\xfch\x01\x87=j\x09\
\x08={U\x87'\xa5Wn\xb4\x01NF>a\x18\
\xe9\xfa\xd4e\xb8=sR\xc8\x806}zTX\xcf\
^\xb4\xc9\x18\x060\xdd\xe9\xe1OA\xcd=\x13>\xf5\
\x22\xafq@\x11\x04\xdb\xefK\x8c}jS\x8c\xd2(\
4\x00\xc2\xbd\xb1\xcf\xad*\xa8\x07\x9e\xb5&0y\xa3\
\x00\xb5\x00&9\xc8\xedN\xefF\x0er3\x9a8n\
\xfcP1\xb8\x05\xb3\xd3\xda\x94d\xe7\xa8\xcd8\x81\x8c\
\xd0:u\xcd\x004d\x8e\x08\xa0\x8cq\x9c\x93N\x03\
#\x19\xc1\xa5\x01s\xd7#\xd3\xbd\x007\x9fJz\xa9\
\xe3\xb7z\x07\xde\xc7j\x97n\x06\x05\x004\x00\x061\
R\xc6\xa0\xbf\xbd5A54c\xd7\xad!\x92\xa8\xe3\
\x14\xfcR\x0av(\x01(\xa2\x90\x9a\x00F5\x137\
jW<\xe2\xa2 \xf5\xa0\x05f\xc0\xe6\xa2c\xdf4\
\xe3\xc7\x15\x11<q\xcd\x02\x00\xdc\xfbT\x88A\xe35\
\x09<u5$y\xcfJ\x00\xb0\x0f8\xa7\x1fzj\
\x8f\xce\x9czf\x81\x89Ln)\xc7\x8a\x8d\x9b\xaf\x14\
\x01\x1b\xb6~\xe9\xe9Q\x12q\xe9Nlc\x83\x8c\xd3\
O\x1d\xb3@\x86m9\xe2\x81\x9e\x94\x0e\xbc\x9f\xad(\
\x1dps\x9a`I\x19\x07\x9fJ\x9dG\xa5E\x10\xc7\
\x07\x9a\x94\x1c})\x0cx\xa7\x0ah\xcex4\xe1\xef\
@\x0f\xebKIN\xe2\x80\x0ap\xfa\xd2\x01\x9aP1\
@\x0bE%-\x00\x14QE\x00\x14QE\x00\x14Q\
E\x00\x14QE\x00\x14QE\x00\x14QE\x00\x14Q\
E\x00\x14QE\x00&)h\xa2\x80\x10\x9ac\xb0\x0b\
O\x22\x98W&\x80\x18\x07\xcbMa\xcdI\x8c\x0aB\
(\x02-\xbcP\x13\x9cT\x98\xe6\x9d\xb6\x80\x1a\xa3\x15\
 \xa0\x0ap\xe2\x80\x0a(\xa2\x80\x12\x8aZJ\x00(\
\xc5\x14P\x02QE\x14\x00QE\x14\x00b\x92\x96\x8a\
\x00n\x09\xeaiq\x85\xe9KJh\x02\x07\xda\x06\xdc\
t\xe9M\xef\xedN\x90s\x9aL\x8d\xb8\xa0\x01\x81\xc5\
7\x14\xf5Zv\xdeq@\x10\x91\x91\xc5DW\x07\x22\
\xac0\x15\x11>\x94\x00\x8a9\xefN\xc7bhN\x0e\
9\xa7\xe3\xb9\xa0\x06\xf4\xa6\xb8%s\xdcS\xfa\x9cS\
Y~Z\x00\x886\x1b\x9a\x90`\x9f\xa5&\x01\xe2\x94\
/Oj\x00\x93\x14\xa1XP\xb4\xfa\x00h\xe3\xad%\
<\xa84\xdc\x1a\x00LTds\xd2\xa5\xa4\xa0\x08\x08\
=qU\xae\xa0$oR\x06:\x83W[\x83\xcfJ\
i\x1cb\x9a\x15\x8ch\xb2\x8cprG\xb5i\xc7 \
\x92 \xde\xbf\xa5V\xbb\x83cnRH\xcd6\xdeB\
\x8f\xf3\x0e\xbc\x13\x9a\x18\x17\xb3\x91\x8a)W\x07\x9e\xa2\
\x8a@^\xa2\x97\x14P1;QKI@\x05/\x14\
\x94v\xa0\x08\xe4\xe9\xc5@MX\x93\x8f\xa5Wnz\
P\x03\x18\xe4pj<\x9e\xe6\xa5\xc0?Ji\x19=\
\xa8\x10\xccd\xf3\x80jX\xd0\x96\xcd\x22\xae[\xd6\xad\
\xc4\x9cf\x81\x8a\x88\x14qO\xc5\x18\xa7P\x02Q\x8e\
)qI@\x068\xa4\xa5\xa3\x14\x00\x98\xa4\xa5\xa44\
\x00\x98\xa4\xa7SH\xa0\x02\x9aG\xb5:\xa2\x92UA\
\xc9\xe7\xd2\x80\x14\xe3\xa5A'\xca\x09=\xaa$\x98\xb3\
\xe7<\xd43\x5c\x16r\xb88\xed\x91LW\x18\xef\xbd\
\xb2\x07\x1d\xa9\x11\x7f:_c\x8cT\xb1FNO\xa5\
\x02\x15c\xc2\xd3\xf01\xcdI\x8aL\x0e\x84P22\
=\x05&\xdejR)\x08\xc8\xa0\x08\xc7\xa84\xb8\x19\
\xa5\xc7J\x06N}E\x004\xe0\x8c\x13\xc5\x18\xc0\xe2\
\x9d\x8ey\xfc\xa9\x0e\x09=\xb1@\x0aA\x07\xb0\x14\x98\
;\xba\x91@\x18\xcfZQ\xe8\x07\xe7@\x09\xb4w\xa7\
\x85\xf4\x00R\x05\xe7\x1diz\x1a\x00P0i\xe0S\
s\xc1\xcd9:\xd2\x18\xf5\x047J\x99G\x19\xefM\
N\xb8\xa9@\xa0\x05\x14\xb9\xa0Ph\x013M4\xa6\
\x90\xd0\x04L\x09\xa6\x9cb\xa4>\xb5\x1b\x1e:\x81\xf5\
\xa0\x0a\xf2\x0ey5\x19=\xb3\xc6{T\xc7\xd7\x19\xa8\
\xb6\x93\xc7\x02\x81\x00\x1c\xf1\xcdO\x10=\xaa4\x5c\x0f\
z\xb0\x8a}\xa8\x02E\x14\xa6\x8e\x94\x94\x0ca\xa8\x9b\
\xbdLx\xa8\xd8\x0c\xf7\x14\x01\x09\x07<\xe0\xd3i\xe5\
i\x0f'\xda\x81\x11\xec<\xf7\xa9\x11F2:R/\
\xcd\xd8\xfe4\xf5\xeb\x81L\x01G\xcdR\x81\xf8\x9a`\
\xe3\xebO\x14\x86*\xf0)\xe3\x9e\x94\xd1\xc8\xe6\x9e\xbc\
P\x03\x858Si\xc2\x80\x14\x1au&)h\x011\
KE\x14\x00QE\x14\x00QE\x14\x00QE\x14\x00\
QE\x14\x00QE\x14\x00QE\x14\x00QE\x14\x00\
QE\x14\x00QE\x14\x00Q\x8a(\xa0\x04\xc5&)\
\xd4P\x036\xd2\xe2\x9dE\x00%\x14\xb4P\x01\x8aJ\
Z1@\x09IKE\x00%\x14\xb8\xa4\xa0\x03\x14b\
\x8a(\x00\xc5\x18\xa2\x8a\x00J\x5cQ\x8a\x00\xa0\x03\x14\
R\xf6\xa3\x14\x01\x13\x0a\x8c\xaf=*|Rb\x80\x1a\
\x8a)\xd8\xe74\xa0b\x96\x80!\x90b\xa18$m\
\xab2\x0c\x8a\x8b\x18\x14\x01\x18$\x1eEJ\x06E!\
\x1cS\x94\xe7#\xd2\x80\x00\xa3\xad5\x94c\xa5H:\
sF(\x02\xb8\x1e\xd4\xfd\xa7\xd2\xa4\xdbI\x8a\x00j\
\x8ax\x14\xb8\xa5\xa0\x02\x90\x8au\x14\x01\x1fJJ\x93\
h\xa6\x91@\x0c#=i\xa4S\xca\x8aB(\x02\x17\
P\xf1\xb0\x22\xb2YN\xec\x12\x00\x15\xb7\x8c\xd5\x1b\xa8\
9.\x8b\xd7\xaf\x14\xd0\x98\x96\xd2\xed\x1b\x18\x10=\xe8\
\xaa!\x99I\x19\xc7\xbe\x0d\x14\x08\xe9\xa8\xa2\x8aE\x05\
\x14Q@\x06(\xefE\x14\x00\xc7\x5c\xd5v\xeb\x83V\
\xc8\xa8\xca\x0fJ\x00\x83\x19\xedJ\x12\xa7\x0a(\x0b\xed\
@\x11*\x1c\xf4\xab\x09\xd2\x93\x14\xe1@\x0bE&)\
h\x013K\x8a@1K@\x09E\x14P\x02R\x1a\
ZC@\x01\xa4\xa0\xd4S\xcc\x22L\x03\xc9\xa0\x05\x91\
\xd65,\xc7\x00VD\xd3,\x87qq\xc7'\x07\x9c\
T\x97\x12\xe5\x89v%G^*\xa6C\xc9\x80\xf8=\
1\x9e\x7f\x9d4\x89d\xfb\xc0\xce\xd2I'\x1cSL\
\x81\x9b\x9c\x11\xf54\x9b\x14.\xd0H=x\xf5\xa7E\
\x16\xe6\x5c~T\x01=\xbc[\xc1,\x06*\xde\xdfJ\
T\x8dQB\xa8\xc5/z\x07a\xb8\xa4\xfe,\xd2\x90\
s\x9a\x0esHcO\x14\x94\xa7\x93I\x8a\x04!\xe6\
\x93\x06\x97\x9fjF-\xdb\x14\x00\x84db\x9a\xc0\xf5\
\x04\xd2\xe0m\xeb\xcd.\x0eH#\x9a\x00Lu\xeb\x8a\
Q\xd2\x82;Q\xfc4\x00\xab\xd7\x1dE.=:\xd2\
\x0e)\xe0s\xcd\x00*s\xe9\x83R \x19\xa6\x05;\
\xbd\xaaP\x01\xcflzP1\xe81\xf5\xa9@\xe2\xa3\
N:\xd4\x83\xa5\x00-!\x14\xb4P\x03M4\xd3\x8d\
!\xa0\x08\xce}*\x09\x01'\xa0\x22\xac7\x035\x18\
\x05\xbbq@\x10\x859\xa0'r*m\x94\xed\xb9\xa0\
\x08\x95A<T\xca\xa0SB\xe0\xd4\xa0P\x01\x8aB\
1N\xa6\x9a\x00a\x15\x19\x1d\xcdJi\xa7\x90h\x02\
\x13\x8fCM#\x8e*L\x0aL\x0e\xf4\x00\xc08\xef\
O\x0a{t\xa5\x14\xa3\x19\xf7\xa0\x04\xed\xc6)\xc3\x9a\
\x17\xaf\x14\xb4\x00m\x19\xa7\xa8\xcd \x1c\xd4\x8a8\xa0\
\x05\x02\x9f\x8aLR\xd0\x01E\x14P\x01E\x14P\x01\
E\x14P\x01E\x14P\x01E\x14P\x01E\x14P\x01\
E\x14P\x01E\x14P\x01E\x14P\x01E\x14P\x01\
E\x14P\x01E\x14P\x01E\x14P\x01E\x14P\x01\
E\x14P\x01E\x14P\x02b\x8aZ1@\x06)1\
KF(\x01\xb4S\xa8\xa0\x06\xd1N\xa2\x80\x10\x0aZ\
(\xa0\x02\x8cQE\x00&)1KE\x00\x14b\x97\
\x14b\x80\x1aFj6\x156*3\xc9\xa0\x08\xb1N\
\x1c\x0e(\xa7c\x8a\x00\x00\xc8\xa5\xc5(\xa5\xa0\x06\xe2\
\x8d\xa2\x9dF(\x01\xb8\xa5\xa5\xc5\x18\xa0\x04\xa5\xc5\x18\
\xa2\x80\x12\x9a\xdc\xd3\xe91@\x11\x91I\x8a\x90\xfbR\
m\xa0\x06\x11Md\xdc\xa5Oz\x94\x8ah\x14\x01\x89\
2\x94\x99\x95\x80<\xf5\xcf4U\xab\xa8\xff\x00z[\
\xa9\xcfaE2M\x8a(\xa0R()\x0d-%\x00\
%- \x14\xea\x00i\xa4\xa7\xe2\x93\x14\x00\xd1\xd6\x9d\
\x8a1K@\x09\x8aZ(\xa0\x02\x8a(\xa0\x02\x8a(\
\xa0\x04\xa2\x96\x83@\x09Hii;\xe3\xb5\x00#\x10\
\x01>\x95\x99<\xbecg\x07\x8e1ZN7!\x03\
\xbdQxX\x9cc\x9fZ\x10\x99Qc2\x1cd}\
1R\xb4~Y\xc6r\xde\xb5r\x186\x0f\x9a\x95\xd3\
\x8eh\xb8X\xceX\xd8\x9d\xc3\xf1\xab\x96\xf1\x11\x86\xe8\
=)\xcb\x08\xcf=*`\xb8\xe0t\xa1\xb0\xb0\x86\x9b\
\x8c\xf2)\xe7\x83M'\x8e\x94\x0ca\x06\x90\x92)\xc4\
\xf3\x8ai\xa0\x06\xe7\xd8\xd0\x0f\x1e\xf4\xa0\x1c\xe4\xd2\x1c\
\xe7\x1d\x05\x02\x10\xe6\x90\xae{\xe3\xe9J\xc3\xbd\x00g\
\xb5\x007h\xe4b\x8c\x91\xd7\x81\xe8i\xe4t\xe3\x9a\
B\x0e\xee9\xfa\xd0\x03s\x9es\xfaRv\xa9\x02\x0e\
\xd4\x05\x1d(\x011\xc5J\xaa\x07@M4b\xa5P\
=h\x18\xa1G\x5c\xd3\xc0\x03\xb5\x00q@9<\xd0\
\x03\xb1\x9ap\xa0\x8ct\xa5\xa0\x02\x8a(\xa0\x04\x22\x92\
\x9dE\x00D\xc3q\xf6\xa0\x8a\x93\x1cSh\x01\xb8\xa5\
\xc5-\x14\x00\x01\xde\x97\x14R\xd0\x02SM:\x90\xd0\
\x03H\xa6\x1cS\xe9\x8c\x00\x19\xa0\x06\x1aLg\xb5?\
\x19\x19\x1d(\xdb@\x0d\x0aOJ1\xd4c8\xefR\
(\x03\xb58\xa1\xe3\x1d\xe8\x020\xbb\xaae@\x0fJ\
h]\xad\x8c\xd4\x83\xa5\x000\x81\x9c\x81\xf9S\xc7J\
Z(\x00\xa2\x8a(\x00\xa2\x8a(\x00\xa2\x8a(\x00\xa2\
\x8a(\x00\xa2\x8a(\x00\xa2\x8a(\x00\xa2\x8a(\x00\xa2\
\x8a(\x00\xa2\x8a(\x00\xa2\x8a(\x00\xa2\x8a(\x00\xa2\
\x8a(\x00\xa2\x8a(\x00\xa2\x8a(\x00\xa2\x8a(\x00\xa2\
\x8a(\x00\xa2\x8a(\x00\xa2\x8a(\x00\xa2\x8a(\x00\xa2\
\x8a(\x00\xa2\x8a(\x00\xa2\x8a(\x00\xa2\x8a(\x00\xa3\
\x14Q@\x05\x14Q@\x055\x85:\x83\xcd\x00FE\
\x00z\xd3\xb1F(\x00\x14\xb4\xb4P\x02R\xe2\x8a(\
\x00\xc5\x18\xa2\x8a\x00J)qF(\x011F)q\
I@\x0d\xa5\xc7\x14\xa4Q\x8a\x00m&)\xf8\xa4\xa0\
\x08f\x87x\xe0\xe0\xe6\x8a\x9a\x8a\x00u\x14Q@\x05\
\x14Q@\x05\x14Q@\x05\x14Q@\x05\x14Q@\x05\
\x14Q@\x05\x14Q@\x05\x14Q@\x05\x14Q@\x05\
'\xe1KI\x9a\x00CM\xc0\xfci\xc4\xd1\x8a\x00i\
\x14\x10\x0fZu4\x9c\xf4\xa0\x04\xe3\x1d(\xc5\x14\x11\
\x8a\x00i\x14\xd28\xe2\x9ci\xa6\x80\x18y4\x84{\
\xd3\xf0sI\x8c\x1fj\x00n)\xb4\xf3L\xa0\x03\xbd\
\x18\xe9GcK\x8cu\xa0\x04\xe4Q\x9e\xd4\xa4P\xb9\
'\xa6h\x00\x00\x91\xefB\xaf?Z^:\xd3\x87N\
(\x01U\x09\xa7\xe3\x1d\xa9W\xe6\xa7\x10@\xff\x00\x1a\
\x00\x008\xa7c\xbd \xc9\xa7\xd0\x01E\x14P\x01E\
\x14P\x01E\x14P\x01\x8aJZ(\x01(\xc5-\x14\
\x00\x98\xa2\x96\x8a\x00)\xa4S\xa91@\x0d\xa6\x91\x91\
\x8a~(\xc5\x003h\xa5\xc0\xa7\x01\x83\x9a\x5c\x0a\x00\
b\x8c\x1e\x94\xf23@\x00R\xd0\x02m\x14\xb4Q@\
\x05\x14Q@\x05\x14Q@\x05\x14Q@\x05\x14Q@\
\x05\x14Q@\x05\x14Q@\x05\x14Q@\x05\x14Q@\
\x05\x14Q@\x05\x14Q@\x05\x14Q@\x05\x14Q@\
\x05\x14Q@\x05\x14Q@\x05\x14Q@\x05\x14Q@\
\x05\x14Q@\x05\x14Q@\x05\x14Q@\x05\x14Q@\
\x05\x14Q@\x05\x14Q@\x05\x14Q@\x05\x14Q@\
\x05\x14Q@\x05\x14Q@\x05\x14Q@\x05\x14Q@\
\x05\x14Q@\x05\x14Q@\x05\x14Q@\x05\x14Q@\
\x05\x14Q@\x05\x14Q@\x05\x14Q@\x05\x14Q@\
\x05\x14Q@\x05\x14Q@\x05\x14Q@\x05\x14Q@\
\x05\x14Q@\x05\x14Q@\x05\x14Q@\x05\x14Q@\
\x05\x14Q@\x05&)h\xef@\x0d\x22\x96\x83A\xe9\
@\x09\xd6\x8cR\x8a\x0d\x007\x02\x8a\x1a\x8a\x00Lq\
L\xa7w\xa4\xeb@\x0d\xe3<\xd3\x7f\xce)\xcd\xd6\x90\
\xfd\xdc\xd0\x03H\xa3h\xefN\xa4\x1c\x8c\xd0\x02\x15\xa3\
\x19\xe6\x9cF\xde\x99\xa6\xe3\x8a\x00O\x97\xd2\x95T\x81\
\xe9N<Q\xfc9\xa0\x05\x09\xc5I\xb0\x1e\xd4/J\
x\xa0\x06\x81\xb6\x9czQ\xd4\xd2\x9a\x00`\x14\xfaJ\
Z\x00(\xa2\x8a\x00(\xa2\x8a\x00(\xa2\x8a\x00(\xa2\
\x8a\x00(\xa2\x8a\x00(\xa2\x8a\x00(\xa2\x8a\x00(\xa2\
\x8a\x00(\xa2\x8a\x00(\xa2\x8a\x00(\xa2\x8a\x00(\xa2\
\x8a\x00(\xa2\x8a\x00(\xa2\x8a\x00(\xa2\x8a\x00(\xa2\
\x8a\x00(\xa2\x8a\x00(\xa2\x8a\x00(\xa2\x8a\x00(\xa2\
\x8a\x00(\xa2\x8a\x00(\xa2\x8a\x00(\xa2\x8a\x00(\xa2\
\x8a\x00(\xa2\x8a\x00(\xa2\x8a\x00(\xa2\x8a\x00(\xa2\
\x8a\x00(\xa2\x8a\x00(\xa2\x8a\x00(\xa2\x8a\x00(\xa2\
\x8a\x00(\xa2\x8a\x00(\xa2\x8a\x00(\xa2\x8a\x00(\xa2\
\x8a\x00(\xa2\x8a\x00(\xa2\x8a\x00(\xa2\x8a\x00(\xa2\
\x8a\x00(\xa2\x8a\x00(\xa2\x8a\x00(\xa2\x8a\x00(\xa2\
\x8a\x00(\xa2\x8a\x00(\xa2\x8a\x00(\xa2\x8a\x00\xff\xd9\
\
"

qt_resource_name = b"\
\x00\x03\
\x00\x00t\xc7\
\x00n\
\x00e\x00w\
\x00\x07\
\x07\x8b\xd0Q\
\x00p\
\x00r\x00e\x00f\x00i\x00x\x001\
\x00\x04\
\x00\x07\x16\xb7\
\x00j\
\x00p\x00e\x00g\
\x00\x09\
\x0e\x01\xb7\xc7\
\x00l\
\x00o\x00g\x00i\x00n\x00.\x00j\x00p\x00g\
\x00\x10\
\x0d\xec\x9fg\
\x00b\
\x00a\x00c\x00k\x00g\x00r\x00o\x00u\x00n\x00d\x00_\x001\x00.\x00j\x00p\x00g\
\x00\x0e\
\x07\xb1\x81\xa7\
\x00z\
\x00u\x00i\x00x\x00i\x00a\x00o\x00h\x00u\x00a\x00.\x00j\x00p\x00g\
\x00\x0a\
\x09\xfb&\x87\
\x00t\
\x00u\x00i\x00c\x00h\x00u\x00.\x00j\x00p\x00g\
\x00\x0e\
\x07\x04\x99\xa7\
\x00b\
\x00a\x00c\x00k\x00g\x00r\x00o\x00u\x00n\x00d\x00.\x00j\x00p\x00g\
"

qt_resource_struct = b"\
\x00\x00\x00\x00\x00\x02\x00\x00\x00\x01\x00\x00\x00\x01\
\x00\x00\x00\x00\x00\x00\x00\x00\
\x00\x00\x00\x00\x00\x02\x00\x00\x00\x01\x00\x00\x00\x02\
\x00\x00\x00\x00\x00\x00\x00\x00\
\x00\x00\x00\x0c\x00\x02\x00\x00\x00\x01\x00\x00\x00\x03\
\x00\x00\x00\x00\x00\x00\x00\x00\
\x00\x00\x00 \x00\x02\x00\x00\x00\x05\x00\x00\x00\x04\
\x00\x00\x00\x00\x00\x00\x00\x00\
\x00\x00\x00\xa8\x00\x00\x00\x00\x00\x01\x00\x02\xd4\xdb\
\x00\x00\x01\x91\xd1]d\x8a\
\x00\x00\x00l\x00\x00\x00\x00\x00\x01\x00\x02\xbc\xbe\
\x00\x00\x01\x90&=.Z\
\x00\x00\x00\x8e\x00\x00\x00\x00\x00\x01\x00\x02\xc8t\
\x00\x00\x01\x90&:\x1cU\
\x00\x00\x00F\x00\x00\x00\x00\x00\x01\x00\x01}\xb9\
\x00\x00\x01\x91\xd0z\x9c5\
\x00\x00\x00.\x00\x00\x00\x00\x00\x01\x00\x00\x00\x00\
\x00\x00\x01\x91\xd0\x83\xbe\xd9\
"

def qInitResources():
    QtCore.qRegisterResourceData(0x03, qt_resource_struct, qt_resource_name, qt_resource_data)

def qCleanupResources():
    QtCore.qUnregisterResourceData(0x03, qt_resource_struct, qt_resource_name, qt_resource_data)

qInitResources()
